eta_bar,J,Delta,I_ext,r_mean,v_mean,osc_power,r_timeseries
-10.0,5.0,0.5,0.0,0.0482,-3.2787,0.0042,"[0.058, 0.055, 0.045, 0.061, 0.064, 0.058, 0.08, 0.058, 0.062, 0.057, 0.049, 0.038, 0.043, 0.043, 0.038, 0.047, 0.05, 0.062, 0.038, 0.059, 0.053, 0.054, 0.049, 0.071, 0.042, 0.045, 0.051, 0.054, 0.053, 0.05, 0.056, 0.056, 0.05, 0.069, 0.055, 0.048, 0.063, 0.03, 0.039, 0.048, 0.038, 0.058, 0.058, 0.067, 0.044, 0.056, 0.063, 0.052, 0.06, 0.049, 0.063, 0.043, 0.035, 0.046, 0.049, 0.055, 0.055, 0.043, 0.04, 0.067, 0.049, 0.046, 0.053, 0.041, 0.043, 0.058, 0.04, 0.037, 0.047, 0.053, 0.064, 0.054, 0.055, 0.04, 0.052, 0.039, 0.059, 0.051, 0.05, 0.055, 0.045, 0.045, 0.041, 0.068, 0.048, 0.047, 0.057, 0.05, 0.027, 0.07, 0.045, 0.042, 0.049, 0.045, 0.045, 0.051, 0.032, 0.058, 0.06, 0.033, 0.055, 0.042, 0.046, 0.054, 0.059, 0.054, 0.036, 0.051, 0.055, 0.043, 0.042, 0.05, 0.056, 0.045, 0.053, 0.038, 0.053, 0.032, 0.053, 0.059, 0.049, 0.056, 0.053, 0.036, 0.038, 0.047, 0.049, 0.042, 0.038, 0.022, 0.067, 0.067, 0.042, 0.036, 0.065, 0.029, 0.061, 0.057, 0.047, 0.064, 0.044, 0.059, 0.048, 0.038, 0.071, 0.043, 0.046, 0.058, 0.063, 0.037, 0.065, 0.05, 0.049, 0.049, 0.05, 0.035, 0.054, 0.052, 0.047, 0.052]"
-10.0,5.0,0.5,3.0,0.0584,-2.8864,0.0271,"[0.053, 0.047, 0.063, 0.044, 0.066, 0.052, 0.064, 0.07, 0.055, 0.064, 0.061, 0.057, 0.061, 0.052, 0.072, 0.056, 0.048, 0.051, 0.064, 0.046, 0.074, 0.068, 0.043, 0.063, 0.046, 0.047, 0.05, 0.048, 0.062, 0.058, 0.059, 0.055, 0.05, 0.05, 0.066, 0.052, 0.069, 0.049, 0.056, 0.058, 0.067, 0.065, 0.058, 0.056, 0.046, 0.053, 0.078, 0.046, 0.05, 0.041, 0.048, 0.043, 0.043, 0.058, 0.062, 0.059, 0.045, 0.038, 0.035, 0.043, 0.045, 0.051, 0.058, 0.051, 0.071, 0.078, 0.054, 0.036, 0.05, 0.053, 0.062, 0.042, 0.039, 0.058, 0.05, 0.05, 0.046, 0.051, 0.057, 0.031, 0.055, 0.062, 0.06, 0.076, 0.051, 0.054, 0.068, 0.056, 0.07, 0.063, 0.057, 0.055, 0.053, 0.055, 0.047, 0.062, 0.074, 0.037, 0.067, 0.058, 0.066, 0.049, 0.053, 0.068, 0.055, 0.063, 0.049, 0.053, 0.06, 0.059, 0.063, 0.052, 0.055, 0.065, 0.07, 0.047, 0.067, 0.047, 0.057, 0.058, 0.05, 0.053, 0.037, 0.062, 0.052, 0.055, 0.049, 0.062, 0.057, 0.044, 0.054, 0.045, 0.055, 0.062, 0.057, 0.06, 0.066, 0.047, 0.051, 0.037, 0.051, 0.049, 0.062, 0.06, 0.07, 0.05, 0.059, 0.063, 0.078, 0.06, 0.055, 0.056, 0.06, 0.069, 0.051, 0.048, 0.081, 0.044, 0.064, 0.059]"
-10.0,5.0,1.0,0.0,0.0408,-3.3034,0.0059,"[0.052, 0.045, 0.037, 0.03, 0.057, 0.042, 0.047, 0.044, 0.056, 0.054, 0.058, 0.058, 0.043, 0.037, 0.049, 0.055, 0.051, 0.031, 0.051, 0.04, 0.05, 0.06, 0.025, 0.065, 0.04, 0.06, 0.059, 0.047, 0.055, 0.043, 0.033, 0.062, 0.043, 0.068, 0.059, 0.042, 0.056, 0.055, 0.067, 0.045, 0.048, 0.054, 0.05, 0.036, 0.06, 0.066, 0.052, 0.037, 0.049, 0.041, 0.048, 0.052, 0.057, 0.064, 0.056, 0.04, 0.057, 0.047, 0.048, 0.05, 0.051, 0.06, 0.055, 0.038, 0.035, 0.057, 0.056, 0.063, 0.049, 0.053, 0.055, 0.035, 0.034, 0.057, 0.054, 0.064, 0.069, 0.047, 0.047, 0.037, 0.055, 0.03, 0.04, 0.053, 0.044, 0.05, 0.048, 0.039, 0.029, 0.057, 0.048, 0.054, 0.05, 0.049, 0.052, 0.048, 0.047, 0.04, 0.075, 0.06, 0.065, 0.063, 0.047, 0.048, 0.05, 0.046, 0.059, 0.042, 0.039, 0.037, 0.047, 0.045, 0.044, 0.051, 0.038, 0.058, 0.039, 0.038, 0.044, 0.049, 0.059, 0.049, 0.034, 0.055, 0.055, 0.044, 0.052, 0.064, 0.041, 0.06, 0.063, 0.052, 0.038, 0.063, 0.059, 0.056, 0.05, 0.062, 0.042, 0.059, 0.047, 0.033, 0.04, 0.054, 0.052, 0.055, 0.046, 0.052, 0.056, 0.074, 0.046, 0.06, 0.057, 0.051, 0.037, 0.064, 0.053, 0.044, 0.041, 0.053]"
-10.0,5.0,1.0,3.0,0.0636,-2.8028,0.0113,"[0.053, 0.059, 0.049, 0.05, 0.054, 0.045, 0.047, 0.048, 0.055, 0.069, 0.04, 0.055, 0.05, 0.051, 0.048, 0.064, 0.028, 0.041, 0.063, 0.064, 0.07, 0.056, 0.057, 0.034, 0.053, 0.058, 0.048, 0.052, 0.065, 0.067, 0.055, 0.052, 0.06, 0.049, 0.063, 0.047, 0.06, 0.052, 0.046, 0.056, 0.049, 0.063, 0.043, 0.055, 0.045, 0.065, 0.06, 0.052, 0.052, 0.069, 0.06, 0.045, 0.062, 0.047, 0.054, 0.032, 0.061, 0.046, 0.051, 0.039, 0.054, 0.053, 0.04, 0.053, 0.05, 0.065, 0.046, 0.057, 0.038, 0.053, 0.056, 0.057, 0.051, 0.07, 0.049, 0.057, 0.049, 0.044, 0.041, 0.043, 0.059, 0.066, 0.059, 0.049, 0.046, 0.054, 0.042, 0.061, 0.056, 0.043, 0.068, 0.041, 0.053, 0.061, 0.06, 0.046, 0.048, 0.043, 0.055, 0.061, 0.033, 0.058, 0.048, 0.052, 0.042, 0.046, 0.073, 0.049, 0.052, 0.043, 0.078, 0.057, 0.052, 0.062, 0.056, 0.051, 0.051, 0.037, 0.049, 0.048, 0.056, 0.05, 0.059, 0.054, 0.044, 0.067, 0.049, 0.058, 0.039, 0.06, 0.036, 0.072, 0.059, 0.05, 0.058, 0.04, 0.051, 0.06, 0.058, 0.053, 0.056, 0.063, 0.06, 0.034, 0.053, 0.053, 0.04, 0.042, 0.068, 0.045, 0.048, 0.045, 0.057, 0.055, 0.072, 0.047, 0.058, 0.034, 0.038, 0.066]"
-10.0,5.0,2.0,0.0,0.0393,-3.141,0.0167,"[0.039, 0.067, 0.04, 0.053, 0.078, 0.041, 0.064, 0.06, 0.045, 0.071, 0.041, 0.05, 0.056, 0.049, 0.081, 0.037, 0.066, 0.027, 0.021, 0.051, 0.057, 0.065, 0.066, 0.052, 0.055, 0.052, 0.065, 0.038, 0.043, 0.059, 0.061, 0.064, 0.049, 0.045, 0.057, 0.039, 0.067, 0.045, 0.047, 0.058, 0.043, 0.039, 0.062, 0.04, 0.053, 0.05, 0.031, 0.04, 0.054, 0.062, 0.042, 0.041, 0.056, 0.058, 0.059, 0.052, 0.045, 0.058, 0.049, 0.057, 0.045, 0.048, 0.055, 0.029, 0.063, 0.05, 0.022, 0.052, 0.046, 0.04, 0.07, 0.058, 0.048, 0.051, 0.053, 0.034, 0.076, 0.051, 0.068, 0.042, 0.056, 0.038, 0.021, 0.059, 0.052, 0.045, 0.016, 0.045, 0.053, 0.039, 0.051, 0.044, 0.038, 0.049, 0.028, 0.055, 0.051, 0.056, 0.061, 0.048, 0.023, 0.047, 0.039, 0.064, 0.046, 0.058, 0.065, 0.043, 0.051, 0.05, 0.072, 0.063, 0.039, 0.044, 0.045, 0.042, 0.047, 0.045, 0.05, 0.049, 0.062, 0.042, 0.033, 0.045, 0.044, 0.065, 0.059, 0.063, 0.06, 0.03, 0.042, 0.035, 0.066, 0.058, 0.054, 0.044, 0.046, 0.041, 0.057, 0.051, 0.057, 0.054, 0.058, 0.055, 0.061, 0.057, 0.045, 0.055, 0.053, 0.048, 0.05, 0.06, 0.055, 0.059, 0.05, 0.062, 0.058, 0.042, 0.046, 0.042]"
-10.0,5.0,2.0,3.0,0.065,-2.7802,0.0084,"[0.063, 0.056, 0.046, 0.04, 0.049, 0.044, 0.058, 0.053, 0.06, 0.054, 0.034, 0.05, 0.055, 0.054, 0.046, 0.046, 0.045, 0.035, 0.051, 0.059, 0.047, 0.039, 0.061, 0.065, 0.047, 0.042, 0.05, 0.054, 0.047, 0.036, 0.061, 0.054, 0.067, 0.052, 0.066, 0.049, 0.045, 0.046, 0.07, 0.049, 0.067, 0.047, 0.037, 0.058, 0.045, 0.054, 0.053, 0.053, 0.068, 0.054, 0.052, 0.048, 0.057, 0.056, 0.047, 0.061, 0.049, 0.057, 0.038, 0.06, 0.044, 0.058, 0.064, 0.055, 0.063, 0.041, 0.05, 0.045, 0.045, 0.036, 0.052, 0.061, 0.064, 0.041, 0.046, 0.044, 0.043, 0.048, 0.051, 0.048, 0.037, 0.061, 0.053, 0.055, 0.056, 0.057, 0.053, 0.043, 0.066, 0.058, 0.042, 0.042, 0.071, 0.05, 0.045, 0.046, 0.056, 0.047, 0.053, 0.074, 0.036, 0.047, 0.052, 0.034, 0.056, 0.06, 0.037, 0.05, 0.053, 0.057, 0.078, 0.044, 0.057, 0.05, 0.048, 0.051, 0.055, 0.051, 0.054, 0.05, 0.042, 0.06, 0.062, 0.061, 0.058, 0.044, 0.042, 0.06, 0.039, 0.044, 0.073, 0.056, 0.053, 0.033, 0.045, 0.06, 0.036, 0.055, 0.037, 0.045, 0.036, 0.052, 0.034, 0.05, 0.058, 0.053, 0.056, 0.054, 0.05, 0.051, 0.054, 0.04, 0.047, 0.072, 0.056, 0.064, 0.055, 0.044, 0.048, 0.034]"
-10.0,7.5,0.5,0.0,0.047,-3.1206,0.008,"[0.058, 0.057, 0.051, 0.055, 0.056, 0.054, 0.052, 0.051, 0.045, 0.06, 0.07, 0.039, 0.051, 0.044, 0.056, 0.055, 0.052, 0.045, 0.046, 0.043, 0.033, 0.063, 0.057, 0.063, 0.047, 0.055, 0.042, 0.045, 0.071, 0.047, 0.06, 0.053, 0.037, 0.049, 0.054, 0.058, 0.033, 0.041, 0.054, 0.041, 0.063, 0.05, 0.055, 0.064, 0.038, 0.055, 0.052, 0.052, 0.048, 0.052, 0.021, 0.063, 0.037, 0.068, 0.041, 0.041, 0.055, 0.053, 0.055, 0.054, 0.049, 0.047, 0.056, 0.044, 0.052, 0.034, 0.053, 0.052, 0.05, 0.068, 0.065, 0.06, 0.059, 0.052, 0.054, 0.055, 0.057, 0.051, 0.056, 0.051, 0.055, 0.06, 0.044, 0.052, 0.051, 0.04, 0.064, 0.042, 0.065, 0.037, 0.036, 0.047, 0.055, 0.054, 0.063, 0.043, 0.06, 0.034, 0.041, 0.048, 0.04, 0.056, 0.044, 0.061, 0.059, 0.044, 0.047, 0.05, 0.064, 0.041, 0.027, 0.046, 0.041, 0.035, 0.05, 0.039, 0.054, 0.039, 0.08, 0.061, 0.043, 0.043, 0.049, 0.058, 0.046, 0.039, 0.036, 0.05, 0.043, 0.053, 0.029, 0.055, 0.047, 0.033, 0.054, 0.056, 0.042, 0.057, 0.037, 0.028, 0.049, 0.042, 0.038, 0.056, 0.053, 0.067, 0.055, 0.056, 0.042, 0.029, 0.07, 0.055, 0.067, 0.039, 0.061, 0.053, 0.061, 0.056, 0.048, 0.053]"
-10.0,7.5,0.5,3.0,0.0727,-2.717,0.0101,"[0.054, 0.059, 0.067, 0.061, 0.058, 0.071, 0.067, 0.056, 0.05, 0.059, 0.055, 0.053, 0.068, 0.072, 0.06, 0.061, 0.054, 0.05, 0.069, 0.048, 0.055, 0.054, 0.065, 0.059, 0.055, 0.075, 0.077, 0.065, 0.062, 0.056, 0.061, 0.049, 0.071, 0.06, 0.054, 0.058, 0.068, 0.058, 0.053, 0.04, 0.06, 0.065, 0.056, 0.053, 0.05, 0.057, 0.05, 0.05, 0.056, 0.08, 0.084, 0.073, 0.067, 0.042, 0.088, 0.065, 0.05, 0.088, 0.06, 0.069, 0.058, 0.067, 0.068, 0.07, 0.074, 0.062, 0.063, 0.06, 0.05, 0.052, 0.058, 0.074, 0.066, 0.06, 0.058, 0.049, 0.052, 0.062, 0.061, 0.069, 0.059, 0.067, 0.046, 0.051, 0.064, 0.061, 0.068, 0.073, 0.073, 0.077, 0.079, 0.057, 0.084, 0.09, 0.048, 0.055, 0.065, 0.063, 0.044, 0.051, 0.063, 0.059, 0.067, 0.08, 0.048, 0.084, 0.08, 0.044, 0.049, 0.057, 0.051, 0.067, 0.067, 0.062, 0.065, 0.06, 0.065, 0.08, 0.037, 0.061, 0.066, 0.06, 0.064, 0.073, 0.056, 0.083, 0.046, 0.067, 0.061, 0.064, 0.069, 0.055, 0.072, 0.081, 0.058, 0.056, 0.074, 0.071, 0.045, 0.066, 0.069, 0.06, 0.076, 0.045, 0.039, 0.072, 0.053, 0.061, 0.05, 0.069, 0.064, 0.06, 0.049, 0.059, 0.064, 0.056, 0.056, 0.061, 0.068, 0.065]"
-10.0,7.5,1.0,0.0,0.0756,-3.1112,0.0062,"[0.039, 0.054, 0.054, 0.074, 0.044, 0.038, 0.043, 0.044, 0.054, 0.038, 0.054, 0.051, 0.059, 0.056, 0.059, 0.055, 0.062, 0.035, 0.036, 0.05, 0.051, 0.04, 0.056, 0.037, 0.048, 0.05, 0.056, 0.045, 0.062, 0.067, 0.066, 0.068, 0.061, 0.056, 0.043, 0.045, 0.06, 0.032, 0.064, 0.044, 0.045, 0.058, 0.053, 0.046, 0.041, 0.035, 0.029, 0.065, 0.048, 0.041, 0.058, 0.042, 0.043, 0.062, 0.058, 0.052, 0.045, 0.053, 0.056, 0.053, 0.062, 0.04, 0.048, 0.056, 0.045, 0.06, 0.064, 0.051, 0.054, 0.048, 0.047, 0.063, 0.042, 0.059, 0.045, 0.042, 0.06, 0.057, 0.044, 0.049, 0.049, 0.053, 0.045, 0.068, 0.039, 0.035, 0.049, 0.03, 0.043, 0.044, 0.05, 0.048, 0.053, 0.042, 0.046, 0.056, 0.028, 0.054, 0.029, 0.05, 0.055, 0.053, 0.044, 0.053, 0.041, 0.064, 0.059, 0.041, 0.064, 0.052, 0.039, 0.062, 0.067, 0.048, 0.054, 0.05, 0.056, 0.058, 0.06, 0.032, 0.045, 0.06, 0.043, 0.054, 0.041, 0.057, 0.051, 0.056, 0.054, 0.036, 0.071, 0.037, 0.075, 0.029, 0.051, 0.036, 0.066, 0.04, 0.039, 0.051, 0.065, 0.063, 0.048, 0.047, 0.055, 0.05, 0.051, 0.049, 0.056, 0.055, 0.065, 0.044, 0.044, 0.049, 0.048, 0.059, 0.04, 0.063, 0.047, 0.062]"
-10.0,7.5,1.0,3.0,0.0541,-2.7221,0.01,"[0.067, 0.053, 0.058, 0.049, 0.049, 0.059, 0.056, 0.06, 0.057, 0.053, 0.065, 0.049, 0.058, 0.067, 0.063, 0.055, 0.038, 0.052, 0.077, 0.053, 0.055, 0.057, 0.06, 0.049, 0.063, 0.06, 0.038, 0.03, 0.05, 0.043, 0.059, 0.052, 0.06, 0.06, 0.045, 0.052, 0.05, 0.065, 0.054, 0.068, 0.069, 0.054, 0.05, 0.047, 0.063, 0.054, 0.048, 0.064, 0.065, 0.046, 0.059, 0.061, 0.072, 0.054, 0.055, 0.062, 0.068, 0.059, 0.058, 0.05, 0.052, 0.054, 0.062, 0.06, 0.049, 0.064, 0.054, 0.054, 0.063, 0.064, 0.059, 0.074, 0.037, 0.065, 0.045, 0.055, 0.056, 0.055, 0.046, 0.042, 0.036, 0.053, 0.057, 0.061, 0.067, 0.064, 0.065, 0.046, 0.067, 0.059, 0.043, 0.066, 0.047, 0.045, 0.071, 0.058, 0.045, 0.05, 0.066, 0.044, 0.054, 0.054, 0.083, 0.041, 0.041, 0.05, 0.049, 0.056, 0.051, 0.064, 0.056, 0.046, 0.053, 0.053, 0.067, 0.064, 0.063, 0.048, 0.059, 0.044, 0.062, 0.068, 0.035, 0.055, 0.055, 0.065, 0.05, 0.05, 0.057, 0.062, 0.058, 0.064, 0.063, 0.05, 0.056, 0.061, 0.048, 0.049, 0.041, 0.067, 0.077, 0.049, 0.061, 0.068, 0.044, 0.059, 0.069, 0.053, 0.055, 0.07, 0.052, 0.05, 0.054, 0.074, 0.064, 0.061, 0.061, 0.045, 0.062, 0.052]"
-10.0,7.5,2.0,0.0,0.033,-3.0387,0.0048,"[0.069, 0.042, 0.061, 0.049, 0.059, 0.054, 0.045, 0.045, 0.049, 0.055, 0.056, 0.081, 0.057, 0.038, 0.064, 0.057, 0.05, 0.04, 0.049, 0.063, 0.056, 0.065, 0.064, 0.053, 0.02, 0.042, 0.036, 0.065, 0.056, 0.049, 0.046, 0.062, 0.042, 0.038, 0.038, 0.052, 0.043, 0.061, 0.051, 0.037, 0.049, 0.041, 0.05, 0.062, 0.049, 0.044, 0.055, 0.047, 0.056, 0.054, 0.04, 0.038, 0.047, 0.055, 0.068, 0.039, 0.041, 0.06, 0.053, 0.049, 0.057, 0.063, 0.061, 0.044, 0.055, 0.062, 0.048, 0.054, 0.045, 0.041, 0.055, 0.06, 0.058, 0.037, 0.064, 0.056, 0.062, 0.041, 0.059, 0.057, 0.038, 0.055, 0.04, 0.051, 0.074, 0.054, 0.05, 0.036, 0.054, 0.049, 0.031, 0.04, 0.06, 0.064, 0.052, 0.061, 0.051, 0.043, 0.073, 0.037, 0.055, 0.044, 0.049, 0.067, 0.051, 0.048, 0.045, 0.056, 0.041, 0.052, 0.049, 0.043, 0.036, 0.051, 0.047, 0.053, 0.029, 0.046, 0.059, 0.034, 0.07, 0.054, 0.049, 0.052, 0.042, 0.065, 0.053, 0.051, 0.061, 0.055, 0.044, 0.05, 0.056, 0.051, 0.037, 0.065, 0.052, 0.047, 0.057, 0.046, 0.035, 0.051, 0.057, 0.048, 0.048, 0.049, 0.05, 0.052, 0.059, 0.058, 0.071, 0.068, 0.042, 0.048, 0.058, 0.033, 0.054, 0.042, 0.05, 0.051]"
-10.0,7.5,2.0,3.0,0.0762,-2.851,0.0162,"[0.068, 0.037, 0.047, 0.061, 0.051, 0.061, 0.059, 0.045, 0.065, 0.059, 0.039, 0.054, 0.06, 0.052, 0.054, 0.058, 0.037, 0.051, 0.049, 0.061, 0.047, 0.073, 0.047, 0.042, 0.065, 0.059, 0.057, 0.051, 0.049, 0.058, 0.047, 0.071, 0.055, 0.05, 0.049, 0.041, 0.06, 0.045, 0.051, 0.078, 0.035, 0.052, 0.039, 0.047, 0.051, 0.04, 0.057, 0.067, 0.056, 0.061, 0.069, 0.059, 0.029, 0.055, 0.028, 0.046, 0.038, 0.055, 0.044, 0.056, 0.061, 0.043, 0.055, 0.027, 0.038, 0.065, 0.044, 0.047, 0.045, 0.035, 0.042, 0.053, 0.049, 0.063, 0.047, 0.053, 0.047, 0.062, 0.038, 0.058, 0.057, 0.045, 0.052, 0.057, 0.046, 0.046, 0.04, 0.073, 0.048, 0.04, 0.035, 0.045, 0.055, 0.05, 0.056, 0.06, 0.051, 0.051, 0.068, 0.06, 0.057, 0.049, 0.059, 0.056, 0.056, 0.06, 0.056, 0.038, 0.053, 0.042, 0.059, 0.037, 0.052, 0.053, 0.041, 0.052, 0.06, 0.047, 0.056, 0.058, 0.042, 0.053, 0.051, 0.053, 0.037, 0.039, 0.065, 0.06, 0.055, 0.062, 0.039, 0.05, 0.05, 0.045, 0.041, 0.066, 0.046, 0.057, 0.056, 0.063, 0.06, 0.05, 0.04, 0.062, 0.065, 0.077, 0.063, 0.046, 0.048, 0.032, 0.045, 0.04, 0.059, 0.062, 0.075, 0.084, 0.055, 0.047, 0.049, 0.046]"
-10.0,10.0,0.5,0.0,0.0366,-2.9941,0.0141,"[0.042, 0.047, 0.025, 0.062, 0.059, 0.04, 0.062, 0.06, 0.046, 0.031, 0.049, 0.062, 0.042, 0.062, 0.043, 0.05, 0.044, 0.053, 0.059, 0.067, 0.053, 0.036, 0.057, 0.048, 0.048, 0.052, 0.057, 0.047, 0.057, 0.055, 0.057, 0.06, 0.029, 0.047, 0.05, 0.049, 0.042, 0.045, 0.056, 0.056, 0.051, 0.041, 0.06, 0.059, 0.062, 0.043, 0.087, 0.053, 0.044, 0.075, 0.059, 0.053, 0.054, 0.064, 0.054, 0.034, 0.051, 0.06, 0.051, 0.041, 0.051, 0.06, 0.064, 0.04, 0.039, 0.051, 0.044, 0.045, 0.048, 0.059, 0.043, 0.039, 0.044, 0.036, 0.052, 0.052, 0.061, 0.041, 0.052, 0.055, 0.036, 0.053, 0.054, 0.05, 0.038, 0.05, 0.032, 0.054, 0.059, 0.049, 0.064, 0.044, 0.044, 0.048, 0.074, 0.048, 0.073, 0.051, 0.043, 0.071, 0.053, 0.048, 0.06, 0.064, 0.045, 0.06, 0.049, 0.041, 0.044, 0.039, 0.052, 0.052, 0.063, 0.06, 0.047, 0.049, 0.045, 0.052, 0.049, 0.052, 0.066, 0.066, 0.045, 0.059, 0.058, 0.046, 0.065, 0.036, 0.062, 0.05, 0.04, 0.049, 0.07, 0.076, 0.043, 0.051, 0.049, 0.051, 0.067, 0.047, 0.043, 0.047, 0.049, 0.059, 0.052, 0.058, 0.062, 0.048, 0.05, 0.056, 0.045, 0.052, 0.062, 0.052, 0.064, 0.042, 0.055, 0.057, 0.054, 0.048]"
-10.0,10.0,0.5,3.0,0.0732,-2.6176,0.0158,"[0.06, 0.079, 0.069, 0.074, 0.06, 0.076, 0.081, 0.057, 0.075, 0.082, 0.06, 0.074, 0.073, 0.076, 0.07, 0.058, 0.069, 0.067, 0.072, 0.085, 0.058, 0.083, 0.091, 0.09, 0.091, 0.075, 0.074, 0.055, 0.071, 0.084, 0.059, 0.064, 0.074, 0.056, 0.091, 0.079, 0.076, 0.081, 0.07, 0.076, 0.063, 0.05, 0.073, 0.089, 0.09, 0.071, 0.07, 0.057, 0.084, 0.077, 0.071, 0.053, 0.055, 0.074, 0.057, 0.078, 0.079, 0.06, 0.073, 0.064, 0.082, 0.106, 0.072, 0.088, 0.083, 0.072, 0.078, 0.06, 0.074, 0.07, 0.086, 0.067, 0.062, 0.063, 0.081, 0.071, 0.056, 0.083, 0.058, 0.067, 0.071, 0.062, 0.056, 0.081, 0.079, 0.073, 0.077, 0.056, 0.078, 0.077, 0.077, 0.077, 0.083, 0.072, 0.074, 0.06, 0.08, 0.066, 0.067, 0.069, 0.062, 0.072, 0.081, 0.062, 0.073, 0.08, 0.048, 0.091, 0.068, 0.064, 0.074, 0.066, 0.072, 0.065, 0.084, 0.1, 0.08, 0.075, 0.067, 0.084, 0.065, 0.076, 0.068, 0.06, 0.071, 0.063, 0.088, 0.065, 0.072, 0.066, 0.061, 0.08, 0.072, 0.096, 0.083, 0.074, 0.077, 0.072, 0.063, 0.059, 0.062, 0.086, 0.075, 0.078, 0.081, 0.071, 0.067, 0.093, 0.078, 0.056, 0.055, 0.08, 0.064, 0.072, 0.051, 0.068, 0.082, 0.068, 0.061, 0.07]"
-10.0,10.0,1.0,0.0,0.054,-3.1291,0.0015,"[0.055, 0.045, 0.052, 0.041, 0.063, 0.058, 0.047, 0.054, 0.067, 0.062, 0.066, 0.057, 0.045, 0.056, 0.068, 0.057, 0.042, 0.051, 0.058, 0.052, 0.058, 0.044, 0.048, 0.054, 0.054, 0.044, 0.026, 0.022, 0.05, 0.052, 0.049, 0.051, 0.067, 0.046, 0.054, 0.067, 0.04, 0.068, 0.06, 0.047, 0.025, 0.064, 0.068, 0.044, 0.069, 0.034, 0.053, 0.049, 0.037, 0.048, 0.05, 0.039, 0.057, 0.044, 0.047, 0.065, 0.044, 0.028, 0.048, 0.052, 0.048, 0.059, 0.055, 0.045, 0.058, 0.055, 0.055, 0.049, 0.053, 0.052, 0.048, 0.055, 0.056, 0.056, 0.057, 0.028, 0.06, 0.041, 0.062, 0.037, 0.066, 0.029, 0.054, 0.047, 0.055, 0.068, 0.053, 0.06, 0.066, 0.044, 0.054, 0.064, 0.054, 0.045, 0.056, 0.052, 0.056, 0.045, 0.053, 0.049, 0.046, 0.064, 0.045, 0.043, 0.039, 0.05, 0.049, 0.058, 0.038, 0.034, 0.032, 0.055, 0.061, 0.06, 0.046, 0.052, 0.028, 0.067, 0.062, 0.06, 0.042, 0.047, 0.049, 0.068, 0.061, 0.049, 0.056, 0.041, 0.037, 0.05, 0.039, 0.034, 0.051, 0.048, 0.04, 0.047, 0.054, 0.048, 0.052, 0.049, 0.068, 0.064, 0.052, 0.042, 0.045, 0.038, 0.043, 0.057, 0.045, 0.049, 0.062, 0.056, 0.051, 0.049, 0.049, 0.06, 0.054, 0.048, 0.038, 0.055]"
-10.0,10.0,1.0,3.0,0.063,-2.6053,0.0037,"[0.065, 0.059, 0.08, 0.077, 0.049, 0.059, 0.071, 0.061, 0.069, 0.055, 0.046, 0.068, 0.058, 0.087, 0.071, 0.051, 0.068, 0.061, 0.067, 0.054, 0.065, 0.072, 0.07, 0.072, 0.093, 0.057, 0.08, 0.064, 0.058, 0.061, 0.07, 0.058, 0.042, 0.07, 0.064, 0.056, 0.049, 0.066, 0.074, 0.052, 0.064, 0.084, 0.071, 0.061, 0.06, 0.057, 0.062, 0.057, 0.059, 0.06, 0.046, 0.06, 0.089, 0.048, 0.077, 0.072, 0.068, 0.057, 0.071, 0.081, 0.073, 0.065, 0.063, 0.056, 0.063, 0.068, 0.063, 0.062, 0.062, 0.081, 0.064, 0.065, 0.039, 0.072, 0.068, 0.068, 0.069, 0.053, 0.06, 0.08, 0.048, 0.049, 0.048, 0.061, 0.078, 0.065, 0.073, 0.042, 0.054, 0.056, 0.078, 0.064, 0.062, 0.064, 0.06, 0.082, 0.082, 0.074, 0.073, 0.057, 0.067, 0.042, 0.058, 0.047, 0.067, 0.061, 0.07, 0.069, 0.074, 0.055, 0.045, 0.082, 0.057, 0.062, 0.073, 0.06, 0.051, 0.084, 0.057, 0.081, 0.066, 0.073, 0.072, 0.058, 0.069, 0.082, 0.076, 0.074, 0.069, 0.062, 0.054, 0.079, 0.057, 0.058, 0.063, 0.048, 0.059, 0.055, 0.048, 0.05, 0.062, 0.073, 0.062, 0.052, 0.056, 0.066, 0.074, 0.072, 0.065, 0.078, 0.057, 0.051, 0.06, 0.075, 0.07, 0.073, 0.062, 0.064, 0.06, 0.054]"
-10.0,10.0,2.0,0.0,0.0585,-3.0204,0.0159,"[0.058, 0.053, 0.065, 0.043, 0.047, 0.034, 0.042, 0.058, 0.06, 0.058, 0.064, 0.057, 0.052, 0.058, 0.044, 0.035, 0.048, 0.049, 0.053, 0.044, 0.046, 0.059, 0.039, 0.051, 0.045, 0.035, 0.048, 0.043, 0.047, 0.052, 0.03, 0.062, 0.082, 0.042, 0.046, 0.043, 0.041, 0.072, 0.049, 0.059, 0.063, 0.062, 0.063, 0.038, 0.061, 0.048, 0.068, 0.043, 0.04, 0.051, 0.058, 0.033, 0.047, 0.04, 0.06, 0.045, 0.062, 0.044, 0.054, 0.037, 0.05, 0.04, 0.066, 0.062, 0.053, 0.061, 0.046, 0.057, 0.05, 0.056, 0.052, 0.05, 0.033, 0.045, 0.069, 0.05, 0.044, 0.052, 0.036, 0.046, 0.053, 0.056, 0.055, 0.066, 0.044, 0.036, 0.047, 0.045, 0.053, 0.048, 0.052, 0.052, 0.06, 0.051, 0.053, 0.069, 0.035, 0.053, 0.05, 0.052, 0.057, 0.043, 0.045, 0.058, 0.049, 0.041, 0.059, 0.057, 0.053, 0.055, 0.057, 0.05, 0.054, 0.039, 0.049, 0.061, 0.073, 0.052, 0.042, 0.047, 0.036, 0.058, 0.051, 0.041, 0.049, 0.058, 0.051, 0.044, 0.061, 0.054, 0.043, 0.051, 0.03, 0.054, 0.079, 0.062, 0.049, 0.053, 0.056, 0.057, 0.05, 0.029, 0.047, 0.045, 0.05, 0.043, 0.057, 0.071, 0.061, 0.05, 0.066, 0.06, 0.058, 0.045, 0.049, 0.057, 0.072, 0.065, 0.057, 0.052]"
-10.0,10.0,2.0,3.0,0.0662,-2.5834,0.0022,"[0.045, 0.057, 0.064, 0.071, 0.076, 0.042, 0.049, 0.056, 0.044, 0.073, 0.058, 0.068, 0.055, 0.06, 0.043, 0.046, 0.046, 0.039, 0.067, 0.056, 0.067, 0.055, 0.068, 0.066, 0.055, 0.058, 0.06, 0.067, 0.056, 0.06, 0.042, 0.048, 0.049, 0.061, 0.049, 0.057, 0.055, 0.056, 0.065, 0.058, 0.054, 0.06, 0.072, 0.057, 0.043, 0.043, 0.053, 0.044, 0.032, 0.053, 0.06, 0.07, 0.056, 0.059, 0.061, 0.057, 0.049, 0.077, 0.046, 0.06, 0.048, 0.057, 0.06, 0.054, 0.044, 0.052, 0.067, 0.041, 0.072, 0.057, 0.063, 0.045, 0.054, 0.049, 0.059, 0.045, 0.05, 0.076, 0.062, 0.06, 0.059, 0.07, 0.054, 0.065, 0.032, 0.055, 0.053, 0.05, 0.063, 0.054, 0.054, 0.048, 0.052, 0.036, 0.053, 0.042, 0.071, 0.063, 0.065, 0.043, 0.064, 0.049, 0.058, 0.054, 0.042, 0.045, 0.062, 0.062, 0.042, 0.067, 0.052, 0.043, 0.05, 0.042, 0.048, 0.051, 0.061, 0.064, 0.066, 0.064, 0.037, 0.041, 0.067, 0.051, 0.054, 0.062, 0.069, 0.06, 0.047, 0.044, 0.045, 0.068, 0.064, 0.056, 0.041, 0.065, 0.058, 0.048, 0.055, 0.061, 0.051, 0.045, 0.058, 0.058, 0.037, 0.055, 0.047, 0.06, 0.039, 0.043, 0.032, 0.06, 0.041, 0.042, 0.055, 0.054, 0.062, 0.063, 0.067, 0.072]"
-10.0,12.5,0.5,0.0,0.0632,-2.9496,0.0082,"[0.059, 0.032, 0.051, 0.034, 0.045, 0.038, 0.056, 0.058, 0.065, 0.043, 0.046, 0.063, 0.047, 0.045, 0.06, 0.058, 0.062, 0.057, 0.049, 0.066, 0.061, 0.052, 0.061, 0.052, 0.043, 0.054, 0.072, 0.063, 0.057, 0.043, 0.041, 0.05, 0.046, 0.053, 0.054, 0.038, 0.044, 0.049, 0.057, 0.057, 0.042, 0.04, 0.043, 0.06, 0.048, 0.054, 0.057, 0.065, 0.04, 0.065, 0.058, 0.069, 0.067, 0.054, 0.045, 0.059, 0.041, 0.055, 0.045, 0.05, 0.031, 0.052, 0.054, 0.047, 0.052, 0.042, 0.06, 0.053, 0.075, 0.055, 0.056, 0.048, 0.064, 0.048, 0.07, 0.069, 0.047, 0.05, 0.045, 0.039, 0.055, 0.052, 0.059, 0.052, 0.061, 0.052, 0.051, 0.053, 0.06, 0.049, 0.062, 0.045, 0.049, 0.034, 0.049, 0.041, 0.058, 0.058, 0.065, 0.069, 0.051, 0.045, 0.057, 0.049, 0.046, 0.052, 0.047, 0.073, 0.05, 0.052, 0.061, 0.074, 0.05, 0.034, 0.052, 0.035, 0.047, 0.067, 0.044, 0.042, 0.061, 0.05, 0.065, 0.05, 0.059, 0.037, 0.043, 0.051, 0.048, 0.077, 0.063, 0.062, 0.051, 0.039, 0.069, 0.036, 0.047, 0.058, 0.079, 0.07, 0.059, 0.074, 0.048, 0.057, 0.067, 0.038, 0.056, 0.057, 0.057, 0.042, 0.057, 0.055, 0.047, 0.06, 0.066, 0.045, 0.057, 0.066, 0.066, 0.051]"
-10.0,12.5,0.5,3.0,0.1125,-2.3422,0.0515,"[0.09, 0.083, 0.104, 0.108, 0.107, 0.092, 0.076, 0.11, 0.116, 0.083, 0.099, 0.093, 0.104, 0.115, 0.1, 0.097, 0.106, 0.08, 0.11, 0.112, 0.101, 0.096, 0.097, 0.097, 0.098, 0.083, 0.102, 0.094, 0.097, 0.09, 0.099, 0.109, 0.097, 0.078, 0.094, 0.096, 0.093, 0.086, 0.093, 0.101, 0.09, 0.107, 0.087, 0.083, 0.091, 0.073, 0.094, 0.091, 0.102, 0.078, 0.104, 0.098, 0.113, 0.096, 0.101, 0.105, 0.079, 0.111, 0.099, 0.088, 0.1, 0.113, 0.098, 0.103, 0.082, 0.093, 0.109, 0.113, 0.104, 0.108, 0.098, 0.102, 0.09, 0.096, 0.1, 0.084, 0.123, 0.092, 0.1, 0.085, 0.067, 0.114, 0.097, 0.074, 0.085, 0.115, 0.099, 0.068, 0.089, 0.092, 0.098, 0.093, 0.076, 0.087, 0.084, 0.101, 0.088, 0.088, 0.091, 0.086, 0.11, 0.106, 0.107, 0.084, 0.1, 0.105, 0.087, 0.086, 0.089, 0.084, 0.11, 0.11, 0.097, 0.1, 0.094, 0.125, 0.097, 0.097, 0.101, 0.089, 0.105, 0.116, 0.1, 0.11, 0.082, 0.092, 0.102, 0.082, 0.103, 0.096, 0.102, 0.096, 0.096, 0.071, 0.086, 0.101, 0.082, 0.085, 0.09, 0.091, 0.101, 0.096, 0.087, 0.076, 0.124, 0.093, 0.102, 0.069, 0.089, 0.089, 0.089, 0.102, 0.092, 0.09, 0.095, 0.096, 0.084, 0.106, 0.091, 0.096]"
-10.0,12.5,1.0,0.0,0.0524,-2.9648,0.0278,"[0.034, 0.048, 0.068, 0.049, 0.06, 0.059, 0.044, 0.07, 0.056, 0.051, 0.05, 0.04, 0.043, 0.041, 0.074, 0.062, 0.041, 0.07, 0.065, 0.045, 0.057, 0.044, 0.061, 0.056, 0.047, 0.039, 0.051, 0.056, 0.064, 0.058, 0.06, 0.044, 0.031, 0.034, 0.048, 0.043, 0.05, 0.059, 0.058, 0.028, 0.077, 0.055, 0.054, 0.05, 0.048, 0.062, 0.041, 0.054, 0.066, 0.053, 0.056, 0.037, 0.059, 0.055, 0.05, 0.058, 0.04, 0.069, 0.08, 0.045, 0.063, 0.05, 0.039, 0.064, 0.048, 0.057, 0.07, 0.057, 0.053, 0.042, 0.042, 0.05, 0.047, 0.058, 0.04, 0.043, 0.05, 0.052, 0.052, 0.049, 0.043, 0.057, 0.063, 0.054, 0.045, 0.032, 0.068, 0.049, 0.064, 0.068, 0.059, 0.061, 0.06, 0.049, 0.04, 0.059, 0.036, 0.047, 0.045, 0.057, 0.054, 0.045, 0.047, 0.071, 0.043, 0.049, 0.057, 0.052, 0.057, 0.062, 0.066, 0.052, 0.055, 0.053, 0.042, 0.053, 0.035, 0.055, 0.03, 0.041, 0.06, 0.056, 0.051, 0.047, 0.043, 0.046, 0.058, 0.049, 0.03, 0.039, 0.043, 0.049, 0.048, 0.041, 0.057, 0.031, 0.044, 0.059, 0.057, 0.049, 0.061, 0.054, 0.052, 0.057, 0.055, 0.065, 0.048, 0.049, 0.053, 0.051, 0.07, 0.056, 0.044, 0.036, 0.067, 0.047, 0.055, 0.051, 0.059, 0.046]"
-10.0,12.5,1.0,3.0,0.0718,-2.459,0.2278,"[0.066, 0.081, 0.106, 0.09, 0.081, 0.084, 0.076, 0.102, 0.084, 0.087, 0.08, 0.086, 0.09, 0.101, 0.092, 0.1, 0.066, 0.102, 0.074, 0.094, 0.054, 0.084, 0.091, 0.072, 0.079, 0.086, 0.082, 0.057, 0.081, 0.086, 0.079, 0.053, 0.053, 0.063, 0.067, 0.069, 0.051, 0.058, 0.05, 0.048, 0.062, 0.057, 0.063, 0.053, 0.066, 0.05, 0.057, 0.052, 0.068, 0.085, 0.072, 0.069, 0.07, 0.068, 0.087, 0.082, 0.063, 0.092, 0.074, 0.078, 0.09, 0.081, 0.11, 0.086, 0.095, 0.074, 0.084, 0.088, 0.099, 0.078, 0.1, 0.089, 0.089, 0.077, 0.074, 0.06, 0.083, 0.085, 0.073, 0.059, 0.067, 0.075, 0.071, 0.074, 0.049, 0.06, 0.062, 0.068, 0.054, 0.065, 0.049, 0.06, 0.055, 0.054, 0.082, 0.055, 0.055, 0.046, 0.071, 0.057, 0.063, 0.056, 0.071, 0.078, 0.083, 0.071, 0.068, 0.069, 0.078, 0.082, 0.086, 0.074, 0.086, 0.075, 0.085, 0.102, 0.086, 0.08, 0.093, 0.099, 0.082, 0.076, 0.081, 0.084, 0.102, 0.072, 0.068, 0.086, 0.075, 0.07, 0.085, 0.077, 0.085, 0.08, 0.059, 0.052, 0.079, 0.064, 0.094, 0.072, 0.075, 0.051, 0.059, 0.067, 0.057, 0.058, 0.06, 0.051, 0.05, 0.057, 0.056, 0.052, 0.061, 0.05, 0.072, 0.072, 0.075, 0.062, 0.062, 0.087]"
-10.0,12.5,2.0,0.0,0.0529,-2.9211,0.0099,"[0.048, 0.063, 0.052, 0.048, 0.056, 0.054, 0.072, 0.051, 0.057, 0.049, 0.041, 0.055, 0.036, 0.061, 0.038, 0.042, 0.041, 0.057, 0.04, 0.056, 0.044, 0.05, 0.045, 0.074, 0.034, 0.056, 0.051, 0.043, 0.055, 0.041, 0.04, 0.039, 0.051, 0.044, 0.042, 0.054, 0.061, 0.036, 0.054, 0.056, 0.063, 0.048, 0.066, 0.056, 0.032, 0.053, 0.05, 0.06, 0.062, 0.041, 0.06, 0.049, 0.044, 0.065, 0.046, 0.051, 0.05, 0.056, 0.064, 0.067, 0.06, 0.034, 0.065, 0.057, 0.062, 0.048, 0.051, 0.06, 0.071, 0.053, 0.038, 0.057, 0.049, 0.04, 0.049, 0.055, 0.061, 0.046, 0.046, 0.05, 0.068, 0.064, 0.056, 0.056, 0.047, 0.058, 0.041, 0.055, 0.03, 0.034, 0.031, 0.069, 0.049, 0.037, 0.075, 0.043, 0.056, 0.043, 0.058, 0.05, 0.043, 0.037, 0.043, 0.041, 0.033, 0.058, 0.062, 0.044, 0.03, 0.054, 0.052, 0.041, 0.05, 0.023, 0.051, 0.049, 0.064, 0.053, 0.052, 0.07, 0.043, 0.036, 0.06, 0.061, 0.061, 0.048, 0.044, 0.038, 0.042, 0.036, 0.046, 0.067, 0.045, 0.052, 0.056, 0.047, 0.047, 0.063, 0.052, 0.062, 0.074, 0.042, 0.049, 0.049, 0.045, 0.046, 0.064, 0.051, 0.075, 0.046, 0.066, 0.068, 0.05, 0.055, 0.059, 0.045, 0.067, 0.042, 0.045, 0.046]"
-10.0,12.5,2.0,3.0,0.0599,-2.4892,0.4681,"[0.061, 0.054, 0.08, 0.079, 0.072, 0.076, 0.074, 0.074, 0.074, 0.078, 0.098, 0.1, 0.077, 0.098, 0.078, 0.098, 0.09, 0.083, 0.091, 0.098, 0.063, 0.091, 0.069, 0.088, 0.079, 0.056, 0.058, 0.065, 0.066, 0.058, 0.054, 0.041, 0.045, 0.041, 0.025, 0.041, 0.032, 0.048, 0.045, 0.035, 0.044, 0.04, 0.034, 0.021, 0.035, 0.035, 0.04, 0.041, 0.057, 0.061, 0.047, 0.042, 0.049, 0.074, 0.075, 0.057, 0.057, 0.069, 0.096, 0.085, 0.081, 0.084, 0.068, 0.086, 0.102, 0.086, 0.088, 0.094, 0.079, 0.092, 0.08, 0.081, 0.08, 0.078, 0.08, 0.076, 0.072, 0.072, 0.058, 0.042, 0.06, 0.05, 0.058, 0.045, 0.028, 0.043, 0.052, 0.043, 0.023, 0.03, 0.03, 0.032, 0.027, 0.016, 0.032, 0.048, 0.029, 0.024, 0.053, 0.06, 0.039, 0.048, 0.051, 0.061, 0.044, 0.058, 0.051, 0.069, 0.084, 0.075, 0.067, 0.088, 0.075, 0.088, 0.077, 0.074, 0.081, 0.063, 0.08, 0.112, 0.062, 0.074, 0.107, 0.078, 0.082, 0.084, 0.065, 0.09, 0.075, 0.067, 0.08, 0.054, 0.064, 0.05, 0.044, 0.074, 0.052, 0.057, 0.039, 0.032, 0.008, 0.034, 0.019, 0.036, 0.021, 0.038, 0.054, 0.062, 0.037, 0.035, 0.03, 0.031, 0.031, 0.058, 0.042, 0.07, 0.043, 0.054, 0.046, 0.067]"
-10.0,15.0,0.5,0.0,0.0675,-2.699,0.0048,"[0.061, 0.062, 0.063, 0.046, 0.058, 0.05, 0.068, 0.058, 0.058, 0.052, 0.047, 0.056, 0.067, 0.047, 0.068, 0.061, 0.035, 0.046, 0.078, 0.054, 0.046, 0.046, 0.054, 0.064, 0.052, 0.047, 0.033, 0.046, 0.048, 0.058, 0.059, 0.07, 0.043, 0.057, 0.057, 0.045, 0.064, 0.072, 0.055, 0.05, 0.07, 0.06, 0.043, 0.053, 0.052, 0.047, 0.047, 0.048, 0.063, 0.052, 0.056, 0.065, 0.052, 0.043, 0.065, 0.051, 0.073, 0.065, 0.06, 0.057, 0.066, 0.058, 0.033, 0.054, 0.061, 0.045, 0.081, 0.054, 0.061, 0.067, 0.061, 0.054, 0.059, 0.053, 0.054, 0.044, 0.053, 0.043, 0.055, 0.051, 0.06, 0.04, 0.046, 0.046, 0.055, 0.053, 0.066, 0.056, 0.055, 0.045, 0.052, 0.042, 0.06, 0.063, 0.04, 0.056, 0.054, 0.067, 0.045, 0.048, 0.058, 0.05, 0.051, 0.051, 0.06, 0.067, 0.054, 0.052, 0.062, 0.057, 0.057, 0.067, 0.045, 0.053, 0.045, 0.05, 0.042, 0.051, 0.059, 0.029, 0.052, 0.054, 0.052, 0.038, 0.065, 0.065, 0.067, 0.05, 0.057, 0.048, 0.044, 0.044, 0.057, 0.064, 0.068, 0.055, 0.048, 0.054, 0.065, 0.071, 0.067, 0.066, 0.069, 0.056, 0.058, 0.066, 0.06, 0.064, 0.049, 0.069, 0.05, 0.066, 0.054, 0.05, 0.035, 0.053, 0.043, 0.046, 0.06, 0.04]"
-10.0,15.0,0.5,3.0,0.163,-2.3392,0.3754,"[0.159, 0.139, 0.164, 0.17, 0.203, 0.175, 0.188, 0.186, 0.189, 0.194, 0.196, 0.193, 0.203, 0.191, 0.195, 0.217, 0.194, 0.201, 0.187, 0.191, 0.176, 0.146, 0.165, 0.149, 0.149, 0.152, 0.157, 0.118, 0.123, 0.12, 0.114, 0.109, 0.11, 0.096, 0.095, 0.099, 0.086, 0.087, 0.092, 0.088, 0.086, 0.088, 0.102, 0.12, 0.115, 0.107, 0.138, 0.124, 0.151, 0.141, 0.151, 0.152, 0.159, 0.182, 0.173, 0.19, 0.186, 0.188, 0.2, 0.195, 0.191, 0.192, 0.206, 0.178, 0.203, 0.183, 0.196, 0.204, 0.177, 0.187, 0.187, 0.164, 0.157, 0.161, 0.163, 0.166, 0.129, 0.136, 0.119, 0.106, 0.11, 0.105, 0.104, 0.103, 0.099, 0.106, 0.112, 0.093, 0.088, 0.092, 0.094, 0.094, 0.088, 0.094, 0.12, 0.126, 0.128, 0.128, 0.132, 0.13, 0.144, 0.15, 0.15, 0.173, 0.169, 0.182, 0.172, 0.197, 0.199, 0.192, 0.213, 0.199, 0.202, 0.184, 0.191, 0.19, 0.201, 0.199, 0.179, 0.181, 0.183, 0.165, 0.147, 0.162, 0.152, 0.144, 0.144, 0.138, 0.128, 0.104, 0.095, 0.109, 0.102, 0.1, 0.113, 0.103, 0.091, 0.085, 0.1, 0.1, 0.095, 0.073, 0.095, 0.118, 0.101, 0.126, 0.131, 0.123, 0.148, 0.145, 0.151, 0.148, 0.179, 0.16, 0.166, 0.185, 0.178, 0.213, 0.185, 0.206]"
-10.0,15.0,1.0,0.0,0.0617,-2.838,0.0171,"[0.056, 0.066, 0.038, 0.064, 0.058, 0.072, 0.057, 0.054, 0.059, 0.04, 0.044, 0.053, 0.047, 0.046, 0.073, 0.071, 0.027, 0.053, 0.041, 0.064, 0.055, 0.067, 0.044, 0.043, 0.05, 0.047, 0.052, 0.064, 0.057, 0.05, 0.053, 0.037, 0.033, 0.065, 0.045, 0.067, 0.05, 0.054, 0.061, 0.062, 0.047, 0.053, 0.052, 0.056, 0.055, 0.045, 0.054, 0.038, 0.053, 0.054, 0.043, 0.05, 0.047, 0.048, 0.06, 0.057, 0.062, 0.073, 0.064, 0.037, 0.046, 0.066, 0.049, 0.048, 0.056, 0.05, 0.07, 0.051, 0.077, 0.047, 0.046, 0.044, 0.045, 0.06, 0.039, 0.043, 0.058, 0.031, 0.038, 0.052, 0.057, 0.049, 0.057, 0.044, 0.068, 0.062, 0.044, 0.051, 0.033, 0.062, 0.04, 0.047, 0.05, 0.039, 0.044, 0.056, 0.048, 0.061, 0.06, 0.044, 0.048, 0.048, 0.049, 0.067, 0.055, 0.036, 0.046, 0.048, 0.057, 0.071, 0.06, 0.052, 0.044, 0.067, 0.05, 0.038, 0.056, 0.04, 0.059, 0.049, 0.05, 0.025, 0.063, 0.041, 0.045, 0.054, 0.051, 0.076, 0.035, 0.049, 0.06, 0.048, 0.053, 0.078, 0.053, 0.067, 0.059, 0.06, 0.051, 0.036, 0.063, 0.058, 0.058, 0.051, 0.046, 0.066, 0.056, 0.034, 0.052, 0.05, 0.026, 0.045, 0.079, 0.029, 0.041, 0.028, 0.037, 0.034, 0.041, 0.07]"
-10.0,15.0,1.0,3.0,0.09,-2.4023,0.6147,"[0.094, 0.096, 0.109, 0.105, 0.108, 0.14, 0.143, 0.132, 0.154, 0.157, 0.149, 0.147, 0.166, 0.162, 0.174, 0.159, 0.134, 0.133, 0.142, 0.147, 0.136, 0.12, 0.102, 0.127, 0.119, 0.083, 0.096, 0.085, 0.082, 0.084, 0.076, 0.061, 0.049, 0.044, 0.041, 0.068, 0.04, 0.047, 0.043, 0.03, 0.047, 0.039, 0.04, 0.06, 0.046, 0.074, 0.077, 0.091, 0.09, 0.084, 0.112, 0.12, 0.124, 0.13, 0.114, 0.144, 0.128, 0.14, 0.142, 0.138, 0.158, 0.157, 0.171, 0.17, 0.158, 0.162, 0.15, 0.146, 0.143, 0.135, 0.133, 0.131, 0.105, 0.106, 0.11, 0.089, 0.082, 0.09, 0.066, 0.071, 0.062, 0.064, 0.049, 0.038, 0.036, 0.057, 0.034, 0.033, 0.035, 0.038, 0.039, 0.052, 0.051, 0.049, 0.068, 0.07, 0.087, 0.084, 0.087, 0.093, 0.104, 0.114, 0.118, 0.12, 0.137, 0.142, 0.143, 0.154, 0.15, 0.154, 0.163, 0.166, 0.164, 0.15, 0.159, 0.154, 0.154, 0.164, 0.138, 0.135, 0.123, 0.12, 0.108, 0.097, 0.08, 0.085, 0.079, 0.077, 0.065, 0.075, 0.061, 0.061, 0.058, 0.059, 0.052, 0.031, 0.047, 0.042, 0.053, 0.042, 0.055, 0.049, 0.053, 0.064, 0.06, 0.075, 0.061, 0.088, 0.078, 0.103, 0.074, 0.095, 0.12, 0.127, 0.131, 0.146, 0.153, 0.174, 0.153, 0.165]"
-10.0,15.0,2.0,0.0,0.0509,-2.9042,0.0266,"[0.05, 0.054, 0.062, 0.055, 0.065, 0.065, 0.052, 0.051, 0.037, 0.047, 0.044, 0.045, 0.048, 0.057, 0.055, 0.062, 0.056, 0.046, 0.06, 0.038, 0.062, 0.044, 0.029, 0.057, 0.048, 0.063, 0.061, 0.041, 0.066, 0.032, 0.055, 0.065, 0.04, 0.072, 0.052, 0.054, 0.062, 0.055, 0.037, 0.018, 0.041, 0.042, 0.041, 0.044, 0.022, 0.039, 0.056, 0.061, 0.044, 0.058, 0.025, 0.054, 0.063, 0.057, 0.052, 0.026, 0.071, 0.071, 0.059, 0.065, 0.052, 0.06, 0.061, 0.052, 0.044, 0.061, 0.071, 0.064, 0.055, 0.055, 0.055, 0.029, 0.051, 0.049, 0.039, 0.062, 0.054, 0.025, 0.053, 0.064, 0.045, 0.04, 0.038, 0.051, 0.043, 0.036, 0.067, 0.052, 0.045, 0.067, 0.053, 0.049, 0.053, 0.045, 0.049, 0.057, 0.068, 0.046, 0.057, 0.037, 0.056, 0.07, 0.052, 0.046, 0.046, 0.057, 0.053, 0.048, 0.059, 0.043, 0.061, 0.049, 0.059, 0.061, 0.033, 0.051, 0.037, 0.035, 0.05, 0.055, 0.036, 0.054, 0.043, 0.052, 0.077, 0.048, 0.04, 0.051, 0.049, 0.047, 0.051, 0.049, 0.038, 0.059, 0.064, 0.047, 0.054, 0.03, 0.05, 0.07, 0.058, 0.052, 0.05, 0.048, 0.055, 0.061, 0.046, 0.059, 0.043, 0.047, 0.04, 0.053, 0.052, 0.056, 0.055, 0.059, 0.073, 0.059, 0.032, 0.05]"
-10.0,15.0,2.0,3.0,0.0721,-2.3112,0.7796,"[0.092, 0.073, 0.101, 0.106, 0.105, 0.117, 0.106, 0.13, 0.136, 0.131, 0.132, 0.123, 0.141, 0.132, 0.129, 0.138, 0.123, 0.115, 0.129, 0.098, 0.115, 0.089, 0.076, 0.094, 0.084, 0.067, 0.054, 0.062, 0.047, 0.053, 0.033, 0.029, 0.04, 0.014, 0.007, 0.009, 0.02, 0.036, 0.018, 0.009, 0.012, 0.027, 0.009, 0.012, 0.038, 0.051, 0.057, 0.058, 0.074, 0.067, 0.073, 0.083, 0.094, 0.137, 0.102, 0.112, 0.133, 0.126, 0.107, 0.145, 0.133, 0.103, 0.128, 0.124, 0.126, 0.128, 0.132, 0.134, 0.13, 0.127, 0.103, 0.078, 0.067, 0.093, 0.077, 0.086, 0.068, 0.039, 0.044, 0.048, 0.026, 0.047, 0.023, 0.02, 0.004, 0.039, 0.015, 0.019, 0.009, 0.014, 0.024, 0.028, 0.034, 0.043, 0.045, 0.049, 0.044, 0.055, 0.052, 0.066, 0.083, 0.09, 0.1, 0.114, 0.093, 0.093, 0.114, 0.136, 0.14, 0.13, 0.128, 0.134, 0.143, 0.123, 0.124, 0.128, 0.135, 0.128, 0.095, 0.118, 0.103, 0.103, 0.088, 0.088, 0.076, 0.063, 0.054, 0.052, 0.035, 0.037, 0.032, 0.041, 0.033, 0.043, 0.003, 0.015, 0.029, 0.019, 0.015, 0.01, 0.028, 0.027, 0.026, 0.044, 0.062, 0.037, 0.058, 0.061, 0.073, 0.087, 0.095, 0.083, 0.079, 0.101, 0.107, 0.086, 0.129, 0.118, 0.126, 0.123]"
-10.0,17.5,0.5,0.0,0.0701,-2.6684,0.0118,"[0.082, 0.067, 0.068, 0.059, 0.06, 0.071, 0.073, 0.064, 0.066, 0.06, 0.063, 0.062, 0.061, 0.071, 0.06, 0.055, 0.058, 0.058, 0.065, 0.055, 0.072, 0.058, 0.077, 0.061, 0.066, 0.071, 0.073, 0.067, 0.087, 0.061, 0.046, 0.061, 0.069, 0.065, 0.051, 0.058, 0.053, 0.054, 0.06, 0.066, 0.054, 0.055, 0.068, 0.052, 0.052, 0.083, 0.056, 0.043, 0.049, 0.041, 0.077, 0.06, 0.051, 0.067, 0.078, 0.059, 0.077, 0.058, 0.049, 0.079, 0.054, 0.055, 0.071, 0.061, 0.06, 0.058, 0.054, 0.063, 0.066, 0.059, 0.067, 0.065, 0.065, 0.058, 0.057, 0.065, 0.049, 0.09, 0.036, 0.055, 0.066, 0.068, 0.052, 0.054, 0.061, 0.047, 0.049, 0.07, 0.069, 0.061, 0.069, 0.062, 0.053, 0.049, 0.067, 0.054, 0.069, 0.058, 0.074, 0.051, 0.05, 0.063, 0.057, 0.062, 0.06, 0.056, 0.058, 0.039, 0.076, 0.055, 0.065, 0.04, 0.052, 0.063, 0.079, 0.065, 0.066, 0.056, 0.061, 0.059, 0.064, 0.073, 0.057, 0.061, 0.057, 0.058, 0.072, 0.065, 0.064, 0.06, 0.052, 0.068, 0.069, 0.07, 0.061, 0.053, 0.067, 0.072, 0.069, 0.053, 0.065, 0.041, 0.074, 0.063, 0.063, 0.076, 0.055, 0.062, 0.052, 0.046, 0.064, 0.063, 0.04, 0.068, 0.061, 0.068, 0.063, 0.071, 0.073, 0.063]"
-10.0,17.5,0.5,3.0,0.2261,-2.3045,0.9526,"[0.23, 0.258, 0.305, 0.319, 0.333, 0.368, 0.396, 0.424, 0.448, 0.458, 0.459, 0.453, 0.442, 0.454, 0.449, 0.442, 0.435, 0.415, 0.388, 0.359, 0.322, 0.301, 0.27, 0.276, 0.24, 0.178, 0.165, 0.12, 0.11, 0.08, 0.063, 0.058, 0.037, 0.032, 0.022, 0.007, 0.003, 0.019, 0.029, 0.04, 0.055, 0.082, 0.118, 0.109, 0.145, 0.188, 0.197, 0.231, 0.297, 0.31, 0.36, 0.342, 0.404, 0.392, 0.433, 0.417, 0.453, 0.462, 0.458, 0.448, 0.455, 0.452, 0.426, 0.42, 0.403, 0.386, 0.341, 0.324, 0.304, 0.269, 0.232, 0.222, 0.193, 0.162, 0.124, 0.1, 0.092, 0.068, 0.056, 0.031, 0.027, 0.023, 0.029, 0.0, 0.025, 0.044, 0.06, 0.062, 0.091, 0.118, 0.149, 0.167, 0.195, 0.22, 0.264, 0.295, 0.322, 0.347, 0.368, 0.383, 0.402, 0.438, 0.453, 0.455, 0.462, 0.465, 0.473, 0.464, 0.443, 0.439, 0.402, 0.392, 0.358, 0.342, 0.316, 0.275, 0.278, 0.231, 0.203, 0.168, 0.154, 0.135, 0.102, 0.078, 0.036, 0.039, 0.034, 0.032, 0.021, 0.036, 0.011, 0.019, 0.041, 0.065, 0.085, 0.072, 0.117, 0.152, 0.18, 0.205, 0.229, 0.229, 0.31, 0.324, 0.337, 0.368, 0.397, 0.419, 0.417, 0.435, 0.46, 0.455, 0.445, 0.453, 0.454, 0.428, 0.447, 0.425, 0.402, 0.371]"
-10.0,17.5,1.0,0.0,0.0479,-2.6652,0.0107,"[0.048, 0.055, 0.053, 0.054, 0.054, 0.053, 0.051, 0.052, 0.054, 0.046, 0.042, 0.052, 0.047, 0.055, 0.045, 0.037, 0.07, 0.049, 0.033, 0.063, 0.051, 0.055, 0.057, 0.065, 0.058, 0.04, 0.042, 0.04, 0.049, 0.058, 0.046, 0.048, 0.047, 0.048, 0.061, 0.051, 0.065, 0.049, 0.055, 0.053, 0.057, 0.06, 0.055, 0.082, 0.07, 0.049, 0.068, 0.067, 0.042, 0.034, 0.057, 0.054, 0.031, 0.057, 0.056, 0.049, 0.071, 0.053, 0.052, 0.055, 0.042, 0.046, 0.027, 0.059, 0.065, 0.058, 0.057, 0.054, 0.07, 0.054, 0.064, 0.063, 0.041, 0.061, 0.044, 0.049, 0.053, 0.067, 0.048, 0.058, 0.039, 0.053, 0.05, 0.067, 0.047, 0.039, 0.05, 0.049, 0.057, 0.068, 0.052, 0.059, 0.054, 0.06, 0.045, 0.055, 0.065, 0.048, 0.054, 0.055, 0.04, 0.063, 0.05, 0.055, 0.062, 0.063, 0.044, 0.06, 0.065, 0.049, 0.063, 0.059, 0.06, 0.064, 0.046, 0.046, 0.067, 0.052, 0.041, 0.054, 0.054, 0.058, 0.051, 0.072, 0.046, 0.036, 0.04, 0.048, 0.06, 0.053, 0.058, 0.048, 0.059, 0.039, 0.057, 0.061, 0.046, 0.072, 0.036, 0.062, 0.064, 0.047, 0.058, 0.047, 0.058, 0.053, 0.055, 0.05, 0.05, 0.048, 0.062, 0.072, 0.078, 0.065, 0.055, 0.065, 0.059, 0.052, 0.075, 0.065]"
-10.0,17.5,1.0,3.0,0.1355,-2.3481,0.989,"[0.135, 0.164, 0.181, 0.173, 0.202, 0.242, 0.238, 0.263, 0.28, 0.254, 0.297, 0.282, 0.288, 0.301, 0.287, 0.269, 0.256, 0.245, 0.231, 0.235, 0.211, 0.19, 0.168, 0.159, 0.114, 0.133, 0.093, 0.069, 0.074, 0.06, 0.035, 0.038, 0.026, 0.014, 0.0, 0.006, 0.006, 0.007, 0.011, 0.031, 0.022, 0.058, 0.06, 0.068, 0.091, 0.113, 0.144, 0.156, 0.179, 0.185, 0.201, 0.238, 0.233, 0.243, 0.253, 0.272, 0.266, 0.283, 0.285, 0.29, 0.264, 0.256, 0.264, 0.257, 0.236, 0.22, 0.223, 0.199, 0.192, 0.152, 0.146, 0.145, 0.107, 0.086, 0.084, 0.072, 0.039, 0.027, 0.031, 0.017, 0.012, 0.008, 0.004, 0.016, 0.024, 0.007, 0.035, 0.036, 0.037, 0.055, 0.076, 0.108, 0.105, 0.116, 0.15, 0.167, 0.201, 0.21, 0.23, 0.234, 0.239, 0.275, 0.265, 0.284, 0.279, 0.291, 0.286, 0.281, 0.279, 0.264, 0.239, 0.247, 0.241, 0.214, 0.194, 0.182, 0.171, 0.14, 0.109, 0.107, 0.092, 0.073, 0.051, 0.046, 0.028, 0.016, 0.01, 0.009, 0.008, 0.0, 0.009, 0.015, 0.024, 0.033, 0.053, 0.06, 0.088, 0.095, 0.112, 0.108, 0.146, 0.166, 0.176, 0.173, 0.188, 0.224, 0.236, 0.239, 0.268, 0.262, 0.262, 0.303, 0.289, 0.279, 0.265, 0.264, 0.258, 0.248, 0.238, 0.215]"
-10.0,17.5,2.0,0.0,0.0566,-2.7597,0.0822,"[0.037, 0.047, 0.051, 0.059, 0.059, 0.061, 0.052, 0.062, 0.035, 0.062, 0.056, 0.066, 0.03, 0.066, 0.04, 0.067, 0.047, 0.06, 0.054, 0.065, 0.056, 0.07, 0.046, 0.043, 0.046, 0.058, 0.058, 0.038, 0.042, 0.053, 0.062, 0.042, 0.035, 0.059, 0.032, 0.054, 0.027, 0.048, 0.046, 0.042, 0.064, 0.049, 0.049, 0.048, 0.044, 0.07, 0.049, 0.071, 0.045, 0.054, 0.05, 0.047, 0.053, 0.072, 0.069, 0.056, 0.043, 0.06, 0.051, 0.047, 0.063, 0.043, 0.057, 0.06, 0.062, 0.042, 0.071, 0.057, 0.054, 0.04, 0.044, 0.048, 0.051, 0.054, 0.047, 0.065, 0.046, 0.051, 0.061, 0.043, 0.035, 0.045, 0.058, 0.049, 0.056, 0.036, 0.033, 0.055, 0.053, 0.041, 0.039, 0.05, 0.051, 0.04, 0.052, 0.039, 0.047, 0.041, 0.053, 0.049, 0.069, 0.059, 0.043, 0.065, 0.054, 0.064, 0.043, 0.062, 0.076, 0.062, 0.05, 0.067, 0.048, 0.059, 0.076, 0.048, 0.058, 0.072, 0.062, 0.059, 0.031, 0.041, 0.059, 0.047, 0.044, 0.061, 0.056, 0.041, 0.056, 0.039, 0.033, 0.052, 0.037, 0.037, 0.039, 0.052, 0.058, 0.048, 0.039, 0.04, 0.037, 0.06, 0.044, 0.056, 0.036, 0.067, 0.055, 0.04, 0.049, 0.058, 0.047, 0.06, 0.069, 0.065, 0.056, 0.07, 0.057, 0.054, 0.054, 0.055]"
-10.0,17.5,2.0,3.0,0.0871,-2.3177,0.9952,"[0.11, 0.134, 0.105, 0.134, 0.138, 0.163, 0.178, 0.174, 0.178, 0.181, 0.188, 0.196, 0.196, 0.206, 0.186, 0.192, 0.168, 0.157, 0.17, 0.154, 0.134, 0.118, 0.11, 0.104, 0.091, 0.062, 0.051, 0.054, 0.047, 0.024, 0.009, 0.016, 0.0, 0.001, 0.008, 0.0, 0.0, 0.02, 0.009, 0.017, 0.03, 0.028, 0.037, 0.063, 0.054, 0.084, 0.076, 0.093, 0.116, 0.14, 0.139, 0.135, 0.166, 0.16, 0.182, 0.185, 0.173, 0.195, 0.18, 0.206, 0.175, 0.186, 0.173, 0.19, 0.152, 0.181, 0.144, 0.131, 0.132, 0.111, 0.091, 0.079, 0.069, 0.054, 0.058, 0.04, 0.034, 0.017, 0.02, 0.001, 0.0, 0.0, 0.016, 0.0, 0.0, 0.012, 0.015, 0.013, 0.021, 0.05, 0.042, 0.074, 0.073, 0.067, 0.11, 0.124, 0.134, 0.135, 0.148, 0.157, 0.163, 0.181, 0.182, 0.184, 0.184, 0.194, 0.205, 0.191, 0.173, 0.18, 0.179, 0.172, 0.161, 0.146, 0.161, 0.11, 0.124, 0.102, 0.106, 0.056, 0.074, 0.064, 0.035, 0.019, 0.04, 0.004, 0.018, 0.019, 0.0, 0.0, 0.021, 0.003, 0.006, 0.0, 0.037, 0.031, 0.053, 0.055, 0.081, 0.094, 0.083, 0.102, 0.125, 0.145, 0.144, 0.156, 0.167, 0.163, 0.175, 0.183, 0.199, 0.21, 0.184, 0.199, 0.191, 0.18, 0.17, 0.174, 0.157, 0.157]"
-10.0,20.0,0.5,0.0,0.0709,-2.5461,0.0134,"[0.075, 0.075, 0.068, 0.081, 0.071, 0.081, 0.068, 0.062, 0.066, 0.077, 0.063, 0.091, 0.059, 0.072, 0.085, 0.076, 0.069, 0.084, 0.064, 0.07, 0.057, 0.082, 0.079, 0.079, 0.074, 0.074, 0.074, 0.076, 0.074, 0.063, 0.05, 0.094, 0.066, 0.071, 0.084, 0.076, 0.058, 0.061, 0.082, 0.079, 0.068, 0.072, 0.073, 0.075, 0.077, 0.069, 0.08, 0.079, 0.082, 0.081, 0.08, 0.068, 0.072, 0.065, 0.075, 0.065, 0.078, 0.085, 0.073, 0.068, 0.078, 0.083, 0.066, 0.074, 0.076, 0.07, 0.078, 0.057, 0.076, 0.091, 0.078, 0.073, 0.061, 0.069, 0.076, 0.074, 0.06, 0.075, 0.064, 0.067, 0.082, 0.07, 0.066, 0.063, 0.066, 0.067, 0.081, 0.073, 0.085, 0.061, 0.086, 0.071, 0.071, 0.071, 0.096, 0.068, 0.094, 0.082, 0.062, 0.063, 0.075, 0.074, 0.069, 0.068, 0.089, 0.075, 0.078, 0.074, 0.073, 0.094, 0.079, 0.099, 0.081, 0.066, 0.085, 0.072, 0.088, 0.066, 0.057, 0.074, 0.087, 0.066, 0.079, 0.066, 0.082, 0.069, 0.075, 0.069, 0.065, 0.054, 0.06, 0.07, 0.077, 0.091, 0.068, 0.067, 0.06, 0.082, 0.079, 0.077, 0.076, 0.069, 0.087, 0.065, 0.068, 0.063, 0.072, 0.065, 0.067, 0.061, 0.063, 0.057, 0.077, 0.064, 0.089, 0.082, 0.074, 0.079, 0.081, 0.068]"
-10.0,20.0,0.5,3.0,0.3805,-2.1633,0.7975,"[0.385, 0.459, 0.465, 0.496, 0.574, 0.599, 0.625, 0.657, 0.663, 0.668, 0.69, 0.691, 0.685, 0.68, 0.665, 0.646, 0.629, 0.6, 0.563, 0.497, 0.472, 0.429, 0.408, 0.344, 0.291, 0.276, 0.232, 0.221, 0.151, 0.136, 0.106, 0.09, 0.082, 0.076, 0.091, 0.098, 0.112, 0.145, 0.163, 0.196, 0.223, 0.262, 0.309, 0.331, 0.379, 0.429, 0.472, 0.498, 0.559, 0.601, 0.632, 0.638, 0.675, 0.679, 0.694, 0.709, 0.71, 0.684, 0.669, 0.67, 0.629, 0.57, 0.571, 0.521, 0.486, 0.452, 0.385, 0.368, 0.302, 0.268, 0.24, 0.189, 0.157, 0.145, 0.125, 0.101, 0.098, 0.127, 0.073, 0.073, 0.12, 0.117, 0.157, 0.188, 0.215, 0.256, 0.31, 0.329, 0.391, 0.408, 0.468, 0.51, 0.544, 0.59, 0.613, 0.644, 0.656, 0.671, 0.682, 0.691, 0.684, 0.709, 0.674, 0.658, 0.623, 0.626, 0.57, 0.529, 0.49, 0.451, 0.407, 0.354, 0.333, 0.271, 0.251, 0.194, 0.176, 0.136, 0.116, 0.11, 0.105, 0.106, 0.091, 0.094, 0.097, 0.107, 0.155, 0.174, 0.21, 0.242, 0.279, 0.334, 0.388, 0.402, 0.438, 0.496, 0.531, 0.587, 0.613, 0.655, 0.671, 0.679, 0.692, 0.701, 0.688, 0.696, 0.693, 0.655, 0.636, 0.617, 0.593, 0.534, 0.505, 0.46, 0.415, 0.356, 0.324, 0.277, 0.248, 0.208]"
-10.0,20.0,1.0,0.0,0.0523,-2.6101,0.0518,"[0.055, 0.058, 0.06, 0.055, 0.047, 0.081, 0.045, 0.047, 0.071, 0.044, 0.072, 0.073, 0.056, 0.064, 0.063, 0.056, 0.057, 0.062, 0.058, 0.068, 0.061, 0.066, 0.058, 0.068, 0.07, 0.041, 0.064, 0.053, 0.055, 0.062, 0.06, 0.057, 0.065, 0.061, 0.051, 0.07, 0.07, 0.059, 0.054, 0.052, 0.077, 0.058, 0.062, 0.065, 0.034, 0.053, 0.084, 0.035, 0.048, 0.059, 0.054, 0.056, 0.052, 0.062, 0.068, 0.068, 0.056, 0.074, 0.065, 0.074, 0.066, 0.061, 0.061, 0.066, 0.075, 0.063, 0.064, 0.067, 0.043, 0.046, 0.062, 0.05, 0.057, 0.059, 0.083, 0.057, 0.038, 0.061, 0.069, 0.064, 0.064, 0.052, 0.055, 0.051, 0.053, 0.058, 0.07, 0.09, 0.063, 0.067, 0.038, 0.058, 0.078, 0.064, 0.062, 0.093, 0.076, 0.072, 0.063, 0.067, 0.086, 0.086, 0.059, 0.048, 0.064, 0.071, 0.081, 0.062, 0.059, 0.073, 0.052, 0.059, 0.061, 0.06, 0.073, 0.065, 0.054, 0.057, 0.087, 0.044, 0.04, 0.046, 0.062, 0.07, 0.058, 0.053, 0.052, 0.042, 0.076, 0.058, 0.063, 0.069, 0.075, 0.059, 0.053, 0.062, 0.061, 0.057, 0.051, 0.067, 0.077, 0.081, 0.057, 0.082, 0.053, 0.066, 0.074, 0.069, 0.078, 0.053, 0.061, 0.061, 0.074, 0.06, 0.064, 0.059, 0.065, 0.053, 0.049, 0.055]"
-10.0,20.0,1.0,3.0,0.2317,-2.1344,0.8953,"[0.208, 0.245, 0.298, 0.284, 0.315, 0.352, 0.352, 0.384, 0.415, 0.402, 0.405, 0.4, 0.406, 0.407, 0.421, 0.384, 0.368, 0.35, 0.32, 0.281, 0.293, 0.257, 0.235, 0.198, 0.18, 0.127, 0.118, 0.101, 0.089, 0.063, 0.049, 0.037, 0.014, 0.02, 0.022, 0.041, 0.047, 0.07, 0.076, 0.088, 0.125, 0.124, 0.159, 0.179, 0.205, 0.233, 0.265, 0.3, 0.319, 0.348, 0.367, 0.359, 0.398, 0.399, 0.397, 0.419, 0.416, 0.412, 0.408, 0.382, 0.363, 0.353, 0.328, 0.335, 0.281, 0.255, 0.219, 0.19, 0.156, 0.143, 0.119, 0.109, 0.075, 0.056, 0.049, 0.034, 0.038, 0.04, 0.026, 0.021, 0.038, 0.054, 0.054, 0.083, 0.092, 0.135, 0.146, 0.18, 0.209, 0.226, 0.267, 0.282, 0.332, 0.354, 0.373, 0.38, 0.397, 0.403, 0.417, 0.432, 0.405, 0.415, 0.385, 0.386, 0.374, 0.359, 0.342, 0.325, 0.272, 0.268, 0.25, 0.2, 0.172, 0.152, 0.124, 0.101, 0.096, 0.088, 0.046, 0.061, 0.027, 0.034, 0.016, 0.022, 0.035, 0.059, 0.067, 0.067, 0.091, 0.111, 0.156, 0.181, 0.209, 0.236, 0.255, 0.291, 0.329, 0.344, 0.347, 0.374, 0.386, 0.413, 0.401, 0.418, 0.413, 0.404, 0.407, 0.391, 0.386, 0.356, 0.328, 0.314, 0.294, 0.271, 0.236, 0.218, 0.169, 0.165, 0.136, 0.102]"
-10.0,20.0,2.0,0.0,0.07,-2.6184,0.2127,"[0.048, 0.051, 0.065, 0.061, 0.048, 0.082, 0.082, 0.067, 0.059, 0.06, 0.071, 0.082, 0.094, 0.064, 0.063, 0.064, 0.069, 0.055, 0.049, 0.058, 0.062, 0.075, 0.045, 0.066, 0.052, 0.049, 0.034, 0.052, 0.05, 0.069, 0.043, 0.06, 0.041, 0.041, 0.027, 0.056, 0.046, 0.046, 0.044, 0.05, 0.042, 0.055, 0.043, 0.052, 0.06, 0.071, 0.061, 0.073, 0.062, 0.054, 0.085, 0.064, 0.076, 0.061, 0.072, 0.071, 0.067, 0.087, 0.071, 0.062, 0.081, 0.046, 0.048, 0.07, 0.062, 0.052, 0.06, 0.065, 0.042, 0.05, 0.05, 0.051, 0.054, 0.026, 0.051, 0.026, 0.044, 0.034, 0.046, 0.051, 0.045, 0.039, 0.033, 0.047, 0.045, 0.054, 0.048, 0.068, 0.056, 0.066, 0.053, 0.067, 0.068, 0.056, 0.049, 0.078, 0.062, 0.06, 0.064, 0.058, 0.074, 0.067, 0.067, 0.077, 0.066, 0.08, 0.062, 0.046, 0.051, 0.051, 0.058, 0.07, 0.055, 0.049, 0.047, 0.054, 0.052, 0.054, 0.038, 0.067, 0.041, 0.038, 0.056, 0.053, 0.038, 0.052, 0.042, 0.052, 0.051, 0.076, 0.066, 0.064, 0.063, 0.044, 0.06, 0.055, 0.061, 0.064, 0.047, 0.062, 0.067, 0.076, 0.059, 0.059, 0.059, 0.064, 0.055, 0.079, 0.073, 0.091, 0.057, 0.07, 0.048, 0.073, 0.055, 0.054, 0.066, 0.064, 0.04, 0.048]"
-10.0,20.0,2.0,3.0,0.1327,-2.1403,0.9431,"[0.141, 0.168, 0.178, 0.186, 0.185, 0.226, 0.233, 0.26, 0.257, 0.252, 0.249, 0.261, 0.265, 0.259, 0.239, 0.215, 0.223, 0.196, 0.196, 0.192, 0.187, 0.131, 0.127, 0.123, 0.097, 0.086, 0.072, 0.049, 0.053, 0.054, 0.01, 0.023, 0.031, 0.023, 0.002, 0.009, 0.001, 0.021, 0.032, 0.055, 0.053, 0.081, 0.099, 0.11, 0.141, 0.146, 0.172, 0.173, 0.194, 0.226, 0.213, 0.248, 0.247, 0.236, 0.257, 0.27, 0.285, 0.278, 0.244, 0.253, 0.23, 0.216, 0.218, 0.195, 0.178, 0.141, 0.13, 0.113, 0.109, 0.094, 0.088, 0.047, 0.06, 0.029, 0.023, 0.014, 0.013, 0.015, 0.019, 0.01, 0.018, 0.016, 0.043, 0.051, 0.054, 0.065, 0.096, 0.125, 0.145, 0.135, 0.175, 0.191, 0.213, 0.219, 0.224, 0.247, 0.223, 0.246, 0.252, 0.256, 0.247, 0.254, 0.249, 0.244, 0.239, 0.212, 0.206, 0.194, 0.16, 0.16, 0.146, 0.133, 0.094, 0.088, 0.086, 0.041, 0.045, 0.018, 0.019, 0.008, 0.015, 0.006, 0.0, 0.026, 0.018, 0.034, 0.023, 0.042, 0.07, 0.067, 0.091, 0.108, 0.103, 0.144, 0.158, 0.178, 0.189, 0.199, 0.217, 0.232, 0.253, 0.249, 0.261, 0.265, 0.257, 0.27, 0.252, 0.242, 0.249, 0.228, 0.189, 0.171, 0.197, 0.165, 0.144, 0.106, 0.109, 0.082, 0.073, 0.053]"
-10.0,22.5,0.5,0.0,0.0981,-2.5107,0.0675,"[0.097, 0.099, 0.081, 0.099, 0.102, 0.1, 0.116, 0.099, 0.089, 0.102, 0.096, 0.085, 0.099, 0.117, 0.098, 0.112, 0.108, 0.124, 0.104, 0.1, 0.099, 0.1, 0.094, 0.091, 0.1, 0.089, 0.076, 0.081, 0.11, 0.09, 0.101, 0.086, 0.102, 0.097, 0.113, 0.107, 0.101, 0.089, 0.083, 0.094, 0.096, 0.093, 0.105, 0.099, 0.099, 0.115, 0.101, 0.087, 0.111, 0.104, 0.099, 0.092, 0.115, 0.119, 0.095, 0.105, 0.106, 0.084, 0.1, 0.083, 0.099, 0.121, 0.084, 0.116, 0.114, 0.096, 0.101, 0.092, 0.09, 0.096, 0.086, 0.098, 0.093, 0.082, 0.1, 0.1, 0.105, 0.089, 0.104, 0.116, 0.095, 0.097, 0.103, 0.075, 0.084, 0.093, 0.096, 0.101, 0.103, 0.087, 0.113, 0.105, 0.102, 0.107, 0.096, 0.1, 0.091, 0.08, 0.099, 0.118, 0.095, 0.084, 0.105, 0.094, 0.102, 0.104, 0.092, 0.1, 0.095, 0.075, 0.089, 0.085, 0.078, 0.085, 0.1, 0.093, 0.074, 0.082, 0.094, 0.094, 0.091, 0.102, 0.099, 0.09, 0.09, 0.095, 0.077, 0.101, 0.087, 0.112, 0.083, 0.105, 0.081, 0.095, 0.106, 0.111, 0.111, 0.109, 0.11, 0.11, 0.096, 0.097, 0.107, 0.111, 0.097, 0.093, 0.092, 0.089, 0.101, 0.107, 0.1, 0.094, 0.113, 0.094, 0.107, 0.082, 0.095, 0.083, 0.084, 0.085]"
-10.0,22.5,0.5,3.0,0.6098,-2.0635,0.2215,"[0.603, 0.62, 0.628, 0.667, 0.686, 0.7, 0.724, 0.707, 0.715, 0.731, 0.733, 0.736, 0.74, 0.723, 0.728, 0.699, 0.688, 0.667, 0.627, 0.626, 0.634, 0.617, 0.574, 0.578, 0.526, 0.524, 0.515, 0.517, 0.514, 0.484, 0.482, 0.491, 0.503, 0.496, 0.478, 0.507, 0.503, 0.537, 0.544, 0.545, 0.584, 0.597, 0.614, 0.63, 0.643, 0.672, 0.704, 0.716, 0.707, 0.698, 0.722, 0.734, 0.738, 0.743, 0.738, 0.732, 0.709, 0.699, 0.68, 0.678, 0.667, 0.651, 0.597, 0.608, 0.574, 0.571, 0.537, 0.539, 0.511, 0.499, 0.503, 0.482, 0.492, 0.488, 0.48, 0.48, 0.504, 0.508, 0.528, 0.508, 0.538, 0.553, 0.581, 0.585, 0.605, 0.633, 0.632, 0.648, 0.683, 0.725, 0.712, 0.717, 0.733, 0.739, 0.733, 0.727, 0.714, 0.732, 0.709, 0.707, 0.699, 0.67, 0.641, 0.636, 0.617, 0.605, 0.575, 0.556, 0.541, 0.533, 0.524, 0.526, 0.513, 0.485, 0.475, 0.474, 0.468, 0.487, 0.482, 0.491, 0.503, 0.536, 0.542, 0.547, 0.587, 0.609, 0.612, 0.628, 0.645, 0.674, 0.696, 0.702, 0.699, 0.733, 0.729, 0.731, 0.739, 0.744, 0.718, 0.709, 0.712, 0.7, 0.695, 0.683, 0.648, 0.638, 0.621, 0.602, 0.562, 0.565, 0.534, 0.533, 0.502, 0.502, 0.489, 0.507, 0.472, 0.47, 0.496, 0.495]"
-10.0,22.5,1.0,0.0,0.0634,-2.4798,0.2172,"[0.069, 0.07, 0.071, 0.075, 0.077, 0.094, 0.072, 0.091, 0.091, 0.088, 0.096, 0.094, 0.09, 0.099, 0.063, 0.108, 0.096, 0.099, 0.071, 0.079, 0.079, 0.07, 0.073, 0.071, 0.054, 0.072, 0.069, 0.054, 0.047, 0.06, 0.05, 0.061, 0.05, 0.073, 0.052, 0.051, 0.062, 0.047, 0.056, 0.051, 0.072, 0.081, 0.07, 0.089, 0.07, 0.076, 0.092, 0.092, 0.091, 0.099, 0.088, 0.092, 0.083, 0.109, 0.085, 0.086, 0.089, 0.093, 0.091, 0.055, 0.098, 0.094, 0.088, 0.075, 0.083, 0.071, 0.069, 0.071, 0.068, 0.071, 0.038, 0.058, 0.046, 0.067, 0.049, 0.056, 0.069, 0.073, 0.071, 0.071, 0.054, 0.057, 0.056, 0.062, 0.076, 0.087, 0.089, 0.063, 0.083, 0.082, 0.064, 0.096, 0.097, 0.083, 0.087, 0.091, 0.093, 0.082, 0.079, 0.075, 0.099, 0.094, 0.069, 0.069, 0.065, 0.058, 0.09, 0.061, 0.074, 0.061, 0.06, 0.058, 0.063, 0.057, 0.065, 0.069, 0.052, 0.061, 0.043, 0.055, 0.062, 0.062, 0.065, 0.073, 0.077, 0.051, 0.077, 0.074, 0.075, 0.096, 0.066, 0.085, 0.101, 0.089, 0.08, 0.087, 0.107, 0.101, 0.084, 0.103, 0.093, 0.06, 0.083, 0.1, 0.078, 0.092, 0.06, 0.059, 0.081, 0.076, 0.065, 0.072, 0.056, 0.049, 0.063, 0.056, 0.062, 0.06, 0.055, 0.077]"
-10.0,22.5,1.0,3.0,0.3249,-2.1043,0.4692,"[0.332, 0.352, 0.384, 0.397, 0.407, 0.421, 0.439, 0.451, 0.476, 0.475, 0.483, 0.465, 0.472, 0.473, 0.469, 0.431, 0.446, 0.427, 0.403, 0.384, 0.346, 0.319, 0.305, 0.286, 0.255, 0.248, 0.239, 0.219, 0.198, 0.163, 0.166, 0.178, 0.185, 0.168, 0.191, 0.207, 0.212, 0.222, 0.232, 0.274, 0.281, 0.326, 0.334, 0.358, 0.385, 0.394, 0.421, 0.428, 0.441, 0.452, 0.465, 0.497, 0.47, 0.485, 0.472, 0.456, 0.465, 0.438, 0.423, 0.42, 0.387, 0.37, 0.346, 0.322, 0.288, 0.288, 0.261, 0.247, 0.223, 0.218, 0.197, 0.2, 0.172, 0.17, 0.197, 0.192, 0.21, 0.208, 0.213, 0.25, 0.231, 0.278, 0.266, 0.328, 0.326, 0.355, 0.37, 0.407, 0.418, 0.45, 0.444, 0.451, 0.467, 0.493, 0.49, 0.49, 0.468, 0.452, 0.469, 0.427, 0.425, 0.4, 0.387, 0.348, 0.351, 0.334, 0.308, 0.265, 0.26, 0.235, 0.22, 0.222, 0.19, 0.192, 0.163, 0.179, 0.189, 0.183, 0.199, 0.196, 0.213, 0.233, 0.247, 0.282, 0.305, 0.323, 0.314, 0.359, 0.392, 0.402, 0.42, 0.448, 0.463, 0.47, 0.458, 0.466, 0.483, 0.457, 0.489, 0.465, 0.446, 0.433, 0.434, 0.391, 0.364, 0.351, 0.342, 0.332, 0.306, 0.268, 0.255, 0.237, 0.219, 0.184, 0.189, 0.192, 0.198, 0.182, 0.191, 0.194]"
-10.0,22.5,2.0,0.0,0.0559,-2.495,0.4789,"[0.08, 0.062, 0.082, 0.076, 0.064, 0.082, 0.079, 0.091, 0.093, 0.084, 0.078, 0.086, 0.105, 0.077, 0.094, 0.09, 0.076, 0.069, 0.08, 0.07, 0.061, 0.066, 0.073, 0.065, 0.05, 0.012, 0.04, 0.029, 0.035, 0.031, 0.031, 0.044, 0.031, 0.031, 0.04, 0.027, 0.036, 0.029, 0.052, 0.052, 0.075, 0.042, 0.072, 0.049, 0.061, 0.054, 0.079, 0.085, 0.082, 0.065, 0.084, 0.091, 0.081, 0.09, 0.101, 0.083, 0.075, 0.083, 0.099, 0.082, 0.058, 0.083, 0.061, 0.059, 0.044, 0.054, 0.029, 0.034, 0.048, 0.04, 0.029, 0.033, 0.041, 0.037, 0.04, 0.022, 0.028, 0.057, 0.036, 0.039, 0.048, 0.053, 0.045, 0.034, 0.06, 0.067, 0.054, 0.078, 0.083, 0.092, 0.074, 0.091, 0.095, 0.105, 0.099, 0.101, 0.091, 0.084, 0.099, 0.071, 0.095, 0.085, 0.069, 0.053, 0.064, 0.054, 0.04, 0.046, 0.057, 0.044, 0.039, 0.023, 0.034, 0.05, 0.034, 0.029, 0.041, 0.047, 0.05, 0.041, 0.024, 0.054, 0.043, 0.046, 0.046, 0.065, 0.073, 0.062, 0.079, 0.087, 0.083, 0.083, 0.084, 0.081, 0.097, 0.102, 0.092, 0.086, 0.094, 0.079, 0.098, 0.094, 0.085, 0.072, 0.07, 0.051, 0.056, 0.067, 0.048, 0.075, 0.042, 0.034, 0.044, 0.042, 0.049, 0.032, 0.024, 0.027, 0.046, 0.051]"
-10.0,22.5,2.0,3.0,0.1771,-1.9994,0.6773,"[0.197, 0.203, 0.215, 0.238, 0.27, 0.262, 0.292, 0.297, 0.301, 0.309, 0.326, 0.322, 0.324, 0.3, 0.283, 0.29, 0.275, 0.255, 0.224, 0.234, 0.177, 0.195, 0.175, 0.156, 0.131, 0.093, 0.085, 0.079, 0.096, 0.079, 0.062, 0.055, 0.063, 0.073, 0.074, 0.065, 0.105, 0.109, 0.114, 0.14, 0.166, 0.177, 0.197, 0.227, 0.224, 0.238, 0.26, 0.287, 0.301, 0.304, 0.301, 0.333, 0.306, 0.312, 0.306, 0.318, 0.296, 0.303, 0.281, 0.249, 0.238, 0.218, 0.218, 0.193, 0.15, 0.152, 0.129, 0.1, 0.09, 0.084, 0.054, 0.071, 0.064, 0.059, 0.062, 0.064, 0.061, 0.075, 0.085, 0.113, 0.111, 0.134, 0.158, 0.161, 0.191, 0.215, 0.235, 0.254, 0.259, 0.27, 0.289, 0.305, 0.308, 0.304, 0.339, 0.308, 0.299, 0.299, 0.305, 0.291, 0.289, 0.245, 0.235, 0.23, 0.19, 0.193, 0.163, 0.136, 0.11, 0.116, 0.111, 0.088, 0.079, 0.07, 0.072, 0.074, 0.034, 0.063, 0.067, 0.085, 0.091, 0.113, 0.128, 0.123, 0.138, 0.187, 0.19, 0.235, 0.244, 0.235, 0.261, 0.286, 0.291, 0.303, 0.301, 0.32, 0.318, 0.324, 0.311, 0.298, 0.296, 0.286, 0.269, 0.265, 0.225, 0.226, 0.186, 0.185, 0.139, 0.138, 0.134, 0.104, 0.093, 0.085, 0.05, 0.069, 0.053, 0.07, 0.062, 0.07]"
-10.0,25.0,0.5,0.0,0.15,-2.4307,0.3831,"[0.131, 0.149, 0.17, 0.172, 0.185, 0.181, 0.202, 0.208, 0.18, 0.205, 0.215, 0.204, 0.197, 0.181, 0.186, 0.179, 0.186, 0.18, 0.16, 0.144, 0.124, 0.142, 0.133, 0.1, 0.119, 0.116, 0.074, 0.087, 0.119, 0.093, 0.115, 0.096, 0.107, 0.096, 0.097, 0.094, 0.122, 0.115, 0.122, 0.124, 0.149, 0.165, 0.163, 0.17, 0.195, 0.17, 0.21, 0.182, 0.197, 0.204, 0.21, 0.183, 0.199, 0.187, 0.198, 0.176, 0.156, 0.172, 0.16, 0.17, 0.153, 0.126, 0.137, 0.12, 0.119, 0.098, 0.097, 0.104, 0.102, 0.072, 0.099, 0.086, 0.099, 0.084, 0.114, 0.118, 0.11, 0.13, 0.134, 0.148, 0.137, 0.147, 0.16, 0.174, 0.198, 0.19, 0.202, 0.188, 0.193, 0.194, 0.198, 0.206, 0.193, 0.189, 0.193, 0.176, 0.166, 0.163, 0.176, 0.159, 0.16, 0.12, 0.129, 0.114, 0.107, 0.089, 0.113, 0.08, 0.103, 0.089, 0.084, 0.085, 0.098, 0.098, 0.107, 0.093, 0.099, 0.11, 0.144, 0.159, 0.15, 0.169, 0.173, 0.188, 0.195, 0.177, 0.196, 0.206, 0.208, 0.208, 0.2, 0.205, 0.181, 0.177, 0.201, 0.19, 0.188, 0.163, 0.146, 0.146, 0.159, 0.122, 0.121, 0.128, 0.11, 0.1, 0.106, 0.091, 0.098, 0.069, 0.076, 0.093, 0.112, 0.101, 0.108, 0.117, 0.118, 0.114, 0.145, 0.149]"
-10.0,25.0,0.5,3.0,0.8377,-1.886,0.0203,"[0.838, 0.859, 0.826, 0.845, 0.867, 0.852, 0.831, 0.847, 0.86, 0.872, 0.855, 0.869, 0.861, 0.852, 0.863, 0.863, 0.849, 0.842, 0.831, 0.849, 0.836, 0.845, 0.84, 0.839, 0.832, 0.819, 0.835, 0.837, 0.851, 0.821, 0.817, 0.816, 0.828, 0.837, 0.839, 0.848, 0.838, 0.824, 0.841, 0.82, 0.84, 0.841, 0.853, 0.855, 0.845, 0.847, 0.856, 0.861, 0.865, 0.853, 0.857, 0.847, 0.847, 0.837, 0.848, 0.866, 0.865, 0.854, 0.857, 0.852, 0.843, 0.815, 0.86, 0.833, 0.831, 0.846, 0.831, 0.854, 0.819, 0.838, 0.825, 0.829, 0.819, 0.823, 0.844, 0.838, 0.839, 0.82, 0.823, 0.832, 0.84, 0.845, 0.852, 0.861, 0.867, 0.856, 0.847, 0.864, 0.859, 0.863, 0.87, 0.854, 0.871, 0.841, 0.861, 0.846, 0.853, 0.851, 0.842, 0.837, 0.833, 0.841, 0.843, 0.852, 0.83, 0.815, 0.834, 0.811, 0.843, 0.835, 0.817, 0.812, 0.82, 0.835, 0.823, 0.84, 0.844, 0.831, 0.848, 0.854, 0.85, 0.852, 0.843, 0.871, 0.843, 0.85, 0.865, 0.853, 0.855, 0.844, 0.853, 0.881, 0.853, 0.868, 0.849, 0.841, 0.842, 0.855, 0.823, 0.86, 0.845, 0.834, 0.828, 0.828, 0.843, 0.814, 0.828, 0.839, 0.807, 0.821, 0.812, 0.815, 0.831, 0.836, 0.827, 0.818, 0.827, 0.842, 0.84, 0.831]"
-10.0,25.0,1.0,0.0,0.0944,-2.3459,0.6073,"[0.088, 0.11, 0.111, 0.119, 0.135, 0.13, 0.142, 0.162, 0.18, 0.14, 0.149, 0.168, 0.142, 0.15, 0.164, 0.133, 0.13, 0.112, 0.123, 0.089, 0.09, 0.075, 0.075, 0.089, 0.066, 0.057, 0.052, 0.044, 0.054, 0.047, 0.026, 0.049, 0.045, 0.051, 0.031, 0.058, 0.064, 0.066, 0.093, 0.075, 0.131, 0.099, 0.124, 0.13, 0.147, 0.159, 0.144, 0.154, 0.152, 0.148, 0.158, 0.156, 0.154, 0.146, 0.148, 0.146, 0.119, 0.128, 0.129, 0.091, 0.096, 0.09, 0.084, 0.077, 0.072, 0.055, 0.038, 0.04, 0.055, 0.03, 0.044, 0.049, 0.049, 0.057, 0.052, 0.058, 0.085, 0.095, 0.099, 0.099, 0.097, 0.114, 0.12, 0.141, 0.141, 0.15, 0.149, 0.129, 0.17, 0.157, 0.167, 0.153, 0.169, 0.143, 0.142, 0.136, 0.114, 0.124, 0.119, 0.106, 0.116, 0.074, 0.057, 0.054, 0.059, 0.064, 0.048, 0.038, 0.055, 0.038, 0.025, 0.051, 0.05, 0.051, 0.071, 0.06, 0.072, 0.068, 0.08, 0.091, 0.112, 0.108, 0.122, 0.129, 0.138, 0.138, 0.148, 0.143, 0.156, 0.158, 0.158, 0.161, 0.17, 0.131, 0.138, 0.125, 0.13, 0.125, 0.097, 0.103, 0.099, 0.085, 0.069, 0.071, 0.054, 0.06, 0.049, 0.04, 0.027, 0.039, 0.029, 0.031, 0.042, 0.049, 0.044, 0.061, 0.069, 0.074, 0.086, 0.105]"
-10.0,25.0,1.0,3.0,0.432,-1.8886,0.1387,"[0.456, 0.464, 0.463, 0.467, 0.487, 0.484, 0.48, 0.508, 0.498, 0.485, 0.506, 0.515, 0.498, 0.496, 0.5, 0.484, 0.48, 0.482, 0.471, 0.457, 0.428, 0.441, 0.422, 0.423, 0.394, 0.412, 0.388, 0.396, 0.398, 0.39, 0.39, 0.388, 0.377, 0.407, 0.41, 0.401, 0.378, 0.431, 0.412, 0.444, 0.441, 0.463, 0.457, 0.476, 0.467, 0.491, 0.497, 0.508, 0.5, 0.509, 0.503, 0.51, 0.507, 0.507, 0.481, 0.486, 0.482, 0.489, 0.481, 0.439, 0.437, 0.408, 0.446, 0.419, 0.414, 0.398, 0.395, 0.402, 0.377, 0.375, 0.384, 0.388, 0.396, 0.395, 0.392, 0.403, 0.416, 0.43, 0.442, 0.439, 0.444, 0.451, 0.481, 0.474, 0.478, 0.494, 0.514, 0.493, 0.511, 0.502, 0.508, 0.513, 0.514, 0.492, 0.499, 0.487, 0.481, 0.481, 0.452, 0.458, 0.442, 0.443, 0.426, 0.412, 0.415, 0.394, 0.39, 0.382, 0.381, 0.359, 0.381, 0.387, 0.399, 0.387, 0.397, 0.407, 0.424, 0.427, 0.438, 0.453, 0.458, 0.457, 0.489, 0.461, 0.496, 0.498, 0.512, 0.501, 0.501, 0.496, 0.496, 0.503, 0.492, 0.489, 0.479, 0.493, 0.468, 0.47, 0.456, 0.451, 0.435, 0.436, 0.426, 0.424, 0.398, 0.389, 0.389, 0.39, 0.392, 0.38, 0.389, 0.387, 0.39, 0.397, 0.418, 0.418, 0.429, 0.431, 0.454, 0.455]"
-10.0,25.0,2.0,0.0,0.0687,-2.3985,0.7817,"[0.08, 0.068, 0.077, 0.1, 0.091, 0.122, 0.123, 0.145, 0.133, 0.138, 0.138, 0.132, 0.13, 0.125, 0.097, 0.126, 0.119, 0.108, 0.092, 0.081, 0.062, 0.051, 0.049, 0.049, 0.043, 0.027, 0.014, 0.015, 0.018, 0.001, 0.018, 0.034, 0.012, 0.045, 0.022, 0.033, 0.047, 0.049, 0.041, 0.07, 0.077, 0.083, 0.095, 0.107, 0.101, 0.122, 0.116, 0.142, 0.14, 0.122, 0.144, 0.135, 0.133, 0.122, 0.116, 0.11, 0.096, 0.079, 0.082, 0.073, 0.06, 0.068, 0.055, 0.039, 0.034, 0.033, 0.018, 0.0, 0.03, 0.015, 0.019, 0.02, 0.006, 0.018, 0.03, 0.034, 0.032, 0.055, 0.066, 0.066, 0.089, 0.093, 0.1, 0.099, 0.11, 0.127, 0.109, 0.114, 0.126, 0.132, 0.131, 0.135, 0.13, 0.123, 0.114, 0.119, 0.116, 0.092, 0.09, 0.075, 0.056, 0.043, 0.063, 0.051, 0.04, 0.039, 0.016, 0.029, 0.021, 0.012, 0.0, 0.004, 0.039, 0.043, 0.017, 0.018, 0.059, 0.053, 0.056, 0.06, 0.069, 0.103, 0.101, 0.088, 0.107, 0.136, 0.128, 0.115, 0.124, 0.131, 0.141, 0.129, 0.14, 0.124, 0.093, 0.115, 0.1, 0.088, 0.088, 0.073, 0.068, 0.052, 0.043, 0.052, 0.035, 0.032, 0.017, 0.03, 0.019, 0.013, 0.03, 0.016, 0.024, 0.015, 0.027, 0.048, 0.047, 0.057, 0.064, 0.074]"
-10.0,25.0,2.0,3.0,0.2428,-2.011,0.3747,"[0.245, 0.267, 0.281, 0.303, 0.309, 0.304, 0.316, 0.339, 0.342, 0.349, 0.339, 0.336, 0.338, 0.315, 0.319, 0.331, 0.297, 0.288, 0.273, 0.276, 0.234, 0.239, 0.214, 0.198, 0.176, 0.199, 0.18, 0.152, 0.148, 0.151, 0.162, 0.157, 0.153, 0.167, 0.189, 0.192, 0.179, 0.199, 0.222, 0.239, 0.265, 0.266, 0.285, 0.271, 0.301, 0.322, 0.343, 0.318, 0.334, 0.321, 0.337, 0.348, 0.343, 0.327, 0.316, 0.335, 0.295, 0.279, 0.266, 0.242, 0.247, 0.235, 0.221, 0.209, 0.184, 0.178, 0.182, 0.16, 0.154, 0.167, 0.149, 0.148, 0.153, 0.197, 0.188, 0.195, 0.191, 0.218, 0.244, 0.245, 0.244, 0.275, 0.282, 0.297, 0.298, 0.31, 0.322, 0.325, 0.336, 0.332, 0.355, 0.342, 0.34, 0.324, 0.297, 0.315, 0.293, 0.286, 0.267, 0.231, 0.235, 0.217, 0.213, 0.203, 0.209, 0.182, 0.163, 0.159, 0.164, 0.165, 0.145, 0.158, 0.163, 0.156, 0.188, 0.194, 0.201, 0.219, 0.237, 0.264, 0.265, 0.262, 0.315, 0.288, 0.314, 0.318, 0.327, 0.338, 0.342, 0.353, 0.332, 0.34, 0.337, 0.347, 0.319, 0.292, 0.305, 0.274, 0.256, 0.263, 0.237, 0.219, 0.225, 0.191, 0.179, 0.18, 0.145, 0.163, 0.159, 0.148, 0.158, 0.164, 0.166, 0.182, 0.186, 0.192, 0.213, 0.222, 0.264, 0.258]"
-9.0,5.0,0.5,0.0,0.0546,-3.088,0.0089,"[0.03, 0.057, 0.048, 0.043, 0.057, 0.047, 0.055, 0.048, 0.051, 0.064, 0.06, 0.065, 0.054, 0.033, 0.044, 0.035, 0.06, 0.051, 0.063, 0.061, 0.049, 0.068, 0.06, 0.052, 0.055, 0.065, 0.055, 0.044, 0.039, 0.048, 0.044, 0.053, 0.046, 0.047, 0.063, 0.067, 0.043, 0.047, 0.048, 0.054, 0.054, 0.046, 0.056, 0.046, 0.047, 0.042, 0.061, 0.06, 0.054, 0.057, 0.062, 0.058, 0.058, 0.046, 0.036, 0.043, 0.073, 0.048, 0.067, 0.056, 0.05, 0.042, 0.044, 0.049, 0.049, 0.056, 0.044, 0.044, 0.059, 0.07, 0.052, 0.055, 0.049, 0.05, 0.049, 0.047, 0.056, 0.057, 0.048, 0.045, 0.046, 0.057, 0.043, 0.041, 0.054, 0.05, 0.049, 0.059, 0.05, 0.044, 0.052, 0.044, 0.06, 0.051, 0.04, 0.052, 0.043, 0.061, 0.05, 0.057, 0.045, 0.049, 0.055, 0.049, 0.042, 0.058, 0.054, 0.04, 0.047, 0.043, 0.046, 0.046, 0.048, 0.037, 0.047, 0.06, 0.068, 0.039, 0.061, 0.073, 0.049, 0.056, 0.061, 0.046, 0.06, 0.049, 0.06, 0.066, 0.063, 0.048, 0.057, 0.046, 0.039, 0.048, 0.059, 0.048, 0.065, 0.051, 0.04, 0.048, 0.044, 0.064, 0.056, 0.05, 0.058, 0.043, 0.039, 0.038, 0.032, 0.04, 0.056, 0.058, 0.042, 0.031, 0.047, 0.056, 0.059, 0.053, 0.041, 0.058]"
-9.0,5.0,0.5,3.0,0.0798,-2.6358,0.0039,"[0.069, 0.073, 0.05, 0.058, 0.049, 0.056, 0.063, 0.05, 0.075, 0.075, 0.063, 0.057, 0.064, 0.079, 0.07, 0.046, 0.041, 0.055, 0.064, 0.047, 0.062, 0.047, 0.064, 0.066, 0.081, 0.063, 0.06, 0.077, 0.071, 0.064, 0.061, 0.081, 0.057, 0.049, 0.062, 0.061, 0.076, 0.066, 0.073, 0.038, 0.061, 0.079, 0.053, 0.061, 0.072, 0.059, 0.072, 0.058, 0.064, 0.071, 0.053, 0.056, 0.073, 0.056, 0.065, 0.074, 0.065, 0.067, 0.079, 0.087, 0.065, 0.06, 0.072, 0.056, 0.077, 0.059, 0.06, 0.054, 0.055, 0.076, 0.067, 0.063, 0.084, 0.065, 0.064, 0.053, 0.056, 0.055, 0.057, 0.059, 0.061, 0.071, 0.064, 0.082, 0.07, 0.057, 0.069, 0.066, 0.078, 0.072, 0.065, 0.081, 0.07, 0.07, 0.079, 0.073, 0.066, 0.063, 0.044, 0.046, 0.063, 0.058, 0.064, 0.074, 0.056, 0.048, 0.051, 0.054, 0.053, 0.064, 0.079, 0.07, 0.071, 0.066, 0.052, 0.086, 0.061, 0.072, 0.042, 0.063, 0.062, 0.061, 0.05, 0.066, 0.076, 0.085, 0.08, 0.077, 0.081, 0.082, 0.055, 0.067, 0.051, 0.069, 0.062, 0.062, 0.061, 0.039, 0.045, 0.073, 0.057, 0.074, 0.062, 0.048, 0.05, 0.057, 0.055, 0.063, 0.067, 0.067, 0.066, 0.073, 0.074, 0.055, 0.045, 0.057, 0.065, 0.059, 0.07, 0.051]"
-9.0,5.0,1.0,0.0,0.0294,-3.1733,0.0076,"[0.043, 0.049, 0.062, 0.046, 0.045, 0.05, 0.038, 0.061, 0.057, 0.059, 0.064, 0.042, 0.051, 0.049, 0.066, 0.046, 0.032, 0.046, 0.059, 0.056, 0.049, 0.047, 0.054, 0.056, 0.053, 0.047, 0.05, 0.045, 0.061, 0.049, 0.041, 0.073, 0.043, 0.041, 0.038, 0.043, 0.058, 0.035, 0.052, 0.045, 0.042, 0.033, 0.05, 0.033, 0.048, 0.054, 0.028, 0.057, 0.031, 0.069, 0.048, 0.042, 0.052, 0.041, 0.026, 0.062, 0.047, 0.051, 0.049, 0.042, 0.039, 0.058, 0.055, 0.05, 0.061, 0.05, 0.062, 0.065, 0.061, 0.054, 0.04, 0.055, 0.046, 0.058, 0.067, 0.049, 0.039, 0.057, 0.05, 0.066, 0.051, 0.05, 0.051, 0.053, 0.031, 0.042, 0.061, 0.044, 0.05, 0.048, 0.043, 0.049, 0.04, 0.036, 0.052, 0.066, 0.058, 0.058, 0.061, 0.052, 0.051, 0.042, 0.058, 0.053, 0.043, 0.047, 0.039, 0.056, 0.066, 0.039, 0.061, 0.062, 0.039, 0.03, 0.051, 0.049, 0.048, 0.062, 0.047, 0.075, 0.035, 0.042, 0.042, 0.048, 0.065, 0.039, 0.041, 0.044, 0.049, 0.052, 0.046, 0.037, 0.049, 0.065, 0.06, 0.046, 0.051, 0.055, 0.059, 0.066, 0.053, 0.039, 0.035, 0.056, 0.036, 0.059, 0.044, 0.038, 0.055, 0.04, 0.055, 0.052, 0.031, 0.065, 0.063, 0.06, 0.06, 0.043, 0.062, 0.058]"
-9.0,5.0,1.0,3.0,0.0418,-2.7526,0.0048,"[0.072, 0.047, 0.051, 0.044, 0.052, 0.067, 0.043, 0.062, 0.048, 0.076, 0.058, 0.056, 0.051, 0.059, 0.042, 0.058, 0.051, 0.051, 0.078, 0.071, 0.072, 0.065, 0.061, 0.072, 0.06, 0.063, 0.071, 0.065, 0.061, 0.065, 0.058, 0.062, 0.063, 0.045, 0.05, 0.064, 0.058, 0.057, 0.06, 0.037, 0.055, 0.055, 0.059, 0.066, 0.053, 0.07, 0.047, 0.064, 0.052, 0.069, 0.059, 0.045, 0.058, 0.061, 0.059, 0.06, 0.055, 0.051, 0.041, 0.063, 0.062, 0.076, 0.057, 0.06, 0.059, 0.066, 0.052, 0.059, 0.057, 0.064, 0.079, 0.06, 0.043, 0.045, 0.068, 0.04, 0.06, 0.05, 0.084, 0.045, 0.05, 0.065, 0.055, 0.05, 0.047, 0.05, 0.048, 0.057, 0.076, 0.078, 0.077, 0.056, 0.064, 0.058, 0.049, 0.039, 0.039, 0.059, 0.043, 0.049, 0.061, 0.034, 0.072, 0.058, 0.053, 0.051, 0.062, 0.047, 0.07, 0.066, 0.05, 0.055, 0.069, 0.061, 0.055, 0.05, 0.056, 0.053, 0.06, 0.054, 0.047, 0.068, 0.062, 0.047, 0.051, 0.064, 0.049, 0.055, 0.054, 0.05, 0.046, 0.056, 0.048, 0.051, 0.065, 0.05, 0.062, 0.067, 0.056, 0.062, 0.048, 0.064, 0.063, 0.072, 0.069, 0.06, 0.085, 0.066, 0.07, 0.052, 0.053, 0.058, 0.047, 0.057, 0.057, 0.068, 0.069, 0.058, 0.053, 0.075]"
-9.0,5.0,2.0,0.0,0.05,-3.1438,0.0012,"[0.049, 0.047, 0.032, 0.041, 0.065, 0.063, 0.058, 0.042, 0.047, 0.046, 0.043, 0.045, 0.049, 0.035, 0.062, 0.049, 0.045, 0.034, 0.058, 0.04, 0.055, 0.041, 0.051, 0.037, 0.048, 0.049, 0.052, 0.059, 0.055, 0.066, 0.036, 0.071, 0.06, 0.046, 0.06, 0.068, 0.061, 0.04, 0.051, 0.058, 0.05, 0.055, 0.055, 0.04, 0.063, 0.051, 0.05, 0.041, 0.048, 0.06, 0.053, 0.057, 0.05, 0.051, 0.034, 0.054, 0.048, 0.053, 0.029, 0.076, 0.051, 0.055, 0.054, 0.047, 0.054, 0.062, 0.052, 0.059, 0.058, 0.057, 0.069, 0.054, 0.049, 0.05, 0.054, 0.037, 0.064, 0.048, 0.049, 0.037, 0.051, 0.037, 0.033, 0.043, 0.048, 0.042, 0.053, 0.062, 0.052, 0.028, 0.05, 0.056, 0.046, 0.053, 0.053, 0.039, 0.062, 0.047, 0.047, 0.055, 0.034, 0.063, 0.04, 0.068, 0.061, 0.04, 0.054, 0.041, 0.039, 0.025, 0.057, 0.046, 0.058, 0.052, 0.038, 0.059, 0.055, 0.045, 0.06, 0.047, 0.042, 0.048, 0.046, 0.035, 0.024, 0.067, 0.061, 0.065, 0.059, 0.046, 0.048, 0.044, 0.056, 0.055, 0.047, 0.055, 0.062, 0.05, 0.039, 0.055, 0.038, 0.042, 0.053, 0.056, 0.051, 0.04, 0.078, 0.045, 0.055, 0.044, 0.041, 0.051, 0.046, 0.051, 0.044, 0.052, 0.043, 0.061, 0.053, 0.049]"
-9.0,5.0,2.0,3.0,0.0535,-2.6514,0.0086,"[0.068, 0.048, 0.055, 0.046, 0.029, 0.06, 0.064, 0.058, 0.077, 0.05, 0.045, 0.065, 0.066, 0.064, 0.043, 0.047, 0.037, 0.073, 0.044, 0.041, 0.052, 0.055, 0.06, 0.052, 0.047, 0.05, 0.047, 0.067, 0.053, 0.06, 0.051, 0.035, 0.07, 0.059, 0.057, 0.032, 0.052, 0.069, 0.066, 0.051, 0.066, 0.069, 0.052, 0.067, 0.066, 0.062, 0.063, 0.045, 0.061, 0.052, 0.044, 0.069, 0.052, 0.056, 0.055, 0.038, 0.051, 0.061, 0.054, 0.05, 0.057, 0.064, 0.037, 0.052, 0.054, 0.071, 0.066, 0.04, 0.067, 0.052, 0.037, 0.04, 0.067, 0.058, 0.044, 0.069, 0.061, 0.051, 0.056, 0.045, 0.073, 0.042, 0.041, 0.055, 0.082, 0.039, 0.062, 0.054, 0.057, 0.065, 0.047, 0.051, 0.047, 0.068, 0.066, 0.042, 0.057, 0.064, 0.038, 0.067, 0.053, 0.049, 0.067, 0.065, 0.04, 0.061, 0.06, 0.032, 0.059, 0.049, 0.065, 0.045, 0.055, 0.048, 0.047, 0.032, 0.064, 0.065, 0.054, 0.057, 0.046, 0.064, 0.056, 0.054, 0.068, 0.04, 0.034, 0.058, 0.051, 0.042, 0.055, 0.057, 0.062, 0.042, 0.049, 0.056, 0.065, 0.063, 0.049, 0.059, 0.048, 0.049, 0.05, 0.047, 0.061, 0.063, 0.049, 0.055, 0.05, 0.044, 0.043, 0.071, 0.046, 0.06, 0.057, 0.042, 0.058, 0.056, 0.053, 0.049]"
-9.0,7.5,0.5,0.0,0.0687,-3.0212,0.0093,"[0.066, 0.058, 0.027, 0.049, 0.073, 0.055, 0.044, 0.058, 0.03, 0.054, 0.046, 0.052, 0.038, 0.047, 0.025, 0.045, 0.053, 0.063, 0.076, 0.043, 0.057, 0.048, 0.048, 0.052, 0.05, 0.07, 0.049, 0.04, 0.053, 0.041, 0.048, 0.062, 0.049, 0.057, 0.049, 0.054, 0.045, 0.06, 0.038, 0.043, 0.052, 0.06, 0.054, 0.057, 0.039, 0.048, 0.054, 0.052, 0.041, 0.043, 0.05, 0.059, 0.072, 0.041, 0.052, 0.041, 0.051, 0.048, 0.056, 0.032, 0.048, 0.053, 0.054, 0.055, 0.053, 0.064, 0.065, 0.049, 0.046, 0.053, 0.06, 0.052, 0.041, 0.061, 0.055, 0.069, 0.044, 0.054, 0.056, 0.049, 0.042, 0.054, 0.047, 0.052, 0.052, 0.041, 0.047, 0.047, 0.052, 0.056, 0.055, 0.06, 0.053, 0.071, 0.055, 0.038, 0.048, 0.083, 0.038, 0.056, 0.074, 0.039, 0.067, 0.067, 0.049, 0.033, 0.058, 0.051, 0.05, 0.058, 0.052, 0.036, 0.051, 0.055, 0.057, 0.064, 0.032, 0.062, 0.048, 0.054, 0.06, 0.044, 0.048, 0.057, 0.046, 0.055, 0.041, 0.064, 0.059, 0.044, 0.063, 0.056, 0.042, 0.059, 0.059, 0.036, 0.027, 0.048, 0.044, 0.058, 0.045, 0.046, 0.07, 0.064, 0.036, 0.065, 0.067, 0.05, 0.048, 0.033, 0.038, 0.051, 0.047, 0.048, 0.055, 0.069, 0.046, 0.046, 0.05, 0.049]"
-9.0,7.5,0.5,3.0,0.0826,-2.5666,0.0054,"[0.105, 0.097, 0.078, 0.075, 0.07, 0.081, 0.064, 0.102, 0.074, 0.08, 0.082, 0.067, 0.089, 0.084, 0.077, 0.083, 0.079, 0.079, 0.073, 0.081, 0.084, 0.071, 0.082, 0.06, 0.092, 0.067, 0.062, 0.075, 0.082, 0.077, 0.088, 0.077, 0.078, 0.078, 0.097, 0.076, 0.105, 0.1, 0.068, 0.089, 0.074, 0.081, 0.064, 0.079, 0.108, 0.072, 0.088, 0.081, 0.075, 0.092, 0.076, 0.08, 0.083, 0.092, 0.076, 0.103, 0.062, 0.074, 0.093, 0.075, 0.082, 0.071, 0.066, 0.075, 0.088, 0.074, 0.079, 0.075, 0.087, 0.064, 0.079, 0.077, 0.071, 0.092, 0.063, 0.084, 0.085, 0.076, 0.1, 0.085, 0.073, 0.086, 0.075, 0.076, 0.091, 0.086, 0.091, 0.055, 0.084, 0.095, 0.069, 0.082, 0.078, 0.088, 0.075, 0.088, 0.077, 0.108, 0.084, 0.103, 0.087, 0.077, 0.081, 0.084, 0.057, 0.09, 0.082, 0.086, 0.087, 0.067, 0.081, 0.08, 0.068, 0.095, 0.099, 0.076, 0.085, 0.08, 0.077, 0.076, 0.068, 0.084, 0.074, 0.086, 0.076, 0.068, 0.073, 0.084, 0.077, 0.071, 0.096, 0.066, 0.093, 0.091, 0.089, 0.088, 0.072, 0.074, 0.099, 0.091, 0.085, 0.074, 0.071, 0.068, 0.073, 0.077, 0.082, 0.092, 0.101, 0.095, 0.067, 0.073, 0.071, 0.091, 0.088, 0.075, 0.079, 0.083, 0.086, 0.093]"
-9.0,7.5,1.0,0.0,0.0518,-3.0116,0.0055,"[0.05, 0.056, 0.05, 0.064, 0.065, 0.05, 0.073, 0.054, 0.056, 0.066, 0.072, 0.064, 0.055, 0.048, 0.055, 0.058, 0.056, 0.05, 0.044, 0.054, 0.045, 0.035, 0.043, 0.047, 0.044, 0.054, 0.039, 0.04, 0.064, 0.061, 0.054, 0.065, 0.044, 0.059, 0.049, 0.066, 0.053, 0.042, 0.065, 0.047, 0.039, 0.066, 0.057, 0.042, 0.05, 0.05, 0.042, 0.043, 0.05, 0.061, 0.059, 0.046, 0.059, 0.066, 0.042, 0.058, 0.051, 0.048, 0.051, 0.059, 0.038, 0.051, 0.047, 0.051, 0.049, 0.044, 0.07, 0.025, 0.057, 0.057, 0.052, 0.054, 0.057, 0.046, 0.047, 0.048, 0.056, 0.056, 0.041, 0.05, 0.045, 0.042, 0.046, 0.04, 0.033, 0.052, 0.061, 0.048, 0.06, 0.059, 0.042, 0.043, 0.037, 0.054, 0.056, 0.051, 0.043, 0.05, 0.058, 0.057, 0.056, 0.054, 0.063, 0.041, 0.045, 0.042, 0.047, 0.066, 0.043, 0.044, 0.034, 0.057, 0.051, 0.065, 0.065, 0.04, 0.05, 0.064, 0.043, 0.061, 0.026, 0.05, 0.045, 0.061, 0.047, 0.059, 0.056, 0.043, 0.06, 0.056, 0.036, 0.056, 0.046, 0.055, 0.053, 0.061, 0.06, 0.043, 0.046, 0.048, 0.061, 0.047, 0.054, 0.06, 0.051, 0.068, 0.045, 0.056, 0.055, 0.052, 0.029, 0.048, 0.033, 0.046, 0.05, 0.074, 0.058, 0.04, 0.053, 0.055]"
-9.0,7.5,1.0,3.0,0.0622,-2.5434,0.0153,"[0.068, 0.067, 0.071, 0.073, 0.073, 0.066, 0.063, 0.072, 0.056, 0.04, 0.047, 0.046, 0.07, 0.066, 0.073, 0.07, 0.075, 0.076, 0.074, 0.074, 0.081, 0.085, 0.065, 0.08, 0.059, 0.059, 0.081, 0.066, 0.048, 0.053, 0.057, 0.053, 0.07, 0.056, 0.062, 0.059, 0.051, 0.051, 0.074, 0.068, 0.033, 0.058, 0.074, 0.07, 0.086, 0.062, 0.068, 0.056, 0.049, 0.068, 0.061, 0.091, 0.059, 0.06, 0.065, 0.074, 0.073, 0.048, 0.078, 0.063, 0.038, 0.065, 0.054, 0.076, 0.068, 0.075, 0.077, 0.06, 0.067, 0.076, 0.067, 0.056, 0.079, 0.065, 0.057, 0.084, 0.046, 0.058, 0.059, 0.073, 0.061, 0.058, 0.075, 0.072, 0.062, 0.067, 0.053, 0.062, 0.064, 0.052, 0.048, 0.061, 0.075, 0.07, 0.059, 0.091, 0.054, 0.07, 0.059, 0.077, 0.063, 0.062, 0.074, 0.063, 0.072, 0.064, 0.038, 0.086, 0.07, 0.062, 0.078, 0.055, 0.056, 0.05, 0.063, 0.058, 0.062, 0.05, 0.058, 0.069, 0.078, 0.065, 0.06, 0.071, 0.076, 0.076, 0.07, 0.057, 0.064, 0.067, 0.04, 0.065, 0.082, 0.058, 0.046, 0.058, 0.058, 0.076, 0.091, 0.066, 0.056, 0.053, 0.075, 0.072, 0.076, 0.059, 0.081, 0.066, 0.057, 0.044, 0.059, 0.059, 0.054, 0.069, 0.058, 0.055, 0.055, 0.05, 0.059, 0.059]"
-9.0,7.5,2.0,0.0,0.0294,-3.0039,0.0117,"[0.06, 0.035, 0.059, 0.061, 0.058, 0.046, 0.065, 0.041, 0.061, 0.061, 0.055, 0.032, 0.052, 0.059, 0.051, 0.05, 0.047, 0.045, 0.049, 0.062, 0.043, 0.054, 0.023, 0.045, 0.058, 0.06, 0.039, 0.053, 0.058, 0.042, 0.034, 0.037, 0.034, 0.057, 0.051, 0.046, 0.041, 0.061, 0.048, 0.053, 0.041, 0.038, 0.06, 0.051, 0.052, 0.053, 0.06, 0.062, 0.039, 0.048, 0.04, 0.052, 0.046, 0.047, 0.048, 0.047, 0.075, 0.031, 0.049, 0.035, 0.052, 0.036, 0.05, 0.043, 0.061, 0.035, 0.037, 0.039, 0.054, 0.052, 0.047, 0.057, 0.028, 0.048, 0.05, 0.052, 0.051, 0.053, 0.055, 0.07, 0.057, 0.035, 0.059, 0.049, 0.045, 0.036, 0.047, 0.052, 0.058, 0.039, 0.046, 0.045, 0.045, 0.035, 0.04, 0.047, 0.057, 0.048, 0.038, 0.048, 0.038, 0.058, 0.065, 0.051, 0.057, 0.043, 0.053, 0.05, 0.06, 0.044, 0.049, 0.039, 0.056, 0.043, 0.047, 0.041, 0.048, 0.057, 0.053, 0.063, 0.043, 0.05, 0.061, 0.04, 0.062, 0.065, 0.039, 0.074, 0.047, 0.033, 0.039, 0.048, 0.046, 0.042, 0.037, 0.036, 0.066, 0.053, 0.06, 0.041, 0.046, 0.04, 0.045, 0.061, 0.046, 0.049, 0.043, 0.058, 0.044, 0.063, 0.046, 0.075, 0.062, 0.05, 0.051, 0.064, 0.054, 0.056, 0.072, 0.052]"
-9.0,7.5,2.0,3.0,0.0529,-2.6153,0.0196,"[0.06, 0.046, 0.056, 0.072, 0.043, 0.04, 0.049, 0.069, 0.037, 0.059, 0.062, 0.057, 0.043, 0.059, 0.046, 0.059, 0.048, 0.061, 0.057, 0.045, 0.063, 0.056, 0.06, 0.059, 0.067, 0.063, 0.061, 0.038, 0.053, 0.031, 0.042, 0.068, 0.051, 0.068, 0.048, 0.055, 0.058, 0.072, 0.066, 0.051, 0.051, 0.058, 0.08, 0.057, 0.048, 0.049, 0.054, 0.059, 0.047, 0.066, 0.05, 0.069, 0.059, 0.053, 0.028, 0.053, 0.057, 0.057, 0.062, 0.053, 0.063, 0.047, 0.067, 0.067, 0.06, 0.064, 0.054, 0.055, 0.054, 0.07, 0.059, 0.049, 0.056, 0.052, 0.059, 0.055, 0.043, 0.046, 0.053, 0.071, 0.038, 0.061, 0.073, 0.067, 0.057, 0.055, 0.064, 0.072, 0.064, 0.059, 0.069, 0.059, 0.058, 0.064, 0.051, 0.087, 0.059, 0.055, 0.066, 0.068, 0.05, 0.04, 0.054, 0.06, 0.05, 0.057, 0.056, 0.041, 0.064, 0.066, 0.059, 0.061, 0.051, 0.056, 0.064, 0.044, 0.047, 0.043, 0.074, 0.055, 0.072, 0.057, 0.075, 0.07, 0.05, 0.058, 0.047, 0.064, 0.068, 0.076, 0.071, 0.062, 0.061, 0.055, 0.076, 0.049, 0.047, 0.046, 0.068, 0.067, 0.062, 0.06, 0.045, 0.06, 0.07, 0.046, 0.045, 0.06, 0.065, 0.065, 0.069, 0.059, 0.041, 0.062, 0.069, 0.051, 0.056, 0.036, 0.055, 0.073]"
-9.0,10.0,0.5,0.0,0.0463,-2.8942,0.003,"[0.059, 0.058, 0.055, 0.046, 0.051, 0.07, 0.046, 0.067, 0.057, 0.057, 0.036, 0.057, 0.053, 0.037, 0.054, 0.049, 0.056, 0.045, 0.043, 0.054, 0.049, 0.05, 0.041, 0.053, 0.06, 0.056, 0.049, 0.037, 0.045, 0.046, 0.062, 0.061, 0.056, 0.05, 0.066, 0.059, 0.032, 0.069, 0.052, 0.063, 0.058, 0.04, 0.048, 0.034, 0.045, 0.055, 0.054, 0.046, 0.051, 0.054, 0.06, 0.047, 0.052, 0.041, 0.041, 0.064, 0.068, 0.055, 0.05, 0.048, 0.065, 0.014, 0.076, 0.054, 0.028, 0.078, 0.029, 0.031, 0.044, 0.052, 0.065, 0.05, 0.045, 0.05, 0.05, 0.068, 0.064, 0.047, 0.05, 0.035, 0.059, 0.053, 0.057, 0.059, 0.069, 0.049, 0.054, 0.069, 0.051, 0.052, 0.08, 0.053, 0.071, 0.048, 0.049, 0.033, 0.059, 0.06, 0.054, 0.058, 0.062, 0.038, 0.054, 0.07, 0.05, 0.039, 0.064, 0.055, 0.053, 0.049, 0.062, 0.048, 0.068, 0.054, 0.063, 0.062, 0.041, 0.058, 0.05, 0.06, 0.053, 0.034, 0.061, 0.031, 0.055, 0.072, 0.067, 0.057, 0.048, 0.053, 0.064, 0.045, 0.057, 0.045, 0.05, 0.048, 0.057, 0.059, 0.075, 0.052, 0.056, 0.065, 0.053, 0.054, 0.059, 0.046, 0.055, 0.045, 0.05, 0.075, 0.052, 0.055, 0.027, 0.058, 0.073, 0.045, 0.064, 0.047, 0.037, 0.049]"
-9.0,10.0,0.5,3.0,0.1055,-2.4245,0.0002,"[0.1, 0.116, 0.122, 0.117, 0.112, 0.11, 0.116, 0.105, 0.119, 0.098, 0.093, 0.117, 0.1, 0.103, 0.1, 0.116, 0.102, 0.124, 0.118, 0.113, 0.126, 0.101, 0.112, 0.087, 0.105, 0.097, 0.119, 0.123, 0.108, 0.133, 0.102, 0.099, 0.105, 0.114, 0.12, 0.118, 0.107, 0.122, 0.105, 0.139, 0.121, 0.09, 0.106, 0.103, 0.132, 0.101, 0.088, 0.121, 0.082, 0.107, 0.119, 0.107, 0.125, 0.114, 0.101, 0.113, 0.128, 0.113, 0.116, 0.115, 0.103, 0.094, 0.114, 0.125, 0.117, 0.097, 0.115, 0.12, 0.122, 0.117, 0.113, 0.104, 0.109, 0.121, 0.102, 0.102, 0.118, 0.114, 0.125, 0.12, 0.105, 0.126, 0.114, 0.118, 0.107, 0.116, 0.105, 0.089, 0.129, 0.102, 0.105, 0.104, 0.129, 0.116, 0.117, 0.12, 0.118, 0.113, 0.113, 0.126, 0.099, 0.102, 0.117, 0.114, 0.107, 0.134, 0.099, 0.111, 0.113, 0.107, 0.104, 0.108, 0.127, 0.107, 0.115, 0.105, 0.118, 0.121, 0.109, 0.117, 0.109, 0.111, 0.115, 0.114, 0.113, 0.096, 0.098, 0.093, 0.096, 0.115, 0.107, 0.104, 0.128, 0.122, 0.094, 0.102, 0.101, 0.111, 0.097, 0.104, 0.115, 0.109, 0.097, 0.111, 0.112, 0.113, 0.096, 0.12, 0.105, 0.099, 0.111, 0.117, 0.116, 0.123, 0.104, 0.094, 0.107, 0.082, 0.102, 0.107]"
-9.0,10.0,1.0,0.0,0.0616,-2.8875,0.0024,"[0.056, 0.054, 0.037, 0.058, 0.046, 0.054, 0.056, 0.044, 0.045, 0.052, 0.047, 0.069, 0.052, 0.04, 0.072, 0.055, 0.051, 0.067, 0.055, 0.051, 0.036, 0.029, 0.064, 0.055, 0.05, 0.05, 0.055, 0.058, 0.044, 0.054, 0.057, 0.047, 0.029, 0.044, 0.039, 0.063, 0.042, 0.042, 0.045, 0.06, 0.06, 0.044, 0.047, 0.05, 0.065, 0.031, 0.037, 0.076, 0.063, 0.037, 0.083, 0.058, 0.053, 0.066, 0.043, 0.047, 0.052, 0.057, 0.055, 0.054, 0.048, 0.055, 0.054, 0.051, 0.049, 0.046, 0.037, 0.066, 0.059, 0.062, 0.04, 0.047, 0.051, 0.055, 0.044, 0.069, 0.06, 0.053, 0.055, 0.049, 0.045, 0.027, 0.06, 0.052, 0.063, 0.057, 0.051, 0.052, 0.044, 0.04, 0.042, 0.042, 0.05, 0.059, 0.058, 0.036, 0.06, 0.053, 0.059, 0.057, 0.035, 0.054, 0.066, 0.04, 0.042, 0.032, 0.047, 0.037, 0.043, 0.054, 0.06, 0.032, 0.047, 0.049, 0.05, 0.06, 0.06, 0.06, 0.054, 0.049, 0.046, 0.058, 0.043, 0.043, 0.057, 0.059, 0.052, 0.058, 0.049, 0.05, 0.055, 0.044, 0.059, 0.049, 0.05, 0.052, 0.06, 0.03, 0.039, 0.062, 0.056, 0.047, 0.052, 0.058, 0.067, 0.047, 0.065, 0.057, 0.042, 0.045, 0.064, 0.066, 0.051, 0.063, 0.055, 0.051, 0.053, 0.038, 0.049, 0.046]"
-9.0,10.0,1.0,3.0,0.0791,-2.5475,0.01,"[0.091, 0.065, 0.071, 0.093, 0.087, 0.064, 0.082, 0.068, 0.076, 0.085, 0.08, 0.08, 0.072, 0.092, 0.085, 0.072, 0.081, 0.077, 0.075, 0.082, 0.097, 0.072, 0.086, 0.089, 0.085, 0.089, 0.08, 0.085, 0.081, 0.067, 0.07, 0.091, 0.076, 0.077, 0.088, 0.079, 0.087, 0.079, 0.07, 0.09, 0.072, 0.093, 0.086, 0.075, 0.086, 0.076, 0.073, 0.082, 0.088, 0.083, 0.073, 0.067, 0.078, 0.069, 0.079, 0.08, 0.087, 0.087, 0.09, 0.08, 0.076, 0.085, 0.084, 0.084, 0.099, 0.087, 0.092, 0.069, 0.07, 0.072, 0.08, 0.079, 0.083, 0.097, 0.079, 0.085, 0.081, 0.091, 0.087, 0.08, 0.09, 0.086, 0.089, 0.081, 0.087, 0.078, 0.07, 0.076, 0.086, 0.086, 0.073, 0.094, 0.07, 0.082, 0.076, 0.082, 0.068, 0.064, 0.074, 0.087, 0.082, 0.067, 0.09, 0.082, 0.088, 0.077, 0.062, 0.095, 0.078, 0.09, 0.076, 0.081, 0.064, 0.072, 0.095, 0.089, 0.092, 0.085, 0.083, 0.09, 0.089, 0.083, 0.081, 0.09, 0.07, 0.077, 0.066, 0.071, 0.082, 0.088, 0.098, 0.079, 0.076, 0.079, 0.083, 0.098, 0.08, 0.069, 0.084, 0.081, 0.08, 0.078, 0.101, 0.075, 0.065, 0.074, 0.075, 0.068, 0.078, 0.096, 0.067, 0.066, 0.088, 0.078, 0.076, 0.091, 0.075, 0.065, 0.088, 0.08]"
-9.0,10.0,2.0,0.0,0.0563,-2.8191,0.0049,"[0.049, 0.04, 0.06, 0.05, 0.048, 0.061, 0.045, 0.055, 0.051, 0.059, 0.055, 0.057, 0.046, 0.045, 0.05, 0.057, 0.055, 0.059, 0.042, 0.037, 0.046, 0.044, 0.041, 0.049, 0.038, 0.045, 0.041, 0.039, 0.038, 0.041, 0.056, 0.048, 0.052, 0.049, 0.057, 0.056, 0.056, 0.049, 0.05, 0.039, 0.044, 0.058, 0.045, 0.048, 0.057, 0.053, 0.051, 0.048, 0.059, 0.044, 0.054, 0.048, 0.056, 0.057, 0.052, 0.061, 0.058, 0.048, 0.053, 0.053, 0.06, 0.036, 0.061, 0.035, 0.055, 0.055, 0.049, 0.057, 0.039, 0.043, 0.04, 0.044, 0.061, 0.063, 0.05, 0.053, 0.07, 0.047, 0.044, 0.06, 0.046, 0.041, 0.059, 0.064, 0.046, 0.05, 0.06, 0.043, 0.06, 0.065, 0.038, 0.037, 0.035, 0.046, 0.038, 0.062, 0.041, 0.047, 0.054, 0.043, 0.051, 0.057, 0.082, 0.055, 0.035, 0.058, 0.054, 0.056, 0.05, 0.06, 0.048, 0.054, 0.053, 0.052, 0.048, 0.062, 0.065, 0.07, 0.052, 0.053, 0.054, 0.043, 0.06, 0.048, 0.057, 0.039, 0.056, 0.064, 0.044, 0.047, 0.046, 0.046, 0.064, 0.052, 0.042, 0.043, 0.031, 0.044, 0.039, 0.039, 0.047, 0.04, 0.05, 0.055, 0.054, 0.053, 0.026, 0.046, 0.064, 0.072, 0.059, 0.051, 0.042, 0.063, 0.049, 0.048, 0.062, 0.02, 0.05, 0.036]"
-9.0,10.0,2.0,3.0,0.069,-2.4993,0.0128,"[0.085, 0.067, 0.08, 0.049, 0.067, 0.052, 0.069, 0.062, 0.063, 0.063, 0.076, 0.067, 0.067, 0.065, 0.072, 0.063, 0.054, 0.075, 0.061, 0.068, 0.073, 0.054, 0.057, 0.051, 0.062, 0.076, 0.065, 0.079, 0.068, 0.059, 0.058, 0.081, 0.073, 0.063, 0.066, 0.061, 0.04, 0.066, 0.053, 0.061, 0.052, 0.063, 0.055, 0.066, 0.072, 0.068, 0.05, 0.048, 0.052, 0.075, 0.087, 0.058, 0.055, 0.079, 0.061, 0.064, 0.067, 0.058, 0.057, 0.064, 0.061, 0.047, 0.056, 0.064, 0.06, 0.07, 0.057, 0.083, 0.066, 0.066, 0.06, 0.062, 0.046, 0.065, 0.085, 0.074, 0.049, 0.068, 0.07, 0.08, 0.057, 0.088, 0.066, 0.057, 0.049, 0.064, 0.067, 0.054, 0.071, 0.07, 0.065, 0.057, 0.065, 0.084, 0.056, 0.048, 0.061, 0.057, 0.047, 0.069, 0.052, 0.051, 0.073, 0.079, 0.091, 0.05, 0.069, 0.051, 0.066, 0.064, 0.044, 0.07, 0.065, 0.071, 0.052, 0.086, 0.068, 0.068, 0.079, 0.065, 0.056, 0.076, 0.064, 0.075, 0.064, 0.087, 0.065, 0.059, 0.068, 0.06, 0.056, 0.078, 0.052, 0.075, 0.081, 0.062, 0.068, 0.057, 0.076, 0.052, 0.075, 0.065, 0.056, 0.058, 0.07, 0.053, 0.07, 0.067, 0.061, 0.07, 0.057, 0.062, 0.061, 0.052, 0.061, 0.049, 0.059, 0.048, 0.055, 0.056]"
-9.0,12.5,0.5,0.0,0.0375,-2.7678,0.0121,"[0.053, 0.075, 0.04, 0.063, 0.06, 0.077, 0.059, 0.057, 0.057, 0.056, 0.063, 0.051, 0.087, 0.065, 0.055, 0.054, 0.056, 0.056, 0.063, 0.059, 0.071, 0.047, 0.056, 0.047, 0.052, 0.051, 0.064, 0.05, 0.071, 0.071, 0.064, 0.045, 0.071, 0.052, 0.053, 0.062, 0.048, 0.069, 0.065, 0.086, 0.06, 0.055, 0.077, 0.038, 0.059, 0.055, 0.069, 0.088, 0.05, 0.068, 0.071, 0.07, 0.059, 0.064, 0.047, 0.074, 0.046, 0.047, 0.054, 0.051, 0.061, 0.053, 0.048, 0.045, 0.069, 0.062, 0.044, 0.063, 0.053, 0.041, 0.044, 0.067, 0.07, 0.064, 0.049, 0.062, 0.062, 0.032, 0.062, 0.059, 0.08, 0.077, 0.056, 0.061, 0.058, 0.052, 0.043, 0.05, 0.052, 0.069, 0.059, 0.051, 0.049, 0.061, 0.054, 0.046, 0.047, 0.074, 0.055, 0.068, 0.039, 0.068, 0.064, 0.066, 0.041, 0.057, 0.048, 0.045, 0.038, 0.046, 0.045, 0.065, 0.051, 0.055, 0.069, 0.057, 0.049, 0.059, 0.049, 0.039, 0.06, 0.063, 0.055, 0.055, 0.052, 0.072, 0.06, 0.055, 0.066, 0.067, 0.061, 0.066, 0.062, 0.057, 0.067, 0.047, 0.047, 0.062, 0.05, 0.065, 0.059, 0.077, 0.047, 0.066, 0.052, 0.06, 0.064, 0.061, 0.062, 0.061, 0.054, 0.065, 0.066, 0.053, 0.049, 0.059, 0.059, 0.041, 0.059, 0.049]"
-9.0,12.5,0.5,3.0,0.1902,-2.2847,0.5793,"[0.184, 0.191, 0.197, 0.219, 0.226, 0.217, 0.245, 0.237, 0.26, 0.253, 0.249, 0.27, 0.263, 0.28, 0.282, 0.25, 0.264, 0.266, 0.255, 0.249, 0.242, 0.215, 0.237, 0.217, 0.193, 0.181, 0.186, 0.168, 0.158, 0.148, 0.134, 0.103, 0.108, 0.109, 0.102, 0.084, 0.083, 0.091, 0.09, 0.077, 0.083, 0.078, 0.084, 0.081, 0.08, 0.111, 0.117, 0.108, 0.121, 0.129, 0.138, 0.149, 0.172, 0.161, 0.177, 0.204, 0.207, 0.229, 0.227, 0.239, 0.242, 0.265, 0.266, 0.251, 0.272, 0.279, 0.269, 0.276, 0.28, 0.263, 0.263, 0.25, 0.253, 0.23, 0.238, 0.237, 0.202, 0.214, 0.189, 0.171, 0.164, 0.155, 0.14, 0.144, 0.12, 0.116, 0.125, 0.095, 0.085, 0.08, 0.091, 0.076, 0.077, 0.067, 0.073, 0.088, 0.067, 0.069, 0.088, 0.096, 0.106, 0.115, 0.127, 0.134, 0.163, 0.169, 0.171, 0.193, 0.169, 0.209, 0.225, 0.221, 0.241, 0.238, 0.255, 0.244, 0.271, 0.266, 0.271, 0.269, 0.28, 0.27, 0.274, 0.255, 0.26, 0.264, 0.256, 0.206, 0.223, 0.197, 0.197, 0.184, 0.184, 0.165, 0.147, 0.149, 0.122, 0.115, 0.109, 0.102, 0.098, 0.091, 0.077, 0.082, 0.077, 0.075, 0.059, 0.08, 0.083, 0.089, 0.088, 0.103, 0.104, 0.104, 0.116, 0.121, 0.128, 0.156, 0.157, 0.178]"
-9.0,12.5,1.0,0.0,0.0589,-2.7746,0.003,"[0.048, 0.059, 0.058, 0.067, 0.05, 0.041, 0.044, 0.065, 0.055, 0.062, 0.05, 0.046, 0.06, 0.04, 0.058, 0.07, 0.031, 0.044, 0.053, 0.049, 0.052, 0.076, 0.047, 0.051, 0.044, 0.039, 0.058, 0.037, 0.04, 0.054, 0.059, 0.045, 0.046, 0.037, 0.058, 0.054, 0.053, 0.04, 0.061, 0.048, 0.062, 0.047, 0.057, 0.046, 0.063, 0.041, 0.056, 0.041, 0.049, 0.06, 0.042, 0.058, 0.061, 0.033, 0.058, 0.065, 0.046, 0.045, 0.037, 0.044, 0.064, 0.049, 0.058, 0.047, 0.052, 0.066, 0.067, 0.055, 0.051, 0.045, 0.061, 0.052, 0.066, 0.037, 0.049, 0.052, 0.058, 0.04, 0.052, 0.063, 0.056, 0.057, 0.045, 0.051, 0.043, 0.063, 0.058, 0.055, 0.055, 0.065, 0.073, 0.054, 0.054, 0.057, 0.068, 0.061, 0.057, 0.061, 0.057, 0.039, 0.064, 0.045, 0.052, 0.046, 0.051, 0.056, 0.067, 0.049, 0.068, 0.037, 0.041, 0.045, 0.061, 0.044, 0.041, 0.071, 0.052, 0.068, 0.064, 0.061, 0.066, 0.051, 0.042, 0.059, 0.05, 0.059, 0.062, 0.045, 0.047, 0.052, 0.066, 0.045, 0.072, 0.037, 0.07, 0.056, 0.059, 0.059, 0.03, 0.05, 0.052, 0.065, 0.052, 0.068, 0.071, 0.059, 0.055, 0.043, 0.06, 0.05, 0.067, 0.039, 0.047, 0.063, 0.071, 0.061, 0.066, 0.055, 0.071, 0.056]"
-9.0,12.5,1.0,3.0,0.1136,-2.2976,0.7666,"[0.116, 0.124, 0.135, 0.118, 0.141, 0.153, 0.151, 0.164, 0.186, 0.188, 0.198, 0.201, 0.204, 0.195, 0.208, 0.187, 0.203, 0.196, 0.188, 0.176, 0.163, 0.162, 0.138, 0.155, 0.131, 0.122, 0.098, 0.096, 0.123, 0.08, 0.088, 0.056, 0.047, 0.052, 0.047, 0.034, 0.035, 0.024, 0.041, 0.048, 0.038, 0.014, 0.035, 0.028, 0.032, 0.05, 0.05, 0.057, 0.065, 0.064, 0.071, 0.088, 0.099, 0.115, 0.129, 0.129, 0.142, 0.158, 0.155, 0.17, 0.175, 0.175, 0.171, 0.179, 0.202, 0.177, 0.212, 0.187, 0.175, 0.184, 0.164, 0.164, 0.177, 0.153, 0.146, 0.154, 0.145, 0.14, 0.128, 0.115, 0.111, 0.105, 0.087, 0.082, 0.042, 0.056, 0.067, 0.04, 0.045, 0.038, 0.025, 0.033, 0.023, 0.022, 0.023, 0.021, 0.023, 0.033, 0.043, 0.045, 0.052, 0.09, 0.08, 0.065, 0.094, 0.104, 0.146, 0.124, 0.151, 0.136, 0.141, 0.146, 0.174, 0.163, 0.172, 0.189, 0.185, 0.193, 0.181, 0.17, 0.207, 0.204, 0.187, 0.187, 0.172, 0.173, 0.193, 0.179, 0.156, 0.125, 0.14, 0.123, 0.112, 0.106, 0.115, 0.088, 0.087, 0.072, 0.064, 0.059, 0.042, 0.027, 0.051, 0.016, 0.032, 0.046, 0.031, 0.034, 0.036, 0.045, 0.051, 0.029, 0.062, 0.056, 0.056, 0.062, 0.084, 0.086, 0.102, 0.111]"
-9.0,12.5,2.0,0.0,0.0729,-2.7109,0.0379,"[0.063, 0.067, 0.049, 0.045, 0.052, 0.048, 0.04, 0.05, 0.06, 0.065, 0.052, 0.064, 0.053, 0.029, 0.04, 0.057, 0.035, 0.04, 0.038, 0.051, 0.055, 0.035, 0.06, 0.052, 0.039, 0.052, 0.044, 0.044, 0.039, 0.051, 0.049, 0.048, 0.049, 0.053, 0.048, 0.03, 0.05, 0.041, 0.061, 0.054, 0.06, 0.045, 0.059, 0.039, 0.05, 0.041, 0.056, 0.068, 0.054, 0.036, 0.044, 0.082, 0.06, 0.044, 0.061, 0.053, 0.078, 0.053, 0.05, 0.052, 0.049, 0.046, 0.042, 0.048, 0.061, 0.051, 0.047, 0.04, 0.06, 0.069, 0.045, 0.047, 0.044, 0.061, 0.063, 0.054, 0.04, 0.056, 0.054, 0.055, 0.041, 0.04, 0.035, 0.063, 0.063, 0.035, 0.043, 0.043, 0.059, 0.051, 0.066, 0.047, 0.037, 0.043, 0.041, 0.061, 0.069, 0.055, 0.043, 0.053, 0.034, 0.049, 0.034, 0.056, 0.05, 0.06, 0.059, 0.046, 0.062, 0.04, 0.079, 0.039, 0.06, 0.065, 0.055, 0.043, 0.045, 0.043, 0.053, 0.061, 0.058, 0.054, 0.039, 0.07, 0.051, 0.049, 0.055, 0.036, 0.052, 0.05, 0.05, 0.064, 0.039, 0.051, 0.045, 0.049, 0.059, 0.05, 0.048, 0.027, 0.058, 0.034, 0.046, 0.042, 0.027, 0.052, 0.046, 0.055, 0.056, 0.056, 0.055, 0.055, 0.06, 0.054, 0.053, 0.049, 0.054, 0.056, 0.056, 0.05]"
-9.0,12.5,2.0,3.0,0.0821,-2.3926,0.8708,"[0.08, 0.105, 0.088, 0.092, 0.139, 0.114, 0.106, 0.124, 0.133, 0.15, 0.145, 0.134, 0.12, 0.155, 0.15, 0.161, 0.14, 0.141, 0.134, 0.128, 0.133, 0.118, 0.099, 0.122, 0.103, 0.099, 0.098, 0.074, 0.066, 0.049, 0.061, 0.029, 0.04, 0.037, 0.013, 0.034, 0.0, 0.001, 0.012, 0.018, 0.0, 0.019, 0.021, 0.012, 0.021, 0.035, 0.044, 0.03, 0.033, 0.047, 0.045, 0.076, 0.077, 0.08, 0.1, 0.104, 0.114, 0.118, 0.134, 0.112, 0.137, 0.153, 0.138, 0.139, 0.144, 0.149, 0.161, 0.15, 0.16, 0.151, 0.153, 0.14, 0.132, 0.116, 0.098, 0.112, 0.083, 0.1, 0.099, 0.085, 0.048, 0.064, 0.065, 0.065, 0.05, 0.038, 0.036, 0.044, 0.021, 0.002, 0.009, 0.004, 0.0, 0.003, 0.039, 0.003, 0.01, 0.047, 0.029, 0.032, 0.04, 0.043, 0.043, 0.059, 0.069, 0.055, 0.075, 0.071, 0.087, 0.109, 0.108, 0.117, 0.098, 0.118, 0.125, 0.124, 0.147, 0.148, 0.157, 0.163, 0.164, 0.152, 0.148, 0.146, 0.129, 0.137, 0.124, 0.11, 0.098, 0.084, 0.098, 0.086, 0.077, 0.065, 0.062, 0.049, 0.053, 0.052, 0.033, 0.043, 0.018, 0.002, 0.031, 0.0, 0.006, 0.019, 0.023, 0.01, 0.007, 0.037, 0.028, 0.034, 0.034, 0.041, 0.044, 0.047, 0.038, 0.051, 0.079, 0.092]"
-9.0,15.0,0.5,0.0,0.076,-2.6887,0.009,"[0.068, 0.045, 0.079, 0.073, 0.053, 0.063, 0.061, 0.077, 0.058, 0.052, 0.063, 0.054, 0.074, 0.063, 0.052, 0.057, 0.059, 0.061, 0.047, 0.052, 0.067, 0.077, 0.059, 0.065, 0.087, 0.066, 0.044, 0.069, 0.066, 0.059, 0.052, 0.072, 0.037, 0.06, 0.06, 0.057, 0.063, 0.051, 0.069, 0.093, 0.055, 0.068, 0.065, 0.066, 0.059, 0.064, 0.066, 0.072, 0.071, 0.077, 0.057, 0.066, 0.062, 0.073, 0.048, 0.075, 0.067, 0.076, 0.064, 0.062, 0.057, 0.06, 0.044, 0.062, 0.059, 0.065, 0.057, 0.067, 0.063, 0.046, 0.064, 0.072, 0.073, 0.055, 0.049, 0.075, 0.068, 0.054, 0.056, 0.064, 0.073, 0.061, 0.049, 0.045, 0.056, 0.056, 0.053, 0.078, 0.048, 0.057, 0.085, 0.056, 0.064, 0.078, 0.063, 0.068, 0.057, 0.055, 0.048, 0.062, 0.068, 0.083, 0.059, 0.076, 0.073, 0.057, 0.064, 0.064, 0.05, 0.061, 0.056, 0.062, 0.062, 0.063, 0.058, 0.053, 0.046, 0.073, 0.064, 0.074, 0.062, 0.064, 0.061, 0.06, 0.066, 0.061, 0.074, 0.078, 0.077, 0.079, 0.053, 0.076, 0.065, 0.065, 0.057, 0.06, 0.042, 0.07, 0.062, 0.059, 0.077, 0.064, 0.055, 0.064, 0.081, 0.063, 0.072, 0.057, 0.069, 0.066, 0.064, 0.059, 0.061, 0.045, 0.048, 0.048, 0.049, 0.061, 0.059, 0.053]"
-9.0,15.0,0.5,3.0,0.2697,-2.3247,1.0212,"[0.267, 0.322, 0.363, 0.391, 0.415, 0.446, 0.48, 0.501, 0.532, 0.529, 0.561, 0.563, 0.566, 0.562, 0.57, 0.541, 0.525, 0.519, 0.49, 0.475, 0.463, 0.415, 0.384, 0.363, 0.316, 0.287, 0.238, 0.206, 0.166, 0.145, 0.116, 0.091, 0.065, 0.039, 0.029, 0.026, 0.005, 0.0, 0.0, 0.009, 0.008, 0.026, 0.044, 0.075, 0.112, 0.11, 0.166, 0.198, 0.225, 0.256, 0.301, 0.329, 0.362, 0.379, 0.433, 0.472, 0.47, 0.499, 0.523, 0.54, 0.547, 0.574, 0.584, 0.565, 0.55, 0.547, 0.52, 0.51, 0.495, 0.471, 0.441, 0.399, 0.372, 0.333, 0.31, 0.27, 0.247, 0.199, 0.154, 0.119, 0.104, 0.053, 0.049, 0.029, 0.011, 0.01, 0.0, 0.0, 0.007, 0.006, 0.024, 0.038, 0.061, 0.081, 0.111, 0.151, 0.169, 0.204, 0.234, 0.25, 0.303, 0.353, 0.379, 0.402, 0.442, 0.455, 0.499, 0.509, 0.534, 0.537, 0.559, 0.539, 0.56, 0.554, 0.546, 0.507, 0.519, 0.508, 0.473, 0.46, 0.435, 0.397, 0.364, 0.328, 0.295, 0.248, 0.211, 0.177, 0.159, 0.113, 0.091, 0.064, 0.049, 0.036, 0.022, 0.0, 0.004, 0.0, 0.006, 0.009, 0.017, 0.051, 0.06, 0.099, 0.113, 0.143, 0.169, 0.209, 0.254, 0.279, 0.318, 0.367, 0.373, 0.408, 0.45, 0.458, 0.504, 0.512, 0.533, 0.559]"
-9.0,15.0,1.0,0.0,0.0594,-2.7171,0.0253,"[0.06, 0.065, 0.046, 0.068, 0.057, 0.058, 0.067, 0.04, 0.064, 0.039, 0.041, 0.043, 0.063, 0.064, 0.066, 0.057, 0.053, 0.062, 0.055, 0.059, 0.056, 0.056, 0.077, 0.065, 0.061, 0.052, 0.057, 0.066, 0.058, 0.052, 0.039, 0.052, 0.063, 0.043, 0.07, 0.058, 0.07, 0.055, 0.034, 0.052, 0.049, 0.047, 0.06, 0.047, 0.041, 0.049, 0.064, 0.053, 0.047, 0.052, 0.067, 0.061, 0.062, 0.061, 0.04, 0.055, 0.066, 0.035, 0.037, 0.046, 0.049, 0.057, 0.044, 0.062, 0.079, 0.051, 0.042, 0.052, 0.062, 0.058, 0.064, 0.053, 0.059, 0.082, 0.052, 0.056, 0.06, 0.081, 0.064, 0.057, 0.051, 0.069, 0.055, 0.071, 0.053, 0.049, 0.041, 0.06, 0.037, 0.068, 0.041, 0.037, 0.055, 0.065, 0.054, 0.063, 0.059, 0.063, 0.072, 0.049, 0.058, 0.037, 0.07, 0.053, 0.057, 0.053, 0.05, 0.064, 0.062, 0.051, 0.074, 0.065, 0.073, 0.038, 0.05, 0.066, 0.044, 0.052, 0.046, 0.06, 0.053, 0.046, 0.074, 0.063, 0.062, 0.058, 0.064, 0.061, 0.038, 0.075, 0.074, 0.051, 0.039, 0.045, 0.045, 0.059, 0.052, 0.05, 0.062, 0.055, 0.066, 0.056, 0.073, 0.079, 0.059, 0.053, 0.056, 0.067, 0.065, 0.038, 0.062, 0.053, 0.06, 0.057, 0.053, 0.041, 0.041, 0.055, 0.056, 0.057]"
-9.0,15.0,1.0,3.0,0.1782,-2.1404,1.0128,"[0.176, 0.192, 0.2, 0.236, 0.236, 0.266, 0.283, 0.288, 0.312, 0.304, 0.324, 0.329, 0.321, 0.338, 0.34, 0.323, 0.316, 0.302, 0.292, 0.273, 0.262, 0.241, 0.241, 0.202, 0.174, 0.145, 0.152, 0.136, 0.09, 0.089, 0.07, 0.049, 0.024, 0.028, 0.027, 0.021, 0.007, 0.008, 0.0, 0.01, 0.016, 0.015, 0.03, 0.036, 0.041, 0.079, 0.11, 0.102, 0.132, 0.138, 0.175, 0.187, 0.212, 0.243, 0.255, 0.268, 0.276, 0.306, 0.299, 0.333, 0.327, 0.32, 0.317, 0.328, 0.324, 0.326, 0.302, 0.309, 0.263, 0.274, 0.249, 0.239, 0.23, 0.207, 0.181, 0.17, 0.149, 0.13, 0.089, 0.085, 0.068, 0.045, 0.042, 0.021, 0.0, 0.018, 0.0, 0.0, 0.033, 0.0, 0.019, 0.011, 0.028, 0.039, 0.052, 0.088, 0.12, 0.117, 0.12, 0.148, 0.171, 0.201, 0.216, 0.261, 0.257, 0.283, 0.288, 0.302, 0.31, 0.322, 0.323, 0.332, 0.327, 0.353, 0.33, 0.325, 0.308, 0.283, 0.27, 0.266, 0.249, 0.236, 0.214, 0.187, 0.197, 0.153, 0.125, 0.105, 0.097, 0.069, 0.065, 0.04, 0.024, 0.003, 0.02, 0.0, 0.008, 0.0, 0.011, 0.02, 0.007, 0.016, 0.059, 0.055, 0.074, 0.071, 0.093, 0.125, 0.14, 0.155, 0.189, 0.189, 0.229, 0.236, 0.27, 0.28, 0.299, 0.32, 0.31, 0.314]"
-9.0,15.0,2.0,0.0,0.0417,-2.7443,0.1054,"[0.03, 0.06, 0.046, 0.065, 0.054, 0.053, 0.053, 0.052, 0.045, 0.055, 0.06, 0.074, 0.064, 0.056, 0.055, 0.029, 0.055, 0.06, 0.052, 0.052, 0.032, 0.042, 0.044, 0.048, 0.024, 0.051, 0.052, 0.056, 0.047, 0.059, 0.068, 0.035, 0.037, 0.052, 0.054, 0.036, 0.065, 0.038, 0.045, 0.055, 0.063, 0.039, 0.056, 0.048, 0.035, 0.044, 0.039, 0.058, 0.038, 0.057, 0.054, 0.058, 0.055, 0.047, 0.06, 0.058, 0.052, 0.084, 0.047, 0.064, 0.065, 0.056, 0.062, 0.064, 0.058, 0.053, 0.058, 0.052, 0.071, 0.066, 0.057, 0.048, 0.052, 0.049, 0.053, 0.037, 0.047, 0.041, 0.044, 0.069, 0.047, 0.051, 0.047, 0.055, 0.044, 0.042, 0.041, 0.04, 0.063, 0.052, 0.042, 0.057, 0.06, 0.042, 0.047, 0.051, 0.043, 0.047, 0.048, 0.052, 0.085, 0.046, 0.041, 0.066, 0.058, 0.054, 0.066, 0.046, 0.062, 0.057, 0.059, 0.06, 0.083, 0.054, 0.05, 0.064, 0.069, 0.044, 0.061, 0.045, 0.043, 0.054, 0.048, 0.041, 0.045, 0.048, 0.058, 0.042, 0.052, 0.032, 0.048, 0.057, 0.044, 0.054, 0.029, 0.037, 0.053, 0.054, 0.067, 0.055, 0.06, 0.039, 0.049, 0.036, 0.061, 0.048, 0.056, 0.029, 0.028, 0.071, 0.089, 0.058, 0.071, 0.049, 0.041, 0.074, 0.056, 0.056, 0.075, 0.055]"
-9.0,15.0,2.0,3.0,0.1213,-2.3278,1.0161,"[0.117, 0.119, 0.134, 0.14, 0.155, 0.188, 0.181, 0.184, 0.216, 0.203, 0.209, 0.212, 0.2, 0.212, 0.216, 0.206, 0.215, 0.188, 0.193, 0.176, 0.179, 0.174, 0.158, 0.134, 0.119, 0.105, 0.081, 0.088, 0.045, 0.05, 0.058, 0.016, 0.028, 0.023, 0.003, 0.0, 0.0, 0.0, 0.0, 0.0, 0.016, 0.003, 0.023, 0.018, 0.042, 0.05, 0.07, 0.056, 0.077, 0.108, 0.106, 0.122, 0.144, 0.149, 0.165, 0.174, 0.182, 0.18, 0.197, 0.213, 0.209, 0.22, 0.213, 0.22, 0.207, 0.197, 0.212, 0.185, 0.18, 0.178, 0.148, 0.149, 0.135, 0.126, 0.113, 0.097, 0.086, 0.089, 0.085, 0.055, 0.036, 0.02, 0.013, 0.011, 0.019, 0.0, 0.004, 0.0, 0.01, 0.0, 0.0, 0.007, 0.038, 0.029, 0.051, 0.054, 0.069, 0.072, 0.088, 0.092, 0.106, 0.127, 0.14, 0.154, 0.175, 0.197, 0.178, 0.2, 0.198, 0.192, 0.237, 0.214, 0.212, 0.223, 0.236, 0.21, 0.226, 0.193, 0.194, 0.166, 0.155, 0.154, 0.151, 0.119, 0.12, 0.101, 0.081, 0.078, 0.05, 0.057, 0.034, 0.034, 0.02, 0.012, 0.0, 0.0, 0.0, 0.006, 0.0, 0.0, 0.015, 0.014, 0.023, 0.038, 0.046, 0.075, 0.076, 0.081, 0.097, 0.105, 0.116, 0.143, 0.163, 0.158, 0.177, 0.173, 0.198, 0.19, 0.208, 0.215]"
-9.0,17.5,0.5,0.0,0.0706,-2.5918,0.0098,"[0.091, 0.085, 0.076, 0.09, 0.098, 0.077, 0.094, 0.09, 0.092, 0.088, 0.08, 0.068, 0.075, 0.087, 0.078, 0.061, 0.074, 0.069, 0.082, 0.088, 0.082, 0.065, 0.076, 0.069, 0.078, 0.087, 0.08, 0.079, 0.095, 0.07, 0.09, 0.076, 0.104, 0.082, 0.061, 0.075, 0.066, 0.1, 0.072, 0.091, 0.089, 0.067, 0.064, 0.089, 0.076, 0.079, 0.081, 0.05, 0.079, 0.091, 0.062, 0.088, 0.077, 0.068, 0.083, 0.08, 0.093, 0.074, 0.093, 0.079, 0.084, 0.076, 0.07, 0.089, 0.079, 0.076, 0.089, 0.094, 0.074, 0.096, 0.071, 0.081, 0.088, 0.045, 0.069, 0.075, 0.082, 0.079, 0.054, 0.075, 0.063, 0.073, 0.075, 0.081, 0.074, 0.079, 0.073, 0.082, 0.066, 0.078, 0.067, 0.075, 0.081, 0.07, 0.078, 0.076, 0.1, 0.083, 0.084, 0.071, 0.054, 0.073, 0.063, 0.082, 0.082, 0.082, 0.079, 0.071, 0.072, 0.084, 0.099, 0.082, 0.083, 0.098, 0.079, 0.07, 0.083, 0.096, 0.088, 0.081, 0.06, 0.064, 0.082, 0.075, 0.078, 0.089, 0.066, 0.073, 0.091, 0.066, 0.09, 0.082, 0.078, 0.08, 0.083, 0.085, 0.059, 0.092, 0.082, 0.091, 0.084, 0.101, 0.072, 0.096, 0.071, 0.085, 0.09, 0.08, 0.06, 0.081, 0.075, 0.089, 0.071, 0.074, 0.073, 0.077, 0.081, 0.085, 0.085, 0.067]"
-9.0,17.5,0.5,3.0,0.4536,-2.1167,0.5785,"[0.45, 0.486, 0.541, 0.564, 0.581, 0.625, 0.643, 0.688, 0.682, 0.698, 0.71, 0.708, 0.724, 0.716, 0.711, 0.695, 0.679, 0.672, 0.637, 0.586, 0.576, 0.552, 0.484, 0.46, 0.443, 0.412, 0.37, 0.341, 0.32, 0.274, 0.246, 0.233, 0.221, 0.21, 0.208, 0.214, 0.201, 0.193, 0.209, 0.234, 0.267, 0.282, 0.294, 0.325, 0.361, 0.398, 0.429, 0.458, 0.494, 0.535, 0.571, 0.59, 0.631, 0.671, 0.676, 0.695, 0.692, 0.722, 0.713, 0.73, 0.732, 0.698, 0.684, 0.678, 0.638, 0.626, 0.594, 0.565, 0.513, 0.504, 0.488, 0.424, 0.38, 0.369, 0.321, 0.3, 0.266, 0.236, 0.234, 0.209, 0.189, 0.202, 0.226, 0.211, 0.208, 0.251, 0.219, 0.263, 0.3, 0.299, 0.342, 0.365, 0.402, 0.444, 0.457, 0.5, 0.544, 0.558, 0.602, 0.618, 0.643, 0.688, 0.697, 0.706, 0.712, 0.723, 0.714, 0.705, 0.712, 0.681, 0.681, 0.639, 0.626, 0.592, 0.564, 0.528, 0.498, 0.47, 0.412, 0.401, 0.35, 0.304, 0.3, 0.276, 0.251, 0.224, 0.204, 0.198, 0.2, 0.195, 0.191, 0.208, 0.216, 0.235, 0.27, 0.276, 0.319, 0.341, 0.382, 0.404, 0.446, 0.475, 0.521, 0.533, 0.582, 0.6, 0.633, 0.66, 0.69, 0.682, 0.692, 0.729, 0.716, 0.7, 0.706, 0.694, 0.677, 0.665, 0.622, 0.612]"
-9.0,17.5,1.0,0.0,0.054,-2.5073,0.0843,"[0.074, 0.081, 0.047, 0.07, 0.075, 0.062, 0.068, 0.082, 0.067, 0.082, 0.069, 0.074, 0.079, 0.058, 0.073, 0.064, 0.081, 0.065, 0.065, 0.059, 0.066, 0.072, 0.066, 0.087, 0.06, 0.055, 0.062, 0.066, 0.049, 0.074, 0.058, 0.077, 0.073, 0.066, 0.059, 0.049, 0.053, 0.049, 0.049, 0.063, 0.064, 0.045, 0.057, 0.054, 0.077, 0.042, 0.083, 0.071, 0.04, 0.06, 0.071, 0.061, 0.065, 0.091, 0.065, 0.058, 0.079, 0.056, 0.077, 0.076, 0.088, 0.074, 0.067, 0.069, 0.09, 0.069, 0.065, 0.066, 0.071, 0.062, 0.054, 0.057, 0.055, 0.061, 0.056, 0.06, 0.059, 0.063, 0.051, 0.077, 0.072, 0.065, 0.067, 0.048, 0.054, 0.055, 0.046, 0.057, 0.084, 0.063, 0.078, 0.078, 0.054, 0.065, 0.061, 0.075, 0.071, 0.084, 0.07, 0.076, 0.062, 0.054, 0.076, 0.071, 0.075, 0.084, 0.073, 0.078, 0.08, 0.068, 0.063, 0.088, 0.072, 0.07, 0.057, 0.068, 0.068, 0.055, 0.071, 0.061, 0.04, 0.057, 0.071, 0.052, 0.085, 0.065, 0.082, 0.049, 0.047, 0.057, 0.047, 0.055, 0.076, 0.057, 0.045, 0.064, 0.075, 0.044, 0.05, 0.064, 0.052, 0.063, 0.08, 0.063, 0.072, 0.073, 0.06, 0.058, 0.079, 0.07, 0.072, 0.069, 0.068, 0.072, 0.058, 0.073, 0.059, 0.092, 0.074, 0.07]"
-9.0,17.5,1.0,3.0,0.2416,-2.2124,0.7571,"[0.26, 0.273, 0.286, 0.345, 0.358, 0.37, 0.412, 0.409, 0.435, 0.417, 0.438, 0.442, 0.436, 0.434, 0.438, 0.426, 0.413, 0.394, 0.391, 0.348, 0.339, 0.31, 0.284, 0.242, 0.238, 0.207, 0.191, 0.195, 0.144, 0.127, 0.097, 0.092, 0.077, 0.061, 0.055, 0.067, 0.057, 0.059, 0.09, 0.104, 0.094, 0.131, 0.123, 0.152, 0.172, 0.204, 0.235, 0.248, 0.282, 0.302, 0.337, 0.359, 0.392, 0.379, 0.424, 0.437, 0.43, 0.439, 0.449, 0.456, 0.421, 0.43, 0.429, 0.412, 0.396, 0.36, 0.351, 0.329, 0.3, 0.295, 0.254, 0.224, 0.227, 0.187, 0.161, 0.136, 0.112, 0.093, 0.076, 0.073, 0.053, 0.073, 0.056, 0.073, 0.062, 0.083, 0.078, 0.1, 0.119, 0.147, 0.154, 0.205, 0.215, 0.24, 0.252, 0.295, 0.328, 0.331, 0.357, 0.38, 0.398, 0.407, 0.432, 0.449, 0.443, 0.437, 0.434, 0.465, 0.429, 0.427, 0.391, 0.384, 0.383, 0.342, 0.319, 0.307, 0.271, 0.257, 0.22, 0.2, 0.183, 0.149, 0.12, 0.11, 0.088, 0.079, 0.074, 0.067, 0.072, 0.055, 0.065, 0.086, 0.085, 0.104, 0.11, 0.137, 0.148, 0.158, 0.202, 0.225, 0.247, 0.263, 0.313, 0.33, 0.34, 0.382, 0.401, 0.403, 0.411, 0.436, 0.437, 0.471, 0.436, 0.46, 0.435, 0.428, 0.41, 0.405, 0.378, 0.365]"
-9.0,17.5,2.0,0.0,0.0421,-2.5849,0.2964,"[0.07, 0.062, 0.06, 0.09, 0.042, 0.07, 0.06, 0.071, 0.064, 0.066, 0.076, 0.071, 0.066, 0.06, 0.08, 0.069, 0.058, 0.052, 0.071, 0.063, 0.066, 0.088, 0.068, 0.058, 0.039, 0.07, 0.052, 0.074, 0.04, 0.033, 0.059, 0.046, 0.055, 0.029, 0.029, 0.031, 0.013, 0.036, 0.024, 0.044, 0.044, 0.037, 0.053, 0.051, 0.065, 0.072, 0.057, 0.062, 0.066, 0.081, 0.05, 0.06, 0.054, 0.063, 0.067, 0.063, 0.077, 0.078, 0.073, 0.077, 0.091, 0.076, 0.058, 0.063, 0.061, 0.082, 0.061, 0.054, 0.05, 0.054, 0.051, 0.048, 0.062, 0.048, 0.049, 0.055, 0.054, 0.038, 0.055, 0.042, 0.036, 0.05, 0.045, 0.044, 0.038, 0.043, 0.036, 0.043, 0.042, 0.051, 0.065, 0.05, 0.062, 0.057, 0.07, 0.078, 0.057, 0.048, 0.054, 0.078, 0.073, 0.061, 0.088, 0.07, 0.07, 0.071, 0.086, 0.065, 0.085, 0.077, 0.084, 0.077, 0.071, 0.072, 0.064, 0.054, 0.066, 0.056, 0.068, 0.065, 0.057, 0.059, 0.052, 0.051, 0.038, 0.046, 0.047, 0.045, 0.044, 0.043, 0.062, 0.043, 0.05, 0.044, 0.049, 0.038, 0.043, 0.046, 0.039, 0.056, 0.048, 0.048, 0.083, 0.075, 0.086, 0.067, 0.066, 0.074, 0.076, 0.069, 0.066, 0.08, 0.058, 0.08, 0.071, 0.081, 0.083, 0.076, 0.057, 0.052]"
-9.0,17.5,2.0,3.0,0.1342,-2.0848,0.8769,"[0.152, 0.161, 0.182, 0.204, 0.224, 0.227, 0.243, 0.263, 0.267, 0.274, 0.288, 0.275, 0.293, 0.305, 0.281, 0.267, 0.248, 0.247, 0.243, 0.224, 0.21, 0.193, 0.172, 0.158, 0.133, 0.125, 0.108, 0.104, 0.068, 0.069, 0.058, 0.037, 0.024, 0.038, 0.008, 0.012, 0.01, 0.018, 0.028, 0.053, 0.044, 0.081, 0.082, 0.083, 0.099, 0.123, 0.139, 0.145, 0.167, 0.176, 0.225, 0.225, 0.234, 0.244, 0.256, 0.256, 0.279, 0.29, 0.3, 0.292, 0.289, 0.288, 0.268, 0.247, 0.257, 0.229, 0.221, 0.196, 0.201, 0.181, 0.141, 0.138, 0.13, 0.101, 0.087, 0.082, 0.056, 0.046, 0.045, 0.019, 0.017, 0.004, 0.04, 0.023, 0.036, 0.02, 0.052, 0.048, 0.076, 0.075, 0.081, 0.119, 0.126, 0.131, 0.144, 0.182, 0.195, 0.214, 0.229, 0.239, 0.257, 0.271, 0.271, 0.284, 0.288, 0.295, 0.261, 0.276, 0.281, 0.289, 0.27, 0.258, 0.26, 0.218, 0.223, 0.193, 0.158, 0.133, 0.131, 0.122, 0.096, 0.084, 0.088, 0.056, 0.064, 0.043, 0.039, 0.021, 0.02, 0.02, 0.021, 0.033, 0.046, 0.067, 0.046, 0.066, 0.09, 0.096, 0.099, 0.137, 0.139, 0.167, 0.199, 0.206, 0.222, 0.245, 0.243, 0.259, 0.264, 0.282, 0.266, 0.274, 0.285, 0.289, 0.299, 0.265, 0.265, 0.258, 0.232, 0.222]"
-9.0,20.0,0.5,0.0,0.1193,-2.4626,0.1057,"[0.123, 0.116, 0.112, 0.108, 0.12, 0.115, 0.125, 0.132, 0.113, 0.117, 0.135, 0.136, 0.112, 0.113, 0.113, 0.123, 0.105, 0.118, 0.116, 0.109, 0.115, 0.113, 0.107, 0.126, 0.103, 0.106, 0.098, 0.113, 0.09, 0.102, 0.091, 0.082, 0.092, 0.092, 0.104, 0.091, 0.079, 0.081, 0.103, 0.107, 0.106, 0.101, 0.11, 0.09, 0.09, 0.097, 0.112, 0.123, 0.106, 0.109, 0.125, 0.116, 0.123, 0.122, 0.109, 0.14, 0.113, 0.141, 0.127, 0.123, 0.105, 0.122, 0.116, 0.113, 0.101, 0.121, 0.12, 0.092, 0.102, 0.103, 0.108, 0.105, 0.101, 0.106, 0.119, 0.096, 0.109, 0.116, 0.114, 0.106, 0.106, 0.105, 0.118, 0.099, 0.1, 0.098, 0.131, 0.124, 0.104, 0.099, 0.111, 0.115, 0.119, 0.102, 0.111, 0.132, 0.127, 0.114, 0.131, 0.132, 0.144, 0.12, 0.114, 0.119, 0.129, 0.106, 0.117, 0.116, 0.128, 0.107, 0.11, 0.115, 0.102, 0.098, 0.123, 0.109, 0.114, 0.108, 0.099, 0.093, 0.093, 0.091, 0.091, 0.091, 0.107, 0.091, 0.115, 0.11, 0.11, 0.107, 0.11, 0.104, 0.101, 0.107, 0.1, 0.119, 0.106, 0.124, 0.125, 0.122, 0.116, 0.113, 0.114, 0.113, 0.122, 0.121, 0.14, 0.139, 0.135, 0.117, 0.103, 0.118, 0.112, 0.113, 0.116, 0.117, 0.09, 0.119, 0.115, 0.098]"
-9.0,20.0,0.5,3.0,0.6851,-1.9371,0.1135,"[0.685, 0.69, 0.694, 0.744, 0.732, 0.735, 0.759, 0.731, 0.75, 0.75, 0.753, 0.759, 0.754, 0.738, 0.743, 0.739, 0.737, 0.725, 0.725, 0.716, 0.686, 0.687, 0.69, 0.676, 0.65, 0.665, 0.654, 0.663, 0.65, 0.618, 0.62, 0.618, 0.628, 0.611, 0.628, 0.62, 0.612, 0.613, 0.641, 0.648, 0.657, 0.629, 0.663, 0.687, 0.671, 0.701, 0.7, 0.706, 0.717, 0.748, 0.749, 0.745, 0.774, 0.738, 0.752, 0.775, 0.757, 0.755, 0.752, 0.744, 0.752, 0.728, 0.755, 0.705, 0.726, 0.708, 0.682, 0.681, 0.677, 0.665, 0.631, 0.645, 0.62, 0.638, 0.633, 0.604, 0.596, 0.611, 0.612, 0.616, 0.624, 0.623, 0.631, 0.628, 0.635, 0.66, 0.668, 0.669, 0.673, 0.709, 0.721, 0.725, 0.729, 0.72, 0.752, 0.751, 0.741, 0.762, 0.753, 0.767, 0.77, 0.762, 0.746, 0.756, 0.749, 0.73, 0.726, 0.739, 0.728, 0.696, 0.671, 0.695, 0.692, 0.676, 0.648, 0.649, 0.626, 0.639, 0.617, 0.612, 0.615, 0.609, 0.622, 0.607, 0.645, 0.629, 0.625, 0.626, 0.64, 0.65, 0.659, 0.666, 0.673, 0.701, 0.716, 0.703, 0.721, 0.712, 0.732, 0.764, 0.762, 0.76, 0.746, 0.752, 0.754, 0.768, 0.768, 0.75, 0.754, 0.731, 0.734, 0.733, 0.729, 0.691, 0.707, 0.707, 0.658, 0.647, 0.669, 0.641]"
-9.0,20.0,1.0,0.0,0.097,-2.4924,0.3351,"[0.084, 0.071, 0.097, 0.1, 0.097, 0.098, 0.101, 0.101, 0.104, 0.115, 0.089, 0.125, 0.109, 0.129, 0.107, 0.103, 0.107, 0.086, 0.085, 0.09, 0.089, 0.095, 0.082, 0.092, 0.047, 0.089, 0.063, 0.071, 0.074, 0.046, 0.072, 0.064, 0.073, 0.056, 0.055, 0.049, 0.05, 0.058, 0.067, 0.071, 0.056, 0.069, 0.075, 0.055, 0.089, 0.082, 0.088, 0.106, 0.085, 0.089, 0.077, 0.102, 0.115, 0.085, 0.096, 0.109, 0.102, 0.102, 0.106, 0.122, 0.101, 0.101, 0.1, 0.073, 0.092, 0.07, 0.082, 0.089, 0.07, 0.082, 0.05, 0.067, 0.065, 0.033, 0.063, 0.026, 0.057, 0.059, 0.051, 0.057, 0.079, 0.053, 0.049, 0.083, 0.068, 0.08, 0.056, 0.051, 0.071, 0.081, 0.081, 0.085, 0.075, 0.099, 0.097, 0.08, 0.1, 0.104, 0.117, 0.101, 0.116, 0.114, 0.096, 0.11, 0.112, 0.109, 0.099, 0.091, 0.075, 0.097, 0.067, 0.076, 0.085, 0.061, 0.067, 0.049, 0.058, 0.049, 0.049, 0.062, 0.061, 0.049, 0.057, 0.05, 0.052, 0.046, 0.054, 0.042, 0.086, 0.08, 0.096, 0.086, 0.082, 0.06, 0.096, 0.103, 0.081, 0.101, 0.1, 0.1, 0.109, 0.109, 0.096, 0.116, 0.092, 0.111, 0.108, 0.096, 0.114, 0.08, 0.099, 0.095, 0.105, 0.093, 0.06, 0.074, 0.091, 0.07, 0.057, 0.064]"
-9.0,20.0,1.0,3.0,0.3362,-1.9618,0.3309,"[0.366, 0.379, 0.409, 0.414, 0.436, 0.463, 0.449, 0.479, 0.486, 0.47, 0.5, 0.476, 0.472, 0.475, 0.469, 0.466, 0.448, 0.453, 0.433, 0.421, 0.41, 0.402, 0.365, 0.347, 0.344, 0.333, 0.306, 0.292, 0.277, 0.263, 0.256, 0.253, 0.257, 0.257, 0.241, 0.254, 0.251, 0.264, 0.278, 0.298, 0.3, 0.321, 0.321, 0.337, 0.363, 0.416, 0.391, 0.417, 0.434, 0.445, 0.451, 0.473, 0.467, 0.486, 0.48, 0.498, 0.469, 0.483, 0.467, 0.479, 0.47, 0.423, 0.424, 0.431, 0.405, 0.396, 0.372, 0.357, 0.349, 0.311, 0.303, 0.283, 0.284, 0.257, 0.271, 0.25, 0.256, 0.241, 0.257, 0.264, 0.265, 0.256, 0.289, 0.293, 0.293, 0.316, 0.345, 0.337, 0.353, 0.378, 0.382, 0.414, 0.435, 0.444, 0.447, 0.475, 0.473, 0.473, 0.488, 0.5, 0.482, 0.501, 0.48, 0.474, 0.464, 0.446, 0.426, 0.444, 0.397, 0.405, 0.393, 0.351, 0.348, 0.332, 0.317, 0.289, 0.279, 0.28, 0.247, 0.236, 0.252, 0.248, 0.251, 0.244, 0.264, 0.272, 0.274, 0.271, 0.307, 0.294, 0.314, 0.351, 0.349, 0.369, 0.395, 0.419, 0.431, 0.453, 0.448, 0.455, 0.46, 0.481, 0.488, 0.512, 0.494, 0.468, 0.492, 0.465, 0.452, 0.464, 0.449, 0.438, 0.405, 0.417, 0.387, 0.352, 0.367, 0.334, 0.312, 0.292]"
-9.0,20.0,2.0,0.0,0.0624,-2.4312,0.5749,"[0.063, 0.069, 0.067, 0.086, 0.077, 0.073, 0.094, 0.09, 0.079, 0.088, 0.103, 0.104, 0.116, 0.113, 0.103, 0.089, 0.088, 0.094, 0.095, 0.086, 0.071, 0.073, 0.063, 0.039, 0.053, 0.046, 0.053, 0.03, 0.028, 0.045, 0.022, 0.023, 0.033, 0.035, 0.042, 0.026, 0.028, 0.032, 0.031, 0.045, 0.041, 0.037, 0.036, 0.058, 0.07, 0.063, 0.062, 0.095, 0.081, 0.098, 0.103, 0.111, 0.098, 0.086, 0.083, 0.1, 0.119, 0.102, 0.113, 0.087, 0.108, 0.097, 0.087, 0.091, 0.071, 0.076, 0.058, 0.055, 0.047, 0.042, 0.029, 0.065, 0.026, 0.045, 0.015, 0.024, 0.025, 0.042, 0.032, 0.018, 0.028, 0.045, 0.047, 0.033, 0.029, 0.042, 0.06, 0.041, 0.062, 0.056, 0.069, 0.084, 0.083, 0.095, 0.104, 0.133, 0.107, 0.106, 0.095, 0.111, 0.118, 0.094, 0.094, 0.091, 0.081, 0.091, 0.073, 0.081, 0.081, 0.075, 0.062, 0.047, 0.069, 0.034, 0.048, 0.057, 0.04, 0.048, 0.038, 0.016, 0.042, 0.022, 0.024, 0.036, 0.021, 0.042, 0.04, 0.055, 0.054, 0.045, 0.048, 0.05, 0.06, 0.059, 0.07, 0.065, 0.073, 0.101, 0.078, 0.08, 0.09, 0.113, 0.092, 0.099, 0.105, 0.107, 0.099, 0.102, 0.105, 0.079, 0.081, 0.075, 0.075, 0.086, 0.078, 0.062, 0.066, 0.074, 0.035, 0.037]"
-9.0,20.0,2.0,3.0,0.1998,-2.0856,0.5704,"[0.199, 0.228, 0.251, 0.246, 0.275, 0.281, 0.285, 0.319, 0.322, 0.314, 0.336, 0.35, 0.328, 0.31, 0.315, 0.291, 0.299, 0.284, 0.282, 0.254, 0.253, 0.219, 0.209, 0.18, 0.166, 0.169, 0.157, 0.126, 0.125, 0.118, 0.091, 0.1, 0.092, 0.094, 0.09, 0.073, 0.101, 0.106, 0.114, 0.113, 0.153, 0.158, 0.153, 0.203, 0.211, 0.232, 0.237, 0.256, 0.282, 0.289, 0.296, 0.301, 0.291, 0.332, 0.336, 0.336, 0.339, 0.315, 0.316, 0.307, 0.282, 0.284, 0.279, 0.273, 0.252, 0.224, 0.223, 0.2, 0.163, 0.166, 0.157, 0.14, 0.111, 0.102, 0.124, 0.088, 0.093, 0.065, 0.104, 0.102, 0.116, 0.096, 0.128, 0.117, 0.156, 0.131, 0.181, 0.187, 0.211, 0.226, 0.242, 0.278, 0.287, 0.289, 0.298, 0.321, 0.331, 0.323, 0.327, 0.319, 0.332, 0.328, 0.331, 0.332, 0.316, 0.303, 0.278, 0.261, 0.257, 0.239, 0.224, 0.19, 0.173, 0.162, 0.159, 0.137, 0.14, 0.103, 0.095, 0.095, 0.087, 0.082, 0.091, 0.094, 0.085, 0.099, 0.121, 0.123, 0.13, 0.149, 0.155, 0.202, 0.21, 0.242, 0.235, 0.247, 0.257, 0.285, 0.289, 0.295, 0.327, 0.321, 0.328, 0.33, 0.332, 0.308, 0.31, 0.333, 0.305, 0.298, 0.289, 0.264, 0.241, 0.222, 0.209, 0.195, 0.178, 0.156, 0.163, 0.154]"
-9.0,22.5,0.5,0.0,0.1661,-2.2833,0.5798,"[0.187, 0.173, 0.187, 0.19, 0.229, 0.228, 0.257, 0.263, 0.277, 0.278, 0.253, 0.266, 0.278, 0.248, 0.252, 0.248, 0.237, 0.229, 0.206, 0.19, 0.189, 0.168, 0.177, 0.13, 0.127, 0.102, 0.108, 0.092, 0.091, 0.073, 0.057, 0.087, 0.083, 0.086, 0.09, 0.089, 0.102, 0.097, 0.114, 0.142, 0.165, 0.162, 0.141, 0.192, 0.217, 0.213, 0.218, 0.249, 0.246, 0.254, 0.247, 0.251, 0.277, 0.256, 0.284, 0.281, 0.244, 0.239, 0.243, 0.239, 0.212, 0.19, 0.179, 0.169, 0.148, 0.151, 0.119, 0.118, 0.11, 0.093, 0.083, 0.079, 0.067, 0.082, 0.073, 0.075, 0.071, 0.109, 0.106, 0.094, 0.126, 0.127, 0.138, 0.154, 0.181, 0.189, 0.204, 0.221, 0.24, 0.264, 0.248, 0.254, 0.265, 0.275, 0.28, 0.258, 0.29, 0.248, 0.262, 0.252, 0.22, 0.224, 0.191, 0.186, 0.18, 0.167, 0.164, 0.13, 0.127, 0.121, 0.1, 0.091, 0.069, 0.062, 0.067, 0.088, 0.089, 0.09, 0.087, 0.096, 0.095, 0.106, 0.102, 0.137, 0.154, 0.158, 0.187, 0.205, 0.196, 0.243, 0.238, 0.258, 0.245, 0.274, 0.271, 0.265, 0.258, 0.268, 0.272, 0.26, 0.253, 0.238, 0.219, 0.222, 0.197, 0.202, 0.186, 0.18, 0.145, 0.134, 0.107, 0.104, 0.099, 0.091, 0.079, 0.071, 0.077, 0.071, 0.088, 0.081]"
-9.0,22.5,0.5,3.0,0.9029,-1.8308,0.0138,"[0.911, 0.905, 0.914, 0.931, 0.92, 0.901, 0.915, 0.922, 0.923, 0.919, 0.928, 0.926, 0.919, 0.923, 0.918, 0.92, 0.921, 0.928, 0.922, 0.916, 0.912, 0.921, 0.917, 0.912, 0.909, 0.912, 0.904, 0.896, 0.925, 0.925, 0.911, 0.914, 0.907, 0.914, 0.911, 0.912, 0.901, 0.929, 0.901, 0.921, 0.905, 0.895, 0.925, 0.918, 0.903, 0.924, 0.915, 0.937, 0.906, 0.914, 0.929, 0.917, 0.913, 0.923, 0.932, 0.92, 0.918, 0.912, 0.914, 0.907, 0.93, 0.924, 0.903, 0.909, 0.921, 0.92, 0.911, 0.909, 0.911, 0.906, 0.921, 0.917, 0.912, 0.898, 0.903, 0.903, 0.906, 0.912, 0.926, 0.913, 0.898, 0.92, 0.9, 0.919, 0.911, 0.922, 0.922, 0.919, 0.908, 0.913, 0.925, 0.922, 0.939, 0.922, 0.929, 0.917, 0.912, 0.932, 0.913, 0.905, 0.905, 0.921, 0.91, 0.901, 0.935, 0.893, 0.909, 0.929, 0.913, 0.936, 0.918, 0.898, 0.917, 0.904, 0.907, 0.899, 0.902, 0.916, 0.9, 0.891, 0.915, 0.909, 0.921, 0.905, 0.924, 0.921, 0.92, 0.903, 0.916, 0.927, 0.913, 0.898, 0.913, 0.91, 0.914, 0.906, 0.928, 0.927, 0.911, 0.916, 0.911, 0.924, 0.908, 0.909, 0.918, 0.908, 0.932, 0.907, 0.921, 0.921, 0.898, 0.908, 0.902, 0.919, 0.909, 0.918, 0.925, 0.926, 0.898, 0.897]"
-9.0,22.5,1.0,0.0,0.1084,-2.2834,0.7661,"[0.117, 0.129, 0.131, 0.148, 0.161, 0.169, 0.17, 0.199, 0.177, 0.188, 0.209, 0.203, 0.179, 0.166, 0.172, 0.177, 0.168, 0.157, 0.152, 0.135, 0.132, 0.117, 0.076, 0.086, 0.071, 0.065, 0.051, 0.028, 0.042, 0.039, 0.01, 0.045, 0.037, 0.021, 0.023, 0.041, 0.048, 0.061, 0.07, 0.082, 0.077, 0.099, 0.116, 0.123, 0.144, 0.16, 0.151, 0.169, 0.172, 0.18, 0.173, 0.197, 0.223, 0.198, 0.214, 0.2, 0.174, 0.179, 0.173, 0.163, 0.137, 0.135, 0.137, 0.092, 0.106, 0.095, 0.055, 0.055, 0.049, 0.052, 0.037, 0.026, 0.029, 0.032, 0.026, 0.046, 0.035, 0.048, 0.037, 0.06, 0.062, 0.073, 0.105, 0.096, 0.11, 0.11, 0.13, 0.134, 0.173, 0.174, 0.187, 0.19, 0.18, 0.201, 0.192, 0.199, 0.164, 0.175, 0.174, 0.176, 0.148, 0.177, 0.155, 0.144, 0.133, 0.111, 0.082, 0.086, 0.065, 0.057, 0.059, 0.037, 0.03, 0.041, 0.02, 0.024, 0.027, 0.036, 0.042, 0.035, 0.032, 0.071, 0.046, 0.084, 0.091, 0.107, 0.12, 0.127, 0.14, 0.156, 0.165, 0.144, 0.179, 0.194, 0.183, 0.198, 0.204, 0.194, 0.192, 0.172, 0.179, 0.177, 0.158, 0.148, 0.146, 0.132, 0.121, 0.088, 0.096, 0.063, 0.066, 0.077, 0.054, 0.044, 0.027, 0.046, 0.031, 0.004, 0.021, 0.034]"
-9.0,22.5,1.0,3.0,0.4742,-1.8825,0.0913,"[0.484, 0.482, 0.495, 0.494, 0.505, 0.524, 0.497, 0.536, 0.553, 0.515, 0.535, 0.53, 0.527, 0.51, 0.506, 0.507, 0.504, 0.491, 0.491, 0.503, 0.503, 0.473, 0.501, 0.456, 0.453, 0.441, 0.438, 0.463, 0.444, 0.446, 0.441, 0.431, 0.426, 0.422, 0.443, 0.453, 0.442, 0.433, 0.469, 0.476, 0.456, 0.464, 0.489, 0.468, 0.479, 0.513, 0.498, 0.508, 0.5, 0.526, 0.516, 0.529, 0.514, 0.507, 0.517, 0.507, 0.508, 0.501, 0.493, 0.509, 0.501, 0.481, 0.503, 0.472, 0.482, 0.442, 0.46, 0.439, 0.445, 0.454, 0.45, 0.437, 0.443, 0.445, 0.436, 0.45, 0.447, 0.443, 0.47, 0.452, 0.45, 0.475, 0.477, 0.456, 0.463, 0.493, 0.487, 0.502, 0.5, 0.513, 0.519, 0.496, 0.507, 0.534, 0.523, 0.526, 0.541, 0.527, 0.514, 0.498, 0.519, 0.514, 0.498, 0.51, 0.489, 0.481, 0.486, 0.474, 0.471, 0.437, 0.458, 0.446, 0.442, 0.443, 0.438, 0.451, 0.432, 0.427, 0.446, 0.464, 0.449, 0.456, 0.46, 0.493, 0.483, 0.473, 0.483, 0.483, 0.515, 0.486, 0.496, 0.519, 0.531, 0.517, 0.516, 0.521, 0.521, 0.541, 0.523, 0.513, 0.518, 0.52, 0.497, 0.504, 0.496, 0.479, 0.481, 0.474, 0.469, 0.487, 0.463, 0.462, 0.461, 0.45, 0.443, 0.46, 0.459, 0.453, 0.443, 0.449]"
-9.0,22.5,2.0,0.0,0.0791,-2.3468,0.8689,"[0.088, 0.107, 0.09, 0.128, 0.126, 0.12, 0.138, 0.156, 0.158, 0.161, 0.146, 0.141, 0.148, 0.146, 0.138, 0.128, 0.117, 0.126, 0.103, 0.108, 0.087, 0.079, 0.057, 0.063, 0.046, 0.029, 0.03, 0.016, 0.004, 0.023, 0.001, 0.015, 0.034, 0.003, 0.021, 0.017, 0.029, 0.016, 0.046, 0.052, 0.085, 0.051, 0.077, 0.097, 0.111, 0.111, 0.134, 0.13, 0.137, 0.124, 0.152, 0.164, 0.14, 0.145, 0.134, 0.149, 0.138, 0.142, 0.125, 0.117, 0.108, 0.1, 0.089, 0.082, 0.082, 0.067, 0.065, 0.027, 0.023, 0.035, 0.008, 0.031, 0.007, 0.009, 0.007, 0.013, 0.033, 0.035, 0.047, 0.058, 0.039, 0.043, 0.065, 0.076, 0.069, 0.102, 0.094, 0.11, 0.13, 0.135, 0.138, 0.145, 0.153, 0.143, 0.153, 0.15, 0.149, 0.155, 0.142, 0.147, 0.12, 0.115, 0.092, 0.087, 0.083, 0.081, 0.061, 0.045, 0.05, 0.021, 0.013, 0.015, 0.022, 0.005, 0.012, 0.018, 0.016, 0.031, 0.019, 0.037, 0.035, 0.033, 0.035, 0.056, 0.052, 0.073, 0.084, 0.107, 0.099, 0.12, 0.114, 0.14, 0.153, 0.135, 0.149, 0.175, 0.143, 0.135, 0.149, 0.132, 0.142, 0.14, 0.113, 0.1, 0.116, 0.113, 0.082, 0.088, 0.082, 0.061, 0.046, 0.043, 0.037, 0.0, 0.016, 0.0, 0.002, 0.014, 0.011, 0.014]"
-9.0,22.5,2.0,3.0,0.2674,-1.8621,0.2833,"[0.282, 0.284, 0.279, 0.294, 0.315, 0.315, 0.33, 0.331, 0.338, 0.352, 0.345, 0.36, 0.333, 0.327, 0.335, 0.322, 0.318, 0.311, 0.285, 0.266, 0.284, 0.251, 0.249, 0.241, 0.232, 0.231, 0.221, 0.209, 0.206, 0.186, 0.185, 0.227, 0.193, 0.202, 0.185, 0.209, 0.206, 0.211, 0.243, 0.251, 0.245, 0.259, 0.264, 0.268, 0.291, 0.303, 0.321, 0.325, 0.316, 0.312, 0.334, 0.327, 0.34, 0.345, 0.342, 0.331, 0.334, 0.338, 0.32, 0.31, 0.291, 0.288, 0.29, 0.263, 0.249, 0.254, 0.23, 0.228, 0.216, 0.211, 0.209, 0.208, 0.203, 0.206, 0.19, 0.182, 0.196, 0.232, 0.209, 0.199, 0.254, 0.239, 0.24, 0.247, 0.272, 0.289, 0.299, 0.312, 0.297, 0.309, 0.328, 0.345, 0.334, 0.318, 0.35, 0.314, 0.334, 0.343, 0.337, 0.306, 0.324, 0.319, 0.302, 0.282, 0.278, 0.255, 0.262, 0.256, 0.226, 0.229, 0.223, 0.203, 0.177, 0.197, 0.162, 0.208, 0.199, 0.192, 0.208, 0.193, 0.223, 0.222, 0.231, 0.235, 0.247, 0.266, 0.263, 0.27, 0.304, 0.309, 0.303, 0.322, 0.329, 0.327, 0.34, 0.34, 0.35, 0.345, 0.333, 0.328, 0.332, 0.303, 0.301, 0.302, 0.292, 0.292, 0.257, 0.256, 0.249, 0.235, 0.221, 0.212, 0.213, 0.201, 0.194, 0.182, 0.215, 0.193, 0.208, 0.192]"
-9.0,25.0,0.5,0.0,0.2726,-2.2957,1.0087,"[0.283, 0.329, 0.368, 0.41, 0.459, 0.473, 0.529, 0.541, 0.549, 0.571, 0.573, 0.564, 0.549, 0.516, 0.501, 0.48, 0.45, 0.407, 0.369, 0.319, 0.283, 0.254, 0.191, 0.147, 0.111, 0.086, 0.05, 0.036, 0.021, 0.02, 0.005, 0.006, 0.02, 0.035, 0.062, 0.104, 0.12, 0.151, 0.207, 0.251, 0.304, 0.336, 0.376, 0.415, 0.452, 0.482, 0.506, 0.518, 0.563, 0.565, 0.585, 0.544, 0.566, 0.525, 0.486, 0.451, 0.43, 0.405, 0.357, 0.306, 0.277, 0.223, 0.163, 0.152, 0.092, 0.06, 0.041, 0.026, 0.002, 0.0, 0.0, 0.017, 0.021, 0.052, 0.072, 0.093, 0.127, 0.176, 0.218, 0.261, 0.307, 0.347, 0.39, 0.422, 0.456, 0.505, 0.514, 0.525, 0.554, 0.567, 0.562, 0.544, 0.553, 0.523, 0.506, 0.462, 0.431, 0.374, 0.312, 0.299, 0.241, 0.219, 0.178, 0.132, 0.085, 0.063, 0.043, 0.023, 0.0, 0.0, 0.005, 0.01, 0.031, 0.046, 0.072, 0.105, 0.14, 0.208, 0.225, 0.268, 0.323, 0.364, 0.402, 0.431, 0.462, 0.504, 0.528, 0.543, 0.568, 0.574, 0.574, 0.543, 0.547, 0.496, 0.486, 0.462, 0.406, 0.362, 0.332, 0.304, 0.26, 0.212, 0.148, 0.12, 0.108, 0.065, 0.017, 0.023, 0.0, 0.0, 0.011, 0.01, 0.025, 0.064, 0.089, 0.119, 0.174, 0.197, 0.241, 0.279]"
-9.0,25.0,0.5,3.0,1.0825,-1.6803,0.0003,"[1.087, 1.117, 1.082, 1.083, 1.094, 1.081, 1.076, 1.098, 1.069, 1.093, 1.093, 1.1, 1.096, 1.119, 1.087, 1.078, 1.119, 1.092, 1.082, 1.075, 1.088, 1.083, 1.083, 1.07, 1.087, 1.095, 1.081, 1.087, 1.086, 1.092, 1.108, 1.093, 1.079, 1.09, 1.094, 1.079, 1.082, 1.082, 1.089, 1.087, 1.074, 1.085, 1.091, 1.102, 1.078, 1.082, 1.08, 1.075, 1.065, 1.096, 1.092, 1.095, 1.094, 1.087, 1.085, 1.102, 1.097, 1.09, 1.081, 1.092, 1.093, 1.085, 1.093, 1.097, 1.095, 1.1, 1.099, 1.101, 1.085, 1.099, 1.096, 1.099, 1.092, 1.096, 1.081, 1.096, 1.103, 1.107, 1.09, 1.109, 1.089, 1.098, 1.092, 1.104, 1.093, 1.085, 1.101, 1.086, 1.094, 1.074, 1.099, 1.072, 1.086, 1.077, 1.08, 1.091, 1.084, 1.098, 1.089, 1.093, 1.083, 1.098, 1.093, 1.096, 1.098, 1.1, 1.095, 1.093, 1.102, 1.092, 1.087, 1.1, 1.101, 1.09, 1.097, 1.095, 1.092, 1.076, 1.08, 1.087, 1.091, 1.079, 1.07, 1.09, 1.091, 1.1, 1.11, 1.078, 1.095, 1.115, 1.078, 1.081, 1.101, 1.093, 1.094, 1.097, 1.098, 1.095, 1.096, 1.079, 1.101, 1.107, 1.102, 1.096, 1.11, 1.093, 1.101, 1.108, 1.087, 1.104, 1.08, 1.082, 1.081, 1.069, 1.084, 1.092, 1.088, 1.078, 1.066, 1.083]"
-9.0,25.0,1.0,0.0,0.1589,-2.2207,1.0087,"[0.184, 0.185, 0.228, 0.244, 0.256, 0.287, 0.299, 0.312, 0.308, 0.35, 0.338, 0.319, 0.327, 0.31, 0.313, 0.279, 0.261, 0.233, 0.219, 0.189, 0.175, 0.14, 0.136, 0.086, 0.057, 0.039, 0.022, 0.008, 0.022, 0.0, 0.003, 0.0, 0.01, 0.0, 0.039, 0.048, 0.089, 0.105, 0.129, 0.138, 0.176, 0.218, 0.216, 0.239, 0.27, 0.291, 0.312, 0.323, 0.329, 0.324, 0.352, 0.344, 0.326, 0.323, 0.295, 0.265, 0.266, 0.221, 0.229, 0.172, 0.171, 0.15, 0.092, 0.068, 0.066, 0.057, 0.033, 0.006, 0.021, 0.024, 0.0, 0.009, 0.019, 0.022, 0.031, 0.048, 0.062, 0.112, 0.123, 0.17, 0.185, 0.205, 0.245, 0.253, 0.27, 0.301, 0.303, 0.322, 0.332, 0.333, 0.336, 0.332, 0.321, 0.302, 0.281, 0.265, 0.244, 0.234, 0.22, 0.176, 0.162, 0.117, 0.098, 0.075, 0.061, 0.031, 0.03, 0.015, 0.005, 0.0, 0.0, 0.002, 0.022, 0.01, 0.028, 0.06, 0.076, 0.141, 0.136, 0.156, 0.197, 0.211, 0.235, 0.277, 0.259, 0.288, 0.317, 0.313, 0.32, 0.341, 0.324, 0.329, 0.314, 0.307, 0.286, 0.275, 0.254, 0.214, 0.179, 0.168, 0.137, 0.111, 0.076, 0.067, 0.051, 0.027, 0.019, 0.015, 0.017, 0.015, 0.0, 0.0, 0.004, 0.039, 0.05, 0.082, 0.092, 0.109, 0.139, 0.164]"
-9.0,25.0,1.0,3.0,0.5718,-1.797,0.0248,"[0.584, 0.554, 0.584, 0.568, 0.545, 0.557, 0.575, 0.572, 0.581, 0.573, 0.583, 0.577, 0.583, 0.585, 0.581, 0.572, 0.588, 0.573, 0.565, 0.567, 0.574, 0.579, 0.575, 0.574, 0.563, 0.577, 0.565, 0.559, 0.545, 0.57, 0.558, 0.553, 0.552, 0.574, 0.567, 0.571, 0.565, 0.568, 0.568, 0.558, 0.579, 0.563, 0.567, 0.577, 0.585, 0.569, 0.583, 0.58, 0.574, 0.576, 0.576, 0.579, 0.588, 0.579, 0.573, 0.57, 0.575, 0.568, 0.554, 0.583, 0.569, 0.567, 0.582, 0.562, 0.571, 0.566, 0.569, 0.559, 0.573, 0.582, 0.555, 0.572, 0.566, 0.569, 0.57, 0.554, 0.559, 0.566, 0.581, 0.567, 0.576, 0.573, 0.574, 0.575, 0.566, 0.574, 0.572, 0.576, 0.57, 0.595, 0.56, 0.56, 0.581, 0.584, 0.591, 0.572, 0.574, 0.578, 0.586, 0.558, 0.572, 0.575, 0.565, 0.571, 0.56, 0.578, 0.547, 0.562, 0.57, 0.561, 0.573, 0.565, 0.568, 0.571, 0.565, 0.55, 0.585, 0.582, 0.576, 0.567, 0.576, 0.555, 0.558, 0.598, 0.562, 0.572, 0.577, 0.58, 0.577, 0.573, 0.576, 0.588, 0.583, 0.583, 0.556, 0.58, 0.575, 0.566, 0.59, 0.556, 0.569, 0.58, 0.569, 0.547, 0.58, 0.548, 0.553, 0.574, 0.555, 0.562, 0.554, 0.565, 0.577, 0.55, 0.568, 0.55, 0.589, 0.559, 0.575, 0.573]"
-9.0,25.0,2.0,0.0,0.0996,-2.2324,1.0089,"[0.123, 0.116, 0.14, 0.154, 0.182, 0.208, 0.189, 0.206, 0.222, 0.228, 0.215, 0.213, 0.223, 0.185, 0.204, 0.175, 0.172, 0.156, 0.134, 0.126, 0.102, 0.099, 0.065, 0.046, 0.044, 0.029, 0.034, 0.01, 0.004, 0.0, 0.002, 0.0, 0.005, 0.004, 0.028, 0.033, 0.059, 0.053, 0.079, 0.097, 0.111, 0.14, 0.145, 0.151, 0.179, 0.206, 0.191, 0.206, 0.214, 0.225, 0.223, 0.215, 0.205, 0.197, 0.197, 0.173, 0.153, 0.149, 0.13, 0.115, 0.107, 0.086, 0.066, 0.041, 0.035, 0.011, 0.009, 0.001, 0.003, 0.001, 0.0, 0.0, 0.0, 0.029, 0.017, 0.035, 0.046, 0.075, 0.086, 0.092, 0.122, 0.12, 0.149, 0.135, 0.182, 0.186, 0.198, 0.22, 0.206, 0.209, 0.201, 0.213, 0.207, 0.207, 0.189, 0.18, 0.168, 0.151, 0.13, 0.12, 0.104, 0.091, 0.087, 0.039, 0.041, 0.024, 0.016, 0.015, 0.005, 0.0, 0.0, 0.01, 0.002, 0.007, 0.025, 0.026, 0.047, 0.09, 0.081, 0.108, 0.113, 0.144, 0.151, 0.176, 0.179, 0.189, 0.201, 0.21, 0.217, 0.209, 0.206, 0.198, 0.2, 0.18, 0.174, 0.171, 0.165, 0.14, 0.147, 0.113, 0.095, 0.065, 0.066, 0.052, 0.023, 0.022, 0.028, 0.008, 0.01, 0.0, 0.0, 0.01, 0.01, 0.023, 0.032, 0.036, 0.059, 0.068, 0.081, 0.116]"
-9.0,25.0,2.0,3.0,0.3113,-1.8179,0.1143,"[0.325, 0.32, 0.31, 0.325, 0.33, 0.335, 0.331, 0.333, 0.356, 0.334, 0.333, 0.324, 0.339, 0.326, 0.358, 0.319, 0.321, 0.346, 0.331, 0.296, 0.31, 0.307, 0.29, 0.301, 0.276, 0.269, 0.293, 0.286, 0.297, 0.277, 0.293, 0.272, 0.291, 0.3, 0.275, 0.27, 0.294, 0.298, 0.3, 0.316, 0.3, 0.315, 0.314, 0.343, 0.338, 0.327, 0.338, 0.338, 0.329, 0.359, 0.339, 0.373, 0.341, 0.351, 0.336, 0.335, 0.324, 0.305, 0.335, 0.307, 0.323, 0.324, 0.292, 0.285, 0.284, 0.267, 0.286, 0.293, 0.269, 0.282, 0.275, 0.276, 0.28, 0.286, 0.279, 0.289, 0.287, 0.299, 0.293, 0.317, 0.309, 0.305, 0.321, 0.327, 0.327, 0.319, 0.337, 0.342, 0.346, 0.353, 0.348, 0.345, 0.346, 0.332, 0.344, 0.33, 0.325, 0.31, 0.322, 0.316, 0.314, 0.288, 0.304, 0.291, 0.279, 0.28, 0.274, 0.283, 0.274, 0.277, 0.273, 0.277, 0.269, 0.263, 0.313, 0.29, 0.324, 0.298, 0.304, 0.306, 0.32, 0.32, 0.311, 0.318, 0.32, 0.337, 0.34, 0.342, 0.335, 0.331, 0.354, 0.344, 0.345, 0.347, 0.313, 0.331, 0.337, 0.308, 0.305, 0.299, 0.29, 0.306, 0.298, 0.279, 0.269, 0.275, 0.292, 0.267, 0.26, 0.275, 0.265, 0.295, 0.282, 0.279, 0.282, 0.284, 0.289, 0.323, 0.314, 0.307]"
-8.0,5.0,0.5,0.0,0.052,-2.9426,0.0048,"[0.017, 0.045, 0.04, 0.059, 0.05, 0.033, 0.049, 0.05, 0.065, 0.053, 0.049, 0.05, 0.027, 0.041, 0.03, 0.07, 0.045, 0.056, 0.039, 0.046, 0.046, 0.055, 0.048, 0.043, 0.029, 0.072, 0.044, 0.045, 0.044, 0.063, 0.043, 0.044, 0.051, 0.062, 0.049, 0.05, 0.048, 0.045, 0.068, 0.041, 0.053, 0.044, 0.055, 0.049, 0.052, 0.05, 0.038, 0.049, 0.031, 0.052, 0.044, 0.047, 0.05, 0.051, 0.026, 0.046, 0.052, 0.065, 0.075, 0.069, 0.042, 0.055, 0.061, 0.056, 0.049, 0.053, 0.054, 0.044, 0.053, 0.038, 0.074, 0.047, 0.056, 0.053, 0.052, 0.057, 0.062, 0.052, 0.059, 0.056, 0.038, 0.051, 0.049, 0.057, 0.058, 0.052, 0.055, 0.053, 0.046, 0.064, 0.057, 0.07, 0.05, 0.046, 0.03, 0.075, 0.057, 0.059, 0.069, 0.053, 0.045, 0.061, 0.049, 0.034, 0.067, 0.041, 0.044, 0.06, 0.032, 0.053, 0.054, 0.062, 0.058, 0.059, 0.061, 0.066, 0.047, 0.042, 0.042, 0.058, 0.049, 0.046, 0.062, 0.057, 0.067, 0.054, 0.057, 0.048, 0.031, 0.046, 0.044, 0.038, 0.054, 0.061, 0.047, 0.056, 0.046, 0.05, 0.046, 0.055, 0.058, 0.069, 0.046, 0.05, 0.063, 0.048, 0.057, 0.047, 0.056, 0.058, 0.065, 0.044, 0.057, 0.05, 0.036, 0.046, 0.044, 0.056, 0.043, 0.053]"
-8.0,5.0,0.5,3.0,0.0952,-2.5398,0.021,"[0.073, 0.097, 0.082, 0.098, 0.087, 0.088, 0.093, 0.094, 0.087, 0.083, 0.087, 0.069, 0.097, 0.079, 0.082, 0.083, 0.091, 0.086, 0.094, 0.092, 0.079, 0.079, 0.085, 0.094, 0.093, 0.094, 0.085, 0.097, 0.091, 0.081, 0.085, 0.095, 0.102, 0.07, 0.09, 0.071, 0.08, 0.092, 0.088, 0.079, 0.083, 0.097, 0.088, 0.087, 0.098, 0.095, 0.083, 0.093, 0.085, 0.088, 0.07, 0.082, 0.089, 0.076, 0.084, 0.071, 0.094, 0.101, 0.077, 0.072, 0.093, 0.09, 0.092, 0.094, 0.089, 0.101, 0.102, 0.106, 0.108, 0.08, 0.098, 0.089, 0.068, 0.093, 0.08, 0.087, 0.076, 0.1, 0.078, 0.08, 0.099, 0.09, 0.105, 0.096, 0.098, 0.077, 0.091, 0.106, 0.076, 0.087, 0.086, 0.09, 0.095, 0.089, 0.108, 0.064, 0.06, 0.085, 0.1, 0.086, 0.083, 0.068, 0.084, 0.082, 0.086, 0.086, 0.094, 0.083, 0.079, 0.088, 0.087, 0.075, 0.091, 0.075, 0.094, 0.082, 0.076, 0.115, 0.088, 0.098, 0.087, 0.1, 0.095, 0.085, 0.097, 0.099, 0.083, 0.087, 0.108, 0.089, 0.098, 0.096, 0.098, 0.097, 0.06, 0.082, 0.084, 0.09, 0.079, 0.086, 0.075, 0.067, 0.114, 0.083, 0.1, 0.096, 0.083, 0.103, 0.078, 0.087, 0.093, 0.088, 0.086, 0.068, 0.095, 0.096, 0.083, 0.097, 0.09, 0.098]"
-8.0,5.0,1.0,0.0,0.0542,-3.0099,0.0001,"[0.042, 0.021, 0.025, 0.055, 0.028, 0.045, 0.062, 0.026, 0.049, 0.05, 0.036, 0.053, 0.049, 0.057, 0.05, 0.046, 0.055, 0.064, 0.065, 0.057, 0.059, 0.044, 0.048, 0.056, 0.053, 0.057, 0.065, 0.05, 0.036, 0.042, 0.053, 0.047, 0.039, 0.051, 0.044, 0.057, 0.066, 0.063, 0.042, 0.045, 0.036, 0.062, 0.052, 0.067, 0.057, 0.047, 0.033, 0.054, 0.072, 0.059, 0.05, 0.059, 0.058, 0.064, 0.042, 0.055, 0.036, 0.032, 0.058, 0.063, 0.051, 0.05, 0.054, 0.063, 0.06, 0.054, 0.058, 0.059, 0.04, 0.056, 0.038, 0.062, 0.059, 0.052, 0.049, 0.062, 0.054, 0.054, 0.054, 0.055, 0.063, 0.035, 0.05, 0.031, 0.055, 0.045, 0.052, 0.043, 0.043, 0.047, 0.052, 0.058, 0.044, 0.052, 0.055, 0.046, 0.055, 0.038, 0.042, 0.062, 0.029, 0.048, 0.052, 0.053, 0.054, 0.049, 0.047, 0.042, 0.066, 0.059, 0.054, 0.05, 0.045, 0.05, 0.041, 0.065, 0.042, 0.038, 0.081, 0.05, 0.042, 0.059, 0.038, 0.044, 0.059, 0.072, 0.061, 0.058, 0.065, 0.048, 0.036, 0.044, 0.065, 0.039, 0.05, 0.051, 0.055, 0.057, 0.057, 0.081, 0.059, 0.065, 0.052, 0.071, 0.043, 0.061, 0.05, 0.061, 0.057, 0.064, 0.056, 0.051, 0.061, 0.043, 0.033, 0.029, 0.069, 0.054, 0.056, 0.048]"
-8.0,5.0,1.0,3.0,0.0856,-2.489,0.0154,"[0.051, 0.05, 0.056, 0.06, 0.082, 0.094, 0.08, 0.037, 0.086, 0.065, 0.053, 0.088, 0.065, 0.059, 0.063, 0.065, 0.075, 0.071, 0.062, 0.049, 0.061, 0.071, 0.061, 0.07, 0.069, 0.08, 0.072, 0.077, 0.066, 0.085, 0.064, 0.06, 0.082, 0.062, 0.058, 0.057, 0.064, 0.066, 0.073, 0.076, 0.069, 0.078, 0.077, 0.059, 0.059, 0.064, 0.047, 0.069, 0.066, 0.085, 0.08, 0.066, 0.078, 0.067, 0.073, 0.049, 0.063, 0.07, 0.066, 0.082, 0.072, 0.075, 0.071, 0.069, 0.078, 0.087, 0.048, 0.059, 0.069, 0.082, 0.077, 0.061, 0.065, 0.076, 0.063, 0.071, 0.062, 0.074, 0.075, 0.042, 0.087, 0.088, 0.048, 0.066, 0.052, 0.047, 0.077, 0.087, 0.068, 0.084, 0.062, 0.054, 0.065, 0.061, 0.073, 0.08, 0.057, 0.055, 0.077, 0.065, 0.076, 0.06, 0.062, 0.079, 0.077, 0.083, 0.067, 0.082, 0.073, 0.073, 0.06, 0.075, 0.066, 0.087, 0.069, 0.067, 0.081, 0.07, 0.06, 0.053, 0.06, 0.05, 0.068, 0.077, 0.063, 0.094, 0.054, 0.074, 0.073, 0.064, 0.067, 0.085, 0.079, 0.078, 0.059, 0.074, 0.077, 0.077, 0.055, 0.072, 0.072, 0.08, 0.066, 0.057, 0.059, 0.072, 0.08, 0.065, 0.072, 0.048, 0.047, 0.073, 0.073, 0.076, 0.048, 0.083, 0.063, 0.063, 0.075, 0.069]"
-8.0,5.0,2.0,0.0,0.0472,-3.0376,0.0003,"[0.046, 0.063, 0.028, 0.05, 0.037, 0.052, 0.052, 0.06, 0.053, 0.043, 0.046, 0.053, 0.044, 0.062, 0.047, 0.061, 0.044, 0.057, 0.048, 0.062, 0.07, 0.053, 0.07, 0.049, 0.052, 0.049, 0.04, 0.065, 0.052, 0.046, 0.043, 0.069, 0.049, 0.049, 0.061, 0.066, 0.045, 0.057, 0.057, 0.049, 0.047, 0.044, 0.061, 0.053, 0.051, 0.043, 0.061, 0.054, 0.042, 0.047, 0.058, 0.033, 0.05, 0.059, 0.053, 0.058, 0.03, 0.037, 0.059, 0.055, 0.048, 0.053, 0.057, 0.046, 0.044, 0.037, 0.065, 0.051, 0.066, 0.037, 0.052, 0.039, 0.068, 0.078, 0.063, 0.039, 0.039, 0.05, 0.052, 0.056, 0.055, 0.051, 0.048, 0.042, 0.057, 0.027, 0.051, 0.053, 0.048, 0.059, 0.06, 0.053, 0.074, 0.044, 0.046, 0.046, 0.062, 0.054, 0.031, 0.047, 0.044, 0.067, 0.042, 0.05, 0.035, 0.052, 0.069, 0.042, 0.06, 0.048, 0.05, 0.057, 0.038, 0.043, 0.041, 0.067, 0.061, 0.06, 0.061, 0.059, 0.034, 0.045, 0.048, 0.052, 0.04, 0.037, 0.04, 0.043, 0.047, 0.055, 0.049, 0.063, 0.057, 0.047, 0.055, 0.049, 0.045, 0.051, 0.055, 0.061, 0.073, 0.063, 0.041, 0.035, 0.063, 0.049, 0.043, 0.067, 0.049, 0.049, 0.044, 0.03, 0.041, 0.044, 0.034, 0.051, 0.053, 0.06, 0.043, 0.032]"
-8.0,5.0,2.0,3.0,0.0569,-2.5041,0.0034,"[0.068, 0.054, 0.059, 0.039, 0.055, 0.075, 0.065, 0.052, 0.048, 0.059, 0.064, 0.052, 0.057, 0.04, 0.067, 0.051, 0.066, 0.063, 0.064, 0.057, 0.076, 0.053, 0.076, 0.062, 0.061, 0.057, 0.06, 0.059, 0.077, 0.047, 0.057, 0.05, 0.054, 0.06, 0.074, 0.064, 0.05, 0.056, 0.071, 0.053, 0.061, 0.063, 0.057, 0.05, 0.062, 0.082, 0.055, 0.054, 0.067, 0.083, 0.051, 0.048, 0.067, 0.068, 0.05, 0.056, 0.048, 0.056, 0.056, 0.069, 0.072, 0.058, 0.074, 0.069, 0.046, 0.071, 0.067, 0.079, 0.062, 0.077, 0.042, 0.055, 0.04, 0.056, 0.061, 0.059, 0.069, 0.084, 0.056, 0.072, 0.066, 0.063, 0.068, 0.056, 0.07, 0.045, 0.061, 0.056, 0.084, 0.049, 0.064, 0.072, 0.054, 0.06, 0.054, 0.055, 0.076, 0.04, 0.062, 0.038, 0.069, 0.056, 0.042, 0.058, 0.047, 0.069, 0.07, 0.048, 0.065, 0.053, 0.056, 0.079, 0.056, 0.074, 0.077, 0.056, 0.062, 0.055, 0.06, 0.066, 0.059, 0.063, 0.053, 0.051, 0.056, 0.061, 0.072, 0.058, 0.064, 0.05, 0.068, 0.056, 0.057, 0.06, 0.054, 0.048, 0.064, 0.069, 0.046, 0.062, 0.062, 0.056, 0.056, 0.07, 0.081, 0.072, 0.065, 0.071, 0.064, 0.053, 0.063, 0.046, 0.052, 0.069, 0.058, 0.051, 0.053, 0.047, 0.063, 0.055]"
-8.0,7.5,0.5,0.0,0.0608,-2.7871,0.0008,"[0.042, 0.043, 0.053, 0.061, 0.047, 0.049, 0.055, 0.055, 0.054, 0.058, 0.045, 0.069, 0.051, 0.071, 0.032, 0.037, 0.053, 0.064, 0.056, 0.053, 0.057, 0.054, 0.074, 0.049, 0.067, 0.047, 0.051, 0.044, 0.063, 0.066, 0.052, 0.059, 0.055, 0.06, 0.066, 0.043, 0.043, 0.049, 0.05, 0.056, 0.054, 0.052, 0.053, 0.056, 0.046, 0.033, 0.045, 0.065, 0.028, 0.065, 0.048, 0.063, 0.044, 0.029, 0.045, 0.053, 0.058, 0.04, 0.058, 0.054, 0.048, 0.055, 0.055, 0.059, 0.056, 0.055, 0.074, 0.035, 0.041, 0.065, 0.039, 0.063, 0.057, 0.041, 0.064, 0.066, 0.054, 0.053, 0.067, 0.037, 0.061, 0.04, 0.06, 0.053, 0.054, 0.071, 0.038, 0.061, 0.053, 0.055, 0.063, 0.062, 0.06, 0.045, 0.06, 0.062, 0.059, 0.06, 0.055, 0.042, 0.05, 0.049, 0.054, 0.05, 0.072, 0.059, 0.053, 0.057, 0.058, 0.076, 0.059, 0.05, 0.044, 0.056, 0.075, 0.052, 0.045, 0.064, 0.055, 0.038, 0.056, 0.065, 0.033, 0.061, 0.042, 0.052, 0.049, 0.065, 0.064, 0.041, 0.034, 0.039, 0.058, 0.031, 0.048, 0.063, 0.06, 0.037, 0.056, 0.044, 0.048, 0.048, 0.049, 0.053, 0.047, 0.047, 0.063, 0.054, 0.043, 0.055, 0.039, 0.055, 0.06, 0.062, 0.058, 0.043, 0.048, 0.065, 0.051, 0.053]"
-8.0,7.5,0.5,3.0,0.1298,-2.4165,0.0112,"[0.123, 0.145, 0.146, 0.127, 0.127, 0.136, 0.131, 0.127, 0.134, 0.12, 0.138, 0.133, 0.131, 0.125, 0.12, 0.109, 0.109, 0.11, 0.139, 0.12, 0.114, 0.126, 0.117, 0.123, 0.132, 0.123, 0.123, 0.126, 0.113, 0.129, 0.141, 0.123, 0.127, 0.118, 0.119, 0.136, 0.128, 0.133, 0.129, 0.125, 0.139, 0.109, 0.118, 0.123, 0.127, 0.124, 0.129, 0.14, 0.115, 0.142, 0.124, 0.128, 0.127, 0.129, 0.139, 0.115, 0.119, 0.133, 0.118, 0.108, 0.133, 0.119, 0.135, 0.122, 0.138, 0.129, 0.12, 0.114, 0.124, 0.127, 0.12, 0.114, 0.124, 0.142, 0.129, 0.12, 0.128, 0.133, 0.117, 0.124, 0.125, 0.122, 0.114, 0.133, 0.105, 0.12, 0.119, 0.121, 0.141, 0.123, 0.137, 0.128, 0.131, 0.124, 0.134, 0.12, 0.122, 0.121, 0.116, 0.126, 0.135, 0.123, 0.119, 0.146, 0.123, 0.134, 0.127, 0.137, 0.126, 0.126, 0.126, 0.124, 0.127, 0.119, 0.131, 0.154, 0.117, 0.13, 0.127, 0.115, 0.134, 0.122, 0.12, 0.14, 0.123, 0.138, 0.132, 0.127, 0.133, 0.134, 0.125, 0.123, 0.135, 0.154, 0.11, 0.115, 0.117, 0.123, 0.117, 0.133, 0.112, 0.122, 0.122, 0.136, 0.126, 0.113, 0.129, 0.117, 0.115, 0.138, 0.122, 0.131, 0.122, 0.129, 0.14, 0.128, 0.123, 0.113, 0.135, 0.131]"
-8.0,7.5,1.0,0.0,0.0506,-2.8106,0.0114,"[0.048, 0.058, 0.07, 0.053, 0.049, 0.046, 0.046, 0.052, 0.069, 0.056, 0.054, 0.053, 0.037, 0.051, 0.043, 0.067, 0.043, 0.039, 0.035, 0.044, 0.023, 0.054, 0.054, 0.041, 0.061, 0.05, 0.05, 0.061, 0.063, 0.042, 0.038, 0.048, 0.068, 0.044, 0.062, 0.042, 0.05, 0.046, 0.056, 0.054, 0.043, 0.047, 0.041, 0.054, 0.042, 0.053, 0.056, 0.059, 0.059, 0.055, 0.041, 0.043, 0.043, 0.051, 0.063, 0.045, 0.049, 0.064, 0.038, 0.067, 0.058, 0.045, 0.049, 0.069, 0.047, 0.059, 0.072, 0.052, 0.052, 0.074, 0.041, 0.052, 0.056, 0.037, 0.04, 0.046, 0.056, 0.047, 0.051, 0.06, 0.058, 0.032, 0.054, 0.058, 0.051, 0.057, 0.06, 0.055, 0.051, 0.055, 0.029, 0.066, 0.065, 0.065, 0.053, 0.058, 0.053, 0.055, 0.066, 0.034, 0.056, 0.044, 0.04, 0.051, 0.039, 0.039, 0.035, 0.047, 0.057, 0.06, 0.072, 0.048, 0.06, 0.054, 0.054, 0.056, 0.06, 0.057, 0.048, 0.058, 0.046, 0.058, 0.053, 0.033, 0.051, 0.061, 0.051, 0.054, 0.047, 0.049, 0.062, 0.048, 0.041, 0.03, 0.044, 0.041, 0.037, 0.041, 0.042, 0.041, 0.066, 0.036, 0.058, 0.057, 0.058, 0.052, 0.065, 0.052, 0.05, 0.064, 0.05, 0.036, 0.057, 0.063, 0.055, 0.048, 0.055, 0.059, 0.042, 0.032]"
-8.0,7.5,1.0,3.0,0.0625,-2.4111,0.0124,"[0.075, 0.09, 0.086, 0.081, 0.1, 0.082, 0.092, 0.097, 0.086, 0.097, 0.095, 0.09, 0.085, 0.103, 0.097, 0.096, 0.089, 0.083, 0.069, 0.093, 0.085, 0.09, 0.113, 0.101, 0.093, 0.087, 0.096, 0.097, 0.084, 0.086, 0.091, 0.081, 0.081, 0.077, 0.106, 0.075, 0.075, 0.065, 0.094, 0.079, 0.096, 0.088, 0.101, 0.08, 0.089, 0.099, 0.1, 0.099, 0.094, 0.088, 0.094, 0.075, 0.084, 0.102, 0.097, 0.076, 0.092, 0.079, 0.085, 0.103, 0.07, 0.075, 0.09, 0.093, 0.085, 0.1, 0.086, 0.091, 0.089, 0.086, 0.096, 0.08, 0.101, 0.098, 0.098, 0.111, 0.092, 0.089, 0.093, 0.084, 0.087, 0.08, 0.102, 0.078, 0.08, 0.086, 0.077, 0.082, 0.085, 0.096, 0.074, 0.083, 0.091, 0.093, 0.114, 0.103, 0.105, 0.073, 0.092, 0.095, 0.076, 0.086, 0.096, 0.097, 0.101, 0.09, 0.083, 0.094, 0.09, 0.093, 0.07, 0.088, 0.093, 0.088, 0.087, 0.087, 0.08, 0.097, 0.085, 0.063, 0.082, 0.081, 0.085, 0.082, 0.087, 0.09, 0.08, 0.089, 0.095, 0.085, 0.095, 0.101, 0.079, 0.091, 0.109, 0.091, 0.08, 0.093, 0.087, 0.076, 0.087, 0.077, 0.072, 0.097, 0.065, 0.102, 0.094, 0.103, 0.105, 0.099, 0.084, 0.082, 0.089, 0.098, 0.107, 0.078, 0.096, 0.089, 0.089, 0.095]"
-8.0,7.5,2.0,0.0,0.0471,-2.9023,0.0167,"[0.058, 0.054, 0.068, 0.066, 0.045, 0.054, 0.067, 0.056, 0.058, 0.068, 0.066, 0.053, 0.062, 0.06, 0.068, 0.052, 0.064, 0.048, 0.056, 0.061, 0.059, 0.055, 0.051, 0.059, 0.057, 0.053, 0.058, 0.037, 0.056, 0.035, 0.043, 0.055, 0.051, 0.035, 0.033, 0.048, 0.033, 0.038, 0.045, 0.06, 0.04, 0.03, 0.065, 0.06, 0.055, 0.051, 0.072, 0.054, 0.052, 0.049, 0.055, 0.044, 0.062, 0.064, 0.064, 0.051, 0.055, 0.038, 0.038, 0.059, 0.06, 0.034, 0.038, 0.042, 0.054, 0.047, 0.039, 0.048, 0.048, 0.06, 0.048, 0.066, 0.031, 0.056, 0.072, 0.05, 0.048, 0.044, 0.036, 0.062, 0.043, 0.06, 0.055, 0.058, 0.042, 0.054, 0.051, 0.053, 0.026, 0.056, 0.073, 0.038, 0.06, 0.049, 0.041, 0.044, 0.066, 0.054, 0.05, 0.035, 0.057, 0.062, 0.054, 0.04, 0.056, 0.07, 0.049, 0.061, 0.049, 0.049, 0.053, 0.047, 0.046, 0.051, 0.061, 0.052, 0.051, 0.053, 0.067, 0.041, 0.058, 0.059, 0.049, 0.063, 0.06, 0.059, 0.038, 0.046, 0.044, 0.058, 0.06, 0.048, 0.049, 0.073, 0.053, 0.056, 0.049, 0.064, 0.055, 0.053, 0.053, 0.047, 0.042, 0.051, 0.067, 0.048, 0.062, 0.047, 0.032, 0.046, 0.035, 0.059, 0.033, 0.052, 0.044, 0.045, 0.06, 0.05, 0.051, 0.05]"
-8.0,7.5,2.0,3.0,0.0717,-2.4432,0.0021,"[0.073, 0.072, 0.081, 0.073, 0.065, 0.068, 0.075, 0.08, 0.065, 0.08, 0.068, 0.063, 0.063, 0.066, 0.069, 0.081, 0.088, 0.067, 0.055, 0.063, 0.066, 0.072, 0.051, 0.08, 0.06, 0.072, 0.068, 0.062, 0.083, 0.065, 0.06, 0.074, 0.078, 0.067, 0.071, 0.079, 0.067, 0.067, 0.077, 0.068, 0.061, 0.069, 0.06, 0.068, 0.079, 0.057, 0.069, 0.075, 0.069, 0.083, 0.07, 0.073, 0.083, 0.074, 0.069, 0.065, 0.068, 0.073, 0.061, 0.082, 0.092, 0.069, 0.052, 0.077, 0.07, 0.076, 0.069, 0.079, 0.062, 0.073, 0.072, 0.073, 0.077, 0.078, 0.058, 0.077, 0.071, 0.067, 0.072, 0.072, 0.07, 0.052, 0.071, 0.067, 0.073, 0.069, 0.09, 0.067, 0.054, 0.068, 0.065, 0.071, 0.065, 0.075, 0.069, 0.073, 0.084, 0.07, 0.056, 0.064, 0.055, 0.063, 0.034, 0.078, 0.054, 0.076, 0.063, 0.066, 0.085, 0.066, 0.059, 0.064, 0.057, 0.078, 0.075, 0.066, 0.077, 0.075, 0.066, 0.072, 0.067, 0.063, 0.044, 0.066, 0.069, 0.055, 0.077, 0.067, 0.073, 0.072, 0.068, 0.063, 0.062, 0.052, 0.084, 0.072, 0.059, 0.075, 0.057, 0.075, 0.073, 0.062, 0.053, 0.064, 0.07, 0.053, 0.062, 0.082, 0.068, 0.095, 0.073, 0.067, 0.06, 0.057, 0.07, 0.064, 0.066, 0.071, 0.062, 0.077]"
-8.0,10.0,0.5,0.0,0.0598,-2.7107,0.0081,"[0.035, 0.062, 0.062, 0.038, 0.04, 0.055, 0.052, 0.058, 0.059, 0.074, 0.055, 0.065, 0.054, 0.062, 0.054, 0.045, 0.052, 0.062, 0.047, 0.059, 0.062, 0.062, 0.066, 0.079, 0.046, 0.055, 0.058, 0.053, 0.07, 0.071, 0.081, 0.057, 0.047, 0.056, 0.049, 0.067, 0.066, 0.066, 0.079, 0.059, 0.052, 0.058, 0.049, 0.052, 0.059, 0.063, 0.05, 0.045, 0.066, 0.05, 0.06, 0.07, 0.067, 0.064, 0.069, 0.061, 0.047, 0.083, 0.063, 0.063, 0.06, 0.041, 0.05, 0.075, 0.039, 0.057, 0.061, 0.055, 0.079, 0.043, 0.051, 0.062, 0.062, 0.059, 0.061, 0.052, 0.055, 0.048, 0.062, 0.041, 0.045, 0.067, 0.053, 0.083, 0.054, 0.054, 0.072, 0.068, 0.057, 0.058, 0.069, 0.061, 0.055, 0.057, 0.078, 0.055, 0.055, 0.058, 0.059, 0.051, 0.074, 0.055, 0.064, 0.075, 0.055, 0.063, 0.046, 0.051, 0.06, 0.055, 0.066, 0.054, 0.056, 0.052, 0.07, 0.057, 0.052, 0.05, 0.048, 0.066, 0.058, 0.088, 0.053, 0.043, 0.057, 0.081, 0.062, 0.058, 0.053, 0.055, 0.071, 0.05, 0.059, 0.06, 0.059, 0.055, 0.044, 0.061, 0.056, 0.071, 0.057, 0.058, 0.06, 0.063, 0.041, 0.062, 0.042, 0.055, 0.065, 0.079, 0.049, 0.05, 0.042, 0.051, 0.081, 0.043, 0.027, 0.067, 0.067, 0.059]"
-8.0,10.0,0.5,3.0,0.1824,-2.3886,0.0085,"[0.192, 0.189, 0.192, 0.194, 0.209, 0.212, 0.198, 0.205, 0.201, 0.193, 0.193, 0.202, 0.209, 0.206, 0.2, 0.216, 0.217, 0.187, 0.19, 0.187, 0.211, 0.199, 0.202, 0.208, 0.202, 0.195, 0.191, 0.199, 0.21, 0.185, 0.197, 0.182, 0.211, 0.185, 0.186, 0.21, 0.195, 0.184, 0.207, 0.203, 0.221, 0.19, 0.192, 0.194, 0.212, 0.182, 0.198, 0.204, 0.213, 0.193, 0.204, 0.195, 0.189, 0.2, 0.199, 0.206, 0.221, 0.206, 0.201, 0.207, 0.194, 0.209, 0.195, 0.205, 0.199, 0.199, 0.217, 0.192, 0.206, 0.197, 0.21, 0.188, 0.198, 0.192, 0.217, 0.214, 0.194, 0.19, 0.197, 0.209, 0.204, 0.198, 0.213, 0.205, 0.193, 0.181, 0.222, 0.199, 0.178, 0.205, 0.185, 0.214, 0.214, 0.199, 0.191, 0.207, 0.214, 0.201, 0.198, 0.194, 0.198, 0.2, 0.197, 0.192, 0.218, 0.199, 0.196, 0.204, 0.204, 0.201, 0.19, 0.202, 0.203, 0.205, 0.204, 0.204, 0.191, 0.227, 0.206, 0.209, 0.208, 0.201, 0.192, 0.2, 0.192, 0.187, 0.223, 0.21, 0.203, 0.202, 0.208, 0.2, 0.196, 0.215, 0.193, 0.214, 0.202, 0.204, 0.198, 0.19, 0.194, 0.205, 0.193, 0.193, 0.209, 0.206, 0.189, 0.213, 0.214, 0.199, 0.184, 0.188, 0.196, 0.214, 0.203, 0.189, 0.216, 0.201, 0.21, 0.198]"
-8.0,10.0,1.0,0.0,0.0562,-2.7781,0.0081,"[0.057, 0.058, 0.073, 0.054, 0.053, 0.044, 0.063, 0.069, 0.048, 0.053, 0.058, 0.046, 0.036, 0.056, 0.06, 0.045, 0.054, 0.075, 0.065, 0.059, 0.049, 0.061, 0.038, 0.053, 0.049, 0.062, 0.032, 0.079, 0.05, 0.07, 0.061, 0.057, 0.057, 0.055, 0.049, 0.058, 0.052, 0.06, 0.058, 0.05, 0.049, 0.057, 0.058, 0.049, 0.044, 0.057, 0.058, 0.055, 0.053, 0.062, 0.045, 0.046, 0.049, 0.053, 0.048, 0.048, 0.063, 0.053, 0.062, 0.054, 0.047, 0.065, 0.05, 0.058, 0.062, 0.052, 0.052, 0.046, 0.055, 0.047, 0.051, 0.051, 0.049, 0.057, 0.066, 0.062, 0.035, 0.055, 0.076, 0.055, 0.051, 0.067, 0.054, 0.066, 0.053, 0.058, 0.048, 0.064, 0.054, 0.056, 0.064, 0.059, 0.053, 0.04, 0.053, 0.051, 0.054, 0.052, 0.067, 0.06, 0.051, 0.061, 0.069, 0.048, 0.052, 0.047, 0.058, 0.075, 0.066, 0.051, 0.061, 0.067, 0.038, 0.044, 0.064, 0.04, 0.055, 0.062, 0.057, 0.053, 0.068, 0.063, 0.076, 0.043, 0.049, 0.054, 0.067, 0.062, 0.05, 0.044, 0.043, 0.072, 0.054, 0.056, 0.044, 0.055, 0.046, 0.056, 0.051, 0.047, 0.066, 0.067, 0.059, 0.036, 0.044, 0.044, 0.073, 0.065, 0.068, 0.047, 0.039, 0.064, 0.032, 0.055, 0.06, 0.043, 0.069, 0.051, 0.058, 0.06]"
-8.0,10.0,1.0,3.0,0.1294,-2.2513,0.009,"[0.13, 0.132, 0.136, 0.124, 0.127, 0.117, 0.136, 0.117, 0.132, 0.136, 0.136, 0.112, 0.11, 0.117, 0.115, 0.147, 0.13, 0.113, 0.116, 0.142, 0.139, 0.113, 0.134, 0.123, 0.124, 0.112, 0.122, 0.116, 0.139, 0.116, 0.137, 0.122, 0.107, 0.119, 0.113, 0.13, 0.114, 0.121, 0.128, 0.113, 0.139, 0.127, 0.126, 0.11, 0.12, 0.122, 0.113, 0.134, 0.125, 0.116, 0.122, 0.125, 0.145, 0.129, 0.117, 0.118, 0.121, 0.131, 0.129, 0.13, 0.124, 0.109, 0.13, 0.117, 0.13, 0.113, 0.125, 0.132, 0.145, 0.12, 0.139, 0.135, 0.121, 0.125, 0.12, 0.118, 0.11, 0.115, 0.1, 0.126, 0.14, 0.128, 0.126, 0.119, 0.144, 0.136, 0.113, 0.146, 0.141, 0.115, 0.133, 0.124, 0.106, 0.116, 0.133, 0.132, 0.153, 0.127, 0.107, 0.116, 0.121, 0.122, 0.122, 0.129, 0.14, 0.129, 0.106, 0.129, 0.107, 0.119, 0.143, 0.105, 0.145, 0.13, 0.128, 0.112, 0.126, 0.12, 0.116, 0.124, 0.149, 0.133, 0.123, 0.129, 0.121, 0.132, 0.113, 0.134, 0.11, 0.122, 0.136, 0.143, 0.103, 0.113, 0.125, 0.132, 0.119, 0.125, 0.126, 0.124, 0.125, 0.126, 0.142, 0.124, 0.138, 0.125, 0.119, 0.123, 0.109, 0.115, 0.118, 0.127, 0.142, 0.122, 0.115, 0.134, 0.128, 0.137, 0.136, 0.132]"
-8.0,10.0,2.0,0.0,0.0508,-2.7396,0.0043,"[0.062, 0.061, 0.051, 0.044, 0.052, 0.048, 0.043, 0.068, 0.052, 0.042, 0.066, 0.053, 0.062, 0.048, 0.058, 0.059, 0.053, 0.046, 0.056, 0.058, 0.04, 0.076, 0.068, 0.054, 0.061, 0.052, 0.046, 0.062, 0.044, 0.056, 0.046, 0.044, 0.054, 0.063, 0.055, 0.053, 0.034, 0.05, 0.038, 0.053, 0.052, 0.052, 0.052, 0.057, 0.058, 0.056, 0.062, 0.028, 0.042, 0.057, 0.052, 0.044, 0.056, 0.059, 0.045, 0.046, 0.036, 0.051, 0.052, 0.042, 0.047, 0.052, 0.061, 0.048, 0.043, 0.067, 0.059, 0.039, 0.059, 0.047, 0.062, 0.048, 0.034, 0.046, 0.043, 0.045, 0.029, 0.051, 0.032, 0.051, 0.028, 0.041, 0.058, 0.059, 0.044, 0.058, 0.034, 0.062, 0.064, 0.05, 0.048, 0.029, 0.052, 0.059, 0.056, 0.054, 0.038, 0.053, 0.044, 0.066, 0.058, 0.055, 0.053, 0.043, 0.044, 0.071, 0.043, 0.052, 0.053, 0.052, 0.054, 0.071, 0.054, 0.057, 0.049, 0.05, 0.057, 0.066, 0.065, 0.021, 0.035, 0.073, 0.047, 0.048, 0.046, 0.039, 0.044, 0.047, 0.047, 0.042, 0.061, 0.051, 0.054, 0.053, 0.047, 0.045, 0.037, 0.059, 0.051, 0.064, 0.056, 0.068, 0.048, 0.042, 0.071, 0.064, 0.034, 0.057, 0.059, 0.05, 0.039, 0.05, 0.054, 0.045, 0.059, 0.036, 0.054, 0.072, 0.058, 0.067]"
-8.0,10.0,2.0,3.0,0.0954,-2.2931,0.0096,"[0.084, 0.093, 0.079, 0.096, 0.093, 0.076, 0.098, 0.109, 0.097, 0.069, 0.112, 0.066, 0.071, 0.07, 0.085, 0.068, 0.065, 0.081, 0.081, 0.085, 0.093, 0.102, 0.087, 0.092, 0.085, 0.099, 0.103, 0.082, 0.074, 0.082, 0.083, 0.086, 0.088, 0.086, 0.075, 0.085, 0.091, 0.103, 0.082, 0.087, 0.086, 0.083, 0.083, 0.069, 0.092, 0.094, 0.084, 0.093, 0.07, 0.102, 0.08, 0.085, 0.097, 0.073, 0.083, 0.08, 0.093, 0.078, 0.095, 0.09, 0.072, 0.096, 0.106, 0.079, 0.083, 0.075, 0.087, 0.099, 0.081, 0.079, 0.1, 0.08, 0.081, 0.085, 0.07, 0.079, 0.106, 0.095, 0.094, 0.094, 0.094, 0.084, 0.087, 0.091, 0.083, 0.101, 0.071, 0.085, 0.099, 0.098, 0.083, 0.091, 0.091, 0.11, 0.08, 0.09, 0.084, 0.103, 0.087, 0.082, 0.095, 0.08, 0.09, 0.095, 0.071, 0.08, 0.107, 0.09, 0.077, 0.089, 0.069, 0.09, 0.092, 0.087, 0.08, 0.106, 0.085, 0.069, 0.086, 0.1, 0.104, 0.061, 0.08, 0.084, 0.09, 0.074, 0.093, 0.097, 0.079, 0.087, 0.096, 0.106, 0.098, 0.083, 0.092, 0.086, 0.08, 0.093, 0.093, 0.088, 0.098, 0.085, 0.087, 0.09, 0.091, 0.079, 0.107, 0.095, 0.088, 0.088, 0.087, 0.103, 0.098, 0.094, 0.113, 0.094, 0.079, 0.095, 0.093, 0.102]"
-8.0,12.5,0.5,0.0,0.0712,-2.6426,0.0015,"[0.051, 0.073, 0.074, 0.055, 0.069, 0.061, 0.064, 0.077, 0.058, 0.066, 0.059, 0.07, 0.071, 0.055, 0.065, 0.066, 0.069, 0.077, 0.058, 0.064, 0.081, 0.076, 0.058, 0.067, 0.072, 0.077, 0.071, 0.072, 0.072, 0.068, 0.052, 0.063, 0.08, 0.077, 0.068, 0.065, 0.06, 0.059, 0.077, 0.065, 0.071, 0.092, 0.069, 0.06, 0.077, 0.079, 0.048, 0.08, 0.059, 0.084, 0.081, 0.069, 0.059, 0.079, 0.072, 0.06, 0.073, 0.057, 0.071, 0.071, 0.073, 0.08, 0.063, 0.062, 0.068, 0.076, 0.066, 0.052, 0.065, 0.07, 0.06, 0.044, 0.071, 0.055, 0.078, 0.091, 0.059, 0.071, 0.071, 0.053, 0.044, 0.054, 0.065, 0.092, 0.074, 0.059, 0.059, 0.061, 0.049, 0.059, 0.072, 0.066, 0.064, 0.076, 0.057, 0.072, 0.056, 0.076, 0.069, 0.07, 0.067, 0.073, 0.059, 0.078, 0.065, 0.073, 0.075, 0.06, 0.073, 0.06, 0.052, 0.07, 0.09, 0.061, 0.073, 0.076, 0.056, 0.062, 0.08, 0.074, 0.069, 0.052, 0.062, 0.073, 0.037, 0.076, 0.079, 0.086, 0.081, 0.072, 0.076, 0.064, 0.062, 0.072, 0.06, 0.064, 0.09, 0.06, 0.07, 0.052, 0.06, 0.06, 0.067, 0.059, 0.065, 0.063, 0.066, 0.051, 0.052, 0.076, 0.062, 0.07, 0.072, 0.069, 0.054, 0.047, 0.064, 0.068, 0.082, 0.087]"
-8.0,12.5,0.5,3.0,0.3348,-2.1397,0.9405,"[0.333, 0.364, 0.42, 0.438, 0.48, 0.512, 0.515, 0.554, 0.591, 0.62, 0.626, 0.642, 0.632, 0.647, 0.634, 0.648, 0.631, 0.634, 0.598, 0.561, 0.555, 0.519, 0.502, 0.453, 0.438, 0.375, 0.366, 0.301, 0.27, 0.249, 0.229, 0.175, 0.129, 0.092, 0.1, 0.085, 0.062, 0.038, 0.019, 0.027, 0.024, 0.043, 0.036, 0.052, 0.058, 0.069, 0.102, 0.105, 0.158, 0.194, 0.219, 0.263, 0.307, 0.335, 0.37, 0.403, 0.44, 0.496, 0.501, 0.532, 0.574, 0.58, 0.617, 0.615, 0.636, 0.653, 0.634, 0.653, 0.649, 0.628, 0.629, 0.597, 0.576, 0.559, 0.536, 0.465, 0.439, 0.412, 0.395, 0.354, 0.296, 0.298, 0.248, 0.205, 0.179, 0.14, 0.126, 0.104, 0.084, 0.056, 0.038, 0.037, 0.038, 0.018, 0.038, 0.026, 0.035, 0.063, 0.072, 0.083, 0.127, 0.183, 0.172, 0.233, 0.257, 0.289, 0.325, 0.372, 0.404, 0.449, 0.499, 0.511, 0.532, 0.569, 0.582, 0.603, 0.617, 0.645, 0.652, 0.645, 0.631, 0.631, 0.63, 0.628, 0.568, 0.579, 0.559, 0.531, 0.5, 0.47, 0.423, 0.397, 0.334, 0.311, 0.282, 0.237, 0.197, 0.168, 0.15, 0.114, 0.09, 0.072, 0.053, 0.051, 0.039, 0.026, 0.018, 0.037, 0.048, 0.028, 0.058, 0.077, 0.093, 0.124, 0.155, 0.201, 0.211, 0.263, 0.289, 0.346]"
-8.0,12.5,1.0,0.0,0.0693,-2.6271,0.0231,"[0.043, 0.054, 0.077, 0.065, 0.08, 0.075, 0.054, 0.047, 0.071, 0.071, 0.061, 0.046, 0.055, 0.062, 0.068, 0.05, 0.071, 0.068, 0.068, 0.065, 0.038, 0.063, 0.056, 0.065, 0.043, 0.039, 0.065, 0.05, 0.037, 0.048, 0.057, 0.07, 0.059, 0.052, 0.055, 0.065, 0.063, 0.065, 0.075, 0.058, 0.065, 0.036, 0.059, 0.044, 0.051, 0.053, 0.058, 0.052, 0.054, 0.065, 0.059, 0.058, 0.059, 0.057, 0.069, 0.058, 0.082, 0.064, 0.067, 0.057, 0.065, 0.07, 0.062, 0.056, 0.071, 0.08, 0.045, 0.056, 0.06, 0.057, 0.06, 0.05, 0.069, 0.06, 0.062, 0.057, 0.053, 0.053, 0.075, 0.049, 0.055, 0.041, 0.063, 0.067, 0.041, 0.051, 0.05, 0.054, 0.063, 0.057, 0.058, 0.043, 0.057, 0.067, 0.059, 0.038, 0.07, 0.071, 0.064, 0.067, 0.063, 0.065, 0.053, 0.066, 0.036, 0.057, 0.068, 0.074, 0.063, 0.071, 0.059, 0.066, 0.067, 0.036, 0.068, 0.061, 0.062, 0.069, 0.055, 0.061, 0.061, 0.064, 0.039, 0.067, 0.067, 0.047, 0.052, 0.071, 0.05, 0.074, 0.05, 0.069, 0.049, 0.067, 0.061, 0.061, 0.048, 0.058, 0.05, 0.049, 0.071, 0.086, 0.05, 0.062, 0.067, 0.051, 0.049, 0.058, 0.058, 0.032, 0.06, 0.066, 0.063, 0.055, 0.044, 0.063, 0.051, 0.055, 0.059, 0.067]"
-8.0,12.5,1.0,3.0,0.1791,-2.2055,0.9872,"[0.199, 0.205, 0.229, 0.271, 0.291, 0.278, 0.308, 0.338, 0.347, 0.353, 0.352, 0.366, 0.367, 0.391, 0.369, 0.375, 0.372, 0.358, 0.349, 0.323, 0.317, 0.301, 0.28, 0.281, 0.265, 0.235, 0.218, 0.174, 0.157, 0.129, 0.118, 0.088, 0.068, 0.035, 0.052, 0.046, 0.035, 0.023, 0.018, 0.004, 0.0, 0.0, 0.009, 0.0, 0.035, 0.045, 0.06, 0.08, 0.07, 0.099, 0.115, 0.142, 0.163, 0.17, 0.221, 0.249, 0.249, 0.27, 0.304, 0.312, 0.335, 0.333, 0.361, 0.368, 0.367, 0.375, 0.356, 0.374, 0.374, 0.364, 0.351, 0.363, 0.349, 0.322, 0.308, 0.268, 0.255, 0.241, 0.214, 0.213, 0.175, 0.147, 0.158, 0.135, 0.105, 0.06, 0.077, 0.062, 0.017, 0.001, 0.01, 0.014, 0.021, 0.0, 0.026, 0.0, 0.028, 0.029, 0.053, 0.058, 0.07, 0.095, 0.099, 0.126, 0.135, 0.177, 0.204, 0.218, 0.238, 0.254, 0.301, 0.295, 0.297, 0.335, 0.343, 0.375, 0.364, 0.358, 0.393, 0.381, 0.371, 0.396, 0.368, 0.354, 0.358, 0.346, 0.33, 0.318, 0.267, 0.275, 0.247, 0.226, 0.198, 0.177, 0.156, 0.139, 0.095, 0.104, 0.089, 0.067, 0.053, 0.044, 0.026, 0.038, 0.01, 0.016, 0.0, 0.007, 0.024, 0.018, 0.023, 0.044, 0.055, 0.061, 0.084, 0.109, 0.103, 0.149, 0.161, 0.189]"
-8.0,12.5,2.0,0.0,0.0637,-2.6894,0.1512,"[0.044, 0.049, 0.053, 0.036, 0.041, 0.064, 0.054, 0.078, 0.052, 0.08, 0.044, 0.061, 0.053, 0.07, 0.056, 0.057, 0.061, 0.087, 0.075, 0.056, 0.05, 0.05, 0.047, 0.068, 0.049, 0.068, 0.067, 0.052, 0.038, 0.06, 0.038, 0.05, 0.064, 0.024, 0.045, 0.041, 0.042, 0.032, 0.067, 0.048, 0.026, 0.05, 0.058, 0.046, 0.064, 0.027, 0.06, 0.047, 0.041, 0.059, 0.059, 0.068, 0.068, 0.055, 0.039, 0.038, 0.04, 0.054, 0.062, 0.065, 0.066, 0.053, 0.075, 0.078, 0.052, 0.062, 0.069, 0.077, 0.069, 0.056, 0.052, 0.051, 0.058, 0.055, 0.047, 0.066, 0.054, 0.061, 0.043, 0.065, 0.062, 0.065, 0.051, 0.049, 0.057, 0.062, 0.049, 0.032, 0.043, 0.061, 0.054, 0.05, 0.042, 0.063, 0.036, 0.047, 0.052, 0.052, 0.04, 0.057, 0.055, 0.052, 0.055, 0.046, 0.071, 0.067, 0.048, 0.054, 0.068, 0.064, 0.06, 0.049, 0.051, 0.062, 0.078, 0.074, 0.069, 0.07, 0.04, 0.066, 0.066, 0.048, 0.085, 0.067, 0.067, 0.054, 0.063, 0.061, 0.078, 0.068, 0.059, 0.041, 0.043, 0.029, 0.05, 0.058, 0.052, 0.057, 0.071, 0.04, 0.039, 0.049, 0.032, 0.046, 0.042, 0.034, 0.034, 0.041, 0.04, 0.044, 0.061, 0.059, 0.053, 0.056, 0.04, 0.057, 0.042, 0.059, 0.072, 0.065]"
-8.0,12.5,2.0,3.0,0.1278,-2.1321,1.0059,"[0.124, 0.146, 0.142, 0.162, 0.192, 0.189, 0.177, 0.198, 0.212, 0.216, 0.234, 0.248, 0.253, 0.255, 0.234, 0.236, 0.233, 0.258, 0.226, 0.213, 0.196, 0.206, 0.17, 0.172, 0.156, 0.139, 0.148, 0.12, 0.111, 0.075, 0.084, 0.075, 0.052, 0.034, 0.021, 0.021, 0.012, 0.003, 0.01, 0.005, 0.0, 0.0, 0.0, 0.009, 0.005, 0.021, 0.037, 0.025, 0.052, 0.07, 0.064, 0.087, 0.094, 0.13, 0.129, 0.142, 0.171, 0.173, 0.206, 0.204, 0.213, 0.223, 0.238, 0.2, 0.243, 0.23, 0.228, 0.238, 0.237, 0.216, 0.216, 0.207, 0.205, 0.209, 0.189, 0.184, 0.161, 0.169, 0.137, 0.137, 0.114, 0.092, 0.108, 0.085, 0.058, 0.058, 0.038, 0.026, 0.013, 0.013, 0.011, 0.007, 0.008, 0.002, 0.0, 0.01, 0.003, 0.0, 0.022, 0.027, 0.034, 0.041, 0.069, 0.072, 0.083, 0.11, 0.118, 0.138, 0.147, 0.165, 0.16, 0.201, 0.181, 0.217, 0.216, 0.246, 0.231, 0.242, 0.217, 0.252, 0.244, 0.219, 0.226, 0.225, 0.232, 0.21, 0.19, 0.188, 0.186, 0.167, 0.162, 0.117, 0.146, 0.113, 0.103, 0.094, 0.085, 0.072, 0.04, 0.021, 0.033, 0.032, 0.018, 0.0, 0.025, 0.0, 0.01, 0.0, 0.02, 0.02, 0.012, 0.037, 0.035, 0.051, 0.053, 0.059, 0.098, 0.098, 0.093, 0.122]"
-8.0,15.0,0.5,0.0,0.0927,-2.4271,0.0276,"[0.094, 0.08, 0.086, 0.101, 0.081, 0.09, 0.084, 0.085, 0.086, 0.091, 0.087, 0.073, 0.101, 0.1, 0.091, 0.101, 0.096, 0.097, 0.092, 0.096, 0.078, 0.085, 0.073, 0.076, 0.1, 0.092, 0.082, 0.077, 0.073, 0.074, 0.08, 0.058, 0.095, 0.089, 0.09, 0.092, 0.085, 0.088, 0.085, 0.1, 0.077, 0.094, 0.075, 0.074, 0.071, 0.067, 0.089, 0.076, 0.09, 0.104, 0.083, 0.091, 0.098, 0.091, 0.089, 0.071, 0.09, 0.095, 0.107, 0.085, 0.101, 0.083, 0.098, 0.081, 0.09, 0.082, 0.089, 0.089, 0.089, 0.08, 0.088, 0.091, 0.085, 0.079, 0.08, 0.097, 0.087, 0.101, 0.084, 0.085, 0.092, 0.092, 0.099, 0.064, 0.091, 0.075, 0.084, 0.075, 0.088, 0.075, 0.067, 0.074, 0.097, 0.093, 0.099, 0.067, 0.104, 0.111, 0.077, 0.091, 0.081, 0.095, 0.104, 0.078, 0.075, 0.086, 0.125, 0.097, 0.094, 0.099, 0.101, 0.092, 0.088, 0.083, 0.091, 0.1, 0.1, 0.083, 0.087, 0.076, 0.099, 0.093, 0.085, 0.083, 0.078, 0.088, 0.102, 0.079, 0.073, 0.088, 0.098, 0.096, 0.098, 0.081, 0.095, 0.089, 0.083, 0.086, 0.094, 0.092, 0.091, 0.093, 0.082, 0.073, 0.079, 0.095, 0.072, 0.087, 0.089, 0.095, 0.075, 0.065, 0.082, 0.094, 0.102, 0.082, 0.08, 0.091, 0.11, 0.093]"
-8.0,15.0,0.5,3.0,0.5377,-2.0236,0.3885,"[0.532, 0.544, 0.58, 0.61, 0.615, 0.655, 0.664, 0.68, 0.687, 0.711, 0.724, 0.712, 0.731, 0.734, 0.73, 0.718, 0.703, 0.691, 0.665, 0.656, 0.64, 0.614, 0.601, 0.591, 0.568, 0.521, 0.52, 0.489, 0.448, 0.438, 0.412, 0.373, 0.364, 0.37, 0.336, 0.361, 0.348, 0.342, 0.321, 0.351, 0.357, 0.366, 0.379, 0.402, 0.395, 0.42, 0.434, 0.473, 0.487, 0.5, 0.539, 0.543, 0.588, 0.611, 0.628, 0.662, 0.652, 0.688, 0.702, 0.711, 0.731, 0.718, 0.725, 0.726, 0.716, 0.697, 0.718, 0.682, 0.667, 0.634, 0.637, 0.617, 0.605, 0.565, 0.546, 0.529, 0.508, 0.474, 0.444, 0.438, 0.418, 0.371, 0.376, 0.369, 0.356, 0.339, 0.332, 0.349, 0.34, 0.34, 0.348, 0.36, 0.372, 0.401, 0.412, 0.432, 0.448, 0.479, 0.488, 0.523, 0.53, 0.568, 0.589, 0.617, 0.634, 0.663, 0.669, 0.7, 0.719, 0.703, 0.727, 0.722, 0.735, 0.713, 0.73, 0.706, 0.697, 0.683, 0.658, 0.658, 0.624, 0.613, 0.582, 0.559, 0.546, 0.496, 0.464, 0.456, 0.44, 0.417, 0.393, 0.4, 0.381, 0.329, 0.34, 0.344, 0.339, 0.328, 0.352, 0.335, 0.353, 0.364, 0.381, 0.39, 0.419, 0.426, 0.46, 0.475, 0.518, 0.527, 0.556, 0.589, 0.604, 0.632, 0.633, 0.669, 0.679, 0.704, 0.712, 0.722]"
-8.0,15.0,1.0,0.0,0.0728,-2.5637,0.1569,"[0.061, 0.07, 0.059, 0.07, 0.075, 0.09, 0.082, 0.083, 0.077, 0.06, 0.07, 0.062, 0.084, 0.079, 0.08, 0.083, 0.072, 0.063, 0.071, 0.079, 0.057, 0.075, 0.06, 0.077, 0.057, 0.076, 0.053, 0.057, 0.072, 0.062, 0.043, 0.069, 0.04, 0.059, 0.081, 0.061, 0.056, 0.059, 0.048, 0.061, 0.082, 0.056, 0.053, 0.066, 0.07, 0.065, 0.061, 0.071, 0.052, 0.063, 0.046, 0.069, 0.069, 0.083, 0.065, 0.085, 0.073, 0.082, 0.084, 0.078, 0.08, 0.072, 0.09, 0.105, 0.063, 0.078, 0.074, 0.081, 0.059, 0.064, 0.091, 0.087, 0.056, 0.09, 0.062, 0.076, 0.066, 0.068, 0.066, 0.073, 0.058, 0.081, 0.072, 0.057, 0.061, 0.061, 0.056, 0.056, 0.068, 0.066, 0.055, 0.062, 0.051, 0.079, 0.071, 0.063, 0.067, 0.074, 0.062, 0.068, 0.077, 0.059, 0.077, 0.098, 0.057, 0.084, 0.063, 0.063, 0.073, 0.083, 0.083, 0.077, 0.067, 0.076, 0.059, 0.086, 0.073, 0.087, 0.066, 0.08, 0.056, 0.086, 0.076, 0.066, 0.065, 0.065, 0.067, 0.05, 0.061, 0.06, 0.073, 0.056, 0.051, 0.06, 0.066, 0.061, 0.06, 0.06, 0.058, 0.054, 0.052, 0.061, 0.065, 0.063, 0.045, 0.073, 0.051, 0.053, 0.057, 0.064, 0.069, 0.081, 0.082, 0.056, 0.056, 0.086, 0.074, 0.066, 0.083, 0.089]"
-8.0,15.0,1.0,3.0,0.2849,-2.0962,0.6066,"[0.296, 0.311, 0.326, 0.34, 0.378, 0.389, 0.413, 0.436, 0.433, 0.471, 0.457, 0.471, 0.461, 0.472, 0.454, 0.464, 0.474, 0.427, 0.401, 0.403, 0.395, 0.374, 0.348, 0.342, 0.305, 0.296, 0.261, 0.234, 0.223, 0.204, 0.202, 0.171, 0.155, 0.14, 0.123, 0.119, 0.111, 0.116, 0.1, 0.101, 0.117, 0.125, 0.148, 0.153, 0.18, 0.186, 0.233, 0.229, 0.257, 0.269, 0.293, 0.324, 0.341, 0.369, 0.392, 0.421, 0.424, 0.431, 0.439, 0.446, 0.456, 0.467, 0.478, 0.469, 0.459, 0.443, 0.438, 0.436, 0.425, 0.413, 0.395, 0.356, 0.339, 0.333, 0.313, 0.28, 0.274, 0.248, 0.222, 0.2, 0.161, 0.152, 0.147, 0.152, 0.14, 0.113, 0.125, 0.105, 0.09, 0.139, 0.105, 0.108, 0.151, 0.16, 0.183, 0.216, 0.227, 0.244, 0.251, 0.277, 0.31, 0.322, 0.356, 0.371, 0.386, 0.417, 0.419, 0.421, 0.459, 0.456, 0.46, 0.464, 0.461, 0.491, 0.447, 0.456, 0.444, 0.438, 0.411, 0.411, 0.377, 0.355, 0.34, 0.321, 0.306, 0.26, 0.26, 0.24, 0.217, 0.19, 0.168, 0.162, 0.146, 0.118, 0.133, 0.111, 0.108, 0.125, 0.119, 0.12, 0.126, 0.138, 0.153, 0.185, 0.166, 0.229, 0.247, 0.241, 0.269, 0.291, 0.322, 0.334, 0.358, 0.386, 0.374, 0.409, 0.428, 0.436, 0.433, 0.458]"
-8.0,15.0,2.0,0.0,0.0457,-2.4853,0.3734,"[0.042, 0.059, 0.058, 0.055, 0.075, 0.059, 0.08, 0.085, 0.077, 0.09, 0.103, 0.087, 0.078, 0.093, 0.061, 0.103, 0.08, 0.08, 0.06, 0.083, 0.073, 0.068, 0.061, 0.056, 0.054, 0.043, 0.058, 0.069, 0.055, 0.04, 0.049, 0.017, 0.059, 0.035, 0.044, 0.038, 0.044, 0.061, 0.016, 0.041, 0.042, 0.036, 0.034, 0.053, 0.045, 0.047, 0.047, 0.05, 0.061, 0.063, 0.052, 0.06, 0.076, 0.085, 0.087, 0.089, 0.077, 0.087, 0.082, 0.072, 0.079, 0.079, 0.09, 0.089, 0.08, 0.077, 0.072, 0.074, 0.074, 0.077, 0.072, 0.061, 0.061, 0.062, 0.066, 0.053, 0.041, 0.041, 0.053, 0.052, 0.04, 0.034, 0.028, 0.027, 0.035, 0.022, 0.039, 0.043, 0.024, 0.028, 0.038, 0.032, 0.044, 0.053, 0.044, 0.031, 0.052, 0.049, 0.061, 0.082, 0.051, 0.056, 0.069, 0.078, 0.092, 0.069, 0.067, 0.069, 0.074, 0.077, 0.082, 0.081, 0.068, 0.066, 0.079, 0.072, 0.072, 0.085, 0.081, 0.069, 0.081, 0.079, 0.079, 0.078, 0.058, 0.068, 0.051, 0.064, 0.047, 0.047, 0.035, 0.033, 0.045, 0.049, 0.028, 0.051, 0.05, 0.042, 0.047, 0.033, 0.025, 0.036, 0.054, 0.057, 0.034, 0.037, 0.042, 0.034, 0.05, 0.064, 0.032, 0.064, 0.081, 0.079, 0.076, 0.075, 0.087, 0.083, 0.076, 0.089]"
-8.0,15.0,2.0,3.0,0.1664,-2.0833,0.7857,"[0.172, 0.188, 0.22, 0.23, 0.248, 0.253, 0.273, 0.277, 0.281, 0.298, 0.294, 0.312, 0.29, 0.3, 0.293, 0.319, 0.283, 0.281, 0.251, 0.277, 0.238, 0.247, 0.206, 0.191, 0.193, 0.152, 0.155, 0.127, 0.14, 0.122, 0.102, 0.1, 0.06, 0.064, 0.039, 0.052, 0.043, 0.025, 0.038, 0.042, 0.046, 0.07, 0.05, 0.064, 0.053, 0.103, 0.119, 0.135, 0.142, 0.151, 0.163, 0.198, 0.2, 0.207, 0.249, 0.249, 0.267, 0.242, 0.285, 0.29, 0.317, 0.299, 0.272, 0.299, 0.299, 0.307, 0.287, 0.274, 0.266, 0.285, 0.247, 0.224, 0.222, 0.184, 0.171, 0.157, 0.127, 0.14, 0.106, 0.101, 0.08, 0.077, 0.083, 0.05, 0.042, 0.028, 0.035, 0.017, 0.054, 0.035, 0.037, 0.053, 0.071, 0.072, 0.099, 0.096, 0.107, 0.13, 0.145, 0.174, 0.189, 0.192, 0.196, 0.235, 0.23, 0.256, 0.274, 0.299, 0.311, 0.299, 0.278, 0.29, 0.301, 0.297, 0.299, 0.293, 0.272, 0.281, 0.254, 0.253, 0.257, 0.212, 0.208, 0.186, 0.163, 0.158, 0.132, 0.133, 0.116, 0.113, 0.09, 0.077, 0.039, 0.061, 0.053, 0.033, 0.057, 0.048, 0.042, 0.051, 0.054, 0.059, 0.065, 0.091, 0.076, 0.107, 0.135, 0.137, 0.161, 0.169, 0.176, 0.212, 0.233, 0.228, 0.253, 0.264, 0.268, 0.294, 0.288, 0.286]"
-8.0,17.5,0.5,0.0,0.1367,-2.3736,0.2197,"[0.121, 0.118, 0.13, 0.139, 0.131, 0.132, 0.135, 0.146, 0.144, 0.134, 0.139, 0.152, 0.149, 0.151, 0.167, 0.153, 0.13, 0.14, 0.147, 0.134, 0.128, 0.144, 0.127, 0.119, 0.115, 0.137, 0.106, 0.112, 0.109, 0.115, 0.097, 0.095, 0.11, 0.125, 0.094, 0.093, 0.125, 0.097, 0.098, 0.105, 0.11, 0.11, 0.12, 0.1, 0.115, 0.131, 0.101, 0.114, 0.138, 0.135, 0.131, 0.144, 0.148, 0.137, 0.148, 0.138, 0.163, 0.137, 0.152, 0.161, 0.172, 0.15, 0.178, 0.137, 0.152, 0.136, 0.157, 0.136, 0.124, 0.143, 0.123, 0.11, 0.117, 0.127, 0.112, 0.106, 0.108, 0.081, 0.132, 0.101, 0.11, 0.115, 0.089, 0.087, 0.117, 0.094, 0.1, 0.098, 0.079, 0.109, 0.114, 0.128, 0.116, 0.118, 0.133, 0.141, 0.123, 0.118, 0.164, 0.16, 0.14, 0.145, 0.15, 0.143, 0.147, 0.152, 0.138, 0.175, 0.134, 0.128, 0.157, 0.141, 0.147, 0.14, 0.133, 0.132, 0.134, 0.137, 0.115, 0.124, 0.111, 0.109, 0.101, 0.104, 0.092, 0.091, 0.092, 0.078, 0.09, 0.095, 0.104, 0.087, 0.102, 0.108, 0.104, 0.111, 0.114, 0.111, 0.111, 0.123, 0.114, 0.106, 0.125, 0.13, 0.14, 0.143, 0.138, 0.148, 0.158, 0.149, 0.142, 0.148, 0.16, 0.138, 0.158, 0.145, 0.16, 0.149, 0.15, 0.151]"
-8.0,17.5,0.5,3.0,0.7519,-2.0378,0.0539,"[0.773, 0.756, 0.763, 0.778, 0.796, 0.786, 0.783, 0.8, 0.792, 0.803, 0.801, 0.791, 0.812, 0.784, 0.79, 0.804, 0.824, 0.775, 0.788, 0.762, 0.779, 0.77, 0.772, 0.781, 0.771, 0.754, 0.76, 0.749, 0.734, 0.74, 0.742, 0.772, 0.746, 0.738, 0.712, 0.732, 0.744, 0.736, 0.744, 0.74, 0.748, 0.723, 0.761, 0.756, 0.765, 0.759, 0.767, 0.774, 0.77, 0.768, 0.77, 0.784, 0.78, 0.785, 0.81, 0.814, 0.796, 0.814, 0.8, 0.798, 0.805, 0.792, 0.794, 0.809, 0.795, 0.792, 0.782, 0.777, 0.777, 0.779, 0.77, 0.768, 0.739, 0.742, 0.742, 0.748, 0.744, 0.744, 0.731, 0.734, 0.749, 0.731, 0.711, 0.735, 0.743, 0.745, 0.732, 0.736, 0.749, 0.747, 0.755, 0.748, 0.762, 0.758, 0.766, 0.762, 0.769, 0.768, 0.77, 0.78, 0.797, 0.798, 0.807, 0.795, 0.786, 0.805, 0.801, 0.799, 0.788, 0.793, 0.801, 0.779, 0.769, 0.785, 0.771, 0.782, 0.767, 0.755, 0.762, 0.755, 0.751, 0.736, 0.755, 0.734, 0.751, 0.717, 0.741, 0.736, 0.727, 0.713, 0.731, 0.713, 0.729, 0.744, 0.737, 0.74, 0.76, 0.752, 0.772, 0.756, 0.774, 0.768, 0.777, 0.77, 0.785, 0.79, 0.792, 0.776, 0.807, 0.802, 0.805, 0.816, 0.801, 0.808, 0.808, 0.796, 0.797, 0.786, 0.766, 0.779]"
-8.0,17.5,1.0,0.0,0.0729,-2.3061,0.4639,"[0.112, 0.082, 0.104, 0.085, 0.112, 0.12, 0.106, 0.114, 0.114, 0.131, 0.13, 0.136, 0.127, 0.113, 0.116, 0.111, 0.113, 0.113, 0.11, 0.109, 0.087, 0.109, 0.098, 0.086, 0.079, 0.074, 0.071, 0.074, 0.063, 0.063, 0.058, 0.048, 0.035, 0.063, 0.054, 0.061, 0.043, 0.052, 0.045, 0.06, 0.072, 0.075, 0.064, 0.076, 0.079, 0.08, 0.088, 0.082, 0.08, 0.105, 0.094, 0.102, 0.11, 0.133, 0.121, 0.116, 0.114, 0.126, 0.126, 0.117, 0.129, 0.11, 0.113, 0.135, 0.106, 0.113, 0.113, 0.123, 0.115, 0.101, 0.078, 0.074, 0.073, 0.097, 0.073, 0.063, 0.061, 0.07, 0.047, 0.051, 0.047, 0.041, 0.045, 0.052, 0.052, 0.065, 0.048, 0.059, 0.049, 0.064, 0.054, 0.079, 0.098, 0.096, 0.087, 0.106, 0.087, 0.111, 0.136, 0.12, 0.116, 0.119, 0.128, 0.126, 0.123, 0.127, 0.112, 0.135, 0.136, 0.13, 0.117, 0.121, 0.117, 0.105, 0.115, 0.107, 0.103, 0.091, 0.067, 0.055, 0.067, 0.059, 0.062, 0.047, 0.044, 0.032, 0.036, 0.044, 0.042, 0.058, 0.045, 0.034, 0.049, 0.059, 0.034, 0.074, 0.07, 0.085, 0.081, 0.077, 0.086, 0.087, 0.106, 0.095, 0.111, 0.123, 0.118, 0.121, 0.127, 0.118, 0.105, 0.118, 0.121, 0.132, 0.118, 0.118, 0.13, 0.124, 0.128, 0.111]"
-8.0,17.5,1.0,3.0,0.4117,-1.9075,0.2256,"[0.402, 0.428, 0.433, 0.455, 0.455, 0.459, 0.474, 0.489, 0.478, 0.491, 0.482, 0.501, 0.497, 0.501, 0.502, 0.481, 0.484, 0.477, 0.46, 0.447, 0.462, 0.431, 0.42, 0.41, 0.406, 0.384, 0.37, 0.368, 0.364, 0.352, 0.333, 0.322, 0.317, 0.326, 0.326, 0.315, 0.315, 0.311, 0.326, 0.339, 0.332, 0.357, 0.345, 0.357, 0.374, 0.389, 0.396, 0.413, 0.425, 0.446, 0.446, 0.452, 0.469, 0.456, 0.467, 0.496, 0.486, 0.486, 0.5, 0.495, 0.504, 0.487, 0.499, 0.477, 0.482, 0.465, 0.446, 0.443, 0.434, 0.42, 0.402, 0.412, 0.389, 0.353, 0.366, 0.359, 0.325, 0.331, 0.34, 0.328, 0.324, 0.308, 0.311, 0.307, 0.304, 0.302, 0.354, 0.333, 0.351, 0.369, 0.369, 0.378, 0.393, 0.422, 0.414, 0.411, 0.426, 0.438, 0.456, 0.455, 0.469, 0.481, 0.498, 0.483, 0.501, 0.498, 0.502, 0.47, 0.472, 0.47, 0.492, 0.463, 0.45, 0.451, 0.462, 0.423, 0.412, 0.416, 0.397, 0.383, 0.368, 0.365, 0.325, 0.346, 0.323, 0.344, 0.335, 0.329, 0.34, 0.346, 0.321, 0.324, 0.336, 0.341, 0.318, 0.347, 0.351, 0.374, 0.385, 0.393, 0.397, 0.411, 0.446, 0.415, 0.48, 0.479, 0.467, 0.483, 0.482, 0.487, 0.488, 0.488, 0.503, 0.486, 0.493, 0.485, 0.503, 0.488, 0.461, 0.473]"
-8.0,17.5,2.0,0.0,0.0755,-2.4202,0.6829,"[0.055, 0.081, 0.081, 0.107, 0.084, 0.105, 0.091, 0.129, 0.116, 0.108, 0.129, 0.133, 0.12, 0.113, 0.102, 0.101, 0.095, 0.116, 0.112, 0.084, 0.102, 0.081, 0.072, 0.076, 0.064, 0.041, 0.049, 0.033, 0.024, 0.03, 0.032, 0.015, 0.027, 0.025, 0.03, 0.02, 0.03, 0.032, 0.01, 0.046, 0.044, 0.033, 0.031, 0.055, 0.045, 0.047, 0.061, 0.083, 0.091, 0.102, 0.086, 0.093, 0.098, 0.097, 0.101, 0.107, 0.132, 0.106, 0.118, 0.122, 0.136, 0.116, 0.108, 0.098, 0.095, 0.099, 0.091, 0.088, 0.088, 0.07, 0.074, 0.074, 0.039, 0.053, 0.06, 0.045, 0.03, 0.038, 0.023, 0.035, 0.028, 0.042, 0.021, 0.027, 0.021, 0.028, 0.021, 0.046, 0.04, 0.043, 0.057, 0.069, 0.082, 0.057, 0.079, 0.088, 0.084, 0.084, 0.107, 0.091, 0.109, 0.102, 0.112, 0.098, 0.105, 0.098, 0.142, 0.1, 0.122, 0.102, 0.083, 0.105, 0.124, 0.085, 0.105, 0.101, 0.064, 0.051, 0.054, 0.067, 0.03, 0.05, 0.041, 0.028, 0.026, 0.026, 0.026, 0.04, 0.018, 0.021, 0.029, 0.015, 0.043, 0.022, 0.039, 0.036, 0.044, 0.069, 0.058, 0.054, 0.058, 0.086, 0.084, 0.081, 0.102, 0.089, 0.093, 0.104, 0.106, 0.095, 0.109, 0.121, 0.112, 0.115, 0.104, 0.115, 0.114, 0.12, 0.098, 0.094]"
-8.0,17.5,2.0,3.0,0.2163,-1.9598,0.4653,"[0.236, 0.233, 0.246, 0.265, 0.266, 0.314, 0.293, 0.326, 0.312, 0.339, 0.345, 0.318, 0.334, 0.351, 0.331, 0.334, 0.321, 0.318, 0.312, 0.286, 0.276, 0.259, 0.236, 0.241, 0.221, 0.219, 0.212, 0.174, 0.163, 0.15, 0.161, 0.124, 0.135, 0.112, 0.138, 0.13, 0.117, 0.144, 0.123, 0.138, 0.123, 0.161, 0.162, 0.175, 0.181, 0.193, 0.213, 0.245, 0.251, 0.252, 0.252, 0.306, 0.273, 0.319, 0.322, 0.322, 0.324, 0.341, 0.346, 0.346, 0.344, 0.314, 0.317, 0.31, 0.308, 0.3, 0.296, 0.272, 0.267, 0.242, 0.252, 0.21, 0.196, 0.192, 0.188, 0.157, 0.151, 0.141, 0.126, 0.125, 0.119, 0.136, 0.124, 0.119, 0.146, 0.15, 0.156, 0.143, 0.167, 0.19, 0.176, 0.191, 0.203, 0.224, 0.254, 0.251, 0.258, 0.276, 0.301, 0.272, 0.314, 0.317, 0.319, 0.313, 0.34, 0.332, 0.339, 0.321, 0.309, 0.31, 0.312, 0.287, 0.296, 0.299, 0.245, 0.249, 0.24, 0.226, 0.227, 0.195, 0.183, 0.17, 0.167, 0.168, 0.142, 0.15, 0.13, 0.112, 0.134, 0.122, 0.139, 0.136, 0.143, 0.133, 0.14, 0.159, 0.157, 0.173, 0.189, 0.198, 0.224, 0.239, 0.248, 0.254, 0.271, 0.294, 0.3, 0.313, 0.312, 0.331, 0.339, 0.321, 0.331, 0.318, 0.34, 0.349, 0.329, 0.311, 0.304, 0.297]"
-8.0,20.0,0.5,0.0,0.216,-2.3738,0.7903,"[0.2, 0.22, 0.247, 0.257, 0.279, 0.307, 0.32, 0.334, 0.354, 0.351, 0.355, 0.365, 0.375, 0.348, 0.35, 0.332, 0.312, 0.306, 0.294, 0.26, 0.259, 0.222, 0.199, 0.189, 0.162, 0.131, 0.106, 0.118, 0.086, 0.09, 0.055, 0.055, 0.034, 0.035, 0.042, 0.067, 0.06, 0.079, 0.101, 0.106, 0.123, 0.135, 0.169, 0.179, 0.209, 0.217, 0.249, 0.268, 0.28, 0.287, 0.321, 0.336, 0.333, 0.353, 0.36, 0.37, 0.361, 0.361, 0.345, 0.334, 0.322, 0.304, 0.289, 0.277, 0.257, 0.234, 0.21, 0.198, 0.176, 0.143, 0.137, 0.118, 0.089, 0.067, 0.058, 0.054, 0.044, 0.035, 0.035, 0.045, 0.05, 0.047, 0.087, 0.104, 0.117, 0.109, 0.149, 0.177, 0.207, 0.238, 0.239, 0.262, 0.285, 0.293, 0.308, 0.338, 0.348, 0.348, 0.34, 0.337, 0.358, 0.354, 0.346, 0.347, 0.328, 0.291, 0.314, 0.25, 0.249, 0.223, 0.216, 0.176, 0.173, 0.142, 0.132, 0.082, 0.088, 0.082, 0.052, 0.057, 0.051, 0.047, 0.041, 0.056, 0.058, 0.067, 0.071, 0.081, 0.113, 0.12, 0.161, 0.189, 0.184, 0.205, 0.239, 0.26, 0.277, 0.301, 0.32, 0.32, 0.331, 0.33, 0.338, 0.349, 0.355, 0.364, 0.356, 0.345, 0.326, 0.336, 0.285, 0.276, 0.262, 0.226, 0.212, 0.178, 0.167, 0.164, 0.13, 0.129]"
-8.0,20.0,0.5,3.0,0.9635,-1.8987,0.0082,"[0.995, 0.98, 0.967, 0.991, 0.997, 0.997, 0.987, 0.994, 0.988, 0.973, 0.994, 0.981, 1.001, 0.979, 0.98, 0.972, 0.99, 1.001, 0.99, 0.982, 0.977, 0.975, 0.993, 0.974, 0.959, 1.01, 0.983, 0.976, 0.973, 0.985, 0.968, 0.973, 0.983, 0.97, 0.967, 0.974, 0.976, 0.977, 0.977, 0.982, 0.973, 0.983, 0.974, 0.979, 0.974, 0.963, 0.984, 0.992, 0.984, 0.97, 0.969, 0.991, 0.987, 0.984, 0.991, 0.989, 0.984, 0.997, 1.0, 0.995, 0.99, 0.983, 0.982, 0.989, 0.976, 0.981, 0.975, 0.98, 0.972, 0.978, 0.976, 0.99, 0.991, 0.985, 0.964, 0.985, 0.988, 0.976, 0.987, 0.988, 0.963, 0.989, 0.977, 0.966, 0.981, 0.976, 0.989, 0.987, 0.986, 0.973, 0.977, 0.978, 0.988, 0.996, 0.988, 0.974, 0.978, 0.987, 0.994, 0.982, 0.989, 0.967, 0.977, 0.99, 0.958, 0.993, 0.986, 0.983, 0.961, 0.991, 1.001, 0.978, 0.976, 0.977, 0.987, 0.99, 0.985, 0.977, 0.99, 0.968, 0.991, 0.992, 0.975, 0.997, 0.989, 0.979, 0.976, 0.987, 0.973, 0.994, 0.975, 1.005, 0.984, 0.968, 0.994, 0.978, 0.963, 1.001, 1.01, 0.988, 0.989, 0.987, 0.989, 0.98, 0.983, 0.981, 0.983, 0.97, 0.992, 0.983, 0.989, 0.987, 0.959, 0.986, 0.989, 0.972, 0.981, 0.977, 0.984, 0.978]"
-8.0,20.0,1.0,0.0,0.1238,-2.2147,0.8838,"[0.13, 0.166, 0.157, 0.155, 0.2, 0.209, 0.202, 0.228, 0.23, 0.224, 0.239, 0.231, 0.222, 0.231, 0.234, 0.22, 0.204, 0.205, 0.185, 0.164, 0.161, 0.141, 0.146, 0.121, 0.104, 0.064, 0.075, 0.064, 0.027, 0.025, 0.018, 0.031, 0.028, 0.007, 0.004, 0.0, 0.008, 0.024, 0.034, 0.051, 0.07, 0.08, 0.086, 0.107, 0.115, 0.135, 0.152, 0.177, 0.193, 0.188, 0.208, 0.225, 0.224, 0.228, 0.245, 0.243, 0.236, 0.224, 0.213, 0.223, 0.218, 0.191, 0.199, 0.172, 0.143, 0.15, 0.129, 0.113, 0.107, 0.099, 0.075, 0.052, 0.028, 0.041, 0.027, 0.013, 0.011, 0.03, 0.025, 0.029, 0.034, 0.033, 0.028, 0.051, 0.068, 0.074, 0.092, 0.111, 0.13, 0.146, 0.148, 0.154, 0.197, 0.198, 0.203, 0.198, 0.232, 0.236, 0.232, 0.241, 0.251, 0.221, 0.241, 0.213, 0.202, 0.201, 0.205, 0.17, 0.162, 0.133, 0.138, 0.108, 0.097, 0.095, 0.065, 0.063, 0.05, 0.039, 0.018, 0.023, 0.015, 0.012, 0.022, 0.005, 0.015, 0.028, 0.052, 0.029, 0.061, 0.071, 0.095, 0.095, 0.116, 0.125, 0.145, 0.171, 0.183, 0.19, 0.213, 0.239, 0.215, 0.235, 0.235, 0.248, 0.231, 0.245, 0.229, 0.222, 0.217, 0.207, 0.184, 0.18, 0.179, 0.139, 0.14, 0.13, 0.103, 0.086, 0.074, 0.051]"
-8.0,20.0,1.0,3.0,0.5278,-1.8793,0.0486,"[0.516, 0.509, 0.526, 0.514, 0.526, 0.503, 0.533, 0.536, 0.528, 0.532, 0.531, 0.545, 0.532, 0.551, 0.55, 0.535, 0.548, 0.545, 0.532, 0.516, 0.526, 0.521, 0.51, 0.533, 0.516, 0.494, 0.508, 0.501, 0.503, 0.495, 0.482, 0.504, 0.511, 0.489, 0.492, 0.505, 0.49, 0.505, 0.497, 0.492, 0.497, 0.505, 0.509, 0.5, 0.517, 0.496, 0.528, 0.532, 0.52, 0.53, 0.528, 0.53, 0.533, 0.536, 0.533, 0.541, 0.553, 0.542, 0.534, 0.547, 0.544, 0.54, 0.532, 0.53, 0.529, 0.531, 0.509, 0.512, 0.519, 0.508, 0.505, 0.51, 0.49, 0.506, 0.486, 0.49, 0.477, 0.488, 0.499, 0.495, 0.492, 0.5, 0.502, 0.489, 0.513, 0.511, 0.494, 0.527, 0.512, 0.507, 0.508, 0.508, 0.522, 0.522, 0.521, 0.531, 0.551, 0.53, 0.534, 0.544, 0.556, 0.539, 0.541, 0.544, 0.538, 0.515, 0.521, 0.533, 0.518, 0.507, 0.514, 0.519, 0.515, 0.508, 0.486, 0.504, 0.486, 0.503, 0.499, 0.489, 0.48, 0.504, 0.496, 0.484, 0.509, 0.496, 0.491, 0.51, 0.51, 0.51, 0.51, 0.499, 0.503, 0.513, 0.5, 0.526, 0.525, 0.529, 0.547, 0.522, 0.537, 0.525, 0.55, 0.528, 0.557, 0.528, 0.54, 0.54, 0.542, 0.521, 0.517, 0.522, 0.53, 0.521, 0.528, 0.506, 0.508, 0.507, 0.504, 0.508]"
-8.0,20.0,2.0,0.0,0.0814,-2.2804,0.9531,"[0.091, 0.103, 0.122, 0.123, 0.13, 0.159, 0.154, 0.164, 0.147, 0.166, 0.181, 0.172, 0.169, 0.149, 0.162, 0.17, 0.151, 0.147, 0.13, 0.12, 0.113, 0.106, 0.097, 0.084, 0.062, 0.057, 0.032, 0.037, 0.006, 0.004, 0.015, 0.014, 0.0, 0.011, 0.004, 0.02, 0.027, 0.0, 0.044, 0.042, 0.048, 0.049, 0.068, 0.078, 0.095, 0.101, 0.115, 0.128, 0.112, 0.138, 0.149, 0.153, 0.174, 0.183, 0.171, 0.172, 0.171, 0.152, 0.155, 0.15, 0.16, 0.14, 0.134, 0.123, 0.111, 0.124, 0.092, 0.093, 0.061, 0.045, 0.055, 0.038, 0.034, 0.038, 0.016, 0.014, 0.003, 0.007, 0.008, 0.013, 0.014, 0.001, 0.038, 0.032, 0.056, 0.042, 0.056, 0.07, 0.08, 0.099, 0.118, 0.132, 0.124, 0.133, 0.155, 0.145, 0.168, 0.164, 0.165, 0.142, 0.173, 0.18, 0.153, 0.163, 0.158, 0.14, 0.141, 0.136, 0.118, 0.11, 0.09, 0.089, 0.052, 0.066, 0.06, 0.03, 0.021, 0.038, 0.019, 0.0, 0.005, 0.0, 0.003, 0.007, 0.017, 0.016, 0.038, 0.031, 0.02, 0.055, 0.06, 0.069, 0.093, 0.102, 0.097, 0.119, 0.143, 0.138, 0.133, 0.158, 0.157, 0.166, 0.159, 0.174, 0.165, 0.177, 0.179, 0.163, 0.145, 0.139, 0.14, 0.131, 0.112, 0.104, 0.101, 0.094, 0.071, 0.066, 0.049, 0.043]"
-8.0,20.0,2.0,3.0,0.2834,-1.8949,0.2232,"[0.286, 0.295, 0.29, 0.311, 0.294, 0.328, 0.342, 0.327, 0.334, 0.349, 0.333, 0.347, 0.334, 0.345, 0.334, 0.305, 0.317, 0.321, 0.334, 0.305, 0.293, 0.295, 0.253, 0.288, 0.273, 0.254, 0.259, 0.248, 0.237, 0.239, 0.228, 0.228, 0.23, 0.22, 0.223, 0.214, 0.215, 0.215, 0.241, 0.24, 0.238, 0.253, 0.254, 0.275, 0.291, 0.303, 0.296, 0.304, 0.295, 0.306, 0.34, 0.333, 0.347, 0.32, 0.34, 0.325, 0.32, 0.331, 0.356, 0.325, 0.341, 0.32, 0.329, 0.316, 0.315, 0.288, 0.287, 0.278, 0.293, 0.269, 0.251, 0.266, 0.261, 0.228, 0.233, 0.223, 0.209, 0.225, 0.193, 0.226, 0.227, 0.231, 0.234, 0.238, 0.231, 0.242, 0.263, 0.271, 0.288, 0.284, 0.286, 0.302, 0.29, 0.321, 0.331, 0.344, 0.338, 0.327, 0.334, 0.34, 0.335, 0.329, 0.332, 0.344, 0.333, 0.332, 0.31, 0.324, 0.306, 0.299, 0.286, 0.253, 0.283, 0.264, 0.244, 0.267, 0.241, 0.231, 0.221, 0.221, 0.209, 0.219, 0.222, 0.23, 0.209, 0.223, 0.223, 0.25, 0.254, 0.235, 0.259, 0.284, 0.286, 0.283, 0.3, 0.311, 0.329, 0.314, 0.338, 0.325, 0.329, 0.336, 0.342, 0.349, 0.341, 0.336, 0.33, 0.341, 0.331, 0.328, 0.323, 0.326, 0.315, 0.303, 0.286, 0.266, 0.266, 0.262, 0.248, 0.254]"
-8.0,22.5,0.5,0.0,0.3409,-2.1791,0.9416,"[0.338, 0.381, 0.437, 0.462, 0.504, 0.544, 0.584, 0.609, 0.657, 0.63, 0.647, 0.643, 0.643, 0.633, 0.606, 0.581, 0.541, 0.524, 0.462, 0.391, 0.371, 0.354, 0.271, 0.242, 0.186, 0.158, 0.128, 0.081, 0.073, 0.051, 0.03, 0.02, 0.019, 0.021, 0.033, 0.071, 0.096, 0.129, 0.173, 0.204, 0.261, 0.278, 0.359, 0.387, 0.426, 0.476, 0.533, 0.546, 0.585, 0.599, 0.632, 0.653, 0.649, 0.642, 0.633, 0.623, 0.605, 0.581, 0.529, 0.496, 0.474, 0.421, 0.371, 0.33, 0.252, 0.237, 0.212, 0.148, 0.115, 0.078, 0.047, 0.033, 0.034, 0.026, 0.014, 0.025, 0.041, 0.071, 0.095, 0.13, 0.158, 0.227, 0.258, 0.296, 0.34, 0.391, 0.452, 0.498, 0.516, 0.554, 0.571, 0.596, 0.632, 0.639, 0.643, 0.639, 0.638, 0.62, 0.606, 0.593, 0.523, 0.483, 0.469, 0.408, 0.37, 0.304, 0.258, 0.232, 0.168, 0.156, 0.115, 0.07, 0.068, 0.041, 0.022, 0.021, 0.004, 0.02, 0.058, 0.076, 0.117, 0.141, 0.163, 0.207, 0.254, 0.303, 0.357, 0.414, 0.454, 0.502, 0.533, 0.559, 0.579, 0.622, 0.632, 0.651, 0.641, 0.66, 0.649, 0.607, 0.595, 0.547, 0.519, 0.48, 0.44, 0.398, 0.347, 0.309, 0.246, 0.226, 0.164, 0.134, 0.097, 0.083, 0.046, 0.048, 0.027, 0.011, 0.022, 0.035]"
-8.0,22.5,0.5,3.0,1.1354,-1.7106,0.0013,"[1.127, 1.14, 1.131, 1.128, 1.124, 1.145, 1.12, 1.14, 1.135, 1.129, 1.128, 1.135, 1.129, 1.129, 1.145, 1.133, 1.135, 1.127, 1.145, 1.147, 1.137, 1.149, 1.129, 1.144, 1.131, 1.13, 1.149, 1.131, 1.125, 1.117, 1.135, 1.124, 1.154, 1.152, 1.105, 1.151, 1.127, 1.147, 1.145, 1.148, 1.153, 1.123, 1.124, 1.143, 1.136, 1.142, 1.131, 1.144, 1.122, 1.154, 1.159, 1.117, 1.15, 1.117, 1.141, 1.125, 1.139, 1.122, 1.139, 1.133, 1.132, 1.138, 1.118, 1.141, 1.132, 1.119, 1.142, 1.129, 1.134, 1.138, 1.134, 1.134, 1.141, 1.132, 1.145, 1.146, 1.129, 1.129, 1.141, 1.151, 1.146, 1.126, 1.132, 1.127, 1.149, 1.139, 1.125, 1.13, 1.125, 1.131, 1.14, 1.129, 1.136, 1.138, 1.116, 1.118, 1.13, 1.126, 1.139, 1.131, 1.142, 1.14, 1.143, 1.129, 1.133, 1.155, 1.124, 1.141, 1.145, 1.139, 1.144, 1.135, 1.14, 1.137, 1.121, 1.133, 1.12, 1.141, 1.137, 1.144, 1.123, 1.136, 1.136, 1.155, 1.133, 1.129, 1.135, 1.151, 1.143, 1.141, 1.132, 1.133, 1.15, 1.131, 1.13, 1.118, 1.119, 1.146, 1.115, 1.151, 1.132, 1.138, 1.145, 1.129, 1.141, 1.125, 1.128, 1.139, 1.139, 1.138, 1.149, 1.134, 1.151, 1.135, 1.141, 1.142, 1.13, 1.137, 1.12, 1.136]"
-8.0,22.5,1.0,0.0,0.1792,-2.1891,0.975,"[0.21, 0.203, 0.235, 0.263, 0.296, 0.311, 0.326, 0.348, 0.35, 0.377, 0.38, 0.364, 0.381, 0.351, 0.347, 0.338, 0.318, 0.279, 0.275, 0.244, 0.236, 0.196, 0.176, 0.125, 0.093, 0.098, 0.067, 0.063, 0.041, 0.028, 0.014, 0.0, 0.0, 0.0, 0.015, 0.033, 0.048, 0.068, 0.069, 0.117, 0.156, 0.16, 0.182, 0.208, 0.245, 0.273, 0.302, 0.329, 0.33, 0.35, 0.35, 0.38, 0.373, 0.374, 0.385, 0.364, 0.367, 0.341, 0.309, 0.28, 0.265, 0.25, 0.199, 0.179, 0.149, 0.126, 0.109, 0.083, 0.062, 0.028, 0.034, 0.026, 0.007, 0.0, 0.015, 0.026, 0.026, 0.028, 0.041, 0.077, 0.078, 0.105, 0.147, 0.188, 0.212, 0.232, 0.234, 0.256, 0.302, 0.343, 0.334, 0.366, 0.371, 0.369, 0.373, 0.359, 0.375, 0.354, 0.356, 0.328, 0.307, 0.266, 0.266, 0.241, 0.221, 0.172, 0.156, 0.13, 0.088, 0.072, 0.045, 0.028, 0.021, 0.008, 0.008, 0.012, 0.014, 0.022, 0.021, 0.032, 0.042, 0.082, 0.108, 0.135, 0.153, 0.172, 0.194, 0.219, 0.24, 0.295, 0.311, 0.351, 0.344, 0.36, 0.373, 0.382, 0.371, 0.375, 0.377, 0.375, 0.336, 0.329, 0.308, 0.281, 0.269, 0.255, 0.208, 0.169, 0.135, 0.122, 0.107, 0.072, 0.057, 0.057, 0.03, 0.014, 0.0, 0.014, 0.014, 0.023]"
-8.0,22.5,1.0,3.0,0.5963,-1.7852,0.0174,"[0.578, 0.594, 0.604, 0.587, 0.605, 0.595, 0.596, 0.605, 0.588, 0.582, 0.593, 0.599, 0.599, 0.598, 0.588, 0.599, 0.593, 0.609, 0.603, 0.598, 0.591, 0.589, 0.59, 0.594, 0.601, 0.576, 0.585, 0.602, 0.584, 0.581, 0.6, 0.594, 0.592, 0.596, 0.587, 0.59, 0.591, 0.587, 0.587, 0.582, 0.587, 0.588, 0.574, 0.599, 0.596, 0.609, 0.581, 0.584, 0.604, 0.583, 0.595, 0.593, 0.611, 0.595, 0.595, 0.597, 0.586, 0.59, 0.583, 0.6, 0.6, 0.585, 0.59, 0.594, 0.578, 0.597, 0.58, 0.574, 0.591, 0.596, 0.599, 0.594, 0.583, 0.608, 0.59, 0.58, 0.599, 0.593, 0.61, 0.606, 0.587, 0.579, 0.587, 0.569, 0.593, 0.603, 0.594, 0.599, 0.602, 0.609, 0.596, 0.593, 0.59, 0.611, 0.589, 0.614, 0.592, 0.587, 0.599, 0.597, 0.578, 0.601, 0.575, 0.611, 0.578, 0.595, 0.597, 0.601, 0.577, 0.596, 0.579, 0.592, 0.57, 0.595, 0.602, 0.587, 0.59, 0.596, 0.593, 0.574, 0.578, 0.586, 0.592, 0.587, 0.593, 0.602, 0.589, 0.582, 0.598, 0.606, 0.597, 0.59, 0.593, 0.59, 0.598, 0.574, 0.596, 0.594, 0.604, 0.581, 0.583, 0.598, 0.607, 0.592, 0.591, 0.585, 0.593, 0.582, 0.578, 0.597, 0.582, 0.597, 0.59, 0.6, 0.579, 0.597, 0.589, 0.575, 0.582, 0.583]"
-8.0,22.5,2.0,0.0,0.1023,-2.1774,0.9933,"[0.117, 0.148, 0.157, 0.17, 0.194, 0.192, 0.232, 0.241, 0.227, 0.238, 0.238, 0.234, 0.246, 0.217, 0.22, 0.218, 0.216, 0.2, 0.164, 0.147, 0.133, 0.134, 0.106, 0.113, 0.074, 0.069, 0.038, 0.018, 0.041, 0.0, 0.007, 0.003, 0.0, 0.009, 0.009, 0.01, 0.016, 0.046, 0.048, 0.066, 0.08, 0.098, 0.122, 0.129, 0.155, 0.181, 0.196, 0.199, 0.208, 0.237, 0.237, 0.243, 0.252, 0.249, 0.245, 0.212, 0.216, 0.198, 0.212, 0.181, 0.161, 0.155, 0.141, 0.121, 0.099, 0.093, 0.062, 0.035, 0.032, 0.02, 0.022, 0.018, 0.0, 0.0, 0.022, 0.008, 0.0, 0.004, 0.033, 0.039, 0.071, 0.069, 0.09, 0.103, 0.125, 0.145, 0.175, 0.181, 0.194, 0.214, 0.231, 0.214, 0.227, 0.24, 0.24, 0.233, 0.216, 0.226, 0.224, 0.224, 0.197, 0.182, 0.158, 0.149, 0.127, 0.119, 0.101, 0.093, 0.066, 0.053, 0.021, 0.027, 0.022, 0.009, 0.003, 0.0, 0.02, 0.0, 0.026, 0.026, 0.028, 0.051, 0.065, 0.067, 0.104, 0.114, 0.122, 0.162, 0.17, 0.184, 0.205, 0.208, 0.228, 0.236, 0.229, 0.237, 0.235, 0.253, 0.22, 0.231, 0.233, 0.196, 0.195, 0.192, 0.16, 0.148, 0.127, 0.102, 0.09, 0.07, 0.045, 0.06, 0.037, 0.018, 0.008, 0.003, 0.0, 0.0, 0.0, 0.015]"
-8.0,22.5,2.0,3.0,0.3139,-1.6696,0.093,"[0.33, 0.323, 0.332, 0.325, 0.347, 0.324, 0.332, 0.331, 0.342, 0.344, 0.331, 0.333, 0.332, 0.328, 0.334, 0.356, 0.338, 0.327, 0.328, 0.312, 0.309, 0.312, 0.305, 0.323, 0.33, 0.317, 0.297, 0.303, 0.306, 0.304, 0.314, 0.286, 0.3, 0.298, 0.297, 0.286, 0.289, 0.319, 0.317, 0.3, 0.297, 0.319, 0.321, 0.309, 0.349, 0.344, 0.324, 0.35, 0.342, 0.349, 0.334, 0.35, 0.366, 0.356, 0.351, 0.324, 0.349, 0.343, 0.328, 0.33, 0.33, 0.333, 0.309, 0.321, 0.332, 0.319, 0.3, 0.31, 0.31, 0.282, 0.304, 0.3, 0.283, 0.317, 0.302, 0.297, 0.292, 0.303, 0.308, 0.32, 0.308, 0.299, 0.315, 0.318, 0.339, 0.329, 0.333, 0.327, 0.339, 0.329, 0.341, 0.35, 0.343, 0.355, 0.358, 0.355, 0.344, 0.333, 0.33, 0.344, 0.338, 0.332, 0.325, 0.327, 0.309, 0.313, 0.314, 0.32, 0.32, 0.288, 0.289, 0.31, 0.302, 0.306, 0.292, 0.293, 0.291, 0.272, 0.289, 0.291, 0.295, 0.297, 0.3, 0.31, 0.321, 0.291, 0.313, 0.317, 0.314, 0.344, 0.324, 0.342, 0.332, 0.354, 0.335, 0.335, 0.342, 0.359, 0.348, 0.335, 0.342, 0.332, 0.35, 0.34, 0.329, 0.328, 0.316, 0.319, 0.322, 0.321, 0.305, 0.285, 0.311, 0.296, 0.309, 0.284, 0.302, 0.296, 0.294, 0.314]"
-8.0,25.0,0.5,0.0,0.5375,-2.1426,0.3747,"[0.518, 0.552, 0.59, 0.618, 0.657, 0.68, 0.684, 0.697, 0.714, 0.726, 0.714, 0.711, 0.708, 0.699, 0.683, 0.647, 0.639, 0.603, 0.588, 0.545, 0.53, 0.494, 0.481, 0.441, 0.41, 0.389, 0.37, 0.348, 0.341, 0.332, 0.332, 0.334, 0.343, 0.359, 0.382, 0.407, 0.415, 0.434, 0.485, 0.529, 0.544, 0.566, 0.601, 0.628, 0.652, 0.666, 0.704, 0.701, 0.729, 0.73, 0.74, 0.729, 0.69, 0.686, 0.683, 0.678, 0.633, 0.596, 0.588, 0.566, 0.511, 0.483, 0.475, 0.419, 0.395, 0.373, 0.367, 0.348, 0.335, 0.345, 0.344, 0.355, 0.35, 0.371, 0.37, 0.41, 0.436, 0.448, 0.491, 0.518, 0.551, 0.586, 0.608, 0.645, 0.647, 0.671, 0.696, 0.704, 0.723, 0.722, 0.722, 0.717, 0.713, 0.696, 0.681, 0.651, 0.612, 0.61, 0.565, 0.545, 0.511, 0.503, 0.425, 0.418, 0.404, 0.363, 0.361, 0.332, 0.34, 0.336, 0.344, 0.345, 0.343, 0.368, 0.39, 0.4, 0.444, 0.468, 0.476, 0.523, 0.543, 0.564, 0.607, 0.636, 0.685, 0.679, 0.702, 0.717, 0.719, 0.728, 0.717, 0.707, 0.701, 0.679, 0.678, 0.648, 0.618, 0.601, 0.559, 0.504, 0.498, 0.481, 0.455, 0.406, 0.388, 0.381, 0.343, 0.342, 0.341, 0.349, 0.333, 0.33, 0.348, 0.396, 0.395, 0.427, 0.441, 0.462, 0.489, 0.526]"
-8.0,25.0,0.5,3.0,1.2069,-1.5869,0.0024,"[1.215, 1.223, 1.226, 1.232, 1.223, 1.231, 1.223, 1.23, 1.226, 1.228, 1.228, 1.225, 1.238, 1.232, 1.228, 1.221, 1.25, 1.242, 1.216, 1.232, 1.239, 1.231, 1.226, 1.22, 1.231, 1.217, 1.222, 1.221, 1.231, 1.24, 1.221, 1.222, 1.239, 1.221, 1.198, 1.245, 1.236, 1.234, 1.23, 1.225, 1.208, 1.224, 1.224, 1.225, 1.232, 1.241, 1.225, 1.224, 1.241, 1.218, 1.226, 1.227, 1.218, 1.223, 1.223, 1.234, 1.223, 1.224, 1.231, 1.221, 1.217, 1.253, 1.226, 1.229, 1.224, 1.211, 1.221, 1.215, 1.232, 1.23, 1.232, 1.216, 1.206, 1.204, 1.23, 1.222, 1.213, 1.232, 1.235, 1.226, 1.22, 1.224, 1.238, 1.237, 1.224, 1.228, 1.272, 1.247, 1.227, 1.241, 1.23, 1.241, 1.219, 1.234, 1.237, 1.226, 1.222, 1.229, 1.213, 1.222, 1.221, 1.235, 1.231, 1.233, 1.238, 1.215, 1.243, 1.235, 1.213, 1.234, 1.232, 1.23, 1.217, 1.226, 1.233, 1.227, 1.213, 1.223, 1.23, 1.225, 1.245, 1.234, 1.234, 1.228, 1.222, 1.243, 1.223, 1.227, 1.226, 1.213, 1.231, 1.236, 1.221, 1.224, 1.218, 1.245, 1.231, 1.24, 1.222, 1.232, 1.211, 1.221, 1.247, 1.231, 1.223, 1.208, 1.228, 1.222, 1.235, 1.212, 1.236, 1.222, 1.216, 1.228, 1.245, 1.234, 1.23, 1.221, 1.241, 1.23]"
-8.0,25.0,1.0,0.0,0.2815,-1.9877,0.6208,"[0.289, 0.33, 0.338, 0.365, 0.393, 0.42, 0.427, 0.438, 0.456, 0.459, 0.483, 0.443, 0.466, 0.426, 0.43, 0.402, 0.376, 0.381, 0.349, 0.315, 0.288, 0.251, 0.227, 0.2, 0.178, 0.16, 0.158, 0.137, 0.124, 0.106, 0.119, 0.092, 0.118, 0.124, 0.147, 0.167, 0.187, 0.216, 0.244, 0.283, 0.289, 0.316, 0.35, 0.38, 0.4, 0.438, 0.446, 0.464, 0.465, 0.466, 0.441, 0.463, 0.451, 0.44, 0.437, 0.394, 0.396, 0.367, 0.337, 0.315, 0.262, 0.256, 0.21, 0.204, 0.165, 0.15, 0.136, 0.125, 0.121, 0.121, 0.138, 0.111, 0.128, 0.138, 0.144, 0.155, 0.188, 0.216, 0.244, 0.261, 0.3, 0.329, 0.348, 0.39, 0.387, 0.427, 0.438, 0.454, 0.465, 0.468, 0.445, 0.458, 0.456, 0.444, 0.414, 0.391, 0.385, 0.359, 0.317, 0.287, 0.268, 0.237, 0.22, 0.207, 0.159, 0.151, 0.129, 0.132, 0.125, 0.104, 0.125, 0.128, 0.127, 0.149, 0.145, 0.199, 0.203, 0.24, 0.248, 0.266, 0.315, 0.33, 0.357, 0.39, 0.417, 0.431, 0.454, 0.453, 0.476, 0.473, 0.453, 0.464, 0.448, 0.426, 0.422, 0.4, 0.379, 0.336, 0.298, 0.289, 0.262, 0.242, 0.185, 0.194, 0.174, 0.157, 0.141, 0.111, 0.107, 0.111, 0.113, 0.112, 0.133, 0.151, 0.167, 0.186, 0.213, 0.232, 0.267, 0.293]"
-8.0,25.0,1.0,3.0,0.6395,-1.6825,0.0071,"[0.644, 0.649, 0.641, 0.634, 0.649, 0.641, 0.645, 0.653, 0.622, 0.643, 0.629, 0.636, 0.63, 0.65, 0.643, 0.639, 0.622, 0.633, 0.633, 0.641, 0.634, 0.635, 0.613, 0.647, 0.626, 0.631, 0.643, 0.646, 0.638, 0.641, 0.647, 0.611, 0.646, 0.616, 0.634, 0.642, 0.628, 0.636, 0.606, 0.625, 0.63, 0.628, 0.636, 0.655, 0.646, 0.647, 0.642, 0.624, 0.65, 0.642, 0.643, 0.646, 0.643, 0.642, 0.63, 0.628, 0.628, 0.609, 0.633, 0.643, 0.649, 0.63, 0.637, 0.632, 0.64, 0.624, 0.632, 0.629, 0.644, 0.62, 0.641, 0.647, 0.623, 0.631, 0.629, 0.654, 0.652, 0.647, 0.642, 0.647, 0.644, 0.654, 0.639, 0.614, 0.634, 0.644, 0.635, 0.65, 0.63, 0.648, 0.624, 0.642, 0.63, 0.625, 0.638, 0.626, 0.646, 0.635, 0.639, 0.638, 0.644, 0.631, 0.649, 0.659, 0.627, 0.654, 0.633, 0.633, 0.647, 0.627, 0.644, 0.644, 0.637, 0.637, 0.633, 0.645, 0.634, 0.649, 0.65, 0.624, 0.625, 0.637, 0.629, 0.632, 0.63, 0.658, 0.65, 0.63, 0.619, 0.633, 0.626, 0.646, 0.639, 0.633, 0.638, 0.627, 0.636, 0.655, 0.631, 0.639, 0.63, 0.63, 0.647, 0.626, 0.636, 0.629, 0.652, 0.631, 0.625, 0.636, 0.637, 0.649, 0.633, 0.642, 0.628, 0.649, 0.647, 0.644, 0.647, 0.641]"
-8.0,25.0,2.0,0.0,0.1597,-2.0593,0.7882,"[0.179, 0.199, 0.22, 0.226, 0.265, 0.263, 0.282, 0.316, 0.291, 0.308, 0.288, 0.297, 0.302, 0.281, 0.277, 0.265, 0.248, 0.206, 0.231, 0.177, 0.16, 0.13, 0.116, 0.107, 0.1, 0.068, 0.062, 0.053, 0.031, 0.02, 0.028, 0.053, 0.037, 0.046, 0.068, 0.085, 0.084, 0.121, 0.138, 0.148, 0.156, 0.203, 0.219, 0.236, 0.238, 0.29, 0.27, 0.285, 0.307, 0.302, 0.304, 0.287, 0.28, 0.288, 0.268, 0.277, 0.23, 0.219, 0.205, 0.178, 0.154, 0.142, 0.141, 0.096, 0.069, 0.076, 0.054, 0.038, 0.047, 0.042, 0.031, 0.024, 0.056, 0.05, 0.071, 0.082, 0.105, 0.121, 0.152, 0.166, 0.161, 0.198, 0.222, 0.236, 0.268, 0.276, 0.265, 0.289, 0.299, 0.294, 0.309, 0.304, 0.296, 0.29, 0.283, 0.263, 0.246, 0.219, 0.193, 0.198, 0.161, 0.127, 0.116, 0.095, 0.09, 0.064, 0.04, 0.052, 0.035, 0.015, 0.047, 0.029, 0.04, 0.06, 0.074, 0.082, 0.109, 0.132, 0.135, 0.166, 0.187, 0.218, 0.228, 0.226, 0.284, 0.276, 0.289, 0.294, 0.303, 0.307, 0.309, 0.296, 0.266, 0.275, 0.264, 0.244, 0.222, 0.209, 0.202, 0.176, 0.138, 0.114, 0.094, 0.096, 0.063, 0.063, 0.059, 0.048, 0.036, 0.053, 0.033, 0.045, 0.048, 0.06, 0.084, 0.098, 0.091, 0.118, 0.157, 0.157]"
-8.0,25.0,2.0,3.0,0.3585,-1.6474,0.0356,"[0.352, 0.329, 0.343, 0.343, 0.342, 0.333, 0.363, 0.348, 0.34, 0.354, 0.348, 0.358, 0.345, 0.345, 0.349, 0.355, 0.338, 0.333, 0.351, 0.348, 0.344, 0.344, 0.342, 0.354, 0.342, 0.337, 0.328, 0.334, 0.343, 0.345, 0.323, 0.347, 0.337, 0.362, 0.351, 0.338, 0.329, 0.331, 0.337, 0.361, 0.341, 0.347, 0.345, 0.345, 0.344, 0.363, 0.358, 0.335, 0.333, 0.358, 0.361, 0.341, 0.345, 0.36, 0.355, 0.348, 0.353, 0.344, 0.341, 0.355, 0.337, 0.338, 0.359, 0.332, 0.357, 0.341, 0.339, 0.343, 0.346, 0.351, 0.335, 0.342, 0.334, 0.333, 0.34, 0.347, 0.331, 0.326, 0.332, 0.339, 0.357, 0.337, 0.351, 0.359, 0.34, 0.362, 0.355, 0.34, 0.346, 0.342, 0.348, 0.354, 0.343, 0.353, 0.35, 0.337, 0.351, 0.357, 0.343, 0.352, 0.333, 0.358, 0.347, 0.348, 0.333, 0.346, 0.343, 0.345, 0.351, 0.333, 0.351, 0.346, 0.327, 0.355, 0.334, 0.342, 0.343, 0.332, 0.352, 0.339, 0.332, 0.338, 0.329, 0.334, 0.358, 0.334, 0.353, 0.344, 0.361, 0.35, 0.338, 0.356, 0.346, 0.356, 0.352, 0.337, 0.346, 0.34, 0.343, 0.343, 0.327, 0.345, 0.338, 0.328, 0.328, 0.322, 0.358, 0.338, 0.342, 0.352, 0.365, 0.331, 0.333, 0.329, 0.338, 0.322, 0.354, 0.347, 0.341, 0.329]"
-7.0,5.0,0.5,0.0,0.0605,-2.8358,0.0087,"[0.052, 0.056, 0.043, 0.067, 0.038, 0.063, 0.069, 0.039, 0.064, 0.07, 0.059, 0.061, 0.059, 0.056, 0.045, 0.055, 0.052, 0.074, 0.055, 0.055, 0.057, 0.06, 0.047, 0.065, 0.054, 0.063, 0.046, 0.054, 0.07, 0.075, 0.062, 0.044, 0.037, 0.062, 0.075, 0.051, 0.053, 0.058, 0.08, 0.057, 0.057, 0.051, 0.056, 0.067, 0.049, 0.065, 0.065, 0.047, 0.063, 0.076, 0.043, 0.054, 0.058, 0.059, 0.046, 0.043, 0.048, 0.056, 0.051, 0.064, 0.067, 0.047, 0.059, 0.056, 0.081, 0.051, 0.059, 0.075, 0.035, 0.07, 0.049, 0.041, 0.058, 0.057, 0.061, 0.063, 0.054, 0.073, 0.069, 0.06, 0.059, 0.067, 0.056, 0.043, 0.054, 0.052, 0.057, 0.044, 0.045, 0.067, 0.056, 0.053, 0.051, 0.054, 0.057, 0.039, 0.051, 0.057, 0.054, 0.038, 0.056, 0.055, 0.049, 0.046, 0.057, 0.057, 0.06, 0.076, 0.061, 0.048, 0.068, 0.053, 0.053, 0.046, 0.061, 0.053, 0.064, 0.061, 0.047, 0.046, 0.058, 0.068, 0.066, 0.071, 0.057, 0.065, 0.067, 0.076, 0.06, 0.052, 0.067, 0.043, 0.067, 0.069, 0.066, 0.047, 0.058, 0.067, 0.061, 0.056, 0.058, 0.087, 0.046, 0.043, 0.047, 0.077, 0.063, 0.05, 0.078, 0.045, 0.05, 0.044, 0.057, 0.061, 0.057, 0.068, 0.052, 0.053, 0.059, 0.074]"
-7.0,5.0,0.5,3.0,0.1645,-2.3777,0.0115,"[0.145, 0.15, 0.146, 0.135, 0.141, 0.163, 0.15, 0.149, 0.148, 0.144, 0.148, 0.143, 0.15, 0.137, 0.154, 0.146, 0.134, 0.144, 0.143, 0.157, 0.145, 0.139, 0.127, 0.141, 0.159, 0.152, 0.138, 0.145, 0.148, 0.163, 0.147, 0.142, 0.151, 0.153, 0.155, 0.154, 0.168, 0.135, 0.146, 0.147, 0.134, 0.136, 0.144, 0.143, 0.142, 0.129, 0.136, 0.141, 0.145, 0.15, 0.144, 0.14, 0.15, 0.149, 0.138, 0.166, 0.124, 0.153, 0.156, 0.157, 0.15, 0.133, 0.166, 0.133, 0.136, 0.141, 0.134, 0.134, 0.138, 0.127, 0.148, 0.142, 0.144, 0.15, 0.145, 0.14, 0.151, 0.144, 0.139, 0.145, 0.159, 0.141, 0.153, 0.137, 0.147, 0.149, 0.138, 0.143, 0.137, 0.138, 0.146, 0.163, 0.151, 0.147, 0.161, 0.134, 0.16, 0.143, 0.15, 0.154, 0.152, 0.143, 0.155, 0.143, 0.143, 0.146, 0.152, 0.137, 0.138, 0.13, 0.144, 0.157, 0.179, 0.149, 0.163, 0.147, 0.148, 0.146, 0.146, 0.147, 0.144, 0.165, 0.152, 0.14, 0.153, 0.157, 0.135, 0.157, 0.156, 0.151, 0.163, 0.157, 0.143, 0.148, 0.161, 0.142, 0.143, 0.15, 0.145, 0.172, 0.161, 0.169, 0.159, 0.149, 0.127, 0.151, 0.136, 0.131, 0.159, 0.136, 0.14, 0.142, 0.148, 0.146, 0.154, 0.153, 0.131, 0.162, 0.135, 0.137]"
-7.0,5.0,1.0,0.0,0.0579,-2.9398,0.0213,"[0.06, 0.057, 0.046, 0.051, 0.069, 0.046, 0.053, 0.058, 0.049, 0.046, 0.051, 0.051, 0.038, 0.055, 0.066, 0.019, 0.054, 0.023, 0.067, 0.047, 0.053, 0.042, 0.072, 0.073, 0.041, 0.04, 0.061, 0.061, 0.049, 0.042, 0.068, 0.05, 0.049, 0.054, 0.038, 0.046, 0.042, 0.033, 0.044, 0.052, 0.045, 0.051, 0.042, 0.059, 0.062, 0.059, 0.054, 0.061, 0.046, 0.045, 0.052, 0.047, 0.066, 0.073, 0.079, 0.062, 0.056, 0.033, 0.048, 0.045, 0.046, 0.066, 0.067, 0.048, 0.046, 0.05, 0.034, 0.065, 0.061, 0.04, 0.04, 0.069, 0.061, 0.071, 0.045, 0.071, 0.043, 0.055, 0.036, 0.048, 0.055, 0.049, 0.059, 0.045, 0.053, 0.05, 0.05, 0.061, 0.046, 0.051, 0.048, 0.069, 0.053, 0.053, 0.05, 0.057, 0.049, 0.048, 0.048, 0.053, 0.064, 0.049, 0.04, 0.038, 0.082, 0.044, 0.072, 0.05, 0.043, 0.052, 0.059, 0.05, 0.047, 0.037, 0.046, 0.057, 0.037, 0.048, 0.055, 0.065, 0.041, 0.073, 0.057, 0.041, 0.054, 0.045, 0.037, 0.051, 0.051, 0.055, 0.043, 0.044, 0.062, 0.06, 0.04, 0.036, 0.041, 0.064, 0.024, 0.047, 0.062, 0.055, 0.051, 0.062, 0.05, 0.047, 0.06, 0.072, 0.03, 0.045, 0.05, 0.047, 0.053, 0.052, 0.04, 0.058, 0.051, 0.065, 0.063, 0.05]"
-7.0,5.0,1.0,3.0,0.0908,-2.3384,0.0041,"[0.109, 0.097, 0.111, 0.109, 0.083, 0.105, 0.09, 0.095, 0.086, 0.108, 0.103, 0.092, 0.091, 0.106, 0.09, 0.092, 0.091, 0.091, 0.105, 0.101, 0.093, 0.088, 0.098, 0.096, 0.106, 0.091, 0.103, 0.096, 0.101, 0.115, 0.096, 0.12, 0.096, 0.088, 0.114, 0.116, 0.089, 0.09, 0.106, 0.104, 0.09, 0.089, 0.101, 0.097, 0.104, 0.104, 0.107, 0.078, 0.117, 0.103, 0.094, 0.097, 0.105, 0.101, 0.101, 0.097, 0.115, 0.102, 0.11, 0.12, 0.108, 0.101, 0.08, 0.094, 0.12, 0.102, 0.085, 0.096, 0.086, 0.094, 0.094, 0.092, 0.099, 0.078, 0.105, 0.113, 0.08, 0.109, 0.105, 0.102, 0.099, 0.101, 0.107, 0.1, 0.125, 0.092, 0.115, 0.097, 0.094, 0.108, 0.095, 0.116, 0.091, 0.111, 0.104, 0.097, 0.088, 0.088, 0.09, 0.109, 0.099, 0.106, 0.1, 0.087, 0.102, 0.104, 0.081, 0.092, 0.09, 0.086, 0.1, 0.101, 0.111, 0.106, 0.095, 0.095, 0.116, 0.103, 0.11, 0.084, 0.082, 0.094, 0.108, 0.114, 0.091, 0.104, 0.102, 0.087, 0.09, 0.097, 0.086, 0.124, 0.088, 0.094, 0.102, 0.101, 0.104, 0.088, 0.085, 0.099, 0.089, 0.091, 0.09, 0.09, 0.084, 0.088, 0.095, 0.11, 0.119, 0.108, 0.101, 0.109, 0.097, 0.101, 0.105, 0.104, 0.108, 0.105, 0.091, 0.105]"
-7.0,5.0,2.0,0.0,0.0515,-2.8687,0.0004,"[0.038, 0.037, 0.073, 0.041, 0.061, 0.058, 0.061, 0.041, 0.047, 0.042, 0.061, 0.066, 0.051, 0.073, 0.054, 0.049, 0.052, 0.056, 0.036, 0.054, 0.05, 0.049, 0.05, 0.061, 0.051, 0.04, 0.052, 0.049, 0.051, 0.05, 0.055, 0.037, 0.038, 0.05, 0.049, 0.042, 0.031, 0.054, 0.047, 0.055, 0.054, 0.058, 0.041, 0.051, 0.072, 0.054, 0.066, 0.058, 0.042, 0.075, 0.065, 0.038, 0.05, 0.069, 0.058, 0.033, 0.044, 0.043, 0.066, 0.056, 0.048, 0.044, 0.058, 0.05, 0.053, 0.057, 0.053, 0.038, 0.06, 0.062, 0.072, 0.045, 0.064, 0.064, 0.062, 0.053, 0.042, 0.048, 0.04, 0.036, 0.059, 0.043, 0.031, 0.053, 0.059, 0.058, 0.041, 0.045, 0.055, 0.06, 0.056, 0.06, 0.05, 0.055, 0.053, 0.04, 0.034, 0.043, 0.044, 0.065, 0.05, 0.043, 0.049, 0.053, 0.047, 0.045, 0.047, 0.053, 0.05, 0.047, 0.044, 0.055, 0.047, 0.057, 0.067, 0.04, 0.049, 0.035, 0.049, 0.07, 0.057, 0.045, 0.056, 0.04, 0.04, 0.058, 0.048, 0.049, 0.051, 0.049, 0.064, 0.037, 0.043, 0.054, 0.04, 0.044, 0.06, 0.043, 0.059, 0.038, 0.072, 0.058, 0.058, 0.047, 0.051, 0.078, 0.04, 0.046, 0.048, 0.053, 0.058, 0.056, 0.041, 0.059, 0.059, 0.052, 0.045, 0.054, 0.048, 0.051]"
-7.0,5.0,2.0,3.0,0.0847,-2.3825,0.0078,"[0.085, 0.081, 0.072, 0.072, 0.092, 0.065, 0.081, 0.086, 0.063, 0.072, 0.085, 0.067, 0.076, 0.06, 0.07, 0.088, 0.062, 0.058, 0.074, 0.079, 0.069, 0.071, 0.082, 0.086, 0.079, 0.084, 0.074, 0.068, 0.059, 0.06, 0.073, 0.087, 0.065, 0.105, 0.072, 0.064, 0.069, 0.073, 0.088, 0.075, 0.062, 0.092, 0.068, 0.066, 0.079, 0.084, 0.084, 0.057, 0.09, 0.064, 0.08, 0.079, 0.08, 0.072, 0.086, 0.074, 0.088, 0.063, 0.092, 0.057, 0.091, 0.069, 0.078, 0.07, 0.065, 0.07, 0.082, 0.078, 0.087, 0.08, 0.078, 0.091, 0.079, 0.065, 0.062, 0.093, 0.074, 0.075, 0.069, 0.059, 0.094, 0.062, 0.065, 0.071, 0.07, 0.069, 0.081, 0.086, 0.074, 0.077, 0.065, 0.08, 0.072, 0.071, 0.084, 0.06, 0.085, 0.074, 0.07, 0.092, 0.083, 0.058, 0.084, 0.08, 0.062, 0.074, 0.083, 0.056, 0.082, 0.071, 0.073, 0.086, 0.067, 0.064, 0.082, 0.076, 0.07, 0.061, 0.07, 0.068, 0.072, 0.058, 0.067, 0.078, 0.073, 0.072, 0.065, 0.065, 0.071, 0.074, 0.066, 0.076, 0.076, 0.064, 0.086, 0.066, 0.065, 0.068, 0.061, 0.057, 0.085, 0.083, 0.065, 0.081, 0.068, 0.064, 0.072, 0.072, 0.084, 0.05, 0.071, 0.097, 0.052, 0.068, 0.071, 0.076, 0.082, 0.076, 0.09, 0.07]"
-7.0,7.5,0.5,0.0,0.0634,-2.7165,0.002,"[0.055, 0.052, 0.048, 0.058, 0.054, 0.064, 0.068, 0.071, 0.069, 0.072, 0.068, 0.05, 0.064, 0.054, 0.059, 0.06, 0.036, 0.051, 0.056, 0.033, 0.074, 0.062, 0.062, 0.071, 0.068, 0.068, 0.071, 0.064, 0.064, 0.065, 0.048, 0.04, 0.04, 0.068, 0.056, 0.058, 0.063, 0.075, 0.068, 0.063, 0.065, 0.083, 0.051, 0.075, 0.061, 0.06, 0.067, 0.043, 0.05, 0.065, 0.066, 0.067, 0.068, 0.081, 0.054, 0.065, 0.068, 0.065, 0.06, 0.053, 0.059, 0.074, 0.083, 0.044, 0.061, 0.043, 0.054, 0.063, 0.049, 0.056, 0.055, 0.063, 0.057, 0.073, 0.06, 0.052, 0.045, 0.052, 0.059, 0.066, 0.068, 0.07, 0.066, 0.071, 0.057, 0.059, 0.055, 0.053, 0.075, 0.059, 0.049, 0.052, 0.082, 0.063, 0.065, 0.055, 0.039, 0.048, 0.054, 0.055, 0.061, 0.069, 0.061, 0.065, 0.07, 0.075, 0.051, 0.065, 0.065, 0.063, 0.057, 0.051, 0.059, 0.063, 0.071, 0.059, 0.049, 0.051, 0.049, 0.06, 0.047, 0.053, 0.077, 0.059, 0.061, 0.048, 0.06, 0.044, 0.062, 0.048, 0.074, 0.08, 0.054, 0.045, 0.056, 0.044, 0.057, 0.052, 0.072, 0.04, 0.047, 0.069, 0.055, 0.076, 0.061, 0.063, 0.064, 0.065, 0.059, 0.059, 0.073, 0.053, 0.063, 0.057, 0.067, 0.074, 0.056, 0.051, 0.053, 0.07]"
-7.0,7.5,0.5,3.0,0.2551,-2.1725,0.0195,"[0.231, 0.247, 0.24, 0.256, 0.238, 0.241, 0.234, 0.232, 0.238, 0.25, 0.234, 0.234, 0.224, 0.263, 0.233, 0.224, 0.24, 0.241, 0.246, 0.24, 0.221, 0.231, 0.249, 0.248, 0.243, 0.253, 0.236, 0.25, 0.234, 0.256, 0.233, 0.227, 0.226, 0.252, 0.253, 0.229, 0.232, 0.215, 0.226, 0.236, 0.236, 0.217, 0.224, 0.257, 0.25, 0.24, 0.24, 0.239, 0.237, 0.239, 0.223, 0.236, 0.218, 0.236, 0.243, 0.233, 0.241, 0.237, 0.243, 0.242, 0.23, 0.224, 0.225, 0.229, 0.247, 0.246, 0.234, 0.236, 0.225, 0.226, 0.243, 0.234, 0.235, 0.245, 0.243, 0.236, 0.25, 0.233, 0.229, 0.226, 0.25, 0.232, 0.239, 0.257, 0.231, 0.24, 0.24, 0.239, 0.248, 0.242, 0.24, 0.255, 0.224, 0.227, 0.238, 0.244, 0.238, 0.232, 0.251, 0.247, 0.232, 0.255, 0.234, 0.236, 0.223, 0.241, 0.258, 0.257, 0.235, 0.233, 0.239, 0.253, 0.241, 0.246, 0.245, 0.25, 0.247, 0.232, 0.24, 0.234, 0.248, 0.244, 0.244, 0.242, 0.223, 0.244, 0.226, 0.228, 0.25, 0.235, 0.225, 0.232, 0.246, 0.234, 0.25, 0.248, 0.249, 0.245, 0.226, 0.236, 0.243, 0.23, 0.244, 0.249, 0.227, 0.22, 0.239, 0.263, 0.238, 0.226, 0.244, 0.242, 0.244, 0.26, 0.226, 0.246, 0.238, 0.243, 0.232, 0.225]"
-7.0,7.5,1.0,0.0,0.0588,-2.7674,0.0073,"[0.048, 0.054, 0.068, 0.054, 0.049, 0.06, 0.043, 0.037, 0.079, 0.052, 0.064, 0.053, 0.058, 0.056, 0.041, 0.049, 0.063, 0.059, 0.055, 0.035, 0.061, 0.051, 0.049, 0.047, 0.056, 0.054, 0.051, 0.069, 0.056, 0.041, 0.049, 0.058, 0.062, 0.046, 0.046, 0.06, 0.056, 0.059, 0.049, 0.064, 0.063, 0.062, 0.051, 0.051, 0.054, 0.038, 0.051, 0.064, 0.047, 0.073, 0.043, 0.046, 0.048, 0.061, 0.052, 0.043, 0.06, 0.058, 0.047, 0.072, 0.062, 0.061, 0.049, 0.045, 0.07, 0.046, 0.06, 0.065, 0.041, 0.053, 0.046, 0.059, 0.047, 0.046, 0.042, 0.054, 0.038, 0.07, 0.053, 0.063, 0.054, 0.058, 0.042, 0.061, 0.043, 0.069, 0.05, 0.062, 0.043, 0.063, 0.038, 0.039, 0.065, 0.064, 0.051, 0.051, 0.054, 0.058, 0.065, 0.052, 0.039, 0.054, 0.048, 0.068, 0.051, 0.067, 0.055, 0.049, 0.067, 0.047, 0.055, 0.052, 0.047, 0.058, 0.049, 0.047, 0.053, 0.049, 0.051, 0.054, 0.061, 0.05, 0.042, 0.06, 0.049, 0.058, 0.066, 0.054, 0.046, 0.053, 0.047, 0.047, 0.051, 0.043, 0.044, 0.062, 0.056, 0.058, 0.062, 0.036, 0.052, 0.07, 0.072, 0.048, 0.046, 0.034, 0.05, 0.06, 0.064, 0.041, 0.053, 0.049, 0.044, 0.048, 0.063, 0.059, 0.058, 0.068, 0.053, 0.053]"
-7.0,7.5,1.0,3.0,0.1548,-2.2251,0.0026,"[0.149, 0.147, 0.136, 0.15, 0.16, 0.149, 0.138, 0.161, 0.148, 0.161, 0.134, 0.137, 0.151, 0.117, 0.162, 0.156, 0.137, 0.156, 0.144, 0.141, 0.134, 0.154, 0.151, 0.146, 0.132, 0.149, 0.154, 0.161, 0.142, 0.139, 0.133, 0.145, 0.152, 0.163, 0.149, 0.157, 0.145, 0.151, 0.139, 0.147, 0.134, 0.155, 0.165, 0.146, 0.14, 0.183, 0.156, 0.159, 0.148, 0.134, 0.142, 0.145, 0.144, 0.133, 0.144, 0.133, 0.131, 0.136, 0.141, 0.142, 0.143, 0.162, 0.143, 0.126, 0.141, 0.141, 0.121, 0.144, 0.138, 0.143, 0.146, 0.142, 0.142, 0.138, 0.149, 0.139, 0.15, 0.132, 0.139, 0.148, 0.132, 0.138, 0.149, 0.136, 0.155, 0.144, 0.14, 0.149, 0.144, 0.144, 0.141, 0.142, 0.133, 0.15, 0.137, 0.153, 0.134, 0.155, 0.136, 0.151, 0.139, 0.145, 0.137, 0.136, 0.14, 0.15, 0.15, 0.149, 0.146, 0.164, 0.135, 0.142, 0.119, 0.148, 0.135, 0.143, 0.136, 0.142, 0.145, 0.136, 0.147, 0.139, 0.137, 0.15, 0.146, 0.126, 0.14, 0.134, 0.157, 0.136, 0.137, 0.144, 0.148, 0.137, 0.145, 0.146, 0.127, 0.148, 0.138, 0.132, 0.161, 0.135, 0.151, 0.148, 0.127, 0.136, 0.133, 0.152, 0.151, 0.159, 0.134, 0.167, 0.153, 0.16, 0.145, 0.141, 0.135, 0.156, 0.142, 0.142]"
-7.0,7.5,2.0,0.0,0.0625,-2.718,0.0092,"[0.054, 0.055, 0.053, 0.064, 0.057, 0.049, 0.065, 0.046, 0.051, 0.05, 0.048, 0.049, 0.062, 0.053, 0.069, 0.047, 0.047, 0.039, 0.039, 0.045, 0.044, 0.047, 0.054, 0.044, 0.069, 0.051, 0.061, 0.044, 0.049, 0.056, 0.057, 0.061, 0.039, 0.079, 0.068, 0.055, 0.056, 0.055, 0.043, 0.039, 0.041, 0.04, 0.069, 0.048, 0.064, 0.05, 0.051, 0.05, 0.047, 0.07, 0.054, 0.067, 0.055, 0.067, 0.054, 0.05, 0.038, 0.06, 0.068, 0.063, 0.048, 0.061, 0.042, 0.043, 0.046, 0.046, 0.059, 0.061, 0.049, 0.069, 0.048, 0.064, 0.049, 0.053, 0.053, 0.061, 0.051, 0.036, 0.06, 0.053, 0.07, 0.04, 0.051, 0.037, 0.054, 0.054, 0.067, 0.058, 0.048, 0.054, 0.063, 0.035, 0.058, 0.046, 0.049, 0.053, 0.038, 0.038, 0.059, 0.048, 0.052, 0.055, 0.04, 0.045, 0.044, 0.029, 0.051, 0.051, 0.057, 0.056, 0.035, 0.036, 0.047, 0.055, 0.048, 0.045, 0.066, 0.058, 0.06, 0.056, 0.042, 0.06, 0.078, 0.059, 0.052, 0.037, 0.045, 0.06, 0.059, 0.042, 0.058, 0.043, 0.061, 0.059, 0.063, 0.048, 0.06, 0.054, 0.057, 0.053, 0.044, 0.056, 0.057, 0.042, 0.058, 0.058, 0.046, 0.055, 0.047, 0.059, 0.044, 0.066, 0.065, 0.061, 0.072, 0.067, 0.062, 0.068, 0.051, 0.047]"
-7.0,7.5,2.0,3.0,0.0921,-2.2045,0.0054,"[0.089, 0.091, 0.083, 0.086, 0.101, 0.083, 0.087, 0.089, 0.093, 0.098, 0.117, 0.105, 0.091, 0.097, 0.092, 0.106, 0.103, 0.092, 0.101, 0.102, 0.098, 0.101, 0.103, 0.118, 0.109, 0.088, 0.1, 0.118, 0.101, 0.116, 0.123, 0.088, 0.096, 0.098, 0.084, 0.111, 0.101, 0.081, 0.1, 0.089, 0.097, 0.072, 0.095, 0.106, 0.093, 0.079, 0.097, 0.095, 0.113, 0.102, 0.095, 0.085, 0.097, 0.116, 0.101, 0.104, 0.072, 0.106, 0.098, 0.097, 0.099, 0.099, 0.095, 0.092, 0.083, 0.093, 0.108, 0.092, 0.105, 0.086, 0.084, 0.093, 0.106, 0.082, 0.115, 0.119, 0.104, 0.092, 0.092, 0.09, 0.09, 0.095, 0.079, 0.101, 0.086, 0.089, 0.09, 0.101, 0.108, 0.087, 0.109, 0.086, 0.09, 0.106, 0.081, 0.092, 0.088, 0.093, 0.09, 0.08, 0.103, 0.101, 0.106, 0.093, 0.096, 0.106, 0.099, 0.106, 0.105, 0.098, 0.098, 0.096, 0.098, 0.092, 0.101, 0.099, 0.091, 0.101, 0.109, 0.097, 0.098, 0.099, 0.078, 0.093, 0.12, 0.098, 0.088, 0.097, 0.091, 0.099, 0.099, 0.096, 0.106, 0.085, 0.1, 0.108, 0.094, 0.105, 0.095, 0.086, 0.078, 0.092, 0.094, 0.119, 0.098, 0.091, 0.102, 0.093, 0.107, 0.113, 0.099, 0.079, 0.096, 0.096, 0.113, 0.102, 0.093, 0.111, 0.096, 0.096]"
-7.0,10.0,0.5,0.0,0.0746,-2.5104,0.005,"[0.079, 0.077, 0.074, 0.082, 0.088, 0.061, 0.071, 0.07, 0.074, 0.067, 0.063, 0.072, 0.083, 0.071, 0.077, 0.088, 0.075, 0.083, 0.084, 0.085, 0.094, 0.072, 0.082, 0.075, 0.078, 0.077, 0.085, 0.068, 0.077, 0.06, 0.065, 0.067, 0.079, 0.077, 0.087, 0.083, 0.073, 0.103, 0.075, 0.059, 0.06, 0.08, 0.057, 0.075, 0.07, 0.092, 0.061, 0.083, 0.069, 0.069, 0.088, 0.068, 0.064, 0.068, 0.063, 0.058, 0.065, 0.057, 0.064, 0.064, 0.075, 0.06, 0.079, 0.051, 0.064, 0.071, 0.069, 0.073, 0.059, 0.092, 0.089, 0.047, 0.079, 0.069, 0.072, 0.072, 0.065, 0.072, 0.088, 0.091, 0.072, 0.057, 0.07, 0.07, 0.087, 0.061, 0.054, 0.066, 0.079, 0.063, 0.07, 0.08, 0.057, 0.072, 0.075, 0.079, 0.069, 0.088, 0.068, 0.081, 0.084, 0.047, 0.088, 0.062, 0.068, 0.084, 0.068, 0.072, 0.082, 0.074, 0.063, 0.085, 0.076, 0.057, 0.072, 0.076, 0.069, 0.056, 0.059, 0.066, 0.076, 0.084, 0.059, 0.067, 0.052, 0.072, 0.088, 0.083, 0.07, 0.069, 0.069, 0.07, 0.073, 0.069, 0.073, 0.061, 0.077, 0.079, 0.097, 0.078, 0.071, 0.089, 0.087, 0.066, 0.09, 0.076, 0.059, 0.066, 0.067, 0.088, 0.075, 0.074, 0.072, 0.093, 0.071, 0.069, 0.085, 0.075, 0.087, 0.069]"
-7.0,10.0,0.5,3.0,0.3892,-2.0742,0.0188,"[0.402, 0.377, 0.4, 0.386, 0.401, 0.381, 0.403, 0.392, 0.396, 0.394, 0.391, 0.386, 0.383, 0.399, 0.381, 0.391, 0.382, 0.389, 0.373, 0.404, 0.399, 0.392, 0.394, 0.404, 0.387, 0.405, 0.385, 0.392, 0.378, 0.406, 0.389, 0.396, 0.385, 0.39, 0.382, 0.384, 0.376, 0.39, 0.385, 0.414, 0.381, 0.385, 0.4, 0.382, 0.391, 0.399, 0.398, 0.392, 0.391, 0.401, 0.404, 0.392, 0.397, 0.386, 0.403, 0.399, 0.388, 0.386, 0.41, 0.387, 0.39, 0.379, 0.402, 0.386, 0.392, 0.391, 0.415, 0.41, 0.395, 0.385, 0.393, 0.391, 0.408, 0.418, 0.395, 0.4, 0.412, 0.397, 0.384, 0.391, 0.392, 0.385, 0.393, 0.377, 0.372, 0.392, 0.39, 0.41, 0.387, 0.395, 0.388, 0.374, 0.392, 0.395, 0.387, 0.39, 0.402, 0.39, 0.405, 0.395, 0.403, 0.408, 0.383, 0.403, 0.406, 0.403, 0.39, 0.365, 0.417, 0.377, 0.412, 0.381, 0.38, 0.393, 0.392, 0.414, 0.386, 0.402, 0.398, 0.384, 0.398, 0.392, 0.404, 0.39, 0.407, 0.396, 0.38, 0.375, 0.411, 0.392, 0.392, 0.395, 0.392, 0.394, 0.376, 0.402, 0.394, 0.399, 0.387, 0.392, 0.378, 0.404, 0.391, 0.368, 0.389, 0.396, 0.407, 0.378, 0.406, 0.4, 0.388, 0.401, 0.396, 0.387, 0.404, 0.406, 0.378, 0.396, 0.391, 0.397]"
-7.0,10.0,1.0,0.0,0.0707,-2.5981,0.0025,"[0.063, 0.056, 0.059, 0.042, 0.074, 0.047, 0.066, 0.056, 0.059, 0.067, 0.074, 0.048, 0.057, 0.064, 0.061, 0.07, 0.077, 0.055, 0.053, 0.067, 0.05, 0.066, 0.061, 0.06, 0.069, 0.057, 0.094, 0.058, 0.054, 0.084, 0.061, 0.051, 0.06, 0.08, 0.064, 0.052, 0.071, 0.068, 0.067, 0.045, 0.051, 0.046, 0.058, 0.076, 0.043, 0.05, 0.044, 0.069, 0.08, 0.064, 0.066, 0.061, 0.06, 0.068, 0.052, 0.068, 0.058, 0.061, 0.056, 0.04, 0.069, 0.06, 0.061, 0.08, 0.063, 0.054, 0.046, 0.058, 0.065, 0.047, 0.072, 0.057, 0.06, 0.061, 0.047, 0.056, 0.065, 0.06, 0.056, 0.058, 0.067, 0.075, 0.059, 0.052, 0.086, 0.071, 0.06, 0.055, 0.078, 0.053, 0.061, 0.068, 0.063, 0.052, 0.057, 0.061, 0.05, 0.06, 0.076, 0.079, 0.059, 0.061, 0.059, 0.04, 0.066, 0.064, 0.072, 0.072, 0.067, 0.068, 0.051, 0.063, 0.047, 0.057, 0.078, 0.067, 0.064, 0.061, 0.061, 0.063, 0.062, 0.068, 0.082, 0.076, 0.057, 0.055, 0.056, 0.055, 0.044, 0.063, 0.057, 0.061, 0.056, 0.062, 0.055, 0.055, 0.081, 0.049, 0.093, 0.048, 0.053, 0.049, 0.058, 0.028, 0.071, 0.053, 0.065, 0.079, 0.056, 0.065, 0.052, 0.07, 0.065, 0.049, 0.075, 0.06, 0.06, 0.068, 0.072, 0.051]"
-7.0,10.0,1.0,3.0,0.2167,-2.2175,0.0118,"[0.215, 0.223, 0.207, 0.213, 0.204, 0.23, 0.223, 0.224, 0.217, 0.219, 0.219, 0.225, 0.206, 0.222, 0.226, 0.226, 0.241, 0.224, 0.23, 0.231, 0.214, 0.229, 0.202, 0.213, 0.228, 0.21, 0.232, 0.232, 0.226, 0.224, 0.219, 0.223, 0.232, 0.233, 0.222, 0.208, 0.218, 0.224, 0.229, 0.226, 0.234, 0.215, 0.215, 0.231, 0.212, 0.211, 0.222, 0.229, 0.224, 0.195, 0.22, 0.214, 0.233, 0.206, 0.227, 0.221, 0.224, 0.229, 0.219, 0.222, 0.239, 0.231, 0.231, 0.23, 0.24, 0.227, 0.222, 0.228, 0.216, 0.23, 0.232, 0.218, 0.22, 0.225, 0.215, 0.211, 0.219, 0.222, 0.228, 0.227, 0.221, 0.227, 0.216, 0.206, 0.219, 0.224, 0.215, 0.207, 0.213, 0.209, 0.208, 0.222, 0.233, 0.222, 0.233, 0.195, 0.223, 0.227, 0.214, 0.212, 0.218, 0.23, 0.209, 0.213, 0.208, 0.227, 0.214, 0.22, 0.226, 0.216, 0.207, 0.226, 0.227, 0.237, 0.224, 0.222, 0.224, 0.219, 0.221, 0.215, 0.224, 0.224, 0.22, 0.212, 0.206, 0.216, 0.215, 0.217, 0.217, 0.238, 0.217, 0.208, 0.221, 0.217, 0.24, 0.224, 0.23, 0.222, 0.223, 0.216, 0.221, 0.212, 0.217, 0.224, 0.225, 0.223, 0.215, 0.243, 0.22, 0.224, 0.234, 0.212, 0.219, 0.24, 0.226, 0.229, 0.217, 0.217, 0.21, 0.241]"
-7.0,10.0,2.0,0.0,0.0561,-2.5198,0.0048,"[0.049, 0.063, 0.062, 0.066, 0.042, 0.059, 0.045, 0.056, 0.064, 0.039, 0.051, 0.046, 0.057, 0.045, 0.063, 0.053, 0.055, 0.058, 0.028, 0.045, 0.07, 0.043, 0.045, 0.052, 0.064, 0.042, 0.053, 0.068, 0.059, 0.046, 0.066, 0.052, 0.06, 0.048, 0.066, 0.052, 0.058, 0.037, 0.071, 0.069, 0.044, 0.071, 0.042, 0.043, 0.054, 0.058, 0.065, 0.055, 0.045, 0.066, 0.054, 0.062, 0.065, 0.05, 0.053, 0.062, 0.065, 0.05, 0.055, 0.042, 0.052, 0.071, 0.037, 0.074, 0.074, 0.044, 0.045, 0.056, 0.052, 0.066, 0.064, 0.055, 0.043, 0.053, 0.081, 0.058, 0.07, 0.06, 0.073, 0.055, 0.068, 0.066, 0.057, 0.057, 0.041, 0.052, 0.081, 0.074, 0.055, 0.047, 0.068, 0.059, 0.061, 0.053, 0.071, 0.059, 0.062, 0.045, 0.048, 0.045, 0.06, 0.057, 0.043, 0.059, 0.057, 0.037, 0.049, 0.058, 0.045, 0.053, 0.048, 0.04, 0.035, 0.044, 0.076, 0.043, 0.054, 0.055, 0.075, 0.035, 0.048, 0.059, 0.054, 0.051, 0.061, 0.034, 0.053, 0.05, 0.064, 0.034, 0.053, 0.054, 0.051, 0.049, 0.054, 0.066, 0.062, 0.048, 0.048, 0.044, 0.065, 0.049, 0.043, 0.056, 0.058, 0.052, 0.056, 0.053, 0.06, 0.058, 0.048, 0.061, 0.046, 0.044, 0.057, 0.059, 0.063, 0.073, 0.037, 0.049]"
-7.0,10.0,2.0,3.0,0.1571,-2.1232,0.0085,"[0.118, 0.124, 0.133, 0.139, 0.157, 0.128, 0.14, 0.145, 0.129, 0.151, 0.129, 0.124, 0.15, 0.134, 0.123, 0.13, 0.127, 0.129, 0.136, 0.131, 0.155, 0.131, 0.133, 0.149, 0.147, 0.142, 0.131, 0.149, 0.131, 0.124, 0.129, 0.143, 0.132, 0.137, 0.125, 0.143, 0.127, 0.126, 0.132, 0.122, 0.125, 0.126, 0.137, 0.127, 0.138, 0.133, 0.13, 0.147, 0.118, 0.141, 0.123, 0.126, 0.13, 0.132, 0.134, 0.136, 0.129, 0.111, 0.127, 0.143, 0.14, 0.14, 0.132, 0.139, 0.13, 0.131, 0.129, 0.144, 0.109, 0.136, 0.136, 0.136, 0.134, 0.147, 0.135, 0.132, 0.141, 0.118, 0.127, 0.145, 0.137, 0.12, 0.161, 0.133, 0.127, 0.12, 0.148, 0.125, 0.13, 0.138, 0.114, 0.143, 0.125, 0.145, 0.137, 0.146, 0.136, 0.145, 0.139, 0.134, 0.138, 0.105, 0.129, 0.146, 0.122, 0.129, 0.119, 0.117, 0.131, 0.138, 0.132, 0.122, 0.122, 0.125, 0.131, 0.125, 0.145, 0.127, 0.129, 0.139, 0.114, 0.149, 0.142, 0.142, 0.127, 0.126, 0.128, 0.13, 0.147, 0.115, 0.147, 0.132, 0.145, 0.138, 0.141, 0.144, 0.133, 0.125, 0.125, 0.144, 0.15, 0.127, 0.145, 0.144, 0.119, 0.144, 0.128, 0.149, 0.137, 0.159, 0.134, 0.128, 0.14, 0.142, 0.14, 0.131, 0.143, 0.123, 0.112, 0.138]"
-7.0,12.5,0.5,0.0,0.0966,-2.4387,0.0471,"[0.094, 0.097, 0.089, 0.088, 0.103, 0.104, 0.09, 0.086, 0.098, 0.096, 0.107, 0.093, 0.104, 0.105, 0.109, 0.1, 0.094, 0.098, 0.098, 0.12, 0.094, 0.118, 0.099, 0.094, 0.091, 0.086, 0.095, 0.095, 0.096, 0.117, 0.108, 0.095, 0.089, 0.079, 0.095, 0.102, 0.105, 0.086, 0.078, 0.092, 0.097, 0.088, 0.097, 0.091, 0.094, 0.095, 0.092, 0.081, 0.106, 0.088, 0.071, 0.094, 0.099, 0.106, 0.099, 0.098, 0.099, 0.091, 0.095, 0.108, 0.094, 0.101, 0.096, 0.094, 0.099, 0.099, 0.099, 0.103, 0.082, 0.096, 0.106, 0.114, 0.088, 0.088, 0.101, 0.109, 0.09, 0.079, 0.099, 0.088, 0.112, 0.094, 0.083, 0.085, 0.095, 0.09, 0.094, 0.122, 0.082, 0.099, 0.105, 0.103, 0.081, 0.092, 0.077, 0.099, 0.087, 0.095, 0.106, 0.095, 0.095, 0.091, 0.107, 0.089, 0.099, 0.101, 0.104, 0.1, 0.087, 0.098, 0.082, 0.096, 0.106, 0.11, 0.094, 0.121, 0.085, 0.105, 0.107, 0.107, 0.105, 0.102, 0.118, 0.09, 0.097, 0.101, 0.098, 0.09, 0.105, 0.101, 0.115, 0.106, 0.108, 0.107, 0.086, 0.092, 0.092, 0.106, 0.096, 0.094, 0.093, 0.104, 0.083, 0.093, 0.108, 0.098, 0.089, 0.096, 0.078, 0.086, 0.09, 0.083, 0.101, 0.083, 0.107, 0.101, 0.089, 0.091, 0.097, 0.106]"
-7.0,12.5,0.5,3.0,0.5976,-2.1126,0.219,"[0.614, 0.637, 0.639, 0.641, 0.663, 0.698, 0.685, 0.683, 0.701, 0.716, 0.73, 0.741, 0.725, 0.748, 0.741, 0.742, 0.738, 0.718, 0.733, 0.719, 0.697, 0.699, 0.698, 0.669, 0.625, 0.614, 0.618, 0.591, 0.578, 0.573, 0.552, 0.551, 0.54, 0.509, 0.512, 0.495, 0.5, 0.485, 0.492, 0.48, 0.496, 0.484, 0.469, 0.495, 0.493, 0.484, 0.51, 0.53, 0.544, 0.556, 0.563, 0.574, 0.583, 0.616, 0.63, 0.631, 0.667, 0.675, 0.688, 0.69, 0.722, 0.703, 0.698, 0.735, 0.74, 0.742, 0.747, 0.746, 0.744, 0.732, 0.726, 0.717, 0.717, 0.689, 0.683, 0.662, 0.665, 0.661, 0.622, 0.599, 0.599, 0.588, 0.569, 0.544, 0.554, 0.534, 0.537, 0.518, 0.491, 0.497, 0.493, 0.499, 0.475, 0.468, 0.482, 0.483, 0.487, 0.499, 0.476, 0.502, 0.526, 0.536, 0.569, 0.563, 0.564, 0.585, 0.617, 0.62, 0.617, 0.658, 0.677, 0.678, 0.685, 0.71, 0.691, 0.727, 0.726, 0.739, 0.722, 0.734, 0.744, 0.738, 0.703, 0.731, 0.726, 0.711, 0.697, 0.695, 0.673, 0.641, 0.637, 0.645, 0.613, 0.602, 0.568, 0.576, 0.562, 0.566, 0.538, 0.528, 0.49, 0.494, 0.514, 0.496, 0.488, 0.499, 0.472, 0.485, 0.49, 0.488, 0.482, 0.519, 0.514, 0.529, 0.529, 0.542, 0.56, 0.575, 0.604, 0.611]"
-7.0,12.5,1.0,0.0,0.0786,-2.4802,0.2268,"[0.084, 0.073, 0.071, 0.08, 0.082, 0.085, 0.095, 0.095, 0.095, 0.078, 0.094, 0.093, 0.077, 0.086, 0.095, 0.075, 0.083, 0.089, 0.083, 0.097, 0.092, 0.07, 0.073, 0.092, 0.084, 0.048, 0.089, 0.073, 0.071, 0.06, 0.08, 0.071, 0.063, 0.035, 0.056, 0.049, 0.055, 0.05, 0.066, 0.073, 0.057, 0.046, 0.055, 0.055, 0.076, 0.061, 0.076, 0.049, 0.065, 0.056, 0.067, 0.075, 0.057, 0.068, 0.074, 0.079, 0.064, 0.085, 0.087, 0.094, 0.07, 0.084, 0.088, 0.09, 0.09, 0.084, 0.091, 0.118, 0.095, 0.073, 0.103, 0.104, 0.094, 0.098, 0.107, 0.085, 0.091, 0.094, 0.069, 0.09, 0.075, 0.081, 0.078, 0.061, 0.079, 0.06, 0.065, 0.07, 0.066, 0.054, 0.046, 0.05, 0.065, 0.063, 0.056, 0.056, 0.056, 0.049, 0.07, 0.051, 0.065, 0.078, 0.066, 0.084, 0.059, 0.059, 0.051, 0.083, 0.058, 0.095, 0.098, 0.085, 0.076, 0.067, 0.091, 0.088, 0.091, 0.095, 0.079, 0.088, 0.091, 0.112, 0.097, 0.09, 0.077, 0.099, 0.102, 0.068, 0.063, 0.081, 0.077, 0.091, 0.063, 0.063, 0.056, 0.059, 0.069, 0.05, 0.096, 0.037, 0.056, 0.063, 0.072, 0.048, 0.04, 0.048, 0.076, 0.038, 0.069, 0.062, 0.064, 0.073, 0.055, 0.073, 0.066, 0.053, 0.067, 0.07, 0.047, 0.064]"
-7.0,12.5,1.0,3.0,0.3211,-1.9886,0.4612,"[0.342, 0.338, 0.357, 0.365, 0.403, 0.407, 0.439, 0.45, 0.456, 0.456, 0.479, 0.474, 0.48, 0.46, 0.482, 0.476, 0.47, 0.459, 0.441, 0.445, 0.412, 0.418, 0.4, 0.402, 0.391, 0.34, 0.345, 0.313, 0.297, 0.28, 0.281, 0.251, 0.242, 0.207, 0.2, 0.196, 0.193, 0.193, 0.176, 0.193, 0.176, 0.173, 0.192, 0.196, 0.179, 0.222, 0.212, 0.228, 0.236, 0.256, 0.259, 0.296, 0.304, 0.326, 0.356, 0.368, 0.381, 0.417, 0.401, 0.427, 0.452, 0.466, 0.446, 0.461, 0.485, 0.473, 0.48, 0.474, 0.476, 0.437, 0.461, 0.455, 0.441, 0.435, 0.407, 0.408, 0.406, 0.386, 0.362, 0.34, 0.313, 0.297, 0.293, 0.267, 0.273, 0.22, 0.222, 0.206, 0.209, 0.203, 0.173, 0.168, 0.171, 0.184, 0.184, 0.167, 0.192, 0.199, 0.206, 0.224, 0.233, 0.245, 0.272, 0.292, 0.289, 0.31, 0.335, 0.345, 0.371, 0.382, 0.405, 0.42, 0.426, 0.449, 0.458, 0.484, 0.45, 0.481, 0.488, 0.501, 0.473, 0.477, 0.467, 0.482, 0.448, 0.441, 0.419, 0.392, 0.405, 0.388, 0.37, 0.361, 0.345, 0.313, 0.303, 0.284, 0.268, 0.267, 0.242, 0.234, 0.21, 0.19, 0.204, 0.193, 0.177, 0.177, 0.184, 0.183, 0.182, 0.178, 0.216, 0.206, 0.229, 0.206, 0.232, 0.271, 0.274, 0.304, 0.305, 0.327]"
-7.0,12.5,2.0,0.0,0.0409,-2.4638,0.4656,"[0.07, 0.08, 0.067, 0.071, 0.07, 0.098, 0.08, 0.081, 0.074, 0.082, 0.084, 0.101, 0.087, 0.087, 0.098, 0.09, 0.078, 0.103, 0.081, 0.087, 0.086, 0.057, 0.073, 0.068, 0.058, 0.066, 0.065, 0.066, 0.058, 0.053, 0.066, 0.044, 0.028, 0.034, 0.051, 0.036, 0.027, 0.042, 0.049, 0.031, 0.04, 0.048, 0.055, 0.041, 0.036, 0.038, 0.019, 0.03, 0.051, 0.075, 0.046, 0.053, 0.063, 0.078, 0.057, 0.064, 0.072, 0.077, 0.08, 0.085, 0.089, 0.089, 0.087, 0.075, 0.077, 0.083, 0.102, 0.105, 0.077, 0.099, 0.073, 0.093, 0.08, 0.061, 0.07, 0.071, 0.078, 0.07, 0.066, 0.061, 0.071, 0.047, 0.059, 0.075, 0.053, 0.05, 0.036, 0.06, 0.03, 0.036, 0.013, 0.028, 0.041, 0.032, 0.044, 0.037, 0.04, 0.047, 0.023, 0.049, 0.04, 0.041, 0.038, 0.057, 0.057, 0.067, 0.047, 0.076, 0.074, 0.063, 0.085, 0.082, 0.068, 0.085, 0.06, 0.094, 0.082, 0.073, 0.067, 0.094, 0.089, 0.087, 0.092, 0.088, 0.094, 0.084, 0.077, 0.075, 0.079, 0.078, 0.064, 0.062, 0.066, 0.063, 0.047, 0.041, 0.051, 0.052, 0.047, 0.028, 0.043, 0.046, 0.032, 0.028, 0.045, 0.044, 0.024, 0.035, 0.023, 0.04, 0.032, 0.029, 0.026, 0.056, 0.041, 0.08, 0.066, 0.068, 0.038, 0.061]"
-7.0,12.5,2.0,3.0,0.1834,-2.0611,0.6858,"[0.204, 0.194, 0.224, 0.234, 0.248, 0.269, 0.278, 0.293, 0.299, 0.305, 0.301, 0.31, 0.306, 0.314, 0.321, 0.3, 0.319, 0.302, 0.296, 0.289, 0.28, 0.243, 0.254, 0.234, 0.224, 0.22, 0.192, 0.174, 0.17, 0.14, 0.15, 0.144, 0.098, 0.106, 0.105, 0.076, 0.068, 0.062, 0.076, 0.075, 0.059, 0.078, 0.054, 0.076, 0.068, 0.087, 0.091, 0.095, 0.121, 0.119, 0.152, 0.167, 0.175, 0.186, 0.212, 0.228, 0.229, 0.25, 0.257, 0.278, 0.277, 0.296, 0.301, 0.317, 0.308, 0.319, 0.313, 0.302, 0.312, 0.317, 0.312, 0.292, 0.299, 0.291, 0.258, 0.256, 0.252, 0.24, 0.214, 0.208, 0.195, 0.172, 0.149, 0.141, 0.117, 0.105, 0.085, 0.099, 0.092, 0.055, 0.063, 0.058, 0.067, 0.061, 0.069, 0.066, 0.073, 0.078, 0.097, 0.085, 0.098, 0.109, 0.135, 0.128, 0.14, 0.181, 0.176, 0.196, 0.206, 0.227, 0.277, 0.258, 0.273, 0.274, 0.292, 0.311, 0.309, 0.333, 0.308, 0.296, 0.321, 0.319, 0.311, 0.291, 0.292, 0.291, 0.281, 0.274, 0.245, 0.222, 0.225, 0.218, 0.184, 0.198, 0.163, 0.163, 0.155, 0.108, 0.117, 0.118, 0.085, 0.101, 0.084, 0.065, 0.064, 0.046, 0.054, 0.069, 0.063, 0.074, 0.089, 0.096, 0.099, 0.1, 0.12, 0.133, 0.138, 0.163, 0.166, 0.189]"
-7.0,15.0,0.5,0.0,0.1571,-2.3893,0.3781,"[0.156, 0.152, 0.173, 0.174, 0.179, 0.178, 0.19, 0.184, 0.195, 0.208, 0.207, 0.194, 0.212, 0.188, 0.199, 0.209, 0.187, 0.195, 0.192, 0.196, 0.173, 0.18, 0.159, 0.156, 0.152, 0.144, 0.148, 0.156, 0.126, 0.12, 0.131, 0.133, 0.103, 0.104, 0.084, 0.087, 0.077, 0.09, 0.11, 0.085, 0.09, 0.103, 0.086, 0.11, 0.086, 0.114, 0.107, 0.121, 0.134, 0.141, 0.147, 0.178, 0.169, 0.152, 0.161, 0.194, 0.185, 0.202, 0.204, 0.194, 0.2, 0.194, 0.21, 0.202, 0.211, 0.19, 0.191, 0.185, 0.201, 0.181, 0.175, 0.168, 0.175, 0.187, 0.175, 0.151, 0.127, 0.124, 0.127, 0.094, 0.106, 0.116, 0.087, 0.105, 0.091, 0.088, 0.099, 0.108, 0.092, 0.108, 0.1, 0.088, 0.114, 0.121, 0.117, 0.105, 0.109, 0.135, 0.142, 0.151, 0.129, 0.149, 0.158, 0.181, 0.177, 0.193, 0.177, 0.172, 0.203, 0.195, 0.2, 0.188, 0.202, 0.202, 0.199, 0.203, 0.201, 0.202, 0.185, 0.197, 0.161, 0.177, 0.162, 0.154, 0.144, 0.147, 0.153, 0.141, 0.131, 0.115, 0.127, 0.11, 0.091, 0.09, 0.112, 0.105, 0.106, 0.094, 0.085, 0.077, 0.089, 0.086, 0.128, 0.104, 0.109, 0.114, 0.109, 0.114, 0.156, 0.164, 0.165, 0.165, 0.154, 0.185, 0.178, 0.189, 0.191, 0.2, 0.205, 0.197]"
-7.0,15.0,0.5,3.0,0.8542,-1.9496,0.0331,"[0.853, 0.828, 0.847, 0.827, 0.835, 0.852, 0.852, 0.852, 0.862, 0.853, 0.846, 0.842, 0.841, 0.849, 0.85, 0.871, 0.858, 0.845, 0.863, 0.861, 0.847, 0.863, 0.858, 0.843, 0.844, 0.839, 0.846, 0.815, 0.846, 0.821, 0.827, 0.853, 0.827, 0.833, 0.833, 0.832, 0.823, 0.832, 0.827, 0.81, 0.817, 0.828, 0.835, 0.837, 0.835, 0.834, 0.835, 0.841, 0.83, 0.842, 0.852, 0.846, 0.837, 0.839, 0.864, 0.851, 0.839, 0.845, 0.839, 0.84, 0.86, 0.852, 0.846, 0.87, 0.855, 0.857, 0.864, 0.84, 0.841, 0.853, 0.818, 0.87, 0.851, 0.844, 0.848, 0.848, 0.843, 0.846, 0.848, 0.852, 0.824, 0.819, 0.818, 0.831, 0.81, 0.814, 0.832, 0.822, 0.826, 0.844, 0.838, 0.831, 0.82, 0.829, 0.824, 0.832, 0.827, 0.839, 0.836, 0.832, 0.831, 0.862, 0.84, 0.86, 0.849, 0.853, 0.855, 0.852, 0.856, 0.862, 0.844, 0.856, 0.858, 0.864, 0.853, 0.854, 0.863, 0.838, 0.864, 0.843, 0.86, 0.861, 0.843, 0.854, 0.839, 0.833, 0.843, 0.846, 0.825, 0.816, 0.834, 0.847, 0.829, 0.841, 0.839, 0.836, 0.825, 0.82, 0.828, 0.816, 0.837, 0.825, 0.829, 0.83, 0.825, 0.829, 0.84, 0.827, 0.829, 0.834, 0.845, 0.83, 0.841, 0.826, 0.835, 0.849, 0.857, 0.856, 0.856, 0.851]"
-7.0,15.0,1.0,0.0,0.0923,-2.4817,0.62,"[0.112, 0.097, 0.11, 0.13, 0.12, 0.145, 0.14, 0.149, 0.151, 0.15, 0.171, 0.164, 0.14, 0.153, 0.164, 0.131, 0.144, 0.159, 0.147, 0.133, 0.14, 0.148, 0.11, 0.1, 0.122, 0.107, 0.087, 0.083, 0.084, 0.077, 0.071, 0.048, 0.049, 0.067, 0.05, 0.058, 0.041, 0.034, 0.029, 0.036, 0.054, 0.046, 0.035, 0.044, 0.082, 0.057, 0.074, 0.087, 0.083, 0.069, 0.088, 0.099, 0.101, 0.137, 0.137, 0.148, 0.132, 0.144, 0.16, 0.136, 0.174, 0.169, 0.162, 0.151, 0.143, 0.161, 0.166, 0.151, 0.149, 0.143, 0.132, 0.129, 0.132, 0.115, 0.104, 0.087, 0.096, 0.081, 0.074, 0.072, 0.061, 0.059, 0.052, 0.042, 0.052, 0.015, 0.045, 0.028, 0.051, 0.022, 0.038, 0.05, 0.049, 0.048, 0.072, 0.054, 0.075, 0.074, 0.096, 0.09, 0.103, 0.107, 0.117, 0.126, 0.132, 0.137, 0.136, 0.15, 0.139, 0.158, 0.156, 0.135, 0.16, 0.174, 0.155, 0.155, 0.143, 0.169, 0.163, 0.152, 0.15, 0.113, 0.102, 0.136, 0.098, 0.084, 0.09, 0.067, 0.074, 0.056, 0.068, 0.044, 0.037, 0.035, 0.045, 0.034, 0.048, 0.038, 0.046, 0.032, 0.042, 0.047, 0.044, 0.052, 0.067, 0.052, 0.071, 0.082, 0.077, 0.077, 0.105, 0.103, 0.103, 0.118, 0.136, 0.143, 0.142, 0.16, 0.159, 0.143]"
-7.0,15.0,1.0,3.0,0.4586,-1.9834,0.1403,"[0.441, 0.476, 0.457, 0.467, 0.481, 0.5, 0.507, 0.493, 0.497, 0.495, 0.522, 0.512, 0.5, 0.516, 0.512, 0.497, 0.495, 0.485, 0.504, 0.481, 0.469, 0.489, 0.471, 0.439, 0.46, 0.426, 0.429, 0.434, 0.427, 0.408, 0.396, 0.422, 0.414, 0.391, 0.39, 0.381, 0.383, 0.386, 0.394, 0.37, 0.393, 0.408, 0.393, 0.391, 0.417, 0.401, 0.406, 0.407, 0.438, 0.428, 0.431, 0.457, 0.452, 0.476, 0.482, 0.484, 0.481, 0.502, 0.484, 0.513, 0.502, 0.505, 0.51, 0.519, 0.508, 0.498, 0.505, 0.506, 0.501, 0.487, 0.481, 0.476, 0.473, 0.456, 0.452, 0.444, 0.421, 0.421, 0.43, 0.433, 0.408, 0.401, 0.392, 0.369, 0.406, 0.38, 0.37, 0.389, 0.386, 0.409, 0.395, 0.409, 0.405, 0.397, 0.433, 0.431, 0.427, 0.44, 0.439, 0.446, 0.456, 0.48, 0.478, 0.473, 0.482, 0.47, 0.493, 0.502, 0.504, 0.505, 0.499, 0.515, 0.517, 0.507, 0.505, 0.502, 0.502, 0.499, 0.472, 0.479, 0.464, 0.465, 0.475, 0.446, 0.432, 0.427, 0.435, 0.433, 0.419, 0.391, 0.399, 0.417, 0.397, 0.371, 0.381, 0.366, 0.381, 0.387, 0.385, 0.385, 0.412, 0.397, 0.396, 0.412, 0.418, 0.421, 0.451, 0.423, 0.451, 0.457, 0.439, 0.466, 0.459, 0.476, 0.494, 0.489, 0.471, 0.505, 0.485, 0.499]"
-7.0,15.0,2.0,0.0,0.0716,-2.4452,0.7817,"[0.067, 0.059, 0.081, 0.089, 0.089, 0.108, 0.115, 0.115, 0.119, 0.133, 0.115, 0.143, 0.125, 0.128, 0.121, 0.117, 0.136, 0.114, 0.123, 0.117, 0.105, 0.112, 0.095, 0.066, 0.074, 0.101, 0.066, 0.058, 0.062, 0.06, 0.03, 0.034, 0.029, 0.01, 0.019, 0.021, 0.015, 0.037, 0.025, 0.021, 0.02, 0.03, 0.024, 0.015, 0.024, 0.044, 0.061, 0.05, 0.071, 0.074, 0.088, 0.072, 0.079, 0.116, 0.087, 0.114, 0.132, 0.125, 0.139, 0.141, 0.138, 0.135, 0.12, 0.117, 0.128, 0.109, 0.131, 0.146, 0.117, 0.115, 0.093, 0.098, 0.093, 0.083, 0.082, 0.064, 0.065, 0.061, 0.064, 0.044, 0.031, 0.031, 0.032, 0.014, 0.013, 0.019, 0.0, 0.015, 0.012, 0.024, 0.012, 0.019, 0.027, 0.025, 0.028, 0.037, 0.029, 0.047, 0.07, 0.056, 0.068, 0.083, 0.1, 0.087, 0.099, 0.125, 0.118, 0.128, 0.114, 0.122, 0.14, 0.135, 0.138, 0.138, 0.138, 0.123, 0.113, 0.113, 0.111, 0.087, 0.108, 0.106, 0.091, 0.076, 0.077, 0.051, 0.043, 0.071, 0.027, 0.049, 0.049, 0.03, 0.025, 0.024, 0.0, 0.011, 0.03, 0.017, 0.015, 0.019, 0.014, 0.012, 0.038, 0.024, 0.062, 0.042, 0.056, 0.076, 0.071, 0.06, 0.075, 0.071, 0.093, 0.091, 0.105, 0.127, 0.135, 0.105, 0.108, 0.129]"
-7.0,15.0,2.0,3.0,0.2473,-1.8211,0.3701,"[0.247, 0.256, 0.283, 0.292, 0.29, 0.314, 0.319, 0.319, 0.299, 0.316, 0.33, 0.342, 0.325, 0.349, 0.352, 0.339, 0.335, 0.331, 0.321, 0.31, 0.299, 0.299, 0.288, 0.255, 0.257, 0.251, 0.219, 0.229, 0.21, 0.221, 0.2, 0.184, 0.18, 0.17, 0.148, 0.159, 0.141, 0.153, 0.158, 0.146, 0.161, 0.181, 0.167, 0.17, 0.199, 0.199, 0.206, 0.223, 0.23, 0.232, 0.24, 0.281, 0.279, 0.3, 0.293, 0.317, 0.305, 0.305, 0.332, 0.341, 0.346, 0.342, 0.332, 0.342, 0.34, 0.332, 0.324, 0.311, 0.317, 0.309, 0.283, 0.307, 0.262, 0.259, 0.256, 0.246, 0.223, 0.21, 0.208, 0.198, 0.204, 0.17, 0.174, 0.166, 0.166, 0.156, 0.168, 0.163, 0.17, 0.161, 0.163, 0.164, 0.159, 0.186, 0.195, 0.205, 0.206, 0.209, 0.224, 0.246, 0.266, 0.25, 0.294, 0.267, 0.316, 0.297, 0.33, 0.318, 0.343, 0.31, 0.342, 0.349, 0.342, 0.344, 0.346, 0.334, 0.322, 0.307, 0.322, 0.315, 0.301, 0.292, 0.276, 0.258, 0.262, 0.234, 0.229, 0.222, 0.22, 0.167, 0.196, 0.175, 0.177, 0.147, 0.154, 0.17, 0.169, 0.155, 0.175, 0.161, 0.168, 0.162, 0.172, 0.189, 0.17, 0.204, 0.218, 0.225, 0.25, 0.243, 0.256, 0.266, 0.278, 0.29, 0.296, 0.322, 0.332, 0.337, 0.338, 0.325]"
-7.0,17.5,0.5,0.0,0.2537,-2.2395,0.9509,"[0.242, 0.253, 0.303, 0.32, 0.35, 0.35, 0.4, 0.428, 0.445, 0.444, 0.464, 0.471, 0.455, 0.469, 0.448, 0.427, 0.419, 0.41, 0.372, 0.342, 0.341, 0.312, 0.277, 0.251, 0.226, 0.173, 0.134, 0.142, 0.112, 0.09, 0.056, 0.049, 0.044, 0.025, 0.011, 0.017, 0.029, 0.023, 0.02, 0.062, 0.059, 0.075, 0.098, 0.135, 0.151, 0.169, 0.22, 0.248, 0.276, 0.294, 0.329, 0.363, 0.384, 0.408, 0.439, 0.441, 0.455, 0.449, 0.451, 0.469, 0.453, 0.432, 0.442, 0.432, 0.392, 0.364, 0.371, 0.343, 0.312, 0.265, 0.24, 0.217, 0.192, 0.153, 0.154, 0.109, 0.081, 0.059, 0.046, 0.034, 0.01, 0.004, 0.007, 0.014, 0.026, 0.03, 0.048, 0.052, 0.099, 0.097, 0.139, 0.154, 0.197, 0.238, 0.261, 0.274, 0.314, 0.336, 0.352, 0.399, 0.433, 0.44, 0.43, 0.473, 0.453, 0.458, 0.454, 0.458, 0.427, 0.425, 0.43, 0.424, 0.354, 0.361, 0.312, 0.291, 0.253, 0.246, 0.212, 0.178, 0.156, 0.128, 0.086, 0.078, 0.05, 0.033, 0.033, 0.033, 0.014, 0.031, 0.015, 0.009, 0.024, 0.037, 0.075, 0.112, 0.128, 0.152, 0.187, 0.207, 0.241, 0.261, 0.281, 0.306, 0.342, 0.354, 0.39, 0.411, 0.44, 0.443, 0.467, 0.456, 0.453, 0.479, 0.466, 0.446, 0.425, 0.437, 0.394, 0.379]"
-7.0,17.5,0.5,3.0,1.0439,-1.7602,0.0118,"[1.038, 1.035, 1.04, 1.043, 1.036, 1.036, 1.042, 1.025, 1.037, 1.043, 1.042, 1.033, 1.035, 1.025, 1.032, 1.021, 1.038, 1.045, 1.033, 1.017, 1.049, 1.042, 1.031, 1.031, 1.049, 1.044, 1.047, 1.024, 1.045, 1.029, 1.025, 1.039, 1.044, 1.04, 1.04, 1.027, 1.019, 1.044, 1.042, 1.034, 1.035, 1.04, 1.035, 1.046, 1.047, 1.039, 1.037, 1.042, 1.011, 1.039, 1.024, 1.044, 1.049, 1.015, 1.047, 1.039, 1.045, 1.05, 1.042, 1.042, 1.029, 1.031, 1.06, 1.05, 1.045, 1.03, 1.044, 1.036, 1.062, 1.054, 1.031, 1.032, 1.037, 1.052, 1.05, 1.018, 1.044, 1.051, 1.037, 1.045, 1.058, 1.053, 1.044, 1.043, 1.039, 1.045, 1.037, 1.05, 1.029, 1.033, 1.035, 1.052, 1.048, 1.043, 1.043, 1.02, 1.046, 1.029, 1.033, 1.071, 1.045, 1.041, 1.038, 1.052, 1.029, 1.034, 1.052, 1.04, 1.044, 1.034, 1.046, 1.034, 1.024, 1.05, 1.031, 1.027, 1.03, 1.04, 1.032, 1.058, 1.05, 1.04, 1.03, 1.049, 1.042, 1.032, 1.041, 1.041, 1.031, 1.025, 1.051, 1.046, 1.038, 1.044, 1.048, 1.035, 1.036, 1.057, 1.033, 1.058, 1.073, 1.042, 1.023, 1.039, 1.041, 1.039, 1.053, 1.035, 1.045, 1.044, 1.045, 1.031, 1.05, 1.03, 1.044, 1.045, 1.03, 1.029, 1.037, 1.051]"
-7.0,17.5,1.0,0.0,0.1443,-2.2162,0.9723,"[0.152, 0.163, 0.149, 0.206, 0.239, 0.224, 0.245, 0.275, 0.273, 0.28, 0.276, 0.286, 0.286, 0.286, 0.266, 0.295, 0.261, 0.24, 0.23, 0.211, 0.203, 0.185, 0.18, 0.139, 0.119, 0.094, 0.1, 0.086, 0.029, 0.053, 0.029, 0.035, 0.035, 0.0, 0.0, 0.015, 0.016, 0.008, 0.024, 0.028, 0.044, 0.057, 0.059, 0.085, 0.092, 0.12, 0.122, 0.153, 0.172, 0.195, 0.202, 0.21, 0.234, 0.234, 0.256, 0.254, 0.277, 0.292, 0.293, 0.267, 0.284, 0.301, 0.263, 0.264, 0.259, 0.218, 0.222, 0.211, 0.181, 0.151, 0.16, 0.111, 0.087, 0.078, 0.071, 0.044, 0.033, 0.026, 0.036, 0.019, 0.011, 0.022, 0.022, 0.0, 0.0, 0.01, 0.028, 0.051, 0.039, 0.064, 0.079, 0.112, 0.125, 0.124, 0.161, 0.169, 0.193, 0.194, 0.203, 0.235, 0.241, 0.26, 0.264, 0.278, 0.285, 0.291, 0.291, 0.293, 0.275, 0.254, 0.266, 0.247, 0.238, 0.223, 0.195, 0.177, 0.182, 0.129, 0.119, 0.114, 0.086, 0.065, 0.064, 0.056, 0.032, 0.005, 0.014, 0.012, 0.0, 0.02, 0.012, 0.002, 0.025, 0.034, 0.033, 0.04, 0.065, 0.078, 0.105, 0.117, 0.144, 0.16, 0.184, 0.2, 0.221, 0.218, 0.252, 0.274, 0.277, 0.258, 0.296, 0.291, 0.294, 0.275, 0.264, 0.288, 0.259, 0.245, 0.225, 0.209]"
-7.0,17.5,1.0,3.0,0.5281,-1.8148,0.029,"[0.543, 0.56, 0.563, 0.54, 0.553, 0.554, 0.551, 0.56, 0.571, 0.536, 0.559, 0.559, 0.555, 0.565, 0.554, 0.549, 0.563, 0.542, 0.546, 0.543, 0.567, 0.55, 0.533, 0.548, 0.533, 0.545, 0.527, 0.524, 0.545, 0.53, 0.548, 0.512, 0.539, 0.528, 0.54, 0.528, 0.539, 0.53, 0.534, 0.547, 0.536, 0.53, 0.528, 0.544, 0.552, 0.549, 0.561, 0.548, 0.541, 0.562, 0.537, 0.543, 0.554, 0.544, 0.561, 0.552, 0.567, 0.562, 0.576, 0.54, 0.562, 0.558, 0.557, 0.551, 0.557, 0.533, 0.531, 0.542, 0.528, 0.551, 0.535, 0.543, 0.545, 0.538, 0.545, 0.532, 0.535, 0.53, 0.543, 0.52, 0.536, 0.548, 0.537, 0.526, 0.536, 0.527, 0.545, 0.54, 0.538, 0.552, 0.54, 0.526, 0.543, 0.541, 0.545, 0.552, 0.556, 0.539, 0.552, 0.551, 0.556, 0.559, 0.555, 0.544, 0.556, 0.569, 0.546, 0.57, 0.539, 0.557, 0.548, 0.553, 0.559, 0.56, 0.562, 0.532, 0.537, 0.539, 0.535, 0.545, 0.547, 0.519, 0.526, 0.534, 0.534, 0.549, 0.52, 0.527, 0.545, 0.527, 0.539, 0.528, 0.531, 0.54, 0.532, 0.529, 0.545, 0.53, 0.548, 0.539, 0.535, 0.554, 0.543, 0.547, 0.53, 0.54, 0.565, 0.556, 0.567, 0.555, 0.557, 0.573, 0.561, 0.573, 0.552, 0.553, 0.547, 0.56, 0.544, 0.569]"
-7.0,17.5,2.0,0.0,0.099,-2.2607,0.9941,"[0.099, 0.102, 0.124, 0.138, 0.151, 0.174, 0.165, 0.171, 0.179, 0.172, 0.2, 0.182, 0.203, 0.182, 0.171, 0.159, 0.186, 0.182, 0.164, 0.14, 0.127, 0.122, 0.124, 0.099, 0.074, 0.067, 0.066, 0.064, 0.048, 0.023, 0.022, 0.025, 0.009, 0.0, 0.0, 0.0, 0.005, 0.018, 0.023, 0.014, 0.013, 0.028, 0.041, 0.063, 0.066, 0.058, 0.095, 0.081, 0.115, 0.142, 0.121, 0.147, 0.158, 0.168, 0.184, 0.176, 0.194, 0.188, 0.194, 0.178, 0.201, 0.189, 0.188, 0.187, 0.165, 0.156, 0.13, 0.138, 0.138, 0.111, 0.091, 0.095, 0.059, 0.055, 0.043, 0.048, 0.032, 0.015, 0.009, 0.01, 0.006, 0.004, 0.0, 0.013, 0.021, 0.024, 0.028, 0.047, 0.025, 0.036, 0.04, 0.063, 0.065, 0.104, 0.105, 0.113, 0.117, 0.127, 0.146, 0.178, 0.182, 0.185, 0.162, 0.188, 0.189, 0.186, 0.193, 0.181, 0.181, 0.172, 0.167, 0.132, 0.157, 0.151, 0.126, 0.133, 0.1, 0.084, 0.094, 0.065, 0.061, 0.033, 0.035, 0.024, 0.015, 0.009, 0.009, 0.005, 0.007, 0.0, 0.018, 0.004, 0.006, 0.021, 0.024, 0.036, 0.041, 0.062, 0.052, 0.083, 0.088, 0.088, 0.13, 0.127, 0.153, 0.161, 0.156, 0.184, 0.177, 0.178, 0.179, 0.184, 0.196, 0.184, 0.194, 0.18, 0.189, 0.168, 0.161, 0.152]"
-7.0,17.5,2.0,3.0,0.3011,-1.7639,0.1593,"[0.316, 0.31, 0.319, 0.327, 0.318, 0.334, 0.343, 0.348, 0.346, 0.337, 0.355, 0.329, 0.336, 0.319, 0.338, 0.334, 0.33, 0.329, 0.316, 0.329, 0.315, 0.308, 0.292, 0.29, 0.284, 0.292, 0.31, 0.279, 0.279, 0.275, 0.246, 0.271, 0.259, 0.265, 0.243, 0.255, 0.26, 0.253, 0.244, 0.241, 0.269, 0.272, 0.264, 0.284, 0.276, 0.277, 0.297, 0.281, 0.307, 0.294, 0.305, 0.318, 0.333, 0.31, 0.342, 0.349, 0.342, 0.34, 0.342, 0.328, 0.341, 0.343, 0.374, 0.347, 0.329, 0.316, 0.325, 0.315, 0.314, 0.294, 0.282, 0.296, 0.281, 0.28, 0.264, 0.281, 0.253, 0.27, 0.258, 0.253, 0.255, 0.251, 0.249, 0.253, 0.249, 0.26, 0.272, 0.288, 0.277, 0.278, 0.256, 0.281, 0.281, 0.279, 0.311, 0.29, 0.304, 0.3, 0.321, 0.339, 0.319, 0.33, 0.346, 0.353, 0.342, 0.33, 0.339, 0.337, 0.333, 0.323, 0.341, 0.326, 0.307, 0.326, 0.331, 0.312, 0.293, 0.318, 0.291, 0.293, 0.275, 0.267, 0.276, 0.255, 0.256, 0.256, 0.268, 0.239, 0.263, 0.26, 0.259, 0.262, 0.246, 0.246, 0.246, 0.264, 0.276, 0.268, 0.289, 0.288, 0.296, 0.308, 0.308, 0.301, 0.334, 0.329, 0.317, 0.33, 0.338, 0.327, 0.348, 0.331, 0.359, 0.351, 0.334, 0.328, 0.337, 0.318, 0.327, 0.324]"
-7.0,20.0,0.5,0.0,0.3809,-2.1727,0.7832,"[0.402, 0.439, 0.48, 0.512, 0.537, 0.593, 0.611, 0.65, 0.647, 0.673, 0.687, 0.73, 0.688, 0.682, 0.672, 0.659, 0.618, 0.575, 0.544, 0.519, 0.497, 0.429, 0.404, 0.348, 0.308, 0.258, 0.235, 0.201, 0.148, 0.13, 0.115, 0.106, 0.114, 0.08, 0.062, 0.092, 0.115, 0.137, 0.155, 0.177, 0.225, 0.26, 0.302, 0.335, 0.394, 0.43, 0.47, 0.523, 0.547, 0.595, 0.612, 0.633, 0.667, 0.663, 0.697, 0.708, 0.72, 0.698, 0.692, 0.658, 0.644, 0.602, 0.58, 0.507, 0.477, 0.443, 0.412, 0.367, 0.308, 0.262, 0.236, 0.197, 0.165, 0.139, 0.117, 0.113, 0.101, 0.083, 0.084, 0.104, 0.112, 0.138, 0.158, 0.182, 0.218, 0.234, 0.287, 0.35, 0.388, 0.419, 0.453, 0.512, 0.525, 0.586, 0.613, 0.638, 0.674, 0.69, 0.7, 0.713, 0.691, 0.685, 0.678, 0.676, 0.618, 0.6, 0.566, 0.54, 0.484, 0.454, 0.428, 0.355, 0.316, 0.284, 0.252, 0.209, 0.184, 0.156, 0.112, 0.104, 0.073, 0.093, 0.109, 0.088, 0.103, 0.118, 0.163, 0.183, 0.207, 0.233, 0.283, 0.317, 0.37, 0.416, 0.449, 0.495, 0.548, 0.569, 0.624, 0.642, 0.664, 0.683, 0.668, 0.707, 0.709, 0.697, 0.666, 0.666, 0.628, 0.618, 0.584, 0.538, 0.505, 0.464, 0.431, 0.379, 0.322, 0.272, 0.263, 0.2]"
-7.0,20.0,0.5,3.0,1.1677,-1.7192,0.007,"[1.156, 1.172, 1.159, 1.175, 1.176, 1.183, 1.176, 1.178, 1.157, 1.163, 1.17, 1.18, 1.171, 1.169, 1.177, 1.152, 1.161, 1.173, 1.172, 1.176, 1.174, 1.175, 1.166, 1.185, 1.161, 1.169, 1.172, 1.178, 1.162, 1.171, 1.182, 1.171, 1.173, 1.168, 1.171, 1.171, 1.176, 1.159, 1.17, 1.173, 1.179, 1.178, 1.185, 1.172, 1.158, 1.171, 1.155, 1.155, 1.165, 1.174, 1.161, 1.185, 1.174, 1.184, 1.189, 1.181, 1.167, 1.161, 1.162, 1.173, 1.167, 1.161, 1.177, 1.177, 1.162, 1.166, 1.157, 1.172, 1.167, 1.181, 1.171, 1.164, 1.172, 1.168, 1.164, 1.17, 1.158, 1.173, 1.173, 1.182, 1.173, 1.161, 1.14, 1.16, 1.174, 1.183, 1.172, 1.163, 1.174, 1.147, 1.172, 1.177, 1.163, 1.181, 1.186, 1.177, 1.175, 1.137, 1.174, 1.181, 1.17, 1.18, 1.173, 1.172, 1.176, 1.17, 1.164, 1.169, 1.168, 1.175, 1.163, 1.183, 1.175, 1.183, 1.169, 1.158, 1.159, 1.165, 1.161, 1.156, 1.173, 1.175, 1.169, 1.185, 1.171, 1.168, 1.168, 1.179, 1.158, 1.153, 1.174, 1.174, 1.177, 1.171, 1.189, 1.18, 1.148, 1.158, 1.153, 1.172, 1.173, 1.189, 1.164, 1.162, 1.174, 1.161, 1.169, 1.181, 1.179, 1.182, 1.158, 1.177, 1.172, 1.195, 1.179, 1.172, 1.182, 1.177, 1.179, 1.177]"
-7.0,20.0,1.0,0.0,0.2183,-2.1258,0.883,"[0.215, 0.251, 0.281, 0.296, 0.331, 0.349, 0.365, 0.393, 0.386, 0.396, 0.415, 0.405, 0.428, 0.406, 0.386, 0.385, 0.388, 0.342, 0.322, 0.31, 0.292, 0.241, 0.216, 0.18, 0.169, 0.145, 0.127, 0.1, 0.077, 0.061, 0.051, 0.023, 0.031, 0.009, 0.039, 0.051, 0.036, 0.058, 0.079, 0.106, 0.111, 0.129, 0.167, 0.202, 0.217, 0.258, 0.282, 0.305, 0.322, 0.343, 0.382, 0.374, 0.402, 0.411, 0.417, 0.406, 0.416, 0.405, 0.411, 0.391, 0.388, 0.368, 0.328, 0.323, 0.277, 0.269, 0.216, 0.215, 0.166, 0.143, 0.12, 0.093, 0.092, 0.044, 0.052, 0.042, 0.019, 0.022, 0.017, 0.029, 0.049, 0.049, 0.071, 0.086, 0.128, 0.133, 0.149, 0.187, 0.219, 0.234, 0.28, 0.277, 0.314, 0.342, 0.372, 0.394, 0.408, 0.407, 0.424, 0.423, 0.417, 0.406, 0.405, 0.404, 0.377, 0.353, 0.348, 0.308, 0.293, 0.264, 0.242, 0.213, 0.184, 0.148, 0.121, 0.106, 0.084, 0.089, 0.053, 0.039, 0.025, 0.016, 0.012, 0.02, 0.036, 0.06, 0.07, 0.074, 0.099, 0.127, 0.15, 0.171, 0.183, 0.224, 0.253, 0.301, 0.328, 0.319, 0.366, 0.389, 0.384, 0.388, 0.428, 0.414, 0.429, 0.413, 0.419, 0.398, 0.375, 0.356, 0.334, 0.314, 0.291, 0.269, 0.233, 0.227, 0.198, 0.158, 0.149, 0.121]"
-7.0,20.0,1.0,3.0,0.6072,-1.8236,0.022,"[0.625, 0.602, 0.597, 0.611, 0.603, 0.603, 0.61, 0.608, 0.609, 0.61, 0.615, 0.606, 0.607, 0.621, 0.624, 0.63, 0.612, 0.623, 0.609, 0.616, 0.612, 0.628, 0.605, 0.602, 0.611, 0.591, 0.611, 0.585, 0.601, 0.61, 0.593, 0.612, 0.588, 0.609, 0.617, 0.621, 0.625, 0.601, 0.606, 0.603, 0.619, 0.612, 0.61, 0.61, 0.616, 0.602, 0.619, 0.615, 0.622, 0.608, 0.612, 0.623, 0.6, 0.624, 0.609, 0.62, 0.62, 0.61, 0.612, 0.598, 0.594, 0.613, 0.623, 0.61, 0.59, 0.606, 0.606, 0.607, 0.6, 0.603, 0.595, 0.63, 0.626, 0.6, 0.61, 0.604, 0.608, 0.613, 0.611, 0.619, 0.604, 0.61, 0.585, 0.611, 0.589, 0.597, 0.623, 0.623, 0.601, 0.628, 0.618, 0.616, 0.6, 0.63, 0.619, 0.604, 0.589, 0.6, 0.614, 0.61, 0.627, 0.601, 0.615, 0.622, 0.599, 0.618, 0.611, 0.606, 0.589, 0.616, 0.604, 0.607, 0.624, 0.61, 0.613, 0.629, 0.611, 0.602, 0.622, 0.61, 0.604, 0.6, 0.607, 0.619, 0.604, 0.611, 0.601, 0.624, 0.596, 0.6, 0.604, 0.597, 0.616, 0.618, 0.617, 0.618, 0.596, 0.614, 0.625, 0.608, 0.623, 0.61, 0.611, 0.6, 0.607, 0.625, 0.606, 0.631, 0.61, 0.625, 0.612, 0.588, 0.604, 0.604, 0.604, 0.598, 0.601, 0.616, 0.636, 0.612]"
-7.0,20.0,2.0,0.0,0.1503,-2.1351,0.9494,"[0.146, 0.149, 0.174, 0.184, 0.192, 0.215, 0.24, 0.246, 0.249, 0.264, 0.258, 0.275, 0.251, 0.254, 0.26, 0.251, 0.226, 0.211, 0.211, 0.204, 0.182, 0.143, 0.13, 0.108, 0.115, 0.084, 0.065, 0.056, 0.045, 0.026, 0.023, 0.015, 0.026, 0.009, 0.013, 0.006, 0.013, 0.032, 0.029, 0.054, 0.062, 0.086, 0.077, 0.129, 0.116, 0.169, 0.169, 0.191, 0.201, 0.217, 0.22, 0.247, 0.254, 0.261, 0.276, 0.249, 0.263, 0.244, 0.265, 0.252, 0.232, 0.231, 0.213, 0.178, 0.182, 0.15, 0.142, 0.131, 0.105, 0.086, 0.085, 0.058, 0.04, 0.015, 0.022, 0.022, 0.025, 0.0, 0.013, 0.019, 0.013, 0.042, 0.027, 0.066, 0.063, 0.085, 0.09, 0.096, 0.129, 0.154, 0.16, 0.18, 0.2, 0.199, 0.225, 0.241, 0.243, 0.268, 0.263, 0.241, 0.257, 0.253, 0.246, 0.262, 0.243, 0.221, 0.206, 0.192, 0.173, 0.154, 0.148, 0.104, 0.112, 0.075, 0.079, 0.069, 0.034, 0.026, 0.033, 0.013, 0.003, 0.001, 0.033, 0.006, 0.022, 0.031, 0.05, 0.065, 0.041, 0.089, 0.093, 0.098, 0.136, 0.136, 0.176, 0.176, 0.207, 0.219, 0.213, 0.223, 0.249, 0.25, 0.267, 0.26, 0.254, 0.264, 0.235, 0.235, 0.228, 0.203, 0.217, 0.189, 0.184, 0.172, 0.159, 0.136, 0.094, 0.084, 0.059, 0.052]"
-7.0,20.0,2.0,3.0,0.3343,-1.6674,0.0596,"[0.317, 0.33, 0.341, 0.327, 0.336, 0.35, 0.352, 0.349, 0.344, 0.346, 0.334, 0.365, 0.333, 0.358, 0.325, 0.341, 0.346, 0.333, 0.324, 0.329, 0.332, 0.334, 0.329, 0.33, 0.33, 0.331, 0.318, 0.324, 0.307, 0.301, 0.312, 0.347, 0.315, 0.323, 0.327, 0.312, 0.331, 0.322, 0.329, 0.322, 0.324, 0.338, 0.321, 0.331, 0.331, 0.334, 0.341, 0.34, 0.338, 0.357, 0.346, 0.337, 0.345, 0.345, 0.34, 0.342, 0.345, 0.35, 0.333, 0.349, 0.34, 0.33, 0.344, 0.34, 0.341, 0.344, 0.349, 0.33, 0.324, 0.323, 0.319, 0.315, 0.319, 0.303, 0.325, 0.319, 0.331, 0.307, 0.33, 0.325, 0.307, 0.306, 0.322, 0.326, 0.33, 0.317, 0.35, 0.316, 0.342, 0.315, 0.326, 0.345, 0.356, 0.351, 0.34, 0.332, 0.357, 0.343, 0.36, 0.357, 0.351, 0.338, 0.337, 0.35, 0.344, 0.36, 0.346, 0.343, 0.352, 0.328, 0.337, 0.321, 0.336, 0.341, 0.325, 0.305, 0.33, 0.334, 0.31, 0.31, 0.326, 0.306, 0.304, 0.307, 0.312, 0.325, 0.32, 0.33, 0.327, 0.337, 0.336, 0.317, 0.326, 0.345, 0.338, 0.331, 0.335, 0.349, 0.338, 0.355, 0.342, 0.36, 0.358, 0.341, 0.354, 0.332, 0.346, 0.344, 0.326, 0.324, 0.352, 0.338, 0.338, 0.331, 0.344, 0.314, 0.336, 0.345, 0.315, 0.312]"
-7.0,22.5,0.5,0.0,0.5965,-1.95,0.218,"[0.604, 0.642, 0.664, 0.661, 0.681, 0.698, 0.679, 0.71, 0.726, 0.755, 0.739, 0.749, 0.73, 0.73, 0.708, 0.692, 0.682, 0.674, 0.66, 0.637, 0.601, 0.612, 0.578, 0.568, 0.542, 0.543, 0.501, 0.515, 0.491, 0.484, 0.482, 0.478, 0.493, 0.489, 0.502, 0.502, 0.507, 0.52, 0.521, 0.572, 0.57, 0.572, 0.599, 0.612, 0.639, 0.67, 0.66, 0.708, 0.701, 0.716, 0.725, 0.72, 0.74, 0.719, 0.745, 0.712, 0.714, 0.696, 0.7, 0.663, 0.671, 0.661, 0.607, 0.583, 0.58, 0.566, 0.544, 0.528, 0.523, 0.507, 0.477, 0.479, 0.494, 0.481, 0.479, 0.471, 0.497, 0.499, 0.51, 0.534, 0.529, 0.568, 0.578, 0.605, 0.61, 0.644, 0.622, 0.653, 0.674, 0.69, 0.721, 0.7, 0.736, 0.732, 0.722, 0.75, 0.715, 0.731, 0.726, 0.683, 0.677, 0.686, 0.657, 0.643, 0.619, 0.607, 0.568, 0.569, 0.543, 0.526, 0.501, 0.487, 0.491, 0.498, 0.483, 0.469, 0.479, 0.482, 0.483, 0.505, 0.503, 0.52, 0.531, 0.552, 0.593, 0.589, 0.611, 0.642, 0.663, 0.665, 0.698, 0.69, 0.719, 0.721, 0.733, 0.739, 0.733, 0.738, 0.736, 0.705, 0.703, 0.709, 0.666, 0.658, 0.668, 0.63, 0.617, 0.6, 0.582, 0.554, 0.538, 0.548, 0.499, 0.494, 0.48, 0.483, 0.471, 0.492, 0.497, 0.485]"
-7.0,22.5,0.5,3.0,1.2382,-1.5957,0.0026,"[1.248, 1.25, 1.236, 1.242, 1.264, 1.249, 1.251, 1.254, 1.25, 1.256, 1.251, 1.245, 1.278, 1.24, 1.242, 1.26, 1.254, 1.242, 1.241, 1.246, 1.249, 1.246, 1.241, 1.253, 1.247, 1.255, 1.248, 1.231, 1.251, 1.256, 1.25, 1.231, 1.249, 1.242, 1.247, 1.251, 1.244, 1.253, 1.251, 1.25, 1.243, 1.256, 1.261, 1.246, 1.242, 1.243, 1.255, 1.248, 1.244, 1.239, 1.251, 1.253, 1.246, 1.249, 1.252, 1.256, 1.238, 1.24, 1.243, 1.247, 1.242, 1.244, 1.254, 1.232, 1.239, 1.24, 1.259, 1.247, 1.249, 1.238, 1.242, 1.221, 1.247, 1.24, 1.23, 1.25, 1.237, 1.248, 1.249, 1.274, 1.243, 1.248, 1.246, 1.239, 1.249, 1.254, 1.252, 1.253, 1.239, 1.247, 1.231, 1.229, 1.264, 1.248, 1.253, 1.253, 1.246, 1.26, 1.245, 1.225, 1.248, 1.256, 1.232, 1.244, 1.258, 1.255, 1.245, 1.239, 1.246, 1.249, 1.254, 1.245, 1.262, 1.249, 1.243, 1.241, 1.238, 1.257, 1.244, 1.218, 1.243, 1.259, 1.242, 1.233, 1.242, 1.252, 1.244, 1.237, 1.252, 1.258, 1.261, 1.248, 1.245, 1.251, 1.259, 1.257, 1.246, 1.237, 1.249, 1.246, 1.251, 1.236, 1.24, 1.255, 1.248, 1.235, 1.26, 1.244, 1.25, 1.242, 1.249, 1.26, 1.26, 1.262, 1.242, 1.253, 1.23, 1.25, 1.265, 1.234]"
-7.0,22.5,1.0,0.0,0.3312,-2.0541,0.4658,"[0.337, 0.359, 0.353, 0.384, 0.412, 0.426, 0.45, 0.463, 0.446, 0.472, 0.47, 0.48, 0.482, 0.466, 0.446, 0.459, 0.422, 0.407, 0.374, 0.377, 0.35, 0.332, 0.296, 0.289, 0.276, 0.219, 0.229, 0.195, 0.202, 0.198, 0.171, 0.17, 0.18, 0.182, 0.176, 0.194, 0.205, 0.226, 0.264, 0.268, 0.277, 0.312, 0.33, 0.369, 0.372, 0.394, 0.428, 0.426, 0.437, 0.464, 0.472, 0.463, 0.459, 0.482, 0.478, 0.472, 0.467, 0.444, 0.426, 0.416, 0.39, 0.353, 0.348, 0.33, 0.292, 0.296, 0.255, 0.25, 0.212, 0.216, 0.209, 0.179, 0.184, 0.176, 0.169, 0.185, 0.188, 0.199, 0.204, 0.24, 0.245, 0.267, 0.281, 0.324, 0.323, 0.342, 0.381, 0.396, 0.426, 0.452, 0.464, 0.472, 0.462, 0.487, 0.475, 0.467, 0.479, 0.461, 0.453, 0.448, 0.432, 0.403, 0.387, 0.374, 0.335, 0.304, 0.293, 0.273, 0.254, 0.259, 0.212, 0.204, 0.185, 0.188, 0.185, 0.186, 0.182, 0.185, 0.168, 0.211, 0.231, 0.226, 0.244, 0.262, 0.301, 0.306, 0.338, 0.347, 0.388, 0.399, 0.425, 0.43, 0.446, 0.459, 0.464, 0.469, 0.466, 0.482, 0.475, 0.46, 0.46, 0.453, 0.415, 0.405, 0.385, 0.355, 0.326, 0.341, 0.297, 0.273, 0.255, 0.258, 0.215, 0.204, 0.193, 0.195, 0.182, 0.163, 0.163, 0.196]"
-7.0,22.5,1.0,3.0,0.6473,-1.5607,0.0009,"[0.666, 0.651, 0.654, 0.657, 0.653, 0.644, 0.646, 0.655, 0.657, 0.659, 0.64, 0.65, 0.64, 0.647, 0.646, 0.648, 0.658, 0.64, 0.668, 0.661, 0.632, 0.651, 0.637, 0.652, 0.634, 0.66, 0.66, 0.643, 0.65, 0.635, 0.643, 0.647, 0.632, 0.664, 0.649, 0.661, 0.646, 0.641, 0.649, 0.658, 0.641, 0.651, 0.642, 0.627, 0.645, 0.649, 0.648, 0.645, 0.649, 0.642, 0.653, 0.644, 0.656, 0.634, 0.649, 0.653, 0.661, 0.643, 0.66, 0.652, 0.665, 0.633, 0.65, 0.648, 0.65, 0.657, 0.662, 0.651, 0.632, 0.644, 0.679, 0.638, 0.65, 0.655, 0.658, 0.642, 0.662, 0.66, 0.652, 0.639, 0.642, 0.641, 0.645, 0.662, 0.651, 0.654, 0.649, 0.663, 0.632, 0.61, 0.647, 0.648, 0.647, 0.641, 0.635, 0.647, 0.644, 0.65, 0.655, 0.66, 0.656, 0.648, 0.652, 0.636, 0.639, 0.665, 0.658, 0.633, 0.641, 0.666, 0.64, 0.629, 0.643, 0.643, 0.659, 0.657, 0.643, 0.648, 0.651, 0.655, 0.645, 0.651, 0.663, 0.647, 0.65, 0.654, 0.643, 0.64, 0.652, 0.654, 0.648, 0.642, 0.644, 0.651, 0.637, 0.659, 0.664, 0.633, 0.654, 0.656, 0.657, 0.632, 0.645, 0.643, 0.646, 0.636, 0.666, 0.653, 0.638, 0.643, 0.662, 0.647, 0.661, 0.655, 0.635, 0.638, 0.637, 0.653, 0.667, 0.65]"
-7.0,22.5,2.0,0.0,0.2029,-1.9461,0.6891,"[0.186, 0.21, 0.235, 0.24, 0.252, 0.286, 0.268, 0.287, 0.309, 0.323, 0.319, 0.311, 0.322, 0.3, 0.306, 0.284, 0.264, 0.268, 0.26, 0.222, 0.217, 0.168, 0.155, 0.14, 0.13, 0.12, 0.088, 0.078, 0.085, 0.061, 0.077, 0.054, 0.073, 0.073, 0.071, 0.082, 0.092, 0.115, 0.097, 0.133, 0.156, 0.185, 0.186, 0.19, 0.205, 0.248, 0.251, 0.276, 0.279, 0.298, 0.329, 0.327, 0.317, 0.314, 0.304, 0.312, 0.294, 0.3, 0.274, 0.259, 0.224, 0.217, 0.222, 0.169, 0.163, 0.144, 0.132, 0.117, 0.093, 0.094, 0.069, 0.074, 0.047, 0.053, 0.046, 0.068, 0.075, 0.077, 0.095, 0.094, 0.134, 0.147, 0.147, 0.164, 0.19, 0.216, 0.234, 0.239, 0.262, 0.284, 0.289, 0.304, 0.32, 0.309, 0.326, 0.316, 0.311, 0.292, 0.304, 0.304, 0.26, 0.246, 0.254, 0.226, 0.194, 0.199, 0.158, 0.145, 0.13, 0.118, 0.101, 0.105, 0.088, 0.083, 0.056, 0.064, 0.079, 0.063, 0.07, 0.092, 0.1, 0.109, 0.127, 0.124, 0.157, 0.171, 0.215, 0.216, 0.237, 0.264, 0.285, 0.286, 0.287, 0.299, 0.315, 0.319, 0.309, 0.295, 0.295, 0.293, 0.293, 0.28, 0.252, 0.25, 0.252, 0.221, 0.218, 0.179, 0.16, 0.144, 0.142, 0.124, 0.102, 0.087, 0.065, 0.053, 0.058, 0.077, 0.081, 0.051]"
-7.0,22.5,2.0,3.0,0.3575,-1.5042,0.0164,"[0.345, 0.358, 0.335, 0.337, 0.376, 0.347, 0.341, 0.349, 0.371, 0.365, 0.346, 0.352, 0.358, 0.36, 0.358, 0.343, 0.35, 0.34, 0.361, 0.349, 0.353, 0.343, 0.355, 0.355, 0.333, 0.355, 0.335, 0.34, 0.355, 0.339, 0.347, 0.345, 0.331, 0.36, 0.36, 0.351, 0.343, 0.348, 0.361, 0.343, 0.344, 0.347, 0.328, 0.357, 0.353, 0.36, 0.347, 0.338, 0.354, 0.341, 0.359, 0.36, 0.375, 0.367, 0.356, 0.35, 0.362, 0.355, 0.347, 0.331, 0.374, 0.361, 0.356, 0.35, 0.368, 0.357, 0.334, 0.345, 0.354, 0.359, 0.343, 0.361, 0.332, 0.343, 0.344, 0.355, 0.359, 0.359, 0.333, 0.348, 0.332, 0.348, 0.365, 0.369, 0.354, 0.353, 0.349, 0.351, 0.366, 0.344, 0.35, 0.353, 0.346, 0.358, 0.369, 0.359, 0.346, 0.345, 0.34, 0.351, 0.343, 0.354, 0.344, 0.336, 0.33, 0.355, 0.334, 0.353, 0.341, 0.349, 0.346, 0.348, 0.355, 0.338, 0.36, 0.353, 0.342, 0.343, 0.347, 0.342, 0.329, 0.337, 0.337, 0.346, 0.336, 0.357, 0.351, 0.346, 0.342, 0.351, 0.361, 0.333, 0.337, 0.342, 0.34, 0.338, 0.353, 0.353, 0.349, 0.355, 0.352, 0.344, 0.347, 0.353, 0.338, 0.353, 0.317, 0.349, 0.351, 0.338, 0.358, 0.358, 0.348, 0.362, 0.338, 0.354, 0.36, 0.334, 0.346, 0.331]"
-7.0,25.0,0.5,0.0,0.8551,-1.8918,0.0245,"[0.842, 0.84, 0.872, 0.841, 0.843, 0.859, 0.854, 0.881, 0.877, 0.864, 0.867, 0.865, 0.868, 0.861, 0.845, 0.845, 0.861, 0.844, 0.86, 0.852, 0.83, 0.828, 0.824, 0.843, 0.845, 0.827, 0.83, 0.832, 0.836, 0.824, 0.831, 0.827, 0.812, 0.843, 0.834, 0.83, 0.826, 0.829, 0.824, 0.829, 0.834, 0.84, 0.861, 0.856, 0.843, 0.838, 0.846, 0.871, 0.864, 0.856, 0.858, 0.869, 0.857, 0.879, 0.855, 0.844, 0.831, 0.853, 0.844, 0.835, 0.849, 0.842, 0.832, 0.838, 0.831, 0.84, 0.83, 0.825, 0.84, 0.816, 0.813, 0.822, 0.81, 0.814, 0.828, 0.833, 0.832, 0.842, 0.834, 0.822, 0.851, 0.845, 0.855, 0.857, 0.863, 0.845, 0.844, 0.856, 0.856, 0.87, 0.863, 0.859, 0.845, 0.849, 0.838, 0.844, 0.852, 0.853, 0.852, 0.851, 0.847, 0.833, 0.829, 0.847, 0.828, 0.827, 0.828, 0.813, 0.826, 0.811, 0.833, 0.823, 0.823, 0.81, 0.834, 0.857, 0.829, 0.837, 0.855, 0.866, 0.832, 0.859, 0.821, 0.82, 0.835, 0.851, 0.836, 0.87, 0.858, 0.864, 0.854, 0.851, 0.856, 0.875, 0.856, 0.854, 0.839, 0.838, 0.838, 0.849, 0.844, 0.818, 0.84, 0.841, 0.838, 0.836, 0.835, 0.832, 0.814, 0.837, 0.844, 0.84, 0.831, 0.829, 0.825, 0.815, 0.845, 0.823, 0.837, 0.839]"
-7.0,25.0,0.5,3.0,1.2834,-1.5024,0.0092,"[1.285, 1.284, 1.292, 1.276, 1.289, 1.284, 1.31, 1.278, 1.298, 1.282, 1.285, 1.299, 1.291, 1.285, 1.282, 1.3, 1.282, 1.282, 1.279, 1.304, 1.273, 1.289, 1.289, 1.274, 1.283, 1.282, 1.28, 1.287, 1.289, 1.283, 1.306, 1.279, 1.289, 1.287, 1.292, 1.288, 1.278, 1.292, 1.286, 1.296, 1.294, 1.292, 1.295, 1.28, 1.287, 1.297, 1.288, 1.278, 1.276, 1.294, 1.28, 1.285, 1.3, 1.278, 1.298, 1.276, 1.298, 1.288, 1.269, 1.274, 1.277, 1.287, 1.297, 1.29, 1.277, 1.3, 1.285, 1.277, 1.285, 1.286, 1.277, 1.295, 1.282, 1.278, 1.292, 1.29, 1.294, 1.294, 1.279, 1.285, 1.263, 1.287, 1.288, 1.284, 1.276, 1.296, 1.274, 1.301, 1.271, 1.283, 1.263, 1.278, 1.288, 1.289, 1.284, 1.281, 1.31, 1.285, 1.314, 1.301, 1.279, 1.281, 1.302, 1.272, 1.3, 1.285, 1.261, 1.275, 1.284, 1.281, 1.279, 1.271, 1.286, 1.301, 1.301, 1.298, 1.284, 1.298, 1.27, 1.292, 1.302, 1.293, 1.27, 1.277, 1.279, 1.275, 1.283, 1.285, 1.284, 1.277, 1.297, 1.284, 1.272, 1.281, 1.28, 1.268, 1.282, 1.299, 1.283, 1.284, 1.291, 1.28, 1.275, 1.293, 1.286, 1.269, 1.29, 1.289, 1.268, 1.262, 1.279, 1.311, 1.31, 1.301, 1.278, 1.278, 1.273, 1.274, 1.292, 1.303]"
-7.0,25.0,1.0,0.0,0.4525,-1.9489,0.1463,"[0.444, 0.447, 0.451, 0.476, 0.474, 0.484, 0.495, 0.48, 0.489, 0.507, 0.495, 0.506, 0.496, 0.503, 0.479, 0.48, 0.497, 0.476, 0.473, 0.455, 0.432, 0.428, 0.42, 0.411, 0.423, 0.4, 0.383, 0.385, 0.392, 0.371, 0.397, 0.401, 0.381, 0.399, 0.408, 0.395, 0.408, 0.418, 0.433, 0.454, 0.446, 0.443, 0.45, 0.468, 0.481, 0.503, 0.479, 0.499, 0.519, 0.51, 0.494, 0.507, 0.502, 0.511, 0.5, 0.489, 0.484, 0.471, 0.453, 0.459, 0.435, 0.436, 0.431, 0.402, 0.405, 0.416, 0.408, 0.394, 0.385, 0.383, 0.379, 0.386, 0.403, 0.388, 0.387, 0.416, 0.41, 0.413, 0.432, 0.438, 0.451, 0.465, 0.472, 0.482, 0.486, 0.474, 0.498, 0.488, 0.497, 0.499, 0.511, 0.486, 0.499, 0.496, 0.499, 0.485, 0.482, 0.469, 0.476, 0.445, 0.463, 0.425, 0.429, 0.428, 0.403, 0.398, 0.38, 0.423, 0.384, 0.4, 0.379, 0.373, 0.384, 0.397, 0.402, 0.402, 0.412, 0.426, 0.426, 0.439, 0.442, 0.47, 0.458, 0.477, 0.493, 0.5, 0.488, 0.511, 0.51, 0.513, 0.505, 0.509, 0.507, 0.521, 0.473, 0.487, 0.482, 0.469, 0.467, 0.457, 0.442, 0.428, 0.399, 0.433, 0.381, 0.405, 0.397, 0.376, 0.41, 0.395, 0.39, 0.376, 0.408, 0.414, 0.406, 0.43, 0.422, 0.432, 0.437, 0.454]"
-7.0,25.0,1.0,3.0,0.6574,-1.5146,0.0,"[0.666, 0.676, 0.667, 0.659, 0.667, 0.656, 0.663, 0.65, 0.669, 0.676, 0.668, 0.672, 0.67, 0.673, 0.674, 0.674, 0.68, 0.652, 0.676, 0.666, 0.663, 0.649, 0.652, 0.663, 0.66, 0.678, 0.675, 0.683, 0.666, 0.675, 0.652, 0.692, 0.686, 0.66, 0.684, 0.656, 0.661, 0.668, 0.659, 0.674, 0.679, 0.654, 0.669, 0.658, 0.671, 0.671, 0.662, 0.666, 0.669, 0.661, 0.651, 0.676, 0.676, 0.675, 0.658, 0.666, 0.652, 0.689, 0.655, 0.68, 0.66, 0.671, 0.665, 0.664, 0.672, 0.662, 0.652, 0.666, 0.679, 0.668, 0.659, 0.696, 0.668, 0.659, 0.689, 0.651, 0.659, 0.678, 0.658, 0.675, 0.677, 0.689, 0.679, 0.663, 0.661, 0.657, 0.657, 0.672, 0.65, 0.67, 0.649, 0.671, 0.662, 0.674, 0.641, 0.677, 0.668, 0.663, 0.673, 0.672, 0.654, 0.67, 0.675, 0.652, 0.67, 0.68, 0.67, 0.663, 0.654, 0.657, 0.664, 0.676, 0.674, 0.664, 0.66, 0.662, 0.68, 0.653, 0.668, 0.663, 0.674, 0.665, 0.655, 0.683, 0.67, 0.669, 0.654, 0.664, 0.66, 0.667, 0.649, 0.669, 0.676, 0.662, 0.67, 0.657, 0.684, 0.657, 0.666, 0.659, 0.658, 0.683, 0.682, 0.663, 0.702, 0.679, 0.678, 0.668, 0.68, 0.669, 0.658, 0.668, 0.663, 0.655, 0.678, 0.67, 0.667, 0.685, 0.67, 0.68]"
-7.0,25.0,2.0,0.0,0.2508,-1.9453,0.3726,"[0.249, 0.265, 0.287, 0.326, 0.286, 0.307, 0.326, 0.349, 0.333, 0.338, 0.335, 0.343, 0.334, 0.337, 0.333, 0.308, 0.31, 0.281, 0.277, 0.254, 0.23, 0.241, 0.208, 0.197, 0.189, 0.201, 0.189, 0.149, 0.148, 0.176, 0.179, 0.163, 0.164, 0.168, 0.174, 0.173, 0.205, 0.2, 0.23, 0.238, 0.263, 0.259, 0.267, 0.283, 0.305, 0.314, 0.312, 0.326, 0.337, 0.346, 0.339, 0.344, 0.334, 0.328, 0.324, 0.297, 0.316, 0.286, 0.27, 0.26, 0.254, 0.233, 0.221, 0.203, 0.179, 0.154, 0.179, 0.174, 0.148, 0.144, 0.145, 0.153, 0.154, 0.171, 0.179, 0.188, 0.194, 0.203, 0.211, 0.234, 0.261, 0.253, 0.282, 0.285, 0.294, 0.327, 0.338, 0.337, 0.324, 0.347, 0.346, 0.356, 0.326, 0.328, 0.307, 0.287, 0.276, 0.281, 0.26, 0.258, 0.245, 0.224, 0.195, 0.188, 0.189, 0.18, 0.172, 0.171, 0.156, 0.158, 0.162, 0.169, 0.164, 0.171, 0.183, 0.191, 0.2, 0.209, 0.212, 0.249, 0.263, 0.275, 0.29, 0.297, 0.328, 0.328, 0.347, 0.327, 0.337, 0.338, 0.353, 0.314, 0.336, 0.325, 0.325, 0.298, 0.274, 0.297, 0.264, 0.259, 0.232, 0.233, 0.216, 0.208, 0.181, 0.189, 0.173, 0.144, 0.172, 0.163, 0.155, 0.16, 0.156, 0.175, 0.189, 0.195, 0.209, 0.214, 0.225, 0.249]"
-7.0,25.0,2.0,3.0,0.3525,-1.5348,0.0069,"[0.368, 0.369, 0.354, 0.343, 0.364, 0.357, 0.36, 0.355, 0.376, 0.356, 0.378, 0.367, 0.37, 0.358, 0.351, 0.366, 0.363, 0.354, 0.366, 0.365, 0.342, 0.365, 0.368, 0.343, 0.378, 0.373, 0.341, 0.355, 0.349, 0.346, 0.361, 0.36, 0.349, 0.35, 0.359, 0.363, 0.35, 0.359, 0.364, 0.368, 0.362, 0.361, 0.357, 0.355, 0.361, 0.36, 0.364, 0.352, 0.366, 0.344, 0.366, 0.358, 0.348, 0.348, 0.365, 0.361, 0.361, 0.357, 0.355, 0.36, 0.359, 0.351, 0.342, 0.352, 0.36, 0.367, 0.338, 0.353, 0.36, 0.359, 0.359, 0.353, 0.351, 0.363, 0.361, 0.358, 0.379, 0.371, 0.364, 0.368, 0.365, 0.356, 0.348, 0.369, 0.359, 0.369, 0.368, 0.345, 0.366, 0.377, 0.358, 0.363, 0.37, 0.345, 0.339, 0.358, 0.344, 0.373, 0.368, 0.372, 0.358, 0.37, 0.36, 0.363, 0.38, 0.346, 0.376, 0.34, 0.358, 0.364, 0.353, 0.361, 0.362, 0.365, 0.356, 0.352, 0.361, 0.356, 0.359, 0.356, 0.361, 0.353, 0.354, 0.348, 0.361, 0.351, 0.363, 0.37, 0.375, 0.359, 0.387, 0.366, 0.361, 0.379, 0.351, 0.359, 0.356, 0.346, 0.369, 0.362, 0.366, 0.365, 0.342, 0.371, 0.351, 0.368, 0.346, 0.362, 0.352, 0.361, 0.357, 0.361, 0.356, 0.354, 0.371, 0.371, 0.378, 0.359, 0.358, 0.36]"
-6.0,5.0,0.5,0.0,0.064,-2.657,0.0002,"[0.057, 0.07, 0.072, 0.045, 0.056, 0.068, 0.066, 0.062, 0.062, 0.068, 0.068, 0.051, 0.047, 0.064, 0.072, 0.06, 0.086, 0.073, 0.06, 0.047, 0.072, 0.056, 0.059, 0.057, 0.052, 0.059, 0.059, 0.056, 0.058, 0.082, 0.071, 0.063, 0.047, 0.069, 0.082, 0.081, 0.063, 0.067, 0.053, 0.067, 0.071, 0.069, 0.076, 0.071, 0.048, 0.06, 0.074, 0.048, 0.065, 0.06, 0.052, 0.073, 0.056, 0.085, 0.062, 0.075, 0.081, 0.067, 0.065, 0.072, 0.081, 0.067, 0.057, 0.05, 0.067, 0.054, 0.073, 0.077, 0.07, 0.063, 0.07, 0.064, 0.061, 0.06, 0.065, 0.064, 0.076, 0.07, 0.051, 0.069, 0.065, 0.067, 0.062, 0.064, 0.08, 0.06, 0.058, 0.057, 0.053, 0.07, 0.076, 0.058, 0.069, 0.074, 0.066, 0.064, 0.057, 0.07, 0.062, 0.07, 0.059, 0.067, 0.075, 0.069, 0.058, 0.053, 0.065, 0.078, 0.072, 0.084, 0.091, 0.063, 0.07, 0.064, 0.059, 0.068, 0.067, 0.064, 0.06, 0.065, 0.06, 0.063, 0.053, 0.056, 0.059, 0.066, 0.065, 0.058, 0.059, 0.066, 0.059, 0.054, 0.071, 0.05, 0.054, 0.075, 0.052, 0.079, 0.052, 0.054, 0.053, 0.051, 0.078, 0.076, 0.05, 0.08, 0.052, 0.094, 0.063, 0.058, 0.069, 0.055, 0.05, 0.06, 0.065, 0.042, 0.055, 0.084, 0.064, 0.04]"
-6.0,5.0,0.5,3.0,0.2637,-2.1695,0.0057,"[0.29, 0.279, 0.292, 0.282, 0.283, 0.286, 0.289, 0.286, 0.275, 0.298, 0.274, 0.274, 0.263, 0.28, 0.277, 0.283, 0.274, 0.299, 0.276, 0.276, 0.282, 0.286, 0.294, 0.288, 0.287, 0.283, 0.274, 0.276, 0.26, 0.279, 0.289, 0.28, 0.287, 0.301, 0.283, 0.288, 0.283, 0.274, 0.28, 0.271, 0.291, 0.292, 0.281, 0.3, 0.28, 0.291, 0.28, 0.287, 0.268, 0.277, 0.283, 0.291, 0.283, 0.296, 0.279, 0.273, 0.301, 0.267, 0.275, 0.282, 0.279, 0.284, 0.283, 0.304, 0.28, 0.286, 0.283, 0.258, 0.27, 0.26, 0.271, 0.28, 0.291, 0.295, 0.307, 0.283, 0.282, 0.267, 0.272, 0.29, 0.301, 0.296, 0.276, 0.27, 0.264, 0.281, 0.301, 0.277, 0.276, 0.279, 0.279, 0.283, 0.257, 0.272, 0.278, 0.285, 0.276, 0.284, 0.276, 0.29, 0.285, 0.284, 0.29, 0.288, 0.276, 0.274, 0.295, 0.302, 0.294, 0.294, 0.272, 0.281, 0.279, 0.279, 0.274, 0.286, 0.286, 0.273, 0.275, 0.284, 0.282, 0.276, 0.28, 0.269, 0.289, 0.278, 0.278, 0.287, 0.293, 0.282, 0.276, 0.286, 0.283, 0.285, 0.29, 0.281, 0.292, 0.276, 0.275, 0.291, 0.287, 0.281, 0.282, 0.279, 0.28, 0.27, 0.275, 0.281, 0.267, 0.261, 0.266, 0.294, 0.301, 0.285, 0.28, 0.294, 0.271, 0.285, 0.285, 0.28]"
-6.0,5.0,1.0,0.0,0.0517,-2.6665,0.0094,"[0.05, 0.042, 0.063, 0.061, 0.062, 0.052, 0.054, 0.05, 0.059, 0.057, 0.054, 0.045, 0.054, 0.042, 0.051, 0.049, 0.055, 0.06, 0.055, 0.051, 0.054, 0.058, 0.061, 0.07, 0.081, 0.072, 0.057, 0.048, 0.053, 0.059, 0.053, 0.054, 0.063, 0.055, 0.06, 0.055, 0.037, 0.037, 0.061, 0.056, 0.058, 0.06, 0.059, 0.056, 0.07, 0.059, 0.059, 0.052, 0.045, 0.079, 0.065, 0.059, 0.055, 0.063, 0.052, 0.064, 0.072, 0.056, 0.072, 0.054, 0.039, 0.065, 0.056, 0.065, 0.046, 0.052, 0.07, 0.06, 0.072, 0.051, 0.081, 0.08, 0.065, 0.059, 0.061, 0.067, 0.06, 0.054, 0.047, 0.035, 0.054, 0.036, 0.055, 0.073, 0.056, 0.048, 0.052, 0.049, 0.074, 0.05, 0.039, 0.082, 0.055, 0.048, 0.057, 0.055, 0.062, 0.055, 0.036, 0.055, 0.066, 0.052, 0.064, 0.066, 0.069, 0.047, 0.048, 0.057, 0.039, 0.046, 0.06, 0.036, 0.039, 0.062, 0.041, 0.084, 0.047, 0.046, 0.043, 0.057, 0.055, 0.061, 0.054, 0.066, 0.054, 0.053, 0.059, 0.037, 0.046, 0.074, 0.039, 0.066, 0.033, 0.041, 0.049, 0.061, 0.055, 0.061, 0.051, 0.055, 0.057, 0.066, 0.074, 0.046, 0.055, 0.053, 0.06, 0.071, 0.058, 0.051, 0.067, 0.054, 0.055, 0.063, 0.044, 0.043, 0.047, 0.054, 0.067, 0.05]"
-6.0,5.0,1.0,3.0,0.16,-2.1854,0.0306,"[0.161, 0.166, 0.172, 0.176, 0.165, 0.163, 0.164, 0.168, 0.181, 0.188, 0.185, 0.177, 0.156, 0.168, 0.162, 0.165, 0.184, 0.179, 0.175, 0.192, 0.174, 0.181, 0.172, 0.168, 0.186, 0.158, 0.15, 0.157, 0.162, 0.175, 0.179, 0.158, 0.16, 0.162, 0.167, 0.166, 0.17, 0.157, 0.155, 0.157, 0.167, 0.154, 0.157, 0.171, 0.181, 0.17, 0.155, 0.173, 0.16, 0.18, 0.17, 0.158, 0.167, 0.152, 0.168, 0.163, 0.187, 0.168, 0.167, 0.142, 0.172, 0.178, 0.178, 0.165, 0.16, 0.179, 0.165, 0.166, 0.163, 0.144, 0.158, 0.167, 0.172, 0.166, 0.172, 0.149, 0.157, 0.189, 0.173, 0.18, 0.163, 0.176, 0.176, 0.188, 0.171, 0.156, 0.158, 0.169, 0.14, 0.17, 0.172, 0.181, 0.148, 0.155, 0.167, 0.166, 0.166, 0.176, 0.17, 0.181, 0.178, 0.159, 0.169, 0.172, 0.185, 0.168, 0.172, 0.162, 0.172, 0.155, 0.16, 0.179, 0.175, 0.18, 0.189, 0.176, 0.169, 0.161, 0.161, 0.166, 0.166, 0.175, 0.157, 0.161, 0.17, 0.151, 0.181, 0.175, 0.168, 0.156, 0.165, 0.173, 0.16, 0.15, 0.171, 0.169, 0.161, 0.19, 0.158, 0.18, 0.173, 0.17, 0.189, 0.178, 0.16, 0.161, 0.159, 0.169, 0.159, 0.145, 0.161, 0.176, 0.18, 0.175, 0.165, 0.177, 0.186, 0.172, 0.167, 0.184]"
-6.0,5.0,2.0,0.0,0.0382,-2.6877,0.0039,"[0.05, 0.031, 0.061, 0.046, 0.06, 0.048, 0.049, 0.047, 0.059, 0.057, 0.045, 0.053, 0.047, 0.049, 0.049, 0.048, 0.061, 0.061, 0.038, 0.051, 0.08, 0.067, 0.076, 0.044, 0.05, 0.045, 0.054, 0.057, 0.059, 0.049, 0.047, 0.045, 0.052, 0.06, 0.061, 0.067, 0.057, 0.062, 0.04, 0.064, 0.065, 0.072, 0.075, 0.042, 0.063, 0.05, 0.049, 0.05, 0.049, 0.053, 0.05, 0.059, 0.061, 0.066, 0.059, 0.053, 0.061, 0.064, 0.06, 0.059, 0.081, 0.048, 0.063, 0.056, 0.038, 0.037, 0.035, 0.054, 0.038, 0.053, 0.056, 0.049, 0.052, 0.063, 0.045, 0.055, 0.032, 0.057, 0.067, 0.062, 0.052, 0.05, 0.071, 0.06, 0.055, 0.061, 0.048, 0.053, 0.047, 0.063, 0.045, 0.049, 0.058, 0.028, 0.046, 0.045, 0.056, 0.055, 0.073, 0.044, 0.038, 0.066, 0.047, 0.055, 0.048, 0.06, 0.057, 0.05, 0.054, 0.049, 0.054, 0.049, 0.068, 0.051, 0.049, 0.035, 0.043, 0.059, 0.052, 0.05, 0.061, 0.067, 0.045, 0.051, 0.033, 0.063, 0.082, 0.05, 0.05, 0.053, 0.056, 0.056, 0.056, 0.04, 0.053, 0.06, 0.042, 0.04, 0.048, 0.055, 0.06, 0.061, 0.045, 0.035, 0.069, 0.066, 0.049, 0.061, 0.056, 0.052, 0.071, 0.047, 0.039, 0.055, 0.048, 0.055, 0.051, 0.046, 0.051, 0.038]"
-6.0,5.0,2.0,3.0,0.108,-2.2599,0.0104,"[0.091, 0.113, 0.103, 0.112, 0.11, 0.118, 0.107, 0.092, 0.128, 0.109, 0.11, 0.107, 0.122, 0.096, 0.094, 0.101, 0.112, 0.101, 0.1, 0.097, 0.117, 0.112, 0.116, 0.103, 0.107, 0.116, 0.1, 0.118, 0.112, 0.121, 0.117, 0.092, 0.102, 0.085, 0.089, 0.098, 0.121, 0.108, 0.112, 0.103, 0.105, 0.115, 0.106, 0.106, 0.113, 0.097, 0.11, 0.11, 0.09, 0.097, 0.101, 0.103, 0.113, 0.099, 0.099, 0.114, 0.118, 0.118, 0.097, 0.099, 0.091, 0.082, 0.096, 0.101, 0.11, 0.116, 0.107, 0.122, 0.099, 0.122, 0.1, 0.113, 0.11, 0.12, 0.123, 0.098, 0.085, 0.106, 0.112, 0.108, 0.137, 0.113, 0.113, 0.095, 0.103, 0.113, 0.111, 0.109, 0.121, 0.101, 0.112, 0.102, 0.136, 0.1, 0.129, 0.106, 0.102, 0.108, 0.097, 0.099, 0.124, 0.113, 0.117, 0.103, 0.115, 0.11, 0.101, 0.14, 0.094, 0.109, 0.114, 0.111, 0.104, 0.102, 0.112, 0.101, 0.12, 0.11, 0.106, 0.109, 0.113, 0.121, 0.112, 0.11, 0.117, 0.094, 0.103, 0.107, 0.099, 0.115, 0.108, 0.097, 0.096, 0.108, 0.115, 0.109, 0.134, 0.106, 0.102, 0.121, 0.111, 0.121, 0.122, 0.105, 0.102, 0.115, 0.1, 0.103, 0.089, 0.107, 0.123, 0.108, 0.092, 0.129, 0.102, 0.109, 0.111, 0.117, 0.113, 0.107]"
-6.0,7.5,0.5,0.0,0.0776,-2.5069,0.0079,"[0.076, 0.095, 0.069, 0.066, 0.081, 0.089, 0.073, 0.07, 0.083, 0.081, 0.094, 0.091, 0.067, 0.069, 0.051, 0.081, 0.072, 0.099, 0.074, 0.076, 0.072, 0.08, 0.093, 0.058, 0.09, 0.06, 0.076, 0.068, 0.069, 0.065, 0.083, 0.075, 0.085, 0.086, 0.076, 0.086, 0.08, 0.074, 0.088, 0.094, 0.092, 0.062, 0.08, 0.092, 0.067, 0.078, 0.072, 0.082, 0.108, 0.079, 0.078, 0.102, 0.081, 0.073, 0.063, 0.09, 0.067, 0.077, 0.084, 0.086, 0.063, 0.068, 0.081, 0.063, 0.086, 0.066, 0.076, 0.074, 0.087, 0.074, 0.086, 0.091, 0.079, 0.082, 0.072, 0.068, 0.066, 0.08, 0.073, 0.083, 0.076, 0.074, 0.077, 0.058, 0.088, 0.076, 0.075, 0.095, 0.076, 0.085, 0.06, 0.073, 0.091, 0.088, 0.086, 0.071, 0.082, 0.075, 0.083, 0.088, 0.081, 0.09, 0.09, 0.067, 0.06, 0.09, 0.08, 0.093, 0.083, 0.095, 0.087, 0.083, 0.075, 0.074, 0.061, 0.086, 0.071, 0.077, 0.079, 0.074, 0.081, 0.055, 0.079, 0.086, 0.061, 0.072, 0.093, 0.078, 0.072, 0.087, 0.068, 0.069, 0.07, 0.093, 0.069, 0.078, 0.091, 0.069, 0.061, 0.101, 0.081, 0.073, 0.078, 0.087, 0.063, 0.074, 0.087, 0.094, 0.094, 0.08, 0.095, 0.062, 0.081, 0.052, 0.094, 0.084, 0.097, 0.073, 0.065, 0.087]"
-6.0,7.5,0.5,3.0,0.4703,-2.0935,0.0042,"[0.455, 0.458, 0.456, 0.459, 0.453, 0.465, 0.441, 0.439, 0.454, 0.452, 0.453, 0.471, 0.46, 0.466, 0.464, 0.474, 0.452, 0.464, 0.456, 0.447, 0.446, 0.456, 0.469, 0.453, 0.453, 0.452, 0.446, 0.454, 0.47, 0.461, 0.453, 0.455, 0.462, 0.452, 0.467, 0.471, 0.447, 0.455, 0.462, 0.471, 0.432, 0.452, 0.433, 0.466, 0.458, 0.469, 0.456, 0.456, 0.462, 0.459, 0.453, 0.467, 0.47, 0.462, 0.472, 0.473, 0.453, 0.459, 0.462, 0.442, 0.459, 0.457, 0.451, 0.461, 0.449, 0.443, 0.435, 0.441, 0.446, 0.459, 0.462, 0.452, 0.464, 0.461, 0.449, 0.449, 0.471, 0.453, 0.476, 0.446, 0.456, 0.443, 0.438, 0.451, 0.465, 0.452, 0.464, 0.449, 0.472, 0.45, 0.473, 0.459, 0.448, 0.45, 0.462, 0.447, 0.461, 0.451, 0.447, 0.45, 0.442, 0.459, 0.46, 0.45, 0.45, 0.443, 0.451, 0.462, 0.451, 0.46, 0.464, 0.446, 0.48, 0.467, 0.454, 0.44, 0.448, 0.477, 0.462, 0.452, 0.453, 0.472, 0.462, 0.454, 0.441, 0.456, 0.464, 0.463, 0.448, 0.458, 0.464, 0.472, 0.454, 0.476, 0.463, 0.452, 0.448, 0.436, 0.448, 0.473, 0.454, 0.442, 0.45, 0.458, 0.455, 0.462, 0.455, 0.452, 0.457, 0.447, 0.46, 0.448, 0.456, 0.461, 0.454, 0.458, 0.465, 0.451, 0.475, 0.445]"
-6.0,7.5,1.0,0.0,0.0628,-2.5713,0.0003,"[0.074, 0.064, 0.066, 0.065, 0.073, 0.075, 0.064, 0.061, 0.054, 0.066, 0.06, 0.047, 0.063, 0.065, 0.072, 0.064, 0.054, 0.075, 0.043, 0.049, 0.062, 0.061, 0.062, 0.056, 0.073, 0.062, 0.05, 0.068, 0.056, 0.054, 0.063, 0.08, 0.042, 0.047, 0.055, 0.08, 0.052, 0.074, 0.072, 0.075, 0.054, 0.064, 0.07, 0.067, 0.092, 0.083, 0.075, 0.071, 0.072, 0.075, 0.082, 0.056, 0.076, 0.067, 0.075, 0.065, 0.06, 0.06, 0.065, 0.07, 0.06, 0.05, 0.071, 0.063, 0.044, 0.048, 0.067, 0.071, 0.076, 0.059, 0.058, 0.07, 0.056, 0.056, 0.066, 0.067, 0.07, 0.066, 0.054, 0.061, 0.065, 0.077, 0.071, 0.066, 0.071, 0.077, 0.051, 0.065, 0.048, 0.065, 0.06, 0.078, 0.076, 0.085, 0.062, 0.067, 0.064, 0.078, 0.064, 0.055, 0.048, 0.077, 0.068, 0.067, 0.08, 0.066, 0.05, 0.052, 0.071, 0.072, 0.087, 0.065, 0.084, 0.054, 0.058, 0.054, 0.067, 0.077, 0.063, 0.056, 0.072, 0.064, 0.072, 0.064, 0.064, 0.086, 0.055, 0.069, 0.072, 0.076, 0.054, 0.069, 0.06, 0.064, 0.061, 0.06, 0.081, 0.075, 0.051, 0.062, 0.064, 0.079, 0.053, 0.058, 0.058, 0.045, 0.045, 0.067, 0.057, 0.067, 0.049, 0.053, 0.06, 0.05, 0.062, 0.061, 0.061, 0.051, 0.076, 0.052]"
-6.0,7.5,1.0,3.0,0.2436,-2.0587,0.0002,"[0.24, 0.257, 0.247, 0.259, 0.263, 0.255, 0.248, 0.27, 0.258, 0.246, 0.243, 0.258, 0.251, 0.243, 0.255, 0.242, 0.255, 0.257, 0.246, 0.258, 0.247, 0.254, 0.239, 0.255, 0.265, 0.239, 0.261, 0.248, 0.263, 0.271, 0.255, 0.26, 0.258, 0.264, 0.252, 0.261, 0.247, 0.265, 0.244, 0.25, 0.248, 0.258, 0.262, 0.26, 0.249, 0.269, 0.266, 0.257, 0.248, 0.241, 0.261, 0.251, 0.264, 0.265, 0.25, 0.254, 0.254, 0.269, 0.251, 0.261, 0.255, 0.27, 0.248, 0.244, 0.235, 0.256, 0.257, 0.252, 0.263, 0.269, 0.246, 0.252, 0.237, 0.255, 0.248, 0.25, 0.253, 0.259, 0.251, 0.274, 0.253, 0.24, 0.247, 0.26, 0.26, 0.254, 0.254, 0.256, 0.26, 0.253, 0.241, 0.247, 0.248, 0.242, 0.241, 0.257, 0.253, 0.26, 0.271, 0.261, 0.26, 0.239, 0.259, 0.253, 0.265, 0.241, 0.262, 0.248, 0.244, 0.274, 0.254, 0.252, 0.248, 0.25, 0.25, 0.251, 0.252, 0.251, 0.243, 0.254, 0.256, 0.261, 0.264, 0.25, 0.257, 0.261, 0.248, 0.256, 0.257, 0.236, 0.254, 0.255, 0.247, 0.263, 0.271, 0.257, 0.242, 0.252, 0.245, 0.274, 0.248, 0.256, 0.265, 0.245, 0.247, 0.266, 0.266, 0.244, 0.244, 0.26, 0.26, 0.248, 0.257, 0.243, 0.259, 0.256, 0.237, 0.25, 0.251, 0.26]"
-6.0,7.5,2.0,0.0,0.0551,-2.4805,0.0041,"[0.067, 0.043, 0.06, 0.059, 0.059, 0.06, 0.06, 0.035, 0.074, 0.051, 0.051, 0.058, 0.062, 0.044, 0.042, 0.072, 0.054, 0.06, 0.047, 0.073, 0.066, 0.052, 0.073, 0.064, 0.065, 0.066, 0.054, 0.075, 0.075, 0.075, 0.034, 0.058, 0.061, 0.054, 0.057, 0.057, 0.071, 0.069, 0.061, 0.062, 0.058, 0.077, 0.061, 0.075, 0.067, 0.063, 0.042, 0.07, 0.04, 0.055, 0.044, 0.067, 0.053, 0.064, 0.036, 0.066, 0.066, 0.047, 0.052, 0.071, 0.06, 0.066, 0.04, 0.056, 0.068, 0.05, 0.051, 0.057, 0.05, 0.072, 0.065, 0.057, 0.079, 0.056, 0.062, 0.048, 0.057, 0.064, 0.064, 0.048, 0.044, 0.058, 0.061, 0.038, 0.079, 0.061, 0.037, 0.062, 0.041, 0.047, 0.062, 0.045, 0.048, 0.066, 0.056, 0.053, 0.056, 0.074, 0.066, 0.044, 0.072, 0.053, 0.057, 0.048, 0.053, 0.059, 0.058, 0.075, 0.046, 0.056, 0.036, 0.052, 0.068, 0.072, 0.073, 0.054, 0.054, 0.048, 0.055, 0.069, 0.066, 0.052, 0.054, 0.054, 0.052, 0.06, 0.065, 0.08, 0.057, 0.064, 0.047, 0.058, 0.056, 0.064, 0.062, 0.064, 0.056, 0.054, 0.045, 0.059, 0.056, 0.071, 0.056, 0.052, 0.063, 0.044, 0.06, 0.051, 0.045, 0.059, 0.033, 0.063, 0.058, 0.051, 0.067, 0.062, 0.045, 0.063, 0.062, 0.053]"
-6.0,7.5,2.0,3.0,0.1471,-2.0563,0.0131,"[0.14, 0.153, 0.137, 0.157, 0.147, 0.147, 0.143, 0.149, 0.155, 0.146, 0.145, 0.153, 0.149, 0.15, 0.145, 0.143, 0.151, 0.159, 0.151, 0.149, 0.138, 0.147, 0.147, 0.153, 0.153, 0.175, 0.149, 0.16, 0.16, 0.158, 0.152, 0.177, 0.144, 0.157, 0.159, 0.136, 0.138, 0.164, 0.155, 0.141, 0.164, 0.15, 0.162, 0.169, 0.15, 0.133, 0.144, 0.132, 0.143, 0.166, 0.145, 0.141, 0.168, 0.15, 0.154, 0.141, 0.164, 0.152, 0.16, 0.138, 0.165, 0.155, 0.145, 0.148, 0.147, 0.155, 0.153, 0.168, 0.132, 0.158, 0.136, 0.177, 0.167, 0.152, 0.156, 0.153, 0.146, 0.145, 0.152, 0.125, 0.165, 0.169, 0.149, 0.166, 0.147, 0.146, 0.154, 0.157, 0.144, 0.155, 0.155, 0.129, 0.149, 0.15, 0.146, 0.146, 0.157, 0.136, 0.163, 0.151, 0.164, 0.146, 0.162, 0.158, 0.134, 0.15, 0.177, 0.161, 0.141, 0.147, 0.16, 0.156, 0.137, 0.135, 0.159, 0.149, 0.163, 0.156, 0.144, 0.152, 0.148, 0.155, 0.143, 0.137, 0.151, 0.144, 0.162, 0.15, 0.155, 0.148, 0.154, 0.158, 0.155, 0.136, 0.148, 0.173, 0.156, 0.148, 0.147, 0.166, 0.157, 0.139, 0.172, 0.155, 0.155, 0.167, 0.154, 0.156, 0.137, 0.151, 0.139, 0.147, 0.155, 0.13, 0.155, 0.161, 0.134, 0.145, 0.137, 0.157]"
-6.0,10.0,0.5,0.0,0.1061,-2.4273,0.014,"[0.112, 0.102, 0.111, 0.107, 0.117, 0.113, 0.122, 0.109, 0.101, 0.117, 0.11, 0.108, 0.114, 0.103, 0.128, 0.121, 0.114, 0.113, 0.111, 0.105, 0.115, 0.106, 0.127, 0.125, 0.113, 0.12, 0.095, 0.112, 0.093, 0.111, 0.102, 0.119, 0.111, 0.107, 0.107, 0.088, 0.119, 0.124, 0.118, 0.105, 0.102, 0.094, 0.107, 0.087, 0.089, 0.12, 0.126, 0.104, 0.115, 0.105, 0.122, 0.113, 0.117, 0.092, 0.109, 0.105, 0.124, 0.105, 0.108, 0.092, 0.112, 0.111, 0.107, 0.123, 0.111, 0.104, 0.102, 0.118, 0.094, 0.104, 0.109, 0.106, 0.11, 0.122, 0.108, 0.1, 0.126, 0.108, 0.115, 0.125, 0.103, 0.128, 0.128, 0.103, 0.105, 0.118, 0.125, 0.119, 0.11, 0.116, 0.118, 0.114, 0.106, 0.119, 0.108, 0.091, 0.097, 0.123, 0.1, 0.111, 0.123, 0.112, 0.133, 0.109, 0.102, 0.096, 0.092, 0.126, 0.099, 0.094, 0.107, 0.105, 0.104, 0.123, 0.113, 0.119, 0.133, 0.102, 0.113, 0.096, 0.126, 0.108, 0.08, 0.097, 0.125, 0.092, 0.109, 0.115, 0.116, 0.136, 0.11, 0.101, 0.102, 0.122, 0.086, 0.113, 0.127, 0.111, 0.124, 0.089, 0.123, 0.112, 0.105, 0.105, 0.128, 0.102, 0.103, 0.127, 0.113, 0.115, 0.1, 0.1, 0.128, 0.114, 0.11, 0.107, 0.109, 0.102, 0.114, 0.104]"
-6.0,10.0,0.5,3.0,0.7036,-2.0489,0.0043,"[0.699, 0.68, 0.684, 0.67, 0.693, 0.694, 0.687, 0.699, 0.68, 0.687, 0.675, 0.685, 0.682, 0.692, 0.683, 0.698, 0.669, 0.692, 0.659, 0.685, 0.698, 0.685, 0.699, 0.676, 0.688, 0.678, 0.701, 0.678, 0.677, 0.699, 0.674, 0.678, 0.692, 0.689, 0.679, 0.685, 0.704, 0.676, 0.686, 0.683, 0.696, 0.674, 0.68, 0.683, 0.679, 0.691, 0.693, 0.691, 0.669, 0.683, 0.684, 0.675, 0.677, 0.704, 0.694, 0.674, 0.693, 0.692, 0.678, 0.691, 0.682, 0.668, 0.682, 0.676, 0.68, 0.691, 0.691, 0.69, 0.689, 0.676, 0.679, 0.698, 0.704, 0.686, 0.69, 0.708, 0.682, 0.688, 0.68, 0.665, 0.681, 0.69, 0.671, 0.692, 0.674, 0.68, 0.685, 0.677, 0.687, 0.685, 0.687, 0.701, 0.678, 0.691, 0.679, 0.687, 0.696, 0.697, 0.682, 0.696, 0.689, 0.688, 0.689, 0.686, 0.678, 0.685, 0.701, 0.68, 0.719, 0.679, 0.695, 0.672, 0.691, 0.67, 0.696, 0.687, 0.697, 0.675, 0.689, 0.693, 0.693, 0.678, 0.688, 0.682, 0.689, 0.67, 0.701, 0.681, 0.691, 0.675, 0.67, 0.693, 0.693, 0.695, 0.69, 0.698, 0.69, 0.677, 0.711, 0.678, 0.695, 0.692, 0.697, 0.686, 0.69, 0.68, 0.692, 0.674, 0.699, 0.71, 0.698, 0.666, 0.681, 0.696, 0.675, 0.673, 0.688, 0.682, 0.681, 0.673]"
-6.0,10.0,1.0,0.0,0.0798,-2.4788,0.0072,"[0.084, 0.078, 0.075, 0.09, 0.084, 0.083, 0.076, 0.067, 0.092, 0.073, 0.067, 0.077, 0.079, 0.066, 0.076, 0.08, 0.067, 0.091, 0.067, 0.087, 0.082, 0.106, 0.081, 0.066, 0.067, 0.077, 0.055, 0.067, 0.086, 0.102, 0.079, 0.07, 0.09, 0.093, 0.076, 0.086, 0.093, 0.083, 0.073, 0.075, 0.068, 0.072, 0.086, 0.078, 0.065, 0.084, 0.091, 0.078, 0.079, 0.095, 0.092, 0.086, 0.094, 0.092, 0.079, 0.084, 0.081, 0.1, 0.085, 0.084, 0.099, 0.082, 0.077, 0.059, 0.076, 0.082, 0.09, 0.08, 0.072, 0.084, 0.063, 0.093, 0.095, 0.063, 0.072, 0.084, 0.098, 0.08, 0.084, 0.083, 0.065, 0.077, 0.073, 0.083, 0.073, 0.081, 0.08, 0.08, 0.091, 0.084, 0.078, 0.085, 0.075, 0.069, 0.091, 0.074, 0.07, 0.095, 0.089, 0.078, 0.089, 0.076, 0.085, 0.081, 0.077, 0.083, 0.069, 0.074, 0.06, 0.077, 0.083, 0.066, 0.084, 0.058, 0.074, 0.079, 0.08, 0.083, 0.064, 0.082, 0.087, 0.076, 0.078, 0.066, 0.089, 0.067, 0.091, 0.102, 0.075, 0.072, 0.078, 0.09, 0.071, 0.059, 0.091, 0.08, 0.078, 0.081, 0.072, 0.078, 0.083, 0.085, 0.08, 0.056, 0.077, 0.081, 0.081, 0.076, 0.1, 0.076, 0.085, 0.075, 0.085, 0.065, 0.095, 0.083, 0.075, 0.076, 0.073, 0.076]"
-6.0,10.0,1.0,3.0,0.3772,-2.0543,0.0075,"[0.39, 0.366, 0.346, 0.365, 0.367, 0.376, 0.361, 0.361, 0.361, 0.355, 0.35, 0.369, 0.354, 0.365, 0.375, 0.359, 0.38, 0.361, 0.353, 0.364, 0.372, 0.376, 0.372, 0.386, 0.37, 0.363, 0.368, 0.355, 0.377, 0.354, 0.358, 0.367, 0.359, 0.372, 0.371, 0.375, 0.374, 0.37, 0.367, 0.375, 0.368, 0.382, 0.377, 0.366, 0.38, 0.383, 0.389, 0.38, 0.358, 0.359, 0.358, 0.378, 0.394, 0.372, 0.369, 0.373, 0.374, 0.381, 0.362, 0.373, 0.376, 0.371, 0.353, 0.349, 0.355, 0.379, 0.384, 0.357, 0.376, 0.348, 0.362, 0.372, 0.377, 0.362, 0.367, 0.368, 0.355, 0.379, 0.37, 0.36, 0.368, 0.379, 0.36, 0.357, 0.357, 0.392, 0.377, 0.359, 0.369, 0.371, 0.369, 0.363, 0.354, 0.361, 0.363, 0.377, 0.37, 0.374, 0.357, 0.366, 0.379, 0.356, 0.385, 0.369, 0.375, 0.349, 0.376, 0.36, 0.369, 0.356, 0.378, 0.358, 0.373, 0.372, 0.371, 0.367, 0.374, 0.368, 0.366, 0.376, 0.389, 0.368, 0.355, 0.366, 0.375, 0.365, 0.354, 0.371, 0.366, 0.362, 0.371, 0.377, 0.364, 0.376, 0.369, 0.358, 0.349, 0.371, 0.368, 0.361, 0.362, 0.357, 0.371, 0.358, 0.366, 0.364, 0.353, 0.374, 0.367, 0.392, 0.36, 0.386, 0.369, 0.364, 0.358, 0.355, 0.362, 0.361, 0.364, 0.361]"
-6.0,10.0,2.0,0.0,0.0566,-2.4141,0.005,"[0.063, 0.057, 0.074, 0.056, 0.062, 0.061, 0.061, 0.086, 0.077, 0.07, 0.068, 0.083, 0.063, 0.062, 0.064, 0.063, 0.068, 0.065, 0.043, 0.067, 0.069, 0.069, 0.058, 0.051, 0.076, 0.061, 0.06, 0.059, 0.07, 0.074, 0.069, 0.069, 0.061, 0.06, 0.061, 0.069, 0.059, 0.07, 0.071, 0.072, 0.061, 0.056, 0.065, 0.06, 0.059, 0.062, 0.071, 0.056, 0.082, 0.07, 0.06, 0.072, 0.056, 0.067, 0.069, 0.072, 0.064, 0.054, 0.065, 0.077, 0.058, 0.058, 0.063, 0.071, 0.054, 0.059, 0.055, 0.079, 0.056, 0.066, 0.058, 0.069, 0.075, 0.063, 0.073, 0.071, 0.067, 0.074, 0.087, 0.077, 0.049, 0.051, 0.064, 0.045, 0.064, 0.05, 0.067, 0.069, 0.064, 0.062, 0.058, 0.066, 0.053, 0.056, 0.069, 0.061, 0.06, 0.075, 0.065, 0.06, 0.072, 0.056, 0.033, 0.079, 0.053, 0.082, 0.059, 0.046, 0.056, 0.069, 0.081, 0.074, 0.075, 0.052, 0.073, 0.063, 0.083, 0.07, 0.069, 0.051, 0.071, 0.059, 0.072, 0.063, 0.06, 0.07, 0.067, 0.053, 0.08, 0.063, 0.074, 0.064, 0.056, 0.063, 0.071, 0.089, 0.075, 0.06, 0.05, 0.065, 0.066, 0.075, 0.078, 0.071, 0.075, 0.063, 0.074, 0.068, 0.085, 0.067, 0.063, 0.073, 0.08, 0.073, 0.069, 0.065, 0.056, 0.077, 0.077, 0.044]"
-6.0,10.0,2.0,3.0,0.2109,-1.9952,0.0009,"[0.215, 0.199, 0.201, 0.198, 0.208, 0.209, 0.197, 0.199, 0.205, 0.206, 0.201, 0.215, 0.205, 0.211, 0.213, 0.2, 0.214, 0.211, 0.21, 0.201, 0.218, 0.193, 0.208, 0.201, 0.205, 0.195, 0.202, 0.198, 0.194, 0.214, 0.202, 0.207, 0.213, 0.212, 0.208, 0.202, 0.205, 0.211, 0.219, 0.186, 0.213, 0.197, 0.204, 0.207, 0.208, 0.203, 0.22, 0.215, 0.204, 0.225, 0.202, 0.201, 0.21, 0.203, 0.213, 0.206, 0.212, 0.2, 0.227, 0.204, 0.223, 0.195, 0.227, 0.208, 0.207, 0.184, 0.196, 0.199, 0.198, 0.215, 0.204, 0.209, 0.211, 0.177, 0.206, 0.229, 0.219, 0.213, 0.21, 0.223, 0.215, 0.207, 0.212, 0.217, 0.221, 0.195, 0.21, 0.218, 0.203, 0.207, 0.225, 0.211, 0.201, 0.194, 0.208, 0.203, 0.221, 0.201, 0.218, 0.209, 0.204, 0.206, 0.221, 0.217, 0.211, 0.203, 0.216, 0.21, 0.205, 0.2, 0.203, 0.198, 0.201, 0.236, 0.191, 0.218, 0.214, 0.193, 0.217, 0.23, 0.209, 0.218, 0.208, 0.213, 0.19, 0.209, 0.209, 0.205, 0.224, 0.209, 0.208, 0.205, 0.205, 0.208, 0.206, 0.214, 0.215, 0.224, 0.205, 0.199, 0.211, 0.211, 0.219, 0.195, 0.208, 0.221, 0.218, 0.221, 0.206, 0.187, 0.212, 0.214, 0.203, 0.213, 0.21, 0.194, 0.219, 0.194, 0.216, 0.2]"
-6.0,12.5,0.5,0.0,0.1713,-2.3321,0.5899,"[0.182, 0.191, 0.187, 0.206, 0.222, 0.231, 0.241, 0.244, 0.259, 0.265, 0.265, 0.263, 0.285, 0.266, 0.26, 0.264, 0.266, 0.257, 0.246, 0.246, 0.251, 0.217, 0.223, 0.2, 0.189, 0.172, 0.177, 0.148, 0.155, 0.141, 0.136, 0.1, 0.095, 0.099, 0.095, 0.099, 0.082, 0.071, 0.087, 0.068, 0.059, 0.078, 0.077, 0.089, 0.075, 0.092, 0.093, 0.11, 0.11, 0.127, 0.149, 0.149, 0.157, 0.186, 0.182, 0.197, 0.214, 0.214, 0.225, 0.234, 0.247, 0.275, 0.269, 0.272, 0.257, 0.264, 0.275, 0.25, 0.259, 0.276, 0.27, 0.257, 0.254, 0.261, 0.228, 0.243, 0.216, 0.198, 0.203, 0.169, 0.166, 0.152, 0.159, 0.128, 0.119, 0.112, 0.085, 0.108, 0.089, 0.079, 0.087, 0.074, 0.078, 0.065, 0.068, 0.08, 0.075, 0.07, 0.106, 0.085, 0.116, 0.115, 0.138, 0.138, 0.147, 0.165, 0.172, 0.185, 0.193, 0.214, 0.209, 0.24, 0.239, 0.254, 0.244, 0.277, 0.268, 0.285, 0.265, 0.259, 0.267, 0.275, 0.277, 0.254, 0.265, 0.251, 0.249, 0.22, 0.214, 0.198, 0.2, 0.199, 0.19, 0.159, 0.159, 0.147, 0.115, 0.125, 0.094, 0.102, 0.089, 0.095, 0.09, 0.093, 0.077, 0.077, 0.065, 0.069, 0.072, 0.08, 0.106, 0.093, 0.113, 0.114, 0.125, 0.129, 0.136, 0.15, 0.152, 0.166]"
-6.0,12.5,0.5,3.0,0.8966,-1.8389,0.0151,"[0.905, 0.921, 0.924, 0.9, 0.919, 0.952, 0.93, 0.907, 0.921, 0.922, 0.918, 0.93, 0.932, 0.915, 0.927, 0.913, 0.919, 0.936, 0.91, 0.928, 0.906, 0.912, 0.911, 0.908, 0.902, 0.903, 0.897, 0.906, 0.904, 0.913, 0.926, 0.917, 0.914, 0.904, 0.915, 0.916, 0.903, 0.92, 0.906, 0.906, 0.912, 0.896, 0.904, 0.908, 0.903, 0.915, 0.902, 0.905, 0.92, 0.912, 0.92, 0.919, 0.931, 0.91, 0.903, 0.9, 0.91, 0.928, 0.924, 0.916, 0.94, 0.906, 0.93, 0.914, 0.938, 0.916, 0.931, 0.918, 0.946, 0.922, 0.92, 0.923, 0.926, 0.935, 0.933, 0.898, 0.914, 0.91, 0.923, 0.909, 0.934, 0.905, 0.898, 0.914, 0.919, 0.901, 0.923, 0.904, 0.906, 0.911, 0.904, 0.929, 0.896, 0.894, 0.902, 0.898, 0.893, 0.912, 0.898, 0.909, 0.906, 0.925, 0.899, 0.917, 0.913, 0.907, 0.914, 0.919, 0.901, 0.918, 0.918, 0.926, 0.923, 0.935, 0.931, 0.918, 0.934, 0.922, 0.931, 0.92, 0.924, 0.903, 0.922, 0.926, 0.926, 0.902, 0.915, 0.91, 0.917, 0.896, 0.909, 0.917, 0.91, 0.931, 0.91, 0.912, 0.895, 0.902, 0.92, 0.905, 0.909, 0.904, 0.916, 0.897, 0.903, 0.913, 0.906, 0.89, 0.908, 0.892, 0.909, 0.918, 0.904, 0.921, 0.918, 0.92, 0.896, 0.91, 0.92, 0.909]"
-6.0,12.5,1.0,0.0,0.1172,-2.3756,0.7674,"[0.124, 0.101, 0.128, 0.135, 0.138, 0.159, 0.168, 0.169, 0.195, 0.163, 0.192, 0.178, 0.194, 0.198, 0.207, 0.189, 0.191, 0.163, 0.193, 0.181, 0.17, 0.163, 0.146, 0.14, 0.128, 0.116, 0.117, 0.12, 0.091, 0.087, 0.075, 0.066, 0.057, 0.068, 0.045, 0.049, 0.035, 0.049, 0.042, 0.035, 0.034, 0.034, 0.025, 0.036, 0.061, 0.047, 0.043, 0.042, 0.059, 0.061, 0.085, 0.077, 0.086, 0.113, 0.105, 0.132, 0.156, 0.153, 0.164, 0.171, 0.153, 0.156, 0.188, 0.195, 0.196, 0.196, 0.187, 0.198, 0.201, 0.185, 0.178, 0.168, 0.162, 0.165, 0.163, 0.167, 0.138, 0.123, 0.128, 0.11, 0.118, 0.103, 0.092, 0.063, 0.062, 0.07, 0.05, 0.024, 0.057, 0.032, 0.035, 0.033, 0.026, 0.039, 0.026, 0.027, 0.058, 0.021, 0.044, 0.053, 0.062, 0.084, 0.074, 0.071, 0.094, 0.1, 0.122, 0.128, 0.128, 0.135, 0.153, 0.16, 0.149, 0.158, 0.183, 0.174, 0.174, 0.194, 0.181, 0.191, 0.201, 0.181, 0.195, 0.194, 0.171, 0.191, 0.161, 0.164, 0.143, 0.136, 0.149, 0.143, 0.125, 0.101, 0.085, 0.068, 0.079, 0.05, 0.056, 0.057, 0.036, 0.039, 0.03, 0.036, 0.029, 0.02, 0.013, 0.047, 0.023, 0.024, 0.049, 0.041, 0.058, 0.056, 0.066, 0.077, 0.081, 0.081, 0.096, 0.089]"
-6.0,12.5,1.0,3.0,0.481,-1.9612,0.0934,"[0.489, 0.487, 0.503, 0.474, 0.496, 0.498, 0.515, 0.512, 0.53, 0.533, 0.525, 0.522, 0.506, 0.527, 0.542, 0.533, 0.513, 0.514, 0.533, 0.501, 0.512, 0.499, 0.497, 0.502, 0.499, 0.484, 0.493, 0.487, 0.483, 0.473, 0.482, 0.453, 0.461, 0.452, 0.456, 0.461, 0.435, 0.446, 0.439, 0.456, 0.46, 0.433, 0.451, 0.48, 0.451, 0.451, 0.458, 0.467, 0.475, 0.481, 0.459, 0.485, 0.477, 0.481, 0.484, 0.499, 0.491, 0.514, 0.502, 0.516, 0.516, 0.504, 0.507, 0.525, 0.506, 0.522, 0.516, 0.516, 0.524, 0.532, 0.522, 0.501, 0.513, 0.518, 0.502, 0.501, 0.492, 0.505, 0.479, 0.481, 0.47, 0.483, 0.461, 0.459, 0.46, 0.46, 0.452, 0.453, 0.431, 0.455, 0.449, 0.445, 0.419, 0.444, 0.438, 0.439, 0.447, 0.461, 0.47, 0.466, 0.456, 0.477, 0.48, 0.47, 0.455, 0.469, 0.461, 0.482, 0.492, 0.479, 0.509, 0.506, 0.489, 0.513, 0.496, 0.537, 0.505, 0.51, 0.516, 0.522, 0.516, 0.504, 0.52, 0.511, 0.509, 0.528, 0.505, 0.502, 0.503, 0.503, 0.496, 0.465, 0.481, 0.476, 0.463, 0.458, 0.478, 0.464, 0.454, 0.459, 0.465, 0.455, 0.461, 0.449, 0.452, 0.442, 0.456, 0.461, 0.447, 0.434, 0.45, 0.45, 0.461, 0.454, 0.462, 0.471, 0.462, 0.477, 0.48, 0.46]"
-6.0,12.5,2.0,0.0,0.0773,-2.3419,0.8856,"[0.074, 0.084, 0.105, 0.081, 0.1, 0.132, 0.125, 0.117, 0.129, 0.128, 0.138, 0.144, 0.167, 0.139, 0.136, 0.146, 0.147, 0.14, 0.139, 0.151, 0.118, 0.121, 0.13, 0.126, 0.104, 0.075, 0.092, 0.085, 0.072, 0.056, 0.045, 0.054, 0.042, 0.043, 0.024, 0.026, 0.007, 0.03, 0.03, 0.011, 0.0, 0.024, 0.034, 0.012, 0.016, 0.02, 0.026, 0.046, 0.046, 0.038, 0.053, 0.067, 0.066, 0.085, 0.09, 0.108, 0.112, 0.108, 0.12, 0.118, 0.152, 0.144, 0.128, 0.143, 0.131, 0.145, 0.151, 0.159, 0.159, 0.133, 0.145, 0.143, 0.135, 0.114, 0.115, 0.114, 0.116, 0.091, 0.087, 0.082, 0.06, 0.064, 0.064, 0.042, 0.04, 0.032, 0.038, 0.009, 0.016, 0.033, 0.025, 0.022, 0.024, 0.001, 0.024, 0.0, 0.01, 0.025, 0.026, 0.031, 0.025, 0.013, 0.052, 0.066, 0.065, 0.074, 0.084, 0.08, 0.095, 0.093, 0.122, 0.096, 0.123, 0.149, 0.142, 0.13, 0.149, 0.156, 0.151, 0.156, 0.137, 0.142, 0.15, 0.14, 0.135, 0.124, 0.143, 0.124, 0.126, 0.087, 0.11, 0.081, 0.082, 0.078, 0.088, 0.078, 0.051, 0.049, 0.032, 0.032, 0.026, 0.025, 0.012, 0.019, 0.016, 0.0, 0.009, 0.006, 0.033, 0.028, 0.029, 0.019, 0.047, 0.031, 0.034, 0.071, 0.063, 0.056, 0.068, 0.088]"
-6.0,12.5,2.0,3.0,0.2582,-1.9787,0.2887,"[0.26, 0.27, 0.312, 0.297, 0.306, 0.324, 0.321, 0.335, 0.313, 0.337, 0.334, 0.344, 0.319, 0.327, 0.341, 0.347, 0.324, 0.329, 0.333, 0.324, 0.329, 0.323, 0.294, 0.296, 0.283, 0.292, 0.28, 0.252, 0.267, 0.231, 0.231, 0.217, 0.216, 0.192, 0.208, 0.186, 0.194, 0.207, 0.194, 0.214, 0.202, 0.202, 0.188, 0.194, 0.206, 0.2, 0.211, 0.228, 0.226, 0.217, 0.247, 0.244, 0.252, 0.29, 0.277, 0.305, 0.285, 0.294, 0.303, 0.314, 0.319, 0.317, 0.341, 0.337, 0.347, 0.344, 0.367, 0.343, 0.35, 0.35, 0.322, 0.319, 0.315, 0.315, 0.309, 0.307, 0.312, 0.272, 0.264, 0.265, 0.252, 0.238, 0.241, 0.238, 0.227, 0.215, 0.214, 0.191, 0.21, 0.198, 0.199, 0.193, 0.175, 0.187, 0.206, 0.2, 0.195, 0.209, 0.215, 0.225, 0.225, 0.239, 0.233, 0.25, 0.239, 0.265, 0.268, 0.281, 0.296, 0.283, 0.315, 0.315, 0.318, 0.31, 0.321, 0.341, 0.336, 0.35, 0.349, 0.334, 0.341, 0.339, 0.346, 0.335, 0.329, 0.329, 0.316, 0.32, 0.306, 0.309, 0.296, 0.282, 0.286, 0.256, 0.255, 0.246, 0.24, 0.223, 0.222, 0.208, 0.194, 0.202, 0.201, 0.185, 0.189, 0.197, 0.198, 0.2, 0.184, 0.219, 0.185, 0.203, 0.188, 0.207, 0.216, 0.245, 0.257, 0.251, 0.253, 0.24]"
-6.0,15.0,0.5,0.0,0.2965,-2.2747,1.0036,"[0.279, 0.32, 0.351, 0.382, 0.414, 0.448, 0.487, 0.508, 0.515, 0.535, 0.571, 0.554, 0.571, 0.574, 0.559, 0.543, 0.517, 0.525, 0.499, 0.465, 0.45, 0.416, 0.374, 0.333, 0.308, 0.291, 0.248, 0.21, 0.177, 0.132, 0.106, 0.085, 0.06, 0.029, 0.013, 0.011, 0.0, 0.0, 0.0, 0.021, 0.012, 0.036, 0.039, 0.085, 0.114, 0.121, 0.143, 0.171, 0.224, 0.255, 0.307, 0.332, 0.357, 0.406, 0.408, 0.458, 0.485, 0.513, 0.522, 0.542, 0.549, 0.567, 0.572, 0.554, 0.564, 0.534, 0.529, 0.521, 0.485, 0.459, 0.437, 0.374, 0.364, 0.333, 0.299, 0.268, 0.23, 0.208, 0.18, 0.13, 0.096, 0.089, 0.051, 0.028, 0.028, 0.009, 0.011, 0.0, 0.0, 0.018, 0.0, 0.031, 0.066, 0.076, 0.116, 0.127, 0.168, 0.196, 0.217, 0.266, 0.3, 0.333, 0.365, 0.421, 0.431, 0.47, 0.491, 0.522, 0.55, 0.563, 0.552, 0.569, 0.576, 0.558, 0.564, 0.542, 0.513, 0.525, 0.465, 0.442, 0.421, 0.403, 0.366, 0.345, 0.3, 0.256, 0.231, 0.182, 0.154, 0.117, 0.105, 0.065, 0.034, 0.016, 0.004, 0.011, 0.0, 0.0, 0.008, 0.018, 0.022, 0.041, 0.058, 0.09, 0.113, 0.135, 0.177, 0.216, 0.262, 0.268, 0.303, 0.336, 0.378, 0.415, 0.443, 0.46, 0.514, 0.502, 0.555, 0.556]"
-6.0,15.0,0.5,3.0,1.0916,-1.7854,0.0242,"[1.089, 1.086, 1.093, 1.094, 1.082, 1.11, 1.08, 1.096, 1.094, 1.094, 1.066, 1.089, 1.089, 1.095, 1.078, 1.094, 1.099, 1.098, 1.091, 1.103, 1.1, 1.084, 1.093, 1.101, 1.107, 1.085, 1.082, 1.081, 1.078, 1.091, 1.084, 1.097, 1.085, 1.08, 1.101, 1.09, 1.099, 1.086, 1.108, 1.095, 1.08, 1.075, 1.094, 1.095, 1.098, 1.073, 1.073, 1.073, 1.082, 1.097, 1.091, 1.074, 1.076, 1.094, 1.103, 1.096, 1.107, 1.095, 1.106, 1.115, 1.089, 1.098, 1.07, 1.098, 1.08, 1.097, 1.087, 1.096, 1.079, 1.088, 1.099, 1.095, 1.072, 1.09, 1.085, 1.081, 1.084, 1.099, 1.107, 1.097, 1.085, 1.091, 1.091, 1.1, 1.091, 1.097, 1.091, 1.096, 1.1, 1.08, 1.089, 1.088, 1.099, 1.091, 1.083, 1.087, 1.092, 1.097, 1.084, 1.085, 1.085, 1.085, 1.087, 1.095, 1.1, 1.085, 1.074, 1.094, 1.075, 1.104, 1.09, 1.093, 1.101, 1.088, 1.095, 1.095, 1.108, 1.112, 1.09, 1.106, 1.07, 1.088, 1.097, 1.077, 1.112, 1.106, 1.087, 1.112, 1.099, 1.093, 1.095, 1.083, 1.093, 1.083, 1.091, 1.092, 1.093, 1.091, 1.114, 1.075, 1.073, 1.082, 1.091, 1.087, 1.077, 1.11, 1.096, 1.088, 1.082, 1.088, 1.086, 1.095, 1.078, 1.083, 1.1, 1.085, 1.097, 1.09, 1.088, 1.084]"
-6.0,15.0,1.0,0.0,0.1612,-2.2623,1.0127,"[0.177, 0.19, 0.193, 0.226, 0.243, 0.255, 0.287, 0.309, 0.302, 0.313, 0.315, 0.307, 0.336, 0.351, 0.327, 0.322, 0.315, 0.3, 0.281, 0.304, 0.266, 0.25, 0.247, 0.207, 0.175, 0.152, 0.161, 0.129, 0.101, 0.077, 0.062, 0.053, 0.054, 0.023, 0.005, 0.0, 0.008, 0.011, 0.019, 0.031, 0.0, 0.018, 0.025, 0.04, 0.048, 0.077, 0.079, 0.116, 0.143, 0.147, 0.184, 0.195, 0.223, 0.237, 0.243, 0.269, 0.281, 0.307, 0.308, 0.33, 0.332, 0.333, 0.335, 0.341, 0.334, 0.331, 0.302, 0.296, 0.288, 0.27, 0.247, 0.25, 0.207, 0.208, 0.195, 0.151, 0.113, 0.11, 0.088, 0.063, 0.064, 0.049, 0.036, 0.011, 0.022, 0.0, 0.0, 0.0, 0.0, 0.007, 0.002, 0.013, 0.049, 0.04, 0.071, 0.08, 0.107, 0.119, 0.138, 0.155, 0.171, 0.203, 0.215, 0.22, 0.261, 0.274, 0.293, 0.303, 0.321, 0.326, 0.327, 0.335, 0.345, 0.322, 0.306, 0.328, 0.316, 0.325, 0.285, 0.265, 0.255, 0.241, 0.218, 0.189, 0.184, 0.14, 0.122, 0.125, 0.097, 0.068, 0.057, 0.061, 0.026, 0.01, 0.01, 0.013, 0.004, 0.011, 0.0, 0.0, 0.026, 0.013, 0.025, 0.044, 0.058, 0.078, 0.086, 0.137, 0.129, 0.188, 0.194, 0.234, 0.219, 0.242, 0.277, 0.27, 0.302, 0.306, 0.326, 0.338]"
-6.0,15.0,1.0,3.0,0.5786,-1.7843,0.0145,"[0.556, 0.566, 0.572, 0.568, 0.577, 0.582, 0.57, 0.571, 0.588, 0.58, 0.575, 0.57, 0.586, 0.574, 0.558, 0.556, 0.568, 0.566, 0.576, 0.556, 0.575, 0.564, 0.583, 0.564, 0.58, 0.57, 0.565, 0.556, 0.56, 0.581, 0.566, 0.557, 0.569, 0.56, 0.558, 0.56, 0.574, 0.564, 0.571, 0.56, 0.558, 0.579, 0.555, 0.563, 0.577, 0.562, 0.586, 0.559, 0.575, 0.587, 0.573, 0.576, 0.581, 0.547, 0.588, 0.578, 0.576, 0.577, 0.556, 0.585, 0.58, 0.567, 0.581, 0.582, 0.571, 0.589, 0.575, 0.573, 0.582, 0.566, 0.569, 0.562, 0.571, 0.568, 0.572, 0.58, 0.576, 0.57, 0.581, 0.561, 0.571, 0.575, 0.584, 0.566, 0.561, 0.564, 0.565, 0.557, 0.564, 0.582, 0.548, 0.541, 0.55, 0.557, 0.555, 0.559, 0.558, 0.573, 0.56, 0.559, 0.551, 0.582, 0.586, 0.576, 0.575, 0.581, 0.583, 0.564, 0.574, 0.586, 0.571, 0.578, 0.589, 0.601, 0.586, 0.564, 0.569, 0.588, 0.568, 0.583, 0.591, 0.584, 0.59, 0.56, 0.551, 0.562, 0.569, 0.559, 0.56, 0.565, 0.562, 0.574, 0.565, 0.559, 0.574, 0.593, 0.569, 0.559, 0.548, 0.562, 0.553, 0.57, 0.582, 0.557, 0.561, 0.574, 0.561, 0.551, 0.581, 0.556, 0.57, 0.571, 0.568, 0.579, 0.559, 0.578, 0.567, 0.576, 0.568, 0.577]"
-6.0,15.0,2.0,0.0,0.1019,-2.3011,1.0068,"[0.1, 0.122, 0.145, 0.147, 0.174, 0.169, 0.201, 0.172, 0.194, 0.198, 0.21, 0.22, 0.242, 0.217, 0.222, 0.202, 0.202, 0.205, 0.175, 0.169, 0.171, 0.157, 0.148, 0.116, 0.116, 0.103, 0.094, 0.087, 0.067, 0.043, 0.046, 0.015, 0.024, 0.02, 0.008, 0.011, 0.0, 0.023, 0.0, 0.0, 0.0, 0.041, 0.03, 0.015, 0.049, 0.06, 0.045, 0.084, 0.081, 0.106, 0.122, 0.135, 0.137, 0.144, 0.169, 0.184, 0.19, 0.194, 0.209, 0.192, 0.22, 0.213, 0.227, 0.217, 0.219, 0.215, 0.2, 0.189, 0.197, 0.181, 0.169, 0.164, 0.148, 0.142, 0.112, 0.107, 0.101, 0.069, 0.053, 0.049, 0.04, 0.031, 0.028, 0.019, 0.034, 0.016, 0.0, 0.009, 0.001, 0.01, 0.011, 0.0, 0.014, 0.032, 0.048, 0.04, 0.077, 0.085, 0.08, 0.103, 0.126, 0.142, 0.13, 0.149, 0.178, 0.167, 0.194, 0.197, 0.202, 0.186, 0.224, 0.208, 0.21, 0.22, 0.212, 0.207, 0.2, 0.188, 0.178, 0.18, 0.154, 0.144, 0.138, 0.131, 0.104, 0.089, 0.081, 0.062, 0.057, 0.024, 0.051, 0.026, 0.0, 0.005, 0.006, 0.001, 0.0, 0.012, 0.01, 0.0, 0.013, 0.007, 0.01, 0.024, 0.051, 0.045, 0.07, 0.066, 0.1, 0.104, 0.125, 0.122, 0.168, 0.179, 0.145, 0.194, 0.192, 0.204, 0.21, 0.22]"
-6.0,15.0,2.0,3.0,0.3161,-1.8019,0.1133,"[0.302, 0.314, 0.318, 0.317, 0.319, 0.336, 0.322, 0.343, 0.337, 0.334, 0.331, 0.356, 0.325, 0.347, 0.341, 0.339, 0.327, 0.33, 0.358, 0.343, 0.339, 0.333, 0.324, 0.332, 0.316, 0.333, 0.318, 0.305, 0.304, 0.293, 0.308, 0.282, 0.291, 0.284, 0.273, 0.283, 0.251, 0.287, 0.293, 0.273, 0.276, 0.279, 0.294, 0.301, 0.302, 0.304, 0.299, 0.279, 0.301, 0.317, 0.321, 0.314, 0.301, 0.333, 0.319, 0.322, 0.344, 0.338, 0.348, 0.327, 0.341, 0.326, 0.353, 0.351, 0.332, 0.338, 0.345, 0.327, 0.317, 0.331, 0.336, 0.314, 0.334, 0.321, 0.325, 0.298, 0.294, 0.294, 0.311, 0.293, 0.287, 0.3, 0.272, 0.284, 0.279, 0.295, 0.287, 0.273, 0.295, 0.28, 0.286, 0.286, 0.301, 0.262, 0.295, 0.316, 0.284, 0.291, 0.307, 0.321, 0.316, 0.315, 0.321, 0.321, 0.324, 0.318, 0.356, 0.339, 0.329, 0.352, 0.319, 0.33, 0.346, 0.342, 0.347, 0.331, 0.334, 0.334, 0.325, 0.319, 0.342, 0.313, 0.317, 0.306, 0.305, 0.293, 0.29, 0.295, 0.292, 0.294, 0.309, 0.288, 0.278, 0.257, 0.266, 0.296, 0.285, 0.281, 0.283, 0.267, 0.284, 0.28, 0.296, 0.286, 0.283, 0.297, 0.293, 0.308, 0.306, 0.32, 0.305, 0.334, 0.326, 0.326, 0.339, 0.34, 0.342, 0.342, 0.347, 0.339]"
-6.0,17.5,0.5,0.0,0.4566,-2.1344,0.5698,"[0.453, 0.476, 0.515, 0.558, 0.576, 0.617, 0.655, 0.666, 0.684, 0.701, 0.687, 0.72, 0.726, 0.725, 0.702, 0.709, 0.68, 0.666, 0.628, 0.618, 0.568, 0.544, 0.507, 0.459, 0.452, 0.399, 0.356, 0.328, 0.315, 0.296, 0.247, 0.24, 0.214, 0.184, 0.207, 0.187, 0.206, 0.211, 0.213, 0.236, 0.261, 0.259, 0.306, 0.337, 0.362, 0.413, 0.434, 0.489, 0.516, 0.554, 0.576, 0.611, 0.625, 0.674, 0.663, 0.71, 0.704, 0.701, 0.726, 0.718, 0.721, 0.724, 0.679, 0.688, 0.658, 0.634, 0.579, 0.571, 0.544, 0.519, 0.448, 0.426, 0.422, 0.34, 0.341, 0.303, 0.267, 0.247, 0.257, 0.225, 0.204, 0.192, 0.207, 0.198, 0.2, 0.219, 0.242, 0.256, 0.3, 0.318, 0.337, 0.38, 0.403, 0.439, 0.475, 0.505, 0.555, 0.587, 0.597, 0.651, 0.663, 0.658, 0.698, 0.715, 0.709, 0.744, 0.709, 0.718, 0.695, 0.68, 0.669, 0.637, 0.615, 0.583, 0.542, 0.522, 0.511, 0.45, 0.42, 0.387, 0.371, 0.327, 0.284, 0.251, 0.236, 0.228, 0.201, 0.217, 0.195, 0.211, 0.198, 0.202, 0.214, 0.247, 0.276, 0.292, 0.304, 0.347, 0.377, 0.392, 0.449, 0.492, 0.534, 0.56, 0.567, 0.604, 0.649, 0.652, 0.689, 0.694, 0.71, 0.706, 0.723, 0.713, 0.728, 0.694, 0.706, 0.668, 0.637, 0.605]"
-6.0,17.5,0.5,3.0,1.2025,-1.7011,0.0081,"[1.199, 1.218, 1.209, 1.212, 1.214, 1.198, 1.189, 1.206, 1.202, 1.2, 1.226, 1.208, 1.192, 1.205, 1.207, 1.195, 1.21, 1.191, 1.194, 1.199, 1.198, 1.203, 1.194, 1.206, 1.205, 1.17, 1.215, 1.207, 1.2, 1.194, 1.209, 1.196, 1.198, 1.199, 1.198, 1.199, 1.185, 1.206, 1.194, 1.2, 1.197, 1.202, 1.2, 1.198, 1.203, 1.211, 1.205, 1.212, 1.214, 1.197, 1.218, 1.198, 1.189, 1.204, 1.207, 1.222, 1.21, 1.215, 1.214, 1.196, 1.207, 1.196, 1.203, 1.203, 1.205, 1.218, 1.215, 1.202, 1.198, 1.214, 1.204, 1.215, 1.179, 1.202, 1.215, 1.19, 1.187, 1.188, 1.203, 1.195, 1.206, 1.212, 1.195, 1.207, 1.203, 1.182, 1.192, 1.207, 1.208, 1.188, 1.201, 1.18, 1.202, 1.208, 1.186, 1.192, 1.188, 1.204, 1.21, 1.218, 1.187, 1.201, 1.212, 1.205, 1.188, 1.2, 1.212, 1.202, 1.209, 1.211, 1.188, 1.194, 1.195, 1.201, 1.201, 1.211, 1.194, 1.217, 1.216, 1.211, 1.219, 1.2, 1.187, 1.189, 1.204, 1.198, 1.195, 1.21, 1.2, 1.189, 1.19, 1.212, 1.187, 1.189, 1.213, 1.209, 1.217, 1.21, 1.208, 1.204, 1.204, 1.213, 1.193, 1.199, 1.191, 1.204, 1.209, 1.207, 1.192, 1.213, 1.196, 1.199, 1.212, 1.202, 1.2, 1.227, 1.205, 1.202, 1.199, 1.198]"
-6.0,17.5,1.0,0.0,0.2635,-2.1269,0.7741,"[0.25, 0.287, 0.315, 0.312, 0.355, 0.372, 0.418, 0.407, 0.412, 0.441, 0.449, 0.443, 0.45, 0.455, 0.45, 0.433, 0.408, 0.387, 0.375, 0.371, 0.344, 0.296, 0.27, 0.238, 0.243, 0.209, 0.184, 0.164, 0.138, 0.117, 0.119, 0.099, 0.088, 0.085, 0.075, 0.052, 0.07, 0.05, 0.069, 0.098, 0.097, 0.124, 0.156, 0.161, 0.182, 0.206, 0.231, 0.256, 0.285, 0.315, 0.332, 0.355, 0.379, 0.386, 0.411, 0.433, 0.424, 0.448, 0.453, 0.464, 0.445, 0.428, 0.424, 0.406, 0.393, 0.364, 0.355, 0.346, 0.322, 0.29, 0.25, 0.238, 0.205, 0.18, 0.171, 0.135, 0.115, 0.106, 0.074, 0.074, 0.081, 0.079, 0.054, 0.055, 0.065, 0.047, 0.109, 0.114, 0.113, 0.131, 0.167, 0.194, 0.236, 0.236, 0.269, 0.287, 0.315, 0.359, 0.39, 0.39, 0.388, 0.426, 0.429, 0.441, 0.442, 0.441, 0.45, 0.435, 0.43, 0.422, 0.411, 0.377, 0.376, 0.346, 0.333, 0.325, 0.269, 0.251, 0.223, 0.196, 0.165, 0.156, 0.124, 0.131, 0.101, 0.072, 0.078, 0.068, 0.052, 0.062, 0.068, 0.094, 0.071, 0.099, 0.099, 0.126, 0.14, 0.187, 0.209, 0.232, 0.24, 0.264, 0.298, 0.341, 0.356, 0.392, 0.384, 0.405, 0.427, 0.43, 0.439, 0.434, 0.438, 0.467, 0.434, 0.442, 0.402, 0.405, 0.376, 0.365]"
-6.0,17.5,1.0,3.0,0.6326,-1.7225,0.0076,"[0.629, 0.628, 0.623, 0.617, 0.619, 0.631, 0.619, 0.624, 0.623, 0.643, 0.628, 0.629, 0.618, 0.618, 0.616, 0.625, 0.61, 0.634, 0.631, 0.614, 0.624, 0.638, 0.626, 0.613, 0.638, 0.636, 0.638, 0.616, 0.657, 0.629, 0.625, 0.628, 0.634, 0.641, 0.617, 0.622, 0.618, 0.609, 0.628, 0.635, 0.618, 0.619, 0.619, 0.636, 0.62, 0.604, 0.627, 0.622, 0.615, 0.626, 0.628, 0.623, 0.625, 0.609, 0.617, 0.629, 0.634, 0.619, 0.645, 0.624, 0.619, 0.628, 0.63, 0.627, 0.626, 0.632, 0.64, 0.616, 0.618, 0.627, 0.634, 0.607, 0.627, 0.642, 0.628, 0.631, 0.627, 0.628, 0.632, 0.617, 0.612, 0.631, 0.626, 0.644, 0.611, 0.635, 0.616, 0.628, 0.632, 0.626, 0.627, 0.624, 0.626, 0.614, 0.617, 0.626, 0.627, 0.625, 0.615, 0.636, 0.629, 0.629, 0.627, 0.616, 0.61, 0.627, 0.62, 0.621, 0.633, 0.625, 0.633, 0.62, 0.623, 0.625, 0.608, 0.618, 0.64, 0.619, 0.627, 0.618, 0.618, 0.628, 0.614, 0.633, 0.633, 0.631, 0.604, 0.626, 0.644, 0.607, 0.641, 0.6, 0.631, 0.609, 0.627, 0.637, 0.613, 0.647, 0.614, 0.629, 0.615, 0.638, 0.643, 0.622, 0.642, 0.629, 0.623, 0.615, 0.619, 0.636, 0.619, 0.633, 0.623, 0.642, 0.62, 0.61, 0.614, 0.631, 0.626, 0.626]"
-6.0,17.5,2.0,0.0,0.1703,-1.9977,0.8706,"[0.148, 0.171, 0.179, 0.199, 0.214, 0.219, 0.242, 0.263, 0.257, 0.261, 0.277, 0.277, 0.265, 0.263, 0.287, 0.264, 0.271, 0.258, 0.256, 0.228, 0.204, 0.2, 0.155, 0.168, 0.159, 0.112, 0.104, 0.091, 0.071, 0.06, 0.041, 0.033, 0.06, 0.026, 0.0, 0.014, 0.017, 0.041, 0.045, 0.039, 0.036, 0.062, 0.064, 0.091, 0.114, 0.115, 0.14, 0.164, 0.179, 0.175, 0.207, 0.194, 0.241, 0.259, 0.266, 0.274, 0.28, 0.288, 0.275, 0.277, 0.283, 0.289, 0.275, 0.268, 0.246, 0.237, 0.221, 0.194, 0.193, 0.171, 0.163, 0.122, 0.115, 0.084, 0.091, 0.08, 0.062, 0.067, 0.043, 0.021, 0.036, 0.041, 0.027, 0.014, 0.019, 0.035, 0.036, 0.061, 0.06, 0.085, 0.099, 0.094, 0.124, 0.153, 0.159, 0.181, 0.197, 0.203, 0.244, 0.233, 0.244, 0.274, 0.267, 0.279, 0.287, 0.294, 0.263, 0.279, 0.272, 0.267, 0.266, 0.261, 0.235, 0.211, 0.205, 0.191, 0.171, 0.161, 0.126, 0.109, 0.101, 0.095, 0.086, 0.061, 0.048, 0.026, 0.035, 0.012, 0.031, 0.022, 0.024, 0.04, 0.035, 0.039, 0.056, 0.057, 0.083, 0.094, 0.105, 0.153, 0.145, 0.159, 0.165, 0.192, 0.223, 0.215, 0.232, 0.266, 0.262, 0.269, 0.28, 0.295, 0.275, 0.303, 0.28, 0.273, 0.272, 0.234, 0.246, 0.232]"
-6.0,17.5,2.0,3.0,0.3242,-1.6269,0.0348,"[0.339, 0.338, 0.34, 0.338, 0.353, 0.358, 0.357, 0.359, 0.352, 0.355, 0.355, 0.333, 0.345, 0.342, 0.346, 0.345, 0.353, 0.341, 0.322, 0.347, 0.34, 0.346, 0.328, 0.343, 0.329, 0.319, 0.331, 0.316, 0.325, 0.332, 0.316, 0.332, 0.315, 0.319, 0.317, 0.334, 0.33, 0.323, 0.307, 0.328, 0.318, 0.318, 0.338, 0.324, 0.335, 0.326, 0.346, 0.343, 0.349, 0.353, 0.327, 0.363, 0.32, 0.339, 0.342, 0.329, 0.342, 0.357, 0.349, 0.332, 0.344, 0.357, 0.339, 0.342, 0.35, 0.352, 0.35, 0.338, 0.324, 0.342, 0.323, 0.335, 0.327, 0.332, 0.345, 0.335, 0.342, 0.322, 0.332, 0.318, 0.326, 0.333, 0.308, 0.326, 0.333, 0.324, 0.337, 0.329, 0.317, 0.335, 0.334, 0.333, 0.335, 0.344, 0.338, 0.346, 0.356, 0.35, 0.344, 0.344, 0.343, 0.347, 0.348, 0.341, 0.343, 0.339, 0.355, 0.35, 0.347, 0.34, 0.352, 0.339, 0.337, 0.35, 0.338, 0.343, 0.334, 0.335, 0.336, 0.345, 0.338, 0.338, 0.336, 0.341, 0.346, 0.334, 0.319, 0.331, 0.341, 0.315, 0.345, 0.336, 0.332, 0.327, 0.325, 0.342, 0.319, 0.356, 0.344, 0.342, 0.341, 0.332, 0.342, 0.327, 0.332, 0.328, 0.346, 0.341, 0.345, 0.349, 0.36, 0.333, 0.362, 0.349, 0.343, 0.35, 0.351, 0.357, 0.343, 0.331]"
-6.0,20.0,0.5,0.0,0.6878,-2.0584,0.1211,"[0.705, 0.683, 0.712, 0.725, 0.729, 0.732, 0.738, 0.744, 0.755, 0.768, 0.746, 0.755, 0.773, 0.743, 0.757, 0.721, 0.737, 0.725, 0.738, 0.706, 0.697, 0.689, 0.682, 0.673, 0.661, 0.66, 0.637, 0.644, 0.625, 0.605, 0.62, 0.622, 0.606, 0.615, 0.61, 0.611, 0.626, 0.631, 0.619, 0.628, 0.653, 0.644, 0.656, 0.672, 0.679, 0.69, 0.702, 0.713, 0.726, 0.733, 0.757, 0.753, 0.751, 0.772, 0.749, 0.778, 0.784, 0.765, 0.752, 0.758, 0.755, 0.726, 0.736, 0.717, 0.701, 0.703, 0.69, 0.665, 0.683, 0.661, 0.658, 0.651, 0.627, 0.649, 0.643, 0.609, 0.616, 0.616, 0.608, 0.613, 0.644, 0.619, 0.649, 0.649, 0.65, 0.667, 0.673, 0.679, 0.694, 0.689, 0.702, 0.7, 0.73, 0.725, 0.724, 0.752, 0.749, 0.772, 0.767, 0.773, 0.758, 0.761, 0.764, 0.725, 0.729, 0.737, 0.713, 0.713, 0.717, 0.705, 0.698, 0.67, 0.68, 0.653, 0.657, 0.65, 0.657, 0.646, 0.63, 0.616, 0.618, 0.619, 0.609, 0.623, 0.627, 0.631, 0.618, 0.636, 0.653, 0.66, 0.66, 0.671, 0.678, 0.698, 0.686, 0.703, 0.716, 0.736, 0.752, 0.748, 0.738, 0.752, 0.748, 0.756, 0.75, 0.754, 0.746, 0.771, 0.749, 0.73, 0.73, 0.74, 0.721, 0.701, 0.687, 0.686, 0.667, 0.674, 0.678, 0.646]"
-6.0,20.0,0.5,3.0,1.2473,-1.6172,0.0079,"[1.269, 1.246, 1.267, 1.263, 1.265, 1.259, 1.264, 1.252, 1.264, 1.271, 1.261, 1.256, 1.277, 1.275, 1.253, 1.259, 1.263, 1.266, 1.269, 1.26, 1.254, 1.266, 1.256, 1.269, 1.269, 1.281, 1.277, 1.27, 1.26, 1.255, 1.274, 1.267, 1.255, 1.265, 1.262, 1.26, 1.265, 1.257, 1.251, 1.282, 1.261, 1.269, 1.248, 1.25, 1.254, 1.254, 1.253, 1.254, 1.271, 1.256, 1.241, 1.264, 1.258, 1.278, 1.262, 1.276, 1.26, 1.257, 1.269, 1.25, 1.274, 1.259, 1.247, 1.268, 1.261, 1.251, 1.267, 1.258, 1.27, 1.261, 1.267, 1.26, 1.248, 1.271, 1.255, 1.243, 1.259, 1.256, 1.272, 1.256, 1.262, 1.268, 1.263, 1.273, 1.273, 1.254, 1.266, 1.279, 1.254, 1.251, 1.27, 1.255, 1.283, 1.259, 1.254, 1.258, 1.277, 1.25, 1.259, 1.26, 1.237, 1.258, 1.261, 1.254, 1.27, 1.271, 1.264, 1.251, 1.254, 1.274, 1.286, 1.272, 1.268, 1.253, 1.264, 1.25, 1.268, 1.259, 1.251, 1.258, 1.267, 1.265, 1.263, 1.266, 1.252, 1.253, 1.254, 1.249, 1.263, 1.248, 1.265, 1.247, 1.27, 1.265, 1.248, 1.267, 1.262, 1.274, 1.261, 1.246, 1.258, 1.261, 1.257, 1.268, 1.273, 1.268, 1.253, 1.266, 1.262, 1.255, 1.277, 1.264, 1.255, 1.262, 1.265, 1.28, 1.268, 1.256, 1.269, 1.264]"
-6.0,20.0,1.0,0.0,0.3692,-2.0152,0.3357,"[0.358, 0.374, 0.406, 0.427, 0.42, 0.445, 0.47, 0.477, 0.474, 0.478, 0.502, 0.502, 0.502, 0.481, 0.475, 0.458, 0.462, 0.443, 0.434, 0.396, 0.399, 0.4, 0.371, 0.325, 0.343, 0.333, 0.29, 0.294, 0.276, 0.274, 0.267, 0.252, 0.251, 0.267, 0.29, 0.261, 0.262, 0.261, 0.276, 0.289, 0.303, 0.295, 0.326, 0.346, 0.362, 0.386, 0.417, 0.421, 0.435, 0.452, 0.471, 0.496, 0.479, 0.485, 0.49, 0.492, 0.481, 0.486, 0.472, 0.482, 0.493, 0.453, 0.446, 0.435, 0.396, 0.398, 0.377, 0.341, 0.338, 0.297, 0.291, 0.281, 0.267, 0.285, 0.25, 0.258, 0.25, 0.248, 0.245, 0.245, 0.265, 0.24, 0.285, 0.282, 0.301, 0.32, 0.342, 0.338, 0.358, 0.364, 0.4, 0.433, 0.423, 0.44, 0.459, 0.465, 0.482, 0.481, 0.495, 0.483, 0.488, 0.475, 0.473, 0.473, 0.463, 0.461, 0.442, 0.423, 0.404, 0.394, 0.385, 0.352, 0.369, 0.312, 0.302, 0.291, 0.292, 0.287, 0.26, 0.247, 0.242, 0.259, 0.237, 0.255, 0.26, 0.267, 0.265, 0.271, 0.297, 0.317, 0.323, 0.349, 0.358, 0.383, 0.383, 0.408, 0.442, 0.434, 0.456, 0.464, 0.468, 0.488, 0.478, 0.498, 0.495, 0.472, 0.489, 0.475, 0.454, 0.448, 0.433, 0.43, 0.431, 0.395, 0.373, 0.361, 0.343, 0.333, 0.308, 0.269]"
-6.0,20.0,1.0,3.0,0.6661,-1.5167,0.0027,"[0.654, 0.669, 0.648, 0.655, 0.652, 0.643, 0.659, 0.656, 0.679, 0.664, 0.665, 0.648, 0.664, 0.662, 0.632, 0.668, 0.655, 0.647, 0.655, 0.65, 0.66, 0.652, 0.674, 0.674, 0.659, 0.662, 0.673, 0.653, 0.655, 0.662, 0.656, 0.659, 0.653, 0.647, 0.646, 0.668, 0.66, 0.666, 0.647, 0.661, 0.663, 0.65, 0.652, 0.671, 0.654, 0.664, 0.648, 0.671, 0.653, 0.655, 0.661, 0.685, 0.652, 0.657, 0.669, 0.658, 0.658, 0.678, 0.67, 0.679, 0.651, 0.666, 0.658, 0.656, 0.657, 0.664, 0.658, 0.649, 0.649, 0.646, 0.657, 0.664, 0.668, 0.662, 0.66, 0.669, 0.643, 0.662, 0.661, 0.645, 0.638, 0.656, 0.664, 0.643, 0.65, 0.656, 0.667, 0.661, 0.661, 0.654, 0.672, 0.661, 0.651, 0.652, 0.655, 0.654, 0.64, 0.651, 0.661, 0.649, 0.658, 0.646, 0.635, 0.654, 0.659, 0.651, 0.647, 0.663, 0.656, 0.663, 0.675, 0.661, 0.661, 0.649, 0.656, 0.644, 0.647, 0.659, 0.653, 0.651, 0.658, 0.651, 0.654, 0.659, 0.652, 0.647, 0.669, 0.676, 0.656, 0.655, 0.657, 0.649, 0.668, 0.666, 0.652, 0.653, 0.66, 0.668, 0.661, 0.662, 0.661, 0.659, 0.66, 0.664, 0.66, 0.654, 0.68, 0.641, 0.665, 0.652, 0.64, 0.636, 0.655, 0.677, 0.675, 0.651, 0.651, 0.653, 0.659, 0.676]"
-6.0,20.0,2.0,0.0,0.2057,-2.0402,0.5935,"[0.19, 0.207, 0.235, 0.246, 0.257, 0.297, 0.297, 0.301, 0.305, 0.331, 0.326, 0.314, 0.323, 0.343, 0.328, 0.311, 0.304, 0.284, 0.272, 0.248, 0.237, 0.232, 0.225, 0.197, 0.187, 0.141, 0.151, 0.136, 0.113, 0.109, 0.115, 0.1, 0.088, 0.108, 0.091, 0.109, 0.096, 0.108, 0.132, 0.119, 0.166, 0.15, 0.18, 0.195, 0.195, 0.208, 0.227, 0.254, 0.278, 0.282, 0.292, 0.301, 0.314, 0.319, 0.322, 0.318, 0.319, 0.333, 0.312, 0.32, 0.303, 0.309, 0.278, 0.268, 0.236, 0.216, 0.232, 0.206, 0.167, 0.17, 0.156, 0.151, 0.114, 0.11, 0.098, 0.098, 0.088, 0.097, 0.077, 0.095, 0.085, 0.118, 0.113, 0.126, 0.149, 0.157, 0.17, 0.181, 0.201, 0.211, 0.227, 0.257, 0.255, 0.28, 0.297, 0.309, 0.292, 0.315, 0.334, 0.334, 0.328, 0.32, 0.318, 0.317, 0.3, 0.297, 0.289, 0.261, 0.255, 0.228, 0.213, 0.205, 0.202, 0.164, 0.175, 0.131, 0.135, 0.124, 0.117, 0.094, 0.098, 0.092, 0.089, 0.092, 0.084, 0.104, 0.11, 0.123, 0.126, 0.149, 0.171, 0.175, 0.204, 0.219, 0.231, 0.256, 0.276, 0.276, 0.286, 0.311, 0.308, 0.309, 0.333, 0.323, 0.333, 0.313, 0.324, 0.314, 0.313, 0.277, 0.268, 0.28, 0.251, 0.224, 0.223, 0.197, 0.178, 0.186, 0.149, 0.119]"
-6.0,20.0,2.0,3.0,0.3573,-1.6473,0.0068,"[0.36, 0.366, 0.357, 0.352, 0.35, 0.353, 0.363, 0.334, 0.355, 0.366, 0.342, 0.364, 0.371, 0.349, 0.342, 0.349, 0.358, 0.379, 0.347, 0.347, 0.353, 0.355, 0.353, 0.336, 0.34, 0.36, 0.365, 0.338, 0.364, 0.328, 0.354, 0.348, 0.354, 0.337, 0.359, 0.348, 0.343, 0.347, 0.359, 0.351, 0.355, 0.359, 0.345, 0.346, 0.379, 0.34, 0.332, 0.346, 0.351, 0.362, 0.348, 0.363, 0.35, 0.36, 0.366, 0.349, 0.364, 0.344, 0.356, 0.357, 0.356, 0.357, 0.356, 0.324, 0.355, 0.337, 0.347, 0.361, 0.357, 0.367, 0.356, 0.344, 0.338, 0.363, 0.34, 0.339, 0.351, 0.363, 0.351, 0.347, 0.343, 0.355, 0.333, 0.337, 0.343, 0.344, 0.346, 0.362, 0.366, 0.344, 0.351, 0.346, 0.348, 0.36, 0.366, 0.367, 0.355, 0.337, 0.341, 0.338, 0.365, 0.349, 0.356, 0.37, 0.344, 0.351, 0.355, 0.339, 0.362, 0.365, 0.36, 0.36, 0.353, 0.356, 0.364, 0.362, 0.355, 0.343, 0.325, 0.364, 0.368, 0.345, 0.362, 0.329, 0.358, 0.355, 0.345, 0.371, 0.349, 0.361, 0.371, 0.352, 0.362, 0.353, 0.357, 0.344, 0.356, 0.356, 0.356, 0.367, 0.358, 0.345, 0.361, 0.35, 0.357, 0.357, 0.362, 0.357, 0.361, 0.356, 0.378, 0.351, 0.349, 0.36, 0.349, 0.361, 0.341, 0.354, 0.357, 0.341]"
-6.0,22.5,0.5,0.0,0.9024,-1.9224,0.0071,"[0.927, 0.907, 0.916, 0.909, 0.925, 0.927, 0.925, 0.927, 0.914, 0.92, 0.909, 0.912, 0.919, 0.932, 0.911, 0.923, 0.91, 0.906, 0.931, 0.928, 0.908, 0.911, 0.916, 0.903, 0.917, 0.896, 0.906, 0.907, 0.914, 0.922, 0.899, 0.907, 0.915, 0.908, 0.907, 0.918, 0.891, 0.908, 0.912, 0.912, 0.905, 0.923, 0.918, 0.882, 0.922, 0.916, 0.927, 0.932, 0.92, 0.912, 0.929, 0.935, 0.924, 0.92, 0.93, 0.912, 0.921, 0.915, 0.924, 0.916, 0.915, 0.922, 0.929, 0.921, 0.922, 0.923, 0.909, 0.913, 0.91, 0.91, 0.906, 0.908, 0.906, 0.902, 0.884, 0.91, 0.925, 0.915, 0.909, 0.898, 0.903, 0.894, 0.917, 0.906, 0.926, 0.893, 0.911, 0.927, 0.905, 0.906, 0.913, 0.908, 0.916, 0.897, 0.932, 0.928, 0.914, 0.901, 0.91, 0.926, 0.926, 0.911, 0.921, 0.9, 0.914, 0.901, 0.917, 0.908, 0.909, 0.91, 0.892, 0.91, 0.92, 0.91, 0.919, 0.905, 0.911, 0.913, 0.916, 0.919, 0.896, 0.903, 0.917, 0.916, 0.913, 0.94, 0.916, 0.919, 0.903, 0.927, 0.919, 0.92, 0.939, 0.918, 0.931, 0.931, 0.919, 0.906, 0.914, 0.931, 0.916, 0.906, 0.92, 0.907, 0.907, 0.906, 0.925, 0.927, 0.9, 0.915, 0.917, 0.904, 0.902, 0.926, 0.897, 0.915, 0.913, 0.933, 0.92, 0.893]"
-6.0,22.5,0.5,3.0,1.2996,-1.3934,0.0064,"[1.276, 1.297, 1.297, 1.29, 1.306, 1.3, 1.306, 1.32, 1.285, 1.299, 1.288, 1.301, 1.29, 1.29, 1.283, 1.299, 1.311, 1.284, 1.274, 1.301, 1.307, 1.32, 1.293, 1.293, 1.3, 1.285, 1.287, 1.303, 1.28, 1.284, 1.279, 1.287, 1.291, 1.291, 1.292, 1.302, 1.292, 1.286, 1.282, 1.29, 1.313, 1.297, 1.311, 1.273, 1.285, 1.276, 1.293, 1.299, 1.303, 1.301, 1.304, 1.292, 1.288, 1.285, 1.31, 1.302, 1.29, 1.294, 1.304, 1.287, 1.297, 1.292, 1.307, 1.291, 1.301, 1.284, 1.283, 1.282, 1.304, 1.3, 1.307, 1.3, 1.295, 1.291, 1.304, 1.3, 1.286, 1.288, 1.296, 1.294, 1.302, 1.301, 1.286, 1.283, 1.278, 1.294, 1.312, 1.292, 1.294, 1.297, 1.294, 1.282, 1.287, 1.291, 1.31, 1.306, 1.283, 1.307, 1.311, 1.298, 1.288, 1.295, 1.31, 1.283, 1.29, 1.298, 1.29, 1.277, 1.282, 1.28, 1.29, 1.312, 1.308, 1.294, 1.3, 1.296, 1.292, 1.294, 1.291, 1.281, 1.294, 1.286, 1.289, 1.299, 1.278, 1.283, 1.294, 1.282, 1.288, 1.303, 1.291, 1.286, 1.302, 1.277, 1.279, 1.28, 1.287, 1.278, 1.312, 1.268, 1.298, 1.29, 1.295, 1.288, 1.292, 1.284, 1.306, 1.281, 1.292, 1.318, 1.302, 1.282, 1.307, 1.297, 1.289, 1.302, 1.307, 1.287, 1.289, 1.289]"
-6.0,22.5,1.0,0.0,0.4986,-1.9202,0.0929,"[0.473, 0.507, 0.485, 0.502, 0.502, 0.498, 0.515, 0.516, 0.525, 0.519, 0.523, 0.539, 0.518, 0.502, 0.525, 0.521, 0.494, 0.491, 0.494, 0.484, 0.484, 0.479, 0.475, 0.483, 0.486, 0.448, 0.457, 0.463, 0.461, 0.432, 0.445, 0.453, 0.436, 0.439, 0.456, 0.445, 0.459, 0.474, 0.464, 0.463, 0.479, 0.482, 0.478, 0.49, 0.502, 0.503, 0.496, 0.517, 0.511, 0.513, 0.502, 0.534, 0.526, 0.517, 0.526, 0.529, 0.524, 0.508, 0.498, 0.497, 0.501, 0.48, 0.505, 0.484, 0.486, 0.461, 0.466, 0.454, 0.437, 0.458, 0.461, 0.47, 0.448, 0.44, 0.453, 0.438, 0.441, 0.449, 0.444, 0.449, 0.477, 0.459, 0.479, 0.47, 0.483, 0.493, 0.497, 0.492, 0.514, 0.511, 0.497, 0.526, 0.52, 0.519, 0.523, 0.504, 0.511, 0.519, 0.505, 0.518, 0.494, 0.501, 0.511, 0.483, 0.486, 0.471, 0.459, 0.475, 0.463, 0.46, 0.458, 0.443, 0.436, 0.448, 0.459, 0.447, 0.43, 0.475, 0.435, 0.432, 0.472, 0.45, 0.458, 0.48, 0.49, 0.478, 0.493, 0.509, 0.484, 0.504, 0.502, 0.498, 0.523, 0.529, 0.525, 0.526, 0.518, 0.524, 0.525, 0.54, 0.498, 0.504, 0.504, 0.506, 0.511, 0.501, 0.482, 0.486, 0.472, 0.471, 0.473, 0.432, 0.451, 0.441, 0.439, 0.439, 0.426, 0.457, 0.47, 0.448]"
-6.0,22.5,1.0,3.0,0.6841,-1.4311,0.0019,"[0.667, 0.666, 0.674, 0.69, 0.684, 0.687, 0.658, 0.661, 0.667, 0.687, 0.679, 0.654, 0.669, 0.665, 0.671, 0.695, 0.67, 0.668, 0.66, 0.68, 0.671, 0.663, 0.679, 0.668, 0.67, 0.662, 0.653, 0.68, 0.676, 0.675, 0.671, 0.666, 0.673, 0.679, 0.676, 0.665, 0.682, 0.673, 0.672, 0.666, 0.667, 0.674, 0.659, 0.668, 0.667, 0.67, 0.675, 0.658, 0.689, 0.672, 0.678, 0.681, 0.69, 0.674, 0.663, 0.659, 0.677, 0.669, 0.688, 0.665, 0.662, 0.661, 0.695, 0.688, 0.662, 0.669, 0.668, 0.654, 0.671, 0.679, 0.673, 0.669, 0.668, 0.668, 0.674, 0.686, 0.668, 0.664, 0.663, 0.691, 0.691, 0.672, 0.673, 0.67, 0.661, 0.672, 0.657, 0.664, 0.667, 0.683, 0.673, 0.662, 0.683, 0.671, 0.662, 0.678, 0.674, 0.65, 0.674, 0.665, 0.664, 0.669, 0.654, 0.67, 0.675, 0.664, 0.669, 0.672, 0.677, 0.678, 0.666, 0.669, 0.657, 0.665, 0.685, 0.662, 0.684, 0.661, 0.679, 0.674, 0.689, 0.648, 0.664, 0.689, 0.673, 0.677, 0.664, 0.661, 0.684, 0.671, 0.704, 0.673, 0.68, 0.683, 0.677, 0.68, 0.685, 0.672, 0.666, 0.682, 0.688, 0.665, 0.689, 0.66, 0.673, 0.657, 0.653, 0.67, 0.677, 0.671, 0.691, 0.66, 0.672, 0.665, 0.668, 0.666, 0.668, 0.671, 0.659, 0.682]"
-6.0,22.5,2.0,0.0,0.2743,-1.9702,0.2956,"[0.263, 0.287, 0.278, 0.304, 0.305, 0.313, 0.324, 0.333, 0.322, 0.33, 0.335, 0.344, 0.321, 0.345, 0.346, 0.316, 0.317, 0.318, 0.297, 0.285, 0.285, 0.278, 0.248, 0.237, 0.237, 0.217, 0.204, 0.201, 0.19, 0.183, 0.209, 0.178, 0.192, 0.175, 0.213, 0.202, 0.223, 0.208, 0.249, 0.223, 0.251, 0.232, 0.263, 0.278, 0.29, 0.296, 0.314, 0.313, 0.341, 0.337, 0.323, 0.344, 0.341, 0.318, 0.354, 0.325, 0.331, 0.327, 0.316, 0.314, 0.305, 0.288, 0.265, 0.265, 0.264, 0.24, 0.216, 0.233, 0.208, 0.215, 0.194, 0.2, 0.19, 0.185, 0.197, 0.186, 0.18, 0.21, 0.204, 0.22, 0.229, 0.244, 0.256, 0.263, 0.276, 0.29, 0.286, 0.296, 0.317, 0.303, 0.314, 0.316, 0.348, 0.351, 0.349, 0.341, 0.334, 0.332, 0.333, 0.329, 0.303, 0.312, 0.306, 0.292, 0.258, 0.269, 0.25, 0.255, 0.228, 0.231, 0.226, 0.213, 0.193, 0.2, 0.184, 0.186, 0.203, 0.195, 0.197, 0.22, 0.225, 0.208, 0.229, 0.234, 0.247, 0.271, 0.278, 0.267, 0.305, 0.299, 0.317, 0.328, 0.336, 0.328, 0.342, 0.349, 0.34, 0.336, 0.328, 0.352, 0.316, 0.312, 0.315, 0.293, 0.311, 0.27, 0.273, 0.269, 0.237, 0.23, 0.229, 0.212, 0.215, 0.202, 0.199, 0.201, 0.183, 0.191, 0.19, 0.186]"
-6.0,22.5,2.0,3.0,0.3435,-1.4243,0.0024,"[0.368, 0.347, 0.378, 0.346, 0.376, 0.37, 0.345, 0.362, 0.347, 0.353, 0.357, 0.341, 0.354, 0.359, 0.359, 0.347, 0.356, 0.363, 0.368, 0.386, 0.372, 0.352, 0.356, 0.365, 0.374, 0.378, 0.343, 0.371, 0.348, 0.358, 0.37, 0.352, 0.356, 0.38, 0.377, 0.365, 0.342, 0.344, 0.362, 0.366, 0.363, 0.351, 0.36, 0.371, 0.359, 0.352, 0.362, 0.366, 0.358, 0.364, 0.36, 0.347, 0.358, 0.371, 0.357, 0.382, 0.343, 0.366, 0.367, 0.35, 0.361, 0.339, 0.362, 0.357, 0.364, 0.367, 0.359, 0.349, 0.347, 0.349, 0.364, 0.363, 0.338, 0.379, 0.364, 0.356, 0.353, 0.356, 0.373, 0.369, 0.36, 0.371, 0.369, 0.359, 0.372, 0.374, 0.373, 0.367, 0.366, 0.353, 0.342, 0.364, 0.359, 0.357, 0.347, 0.369, 0.36, 0.351, 0.354, 0.35, 0.358, 0.361, 0.366, 0.343, 0.362, 0.345, 0.357, 0.365, 0.358, 0.34, 0.356, 0.376, 0.371, 0.385, 0.361, 0.353, 0.357, 0.362, 0.358, 0.368, 0.366, 0.346, 0.369, 0.362, 0.377, 0.371, 0.372, 0.36, 0.348, 0.374, 0.369, 0.378, 0.357, 0.365, 0.362, 0.355, 0.345, 0.358, 0.353, 0.374, 0.365, 0.356, 0.373, 0.37, 0.363, 0.361, 0.352, 0.363, 0.36, 0.373, 0.366, 0.358, 0.374, 0.355, 0.357, 0.362, 0.367, 0.365, 0.379, 0.367]"
-6.0,25.0,0.5,0.0,1.0927,-1.7775,0.0066,"[1.083, 1.09, 1.078, 1.094, 1.09, 1.082, 1.087, 1.103, 1.093, 1.088, 1.084, 1.097, 1.1, 1.099, 1.098, 1.102, 1.088, 1.084, 1.095, 1.092, 1.089, 1.092, 1.111, 1.095, 1.099, 1.077, 1.103, 1.092, 1.093, 1.089, 1.079, 1.076, 1.083, 1.126, 1.106, 1.093, 1.095, 1.106, 1.093, 1.072, 1.104, 1.092, 1.093, 1.091, 1.089, 1.099, 1.093, 1.093, 1.083, 1.114, 1.104, 1.101, 1.107, 1.093, 1.101, 1.1, 1.093, 1.09, 1.091, 1.093, 1.078, 1.098, 1.103, 1.086, 1.086, 1.084, 1.088, 1.08, 1.087, 1.101, 1.08, 1.089, 1.098, 1.095, 1.097, 1.096, 1.093, 1.08, 1.092, 1.085, 1.1, 1.085, 1.101, 1.092, 1.096, 1.098, 1.105, 1.1, 1.088, 1.099, 1.096, 1.101, 1.093, 1.107, 1.094, 1.077, 1.093, 1.084, 1.088, 1.091, 1.097, 1.088, 1.107, 1.093, 1.09, 1.102, 1.095, 1.078, 1.081, 1.109, 1.092, 1.091, 1.104, 1.092, 1.088, 1.092, 1.088, 1.091, 1.093, 1.096, 1.09, 1.091, 1.092, 1.116, 1.096, 1.066, 1.09, 1.079, 1.088, 1.089, 1.076, 1.11, 1.093, 1.102, 1.085, 1.091, 1.099, 1.079, 1.117, 1.104, 1.093, 1.085, 1.093, 1.07, 1.095, 1.106, 1.077, 1.085, 1.082, 1.103, 1.096, 1.085, 1.091, 1.093, 1.079, 1.08, 1.086, 1.082, 1.09, 1.083]"
-6.0,25.0,0.5,3.0,1.3122,-1.398,0.0015,"[1.312, 1.29, 1.305, 1.314, 1.322, 1.321, 1.322, 1.311, 1.321, 1.328, 1.318, 1.313, 1.315, 1.29, 1.305, 1.283, 1.309, 1.301, 1.293, 1.314, 1.302, 1.308, 1.313, 1.294, 1.317, 1.31, 1.314, 1.302, 1.32, 1.309, 1.311, 1.305, 1.295, 1.31, 1.315, 1.307, 1.3, 1.305, 1.315, 1.318, 1.319, 1.319, 1.299, 1.314, 1.311, 1.306, 1.291, 1.305, 1.327, 1.313, 1.307, 1.301, 1.316, 1.326, 1.315, 1.297, 1.3, 1.298, 1.33, 1.312, 1.316, 1.313, 1.314, 1.302, 1.299, 1.298, 1.309, 1.304, 1.304, 1.31, 1.293, 1.297, 1.32, 1.323, 1.325, 1.306, 1.308, 1.32, 1.293, 1.307, 1.314, 1.307, 1.32, 1.31, 1.297, 1.305, 1.3, 1.32, 1.317, 1.317, 1.317, 1.318, 1.332, 1.307, 1.309, 1.309, 1.312, 1.313, 1.325, 1.325, 1.312, 1.318, 1.294, 1.315, 1.328, 1.278, 1.318, 1.319, 1.308, 1.317, 1.306, 1.328, 1.32, 1.314, 1.297, 1.303, 1.288, 1.31, 1.313, 1.307, 1.307, 1.306, 1.301, 1.307, 1.312, 1.293, 1.325, 1.306, 1.303, 1.319, 1.321, 1.328, 1.324, 1.296, 1.314, 1.319, 1.318, 1.295, 1.302, 1.303, 1.318, 1.305, 1.316, 1.308, 1.318, 1.312, 1.314, 1.291, 1.301, 1.317, 1.307, 1.3, 1.296, 1.293, 1.314, 1.33, 1.293, 1.314, 1.307, 1.308]"
-6.0,25.0,1.0,0.0,0.564,-1.8911,0.0191,"[0.589, 0.575, 0.574, 0.576, 0.573, 0.584, 0.588, 0.574, 0.563, 0.587, 0.576, 0.575, 0.587, 0.575, 0.588, 0.589, 0.586, 0.579, 0.573, 0.568, 0.561, 0.583, 0.57, 0.563, 0.573, 0.581, 0.568, 0.576, 0.576, 0.566, 0.562, 0.574, 0.568, 0.568, 0.565, 0.569, 0.563, 0.564, 0.591, 0.57, 0.579, 0.569, 0.587, 0.578, 0.573, 0.557, 0.57, 0.585, 0.555, 0.568, 0.545, 0.554, 0.579, 0.563, 0.579, 0.586, 0.571, 0.573, 0.566, 0.574, 0.57, 0.557, 0.564, 0.581, 0.58, 0.567, 0.538, 0.574, 0.551, 0.559, 0.565, 0.58, 0.562, 0.571, 0.549, 0.569, 0.577, 0.564, 0.568, 0.585, 0.567, 0.576, 0.565, 0.573, 0.564, 0.56, 0.571, 0.588, 0.579, 0.584, 0.566, 0.598, 0.586, 0.566, 0.571, 0.559, 0.557, 0.577, 0.549, 0.572, 0.563, 0.574, 0.569, 0.553, 0.564, 0.567, 0.566, 0.564, 0.577, 0.575, 0.553, 0.55, 0.552, 0.563, 0.568, 0.585, 0.558, 0.568, 0.567, 0.575, 0.571, 0.564, 0.574, 0.591, 0.574, 0.592, 0.575, 0.588, 0.571, 0.582, 0.588, 0.585, 0.594, 0.604, 0.56, 0.563, 0.559, 0.592, 0.566, 0.567, 0.575, 0.568, 0.571, 0.561, 0.581, 0.554, 0.564, 0.567, 0.571, 0.568, 0.561, 0.557, 0.582, 0.552, 0.574, 0.554, 0.572, 0.578, 0.556, 0.577]"
-6.0,25.0,1.0,3.0,0.6877,-1.3653,0.001,"[0.669, 0.673, 0.665, 0.672, 0.694, 0.697, 0.671, 0.678, 0.682, 0.669, 0.686, 0.694, 0.667, 0.693, 0.667, 0.677, 0.705, 0.698, 0.666, 0.688, 0.666, 0.685, 0.676, 0.686, 0.683, 0.682, 0.678, 0.702, 0.675, 0.673, 0.695, 0.669, 0.69, 0.676, 0.671, 0.691, 0.683, 0.68, 0.681, 0.687, 0.665, 0.691, 0.662, 0.669, 0.687, 0.69, 0.674, 0.688, 0.676, 0.663, 0.673, 0.666, 0.68, 0.682, 0.684, 0.666, 0.684, 0.685, 0.693, 0.674, 0.669, 0.672, 0.682, 0.679, 0.678, 0.674, 0.686, 0.685, 0.677, 0.703, 0.666, 0.674, 0.669, 0.672, 0.677, 0.683, 0.68, 0.708, 0.663, 0.676, 0.686, 0.652, 0.687, 0.694, 0.676, 0.673, 0.675, 0.683, 0.681, 0.686, 0.671, 0.689, 0.678, 0.705, 0.67, 0.694, 0.672, 0.667, 0.679, 0.668, 0.683, 0.689, 0.675, 0.671, 0.689, 0.669, 0.664, 0.689, 0.682, 0.679, 0.67, 0.686, 0.687, 0.66, 0.709, 0.666, 0.673, 0.675, 0.66, 0.67, 0.674, 0.676, 0.672, 0.691, 0.683, 0.689, 0.676, 0.686, 0.682, 0.687, 0.669, 0.691, 0.681, 0.68, 0.693, 0.677, 0.676, 0.693, 0.676, 0.678, 0.665, 0.67, 0.69, 0.682, 0.669, 0.674, 0.67, 0.683, 0.684, 0.674, 0.669, 0.663, 0.694, 0.677, 0.685, 0.669, 0.676, 0.668, 0.686, 0.687]"
-6.0,25.0,2.0,0.0,0.3165,-1.7519,0.1224,"[0.298, 0.317, 0.328, 0.321, 0.328, 0.324, 0.328, 0.331, 0.334, 0.352, 0.336, 0.342, 0.349, 0.342, 0.362, 0.34, 0.326, 0.31, 0.332, 0.31, 0.302, 0.295, 0.288, 0.292, 0.285, 0.288, 0.305, 0.281, 0.296, 0.275, 0.275, 0.255, 0.292, 0.273, 0.292, 0.263, 0.285, 0.298, 0.299, 0.298, 0.313, 0.324, 0.307, 0.331, 0.341, 0.344, 0.338, 0.337, 0.348, 0.341, 0.355, 0.365, 0.329, 0.342, 0.335, 0.312, 0.332, 0.322, 0.327, 0.322, 0.31, 0.313, 0.286, 0.293, 0.301, 0.294, 0.281, 0.284, 0.27, 0.293, 0.287, 0.28, 0.284, 0.287, 0.291, 0.286, 0.3, 0.317, 0.311, 0.304, 0.309, 0.32, 0.338, 0.332, 0.314, 0.325, 0.328, 0.347, 0.33, 0.354, 0.36, 0.351, 0.32, 0.329, 0.332, 0.326, 0.318, 0.314, 0.318, 0.307, 0.304, 0.309, 0.274, 0.276, 0.284, 0.281, 0.276, 0.28, 0.274, 0.293, 0.267, 0.28, 0.278, 0.282, 0.283, 0.299, 0.298, 0.288, 0.316, 0.314, 0.311, 0.327, 0.318, 0.33, 0.321, 0.344, 0.343, 0.341, 0.348, 0.327, 0.351, 0.334, 0.357, 0.337, 0.321, 0.353, 0.333, 0.311, 0.319, 0.321, 0.275, 0.302, 0.296, 0.292, 0.272, 0.281, 0.266, 0.283, 0.272, 0.279, 0.278, 0.281, 0.276, 0.284, 0.289, 0.305, 0.298, 0.307, 0.312, 0.31]"
-6.0,25.0,2.0,3.0,0.3664,-1.3931,0.0012,"[0.371, 0.375, 0.369, 0.355, 0.356, 0.357, 0.368, 0.373, 0.344, 0.361, 0.365, 0.367, 0.356, 0.364, 0.366, 0.364, 0.368, 0.363, 0.367, 0.357, 0.364, 0.36, 0.366, 0.365, 0.359, 0.361, 0.362, 0.362, 0.345, 0.377, 0.362, 0.37, 0.347, 0.366, 0.363, 0.349, 0.38, 0.378, 0.369, 0.373, 0.369, 0.361, 0.347, 0.354, 0.359, 0.385, 0.356, 0.361, 0.365, 0.37, 0.363, 0.361, 0.39, 0.36, 0.389, 0.361, 0.366, 0.373, 0.361, 0.351, 0.367, 0.352, 0.341, 0.369, 0.354, 0.374, 0.367, 0.372, 0.378, 0.372, 0.375, 0.358, 0.376, 0.37, 0.37, 0.375, 0.376, 0.368, 0.346, 0.379, 0.36, 0.368, 0.372, 0.344, 0.361, 0.367, 0.395, 0.374, 0.356, 0.377, 0.38, 0.362, 0.365, 0.37, 0.37, 0.365, 0.354, 0.348, 0.355, 0.359, 0.363, 0.372, 0.356, 0.356, 0.37, 0.357, 0.358, 0.363, 0.362, 0.353, 0.372, 0.376, 0.36, 0.387, 0.357, 0.365, 0.352, 0.36, 0.383, 0.368, 0.365, 0.356, 0.351, 0.377, 0.369, 0.357, 0.356, 0.37, 0.375, 0.35, 0.364, 0.367, 0.366, 0.364, 0.35, 0.366, 0.373, 0.351, 0.366, 0.369, 0.354, 0.359, 0.356, 0.365, 0.354, 0.348, 0.369, 0.375, 0.362, 0.345, 0.353, 0.36, 0.367, 0.357, 0.367, 0.356, 0.376, 0.349, 0.362, 0.359]"
-5.0,5.0,0.5,0.0,0.0945,-2.4918,0.0057,"[0.082, 0.089, 0.081, 0.098, 0.087, 0.084, 0.084, 0.084, 0.093, 0.088, 0.084, 0.095, 0.108, 0.081, 0.09, 0.079, 0.092, 0.1, 0.073, 0.091, 0.071, 0.081, 0.086, 0.093, 0.077, 0.075, 0.08, 0.089, 0.072, 0.111, 0.08, 0.078, 0.074, 0.092, 0.082, 0.093, 0.091, 0.106, 0.075, 0.087, 0.085, 0.067, 0.092, 0.084, 0.095, 0.089, 0.087, 0.1, 0.08, 0.095, 0.091, 0.103, 0.085, 0.11, 0.083, 0.092, 0.081, 0.096, 0.082, 0.114, 0.089, 0.086, 0.078, 0.067, 0.091, 0.077, 0.095, 0.06, 0.076, 0.088, 0.101, 0.086, 0.089, 0.076, 0.087, 0.083, 0.104, 0.067, 0.095, 0.08, 0.085, 0.085, 0.082, 0.076, 0.072, 0.112, 0.086, 0.077, 0.094, 0.096, 0.088, 0.077, 0.097, 0.079, 0.078, 0.076, 0.076, 0.095, 0.082, 0.112, 0.09, 0.089, 0.09, 0.081, 0.096, 0.079, 0.082, 0.096, 0.101, 0.108, 0.083, 0.093, 0.069, 0.103, 0.086, 0.094, 0.094, 0.092, 0.081, 0.08, 0.096, 0.082, 0.08, 0.086, 0.086, 0.083, 0.086, 0.09, 0.077, 0.076, 0.093, 0.091, 0.084, 0.082, 0.095, 0.076, 0.076, 0.08, 0.063, 0.107, 0.074, 0.098, 0.09, 0.091, 0.104, 0.092, 0.087, 0.102, 0.066, 0.1, 0.088, 0.086, 0.085, 0.091, 0.082, 0.078, 0.088, 0.094, 0.086, 0.092]"
-5.0,5.0,0.5,3.0,0.5375,-2.0743,0.0151,"[0.537, 0.534, 0.509, 0.524, 0.528, 0.539, 0.526, 0.54, 0.545, 0.553, 0.537, 0.524, 0.535, 0.539, 0.516, 0.543, 0.526, 0.533, 0.52, 0.541, 0.512, 0.53, 0.526, 0.539, 0.526, 0.543, 0.528, 0.537, 0.538, 0.535, 0.536, 0.515, 0.525, 0.526, 0.537, 0.542, 0.533, 0.528, 0.531, 0.534, 0.53, 0.524, 0.519, 0.521, 0.519, 0.532, 0.524, 0.537, 0.508, 0.523, 0.529, 0.532, 0.531, 0.54, 0.546, 0.535, 0.532, 0.536, 0.53, 0.543, 0.53, 0.529, 0.536, 0.524, 0.546, 0.516, 0.52, 0.542, 0.547, 0.551, 0.525, 0.53, 0.534, 0.535, 0.541, 0.535, 0.557, 0.542, 0.543, 0.522, 0.54, 0.542, 0.54, 0.514, 0.523, 0.523, 0.529, 0.528, 0.562, 0.526, 0.532, 0.537, 0.532, 0.55, 0.536, 0.529, 0.528, 0.541, 0.544, 0.537, 0.526, 0.526, 0.537, 0.548, 0.539, 0.528, 0.53, 0.511, 0.543, 0.52, 0.543, 0.532, 0.552, 0.542, 0.535, 0.532, 0.525, 0.532, 0.53, 0.517, 0.544, 0.528, 0.528, 0.513, 0.527, 0.539, 0.524, 0.521, 0.529, 0.532, 0.541, 0.544, 0.53, 0.518, 0.525, 0.541, 0.52, 0.537, 0.554, 0.54, 0.534, 0.544, 0.535, 0.527, 0.533, 0.52, 0.518, 0.529, 0.524, 0.524, 0.52, 0.528, 0.524, 0.531, 0.524, 0.524, 0.529, 0.514, 0.522, 0.543]"
-5.0,5.0,1.0,0.0,0.0763,-2.4968,0.0029,"[0.058, 0.066, 0.073, 0.062, 0.074, 0.067, 0.077, 0.073, 0.077, 0.069, 0.063, 0.077, 0.07, 0.071, 0.073, 0.08, 0.073, 0.079, 0.046, 0.074, 0.083, 0.079, 0.059, 0.062, 0.086, 0.093, 0.074, 0.104, 0.067, 0.081, 0.06, 0.074, 0.056, 0.075, 0.063, 0.059, 0.084, 0.074, 0.061, 0.062, 0.054, 0.062, 0.062, 0.073, 0.071, 0.059, 0.059, 0.087, 0.077, 0.078, 0.068, 0.057, 0.073, 0.063, 0.096, 0.061, 0.083, 0.066, 0.069, 0.083, 0.058, 0.081, 0.064, 0.075, 0.078, 0.077, 0.056, 0.064, 0.07, 0.059, 0.073, 0.079, 0.064, 0.078, 0.069, 0.071, 0.075, 0.081, 0.059, 0.078, 0.078, 0.07, 0.058, 0.074, 0.073, 0.067, 0.076, 0.062, 0.075, 0.069, 0.077, 0.056, 0.041, 0.056, 0.069, 0.089, 0.072, 0.083, 0.077, 0.048, 0.07, 0.062, 0.06, 0.069, 0.073, 0.051, 0.06, 0.063, 0.067, 0.076, 0.062, 0.073, 0.089, 0.069, 0.072, 0.066, 0.061, 0.063, 0.076, 0.058, 0.062, 0.063, 0.073, 0.066, 0.065, 0.065, 0.071, 0.082, 0.083, 0.057, 0.07, 0.077, 0.087, 0.057, 0.071, 0.078, 0.063, 0.063, 0.064, 0.072, 0.066, 0.073, 0.063, 0.081, 0.074, 0.051, 0.075, 0.054, 0.063, 0.068, 0.064, 0.076, 0.089, 0.048, 0.063, 0.071, 0.067, 0.05, 0.081, 0.07]"
-5.0,5.0,1.0,3.0,0.2911,-1.9522,0.0045,"[0.278, 0.291, 0.277, 0.301, 0.302, 0.294, 0.289, 0.301, 0.303, 0.296, 0.304, 0.304, 0.306, 0.303, 0.264, 0.295, 0.292, 0.299, 0.275, 0.279, 0.309, 0.297, 0.294, 0.285, 0.28, 0.283, 0.283, 0.297, 0.294, 0.282, 0.3, 0.262, 0.262, 0.298, 0.308, 0.263, 0.285, 0.308, 0.274, 0.3, 0.287, 0.3, 0.303, 0.294, 0.282, 0.281, 0.285, 0.274, 0.298, 0.271, 0.305, 0.282, 0.288, 0.284, 0.307, 0.296, 0.301, 0.285, 0.298, 0.298, 0.291, 0.293, 0.293, 0.293, 0.298, 0.282, 0.261, 0.283, 0.284, 0.293, 0.291, 0.284, 0.271, 0.284, 0.294, 0.303, 0.283, 0.289, 0.287, 0.279, 0.299, 0.294, 0.316, 0.279, 0.289, 0.291, 0.282, 0.302, 0.287, 0.283, 0.299, 0.28, 0.293, 0.282, 0.287, 0.29, 0.296, 0.29, 0.285, 0.294, 0.281, 0.301, 0.319, 0.291, 0.296, 0.278, 0.29, 0.297, 0.294, 0.283, 0.285, 0.287, 0.287, 0.282, 0.302, 0.299, 0.278, 0.311, 0.299, 0.285, 0.288, 0.289, 0.279, 0.273, 0.284, 0.3, 0.274, 0.289, 0.287, 0.285, 0.287, 0.297, 0.281, 0.286, 0.295, 0.282, 0.298, 0.303, 0.285, 0.302, 0.283, 0.275, 0.307, 0.291, 0.292, 0.284, 0.281, 0.29, 0.312, 0.286, 0.301, 0.311, 0.289, 0.291, 0.287, 0.285, 0.285, 0.266, 0.286, 0.283]"
-5.0,5.0,2.0,0.0,0.0638,-2.5596,0.0008,"[0.062, 0.055, 0.065, 0.06, 0.051, 0.064, 0.05, 0.056, 0.058, 0.057, 0.075, 0.069, 0.048, 0.05, 0.062, 0.074, 0.056, 0.046, 0.062, 0.056, 0.08, 0.051, 0.049, 0.055, 0.049, 0.063, 0.057, 0.069, 0.085, 0.056, 0.046, 0.055, 0.052, 0.066, 0.065, 0.065, 0.058, 0.056, 0.069, 0.07, 0.078, 0.07, 0.062, 0.05, 0.069, 0.06, 0.062, 0.06, 0.038, 0.068, 0.053, 0.063, 0.064, 0.055, 0.068, 0.079, 0.057, 0.056, 0.059, 0.065, 0.053, 0.054, 0.059, 0.052, 0.053, 0.065, 0.052, 0.062, 0.049, 0.061, 0.051, 0.058, 0.073, 0.052, 0.05, 0.062, 0.056, 0.088, 0.044, 0.059, 0.085, 0.062, 0.062, 0.044, 0.056, 0.06, 0.038, 0.069, 0.049, 0.072, 0.04, 0.065, 0.069, 0.048, 0.068, 0.057, 0.048, 0.049, 0.058, 0.061, 0.066, 0.058, 0.066, 0.061, 0.06, 0.046, 0.049, 0.06, 0.065, 0.072, 0.065, 0.067, 0.069, 0.057, 0.069, 0.066, 0.067, 0.062, 0.065, 0.061, 0.044, 0.074, 0.07, 0.062, 0.067, 0.054, 0.052, 0.055, 0.058, 0.06, 0.046, 0.04, 0.047, 0.051, 0.072, 0.04, 0.066, 0.049, 0.055, 0.061, 0.06, 0.066, 0.032, 0.08, 0.068, 0.052, 0.067, 0.072, 0.092, 0.068, 0.058, 0.057, 0.048, 0.071, 0.064, 0.065, 0.063, 0.034, 0.05, 0.031]"
-5.0,5.0,2.0,3.0,0.1685,-2.0297,0.0014,"[0.168, 0.189, 0.165, 0.166, 0.16, 0.16, 0.166, 0.165, 0.173, 0.154, 0.158, 0.173, 0.157, 0.169, 0.172, 0.168, 0.167, 0.172, 0.161, 0.189, 0.163, 0.18, 0.178, 0.15, 0.158, 0.174, 0.192, 0.178, 0.183, 0.168, 0.186, 0.182, 0.138, 0.166, 0.164, 0.159, 0.172, 0.186, 0.168, 0.163, 0.173, 0.174, 0.174, 0.157, 0.183, 0.154, 0.159, 0.178, 0.183, 0.165, 0.164, 0.164, 0.159, 0.164, 0.161, 0.161, 0.167, 0.171, 0.178, 0.17, 0.17, 0.167, 0.161, 0.169, 0.175, 0.175, 0.163, 0.169, 0.178, 0.173, 0.163, 0.157, 0.145, 0.183, 0.193, 0.178, 0.162, 0.167, 0.164, 0.167, 0.173, 0.175, 0.161, 0.173, 0.143, 0.185, 0.156, 0.171, 0.175, 0.172, 0.175, 0.183, 0.164, 0.172, 0.164, 0.182, 0.169, 0.169, 0.168, 0.174, 0.169, 0.169, 0.166, 0.168, 0.171, 0.18, 0.174, 0.165, 0.166, 0.186, 0.155, 0.157, 0.163, 0.177, 0.161, 0.161, 0.18, 0.156, 0.177, 0.183, 0.177, 0.172, 0.177, 0.196, 0.171, 0.171, 0.191, 0.164, 0.168, 0.189, 0.18, 0.158, 0.171, 0.177, 0.169, 0.169, 0.157, 0.177, 0.191, 0.174, 0.18, 0.161, 0.16, 0.162, 0.173, 0.171, 0.154, 0.167, 0.171, 0.174, 0.171, 0.179, 0.157, 0.189, 0.15, 0.181, 0.184, 0.16, 0.189, 0.169]"
-5.0,7.5,0.5,0.0,0.1106,-2.4313,0.0132,"[0.122, 0.123, 0.129, 0.121, 0.132, 0.122, 0.122, 0.122, 0.107, 0.124, 0.131, 0.143, 0.142, 0.127, 0.126, 0.12, 0.134, 0.114, 0.118, 0.111, 0.125, 0.128, 0.115, 0.117, 0.132, 0.124, 0.117, 0.12, 0.133, 0.132, 0.125, 0.116, 0.114, 0.109, 0.118, 0.133, 0.119, 0.116, 0.117, 0.122, 0.137, 0.117, 0.12, 0.115, 0.136, 0.126, 0.112, 0.116, 0.13, 0.137, 0.12, 0.133, 0.13, 0.145, 0.117, 0.144, 0.134, 0.117, 0.133, 0.119, 0.129, 0.132, 0.12, 0.145, 0.126, 0.127, 0.135, 0.134, 0.135, 0.134, 0.148, 0.129, 0.128, 0.14, 0.127, 0.115, 0.122, 0.122, 0.143, 0.119, 0.115, 0.135, 0.147, 0.112, 0.148, 0.117, 0.108, 0.112, 0.127, 0.122, 0.126, 0.121, 0.113, 0.133, 0.121, 0.138, 0.133, 0.123, 0.121, 0.105, 0.135, 0.128, 0.131, 0.117, 0.127, 0.114, 0.116, 0.14, 0.123, 0.125, 0.112, 0.117, 0.115, 0.123, 0.12, 0.123, 0.132, 0.141, 0.131, 0.116, 0.113, 0.116, 0.128, 0.137, 0.136, 0.147, 0.125, 0.121, 0.126, 0.108, 0.126, 0.123, 0.114, 0.139, 0.119, 0.122, 0.111, 0.128, 0.146, 0.129, 0.137, 0.12, 0.133, 0.119, 0.116, 0.131, 0.141, 0.118, 0.13, 0.107, 0.116, 0.152, 0.122, 0.12, 0.133, 0.116, 0.133, 0.133, 0.123, 0.141]"
-5.0,7.5,0.5,3.0,0.7642,-1.9724,0.0022,"[0.775, 0.761, 0.759, 0.768, 0.746, 0.766, 0.769, 0.758, 0.766, 0.766, 0.751, 0.765, 0.752, 0.759, 0.761, 0.781, 0.774, 0.781, 0.76, 0.763, 0.768, 0.767, 0.777, 0.773, 0.775, 0.763, 0.773, 0.761, 0.79, 0.763, 0.767, 0.773, 0.79, 0.777, 0.757, 0.776, 0.75, 0.761, 0.758, 0.762, 0.774, 0.777, 0.778, 0.761, 0.751, 0.771, 0.768, 0.748, 0.762, 0.755, 0.744, 0.767, 0.759, 0.76, 0.767, 0.746, 0.755, 0.768, 0.771, 0.779, 0.768, 0.772, 0.767, 0.775, 0.754, 0.759, 0.765, 0.766, 0.753, 0.75, 0.757, 0.758, 0.769, 0.745, 0.789, 0.757, 0.749, 0.752, 0.764, 0.756, 0.764, 0.762, 0.767, 0.764, 0.77, 0.782, 0.762, 0.755, 0.775, 0.77, 0.765, 0.768, 0.76, 0.779, 0.775, 0.768, 0.762, 0.748, 0.774, 0.767, 0.776, 0.751, 0.764, 0.763, 0.747, 0.751, 0.768, 0.792, 0.779, 0.748, 0.768, 0.759, 0.772, 0.767, 0.759, 0.774, 0.766, 0.768, 0.766, 0.766, 0.767, 0.779, 0.775, 0.778, 0.745, 0.77, 0.755, 0.768, 0.778, 0.755, 0.768, 0.76, 0.776, 0.768, 0.763, 0.763, 0.769, 0.783, 0.768, 0.771, 0.775, 0.764, 0.756, 0.767, 0.775, 0.765, 0.755, 0.773, 0.784, 0.766, 0.758, 0.776, 0.775, 0.772, 0.768, 0.768, 0.781, 0.773, 0.765, 0.77]"
-5.0,7.5,1.0,0.0,0.0751,-2.3566,0.0072,"[0.095, 0.086, 0.088, 0.091, 0.096, 0.101, 0.082, 0.094, 0.094, 0.09, 0.071, 0.088, 0.09, 0.101, 0.101, 0.095, 0.112, 0.094, 0.084, 0.098, 0.087, 0.093, 0.079, 0.083, 0.074, 0.088, 0.082, 0.111, 0.101, 0.084, 0.081, 0.081, 0.08, 0.079, 0.088, 0.082, 0.078, 0.101, 0.083, 0.083, 0.105, 0.107, 0.097, 0.091, 0.081, 0.099, 0.083, 0.074, 0.084, 0.077, 0.08, 0.102, 0.103, 0.081, 0.082, 0.08, 0.106, 0.104, 0.082, 0.099, 0.091, 0.092, 0.095, 0.086, 0.085, 0.105, 0.088, 0.092, 0.107, 0.094, 0.089, 0.084, 0.081, 0.091, 0.082, 0.085, 0.07, 0.093, 0.08, 0.108, 0.081, 0.085, 0.088, 0.085, 0.071, 0.089, 0.093, 0.085, 0.086, 0.085, 0.08, 0.082, 0.104, 0.093, 0.097, 0.083, 0.098, 0.1, 0.085, 0.114, 0.079, 0.077, 0.08, 0.084, 0.096, 0.082, 0.069, 0.083, 0.085, 0.092, 0.063, 0.085, 0.088, 0.089, 0.096, 0.079, 0.087, 0.089, 0.085, 0.092, 0.079, 0.093, 0.086, 0.096, 0.1, 0.097, 0.075, 0.082, 0.091, 0.085, 0.082, 0.097, 0.078, 0.072, 0.079, 0.092, 0.103, 0.107, 0.086, 0.079, 0.089, 0.09, 0.071, 0.07, 0.075, 0.1, 0.086, 0.083, 0.093, 0.099, 0.081, 0.09, 0.09, 0.097, 0.088, 0.074, 0.088, 0.092, 0.087, 0.082]"
-5.0,7.5,1.0,3.0,0.406,-1.9499,0.0119,"[0.408, 0.398, 0.415, 0.402, 0.39, 0.417, 0.387, 0.405, 0.416, 0.409, 0.415, 0.419, 0.398, 0.408, 0.407, 0.407, 0.415, 0.414, 0.418, 0.398, 0.411, 0.397, 0.412, 0.424, 0.423, 0.395, 0.397, 0.412, 0.402, 0.42, 0.415, 0.413, 0.397, 0.416, 0.414, 0.407, 0.393, 0.423, 0.396, 0.393, 0.413, 0.418, 0.4, 0.398, 0.411, 0.427, 0.425, 0.417, 0.411, 0.406, 0.405, 0.405, 0.41, 0.403, 0.405, 0.402, 0.406, 0.407, 0.41, 0.413, 0.437, 0.42, 0.419, 0.421, 0.413, 0.392, 0.413, 0.405, 0.402, 0.393, 0.394, 0.406, 0.411, 0.408, 0.404, 0.413, 0.415, 0.413, 0.414, 0.416, 0.39, 0.412, 0.402, 0.426, 0.419, 0.411, 0.406, 0.386, 0.396, 0.403, 0.412, 0.404, 0.423, 0.402, 0.431, 0.396, 0.415, 0.407, 0.405, 0.407, 0.4, 0.411, 0.4, 0.41, 0.412, 0.409, 0.403, 0.422, 0.391, 0.413, 0.425, 0.419, 0.397, 0.401, 0.407, 0.396, 0.401, 0.393, 0.415, 0.419, 0.401, 0.404, 0.398, 0.414, 0.401, 0.398, 0.415, 0.42, 0.409, 0.391, 0.419, 0.392, 0.395, 0.404, 0.411, 0.403, 0.421, 0.41, 0.408, 0.394, 0.421, 0.406, 0.398, 0.401, 0.422, 0.41, 0.406, 0.402, 0.413, 0.394, 0.409, 0.403, 0.394, 0.404, 0.393, 0.402, 0.386, 0.401, 0.396, 0.407]"
-5.0,7.5,2.0,0.0,0.0629,-2.4259,0.0024,"[0.081, 0.065, 0.069, 0.059, 0.067, 0.083, 0.06, 0.089, 0.049, 0.071, 0.061, 0.046, 0.078, 0.07, 0.073, 0.061, 0.077, 0.065, 0.079, 0.064, 0.079, 0.073, 0.084, 0.073, 0.08, 0.072, 0.078, 0.07, 0.07, 0.082, 0.07, 0.054, 0.073, 0.083, 0.07, 0.069, 0.064, 0.063, 0.061, 0.067, 0.055, 0.049, 0.068, 0.077, 0.053, 0.091, 0.078, 0.071, 0.085, 0.065, 0.069, 0.053, 0.07, 0.075, 0.066, 0.067, 0.057, 0.084, 0.051, 0.086, 0.061, 0.052, 0.067, 0.067, 0.07, 0.062, 0.085, 0.076, 0.07, 0.066, 0.095, 0.066, 0.068, 0.065, 0.081, 0.07, 0.06, 0.074, 0.076, 0.063, 0.075, 0.091, 0.085, 0.081, 0.071, 0.07, 0.081, 0.052, 0.068, 0.062, 0.063, 0.073, 0.075, 0.061, 0.052, 0.08, 0.072, 0.067, 0.059, 0.072, 0.061, 0.064, 0.078, 0.075, 0.074, 0.079, 0.058, 0.078, 0.078, 0.081, 0.073, 0.07, 0.075, 0.08, 0.07, 0.078, 0.037, 0.052, 0.079, 0.073, 0.073, 0.065, 0.052, 0.081, 0.076, 0.082, 0.048, 0.08, 0.079, 0.075, 0.07, 0.063, 0.075, 0.065, 0.076, 0.065, 0.067, 0.061, 0.069, 0.07, 0.082, 0.07, 0.041, 0.094, 0.063, 0.053, 0.08, 0.078, 0.066, 0.057, 0.072, 0.065, 0.07, 0.07, 0.05, 0.063, 0.065, 0.068, 0.069, 0.053]"
-5.0,7.5,2.0,3.0,0.2308,-1.993,0.0141,"[0.239, 0.236, 0.257, 0.218, 0.238, 0.232, 0.226, 0.232, 0.241, 0.226, 0.239, 0.232, 0.23, 0.253, 0.22, 0.236, 0.24, 0.234, 0.226, 0.231, 0.215, 0.22, 0.238, 0.223, 0.218, 0.233, 0.224, 0.234, 0.248, 0.228, 0.225, 0.219, 0.221, 0.225, 0.214, 0.239, 0.226, 0.234, 0.233, 0.234, 0.227, 0.238, 0.239, 0.231, 0.217, 0.242, 0.223, 0.239, 0.234, 0.22, 0.233, 0.224, 0.224, 0.243, 0.217, 0.23, 0.239, 0.23, 0.22, 0.235, 0.224, 0.226, 0.208, 0.239, 0.235, 0.236, 0.22, 0.218, 0.234, 0.231, 0.248, 0.235, 0.22, 0.219, 0.232, 0.236, 0.24, 0.233, 0.223, 0.225, 0.217, 0.241, 0.23, 0.198, 0.235, 0.229, 0.224, 0.232, 0.231, 0.236, 0.233, 0.232, 0.225, 0.238, 0.209, 0.232, 0.218, 0.227, 0.235, 0.225, 0.227, 0.237, 0.216, 0.236, 0.227, 0.243, 0.221, 0.234, 0.233, 0.211, 0.232, 0.235, 0.224, 0.242, 0.216, 0.217, 0.223, 0.221, 0.232, 0.236, 0.217, 0.224, 0.226, 0.233, 0.217, 0.216, 0.229, 0.231, 0.237, 0.253, 0.223, 0.221, 0.233, 0.231, 0.239, 0.225, 0.221, 0.237, 0.23, 0.24, 0.229, 0.23, 0.213, 0.221, 0.237, 0.25, 0.244, 0.246, 0.227, 0.234, 0.232, 0.224, 0.229, 0.231, 0.22, 0.233, 0.234, 0.221, 0.22, 0.229]"
-5.0,10.0,0.5,0.0,0.1871,-2.2547,0.0006,"[0.229, 0.237, 0.198, 0.197, 0.194, 0.211, 0.193, 0.208, 0.208, 0.214, 0.211, 0.205, 0.199, 0.211, 0.217, 0.204, 0.205, 0.188, 0.195, 0.195, 0.197, 0.219, 0.198, 0.204, 0.201, 0.208, 0.197, 0.187, 0.212, 0.205, 0.212, 0.213, 0.194, 0.205, 0.194, 0.179, 0.196, 0.195, 0.209, 0.2, 0.208, 0.208, 0.19, 0.191, 0.206, 0.189, 0.194, 0.213, 0.2, 0.182, 0.188, 0.214, 0.208, 0.196, 0.204, 0.211, 0.193, 0.206, 0.193, 0.206, 0.213, 0.214, 0.2, 0.209, 0.207, 0.196, 0.189, 0.215, 0.202, 0.199, 0.207, 0.223, 0.181, 0.221, 0.201, 0.203, 0.192, 0.186, 0.206, 0.198, 0.196, 0.193, 0.183, 0.2, 0.203, 0.209, 0.204, 0.202, 0.191, 0.211, 0.198, 0.204, 0.194, 0.211, 0.214, 0.196, 0.218, 0.212, 0.222, 0.215, 0.202, 0.19, 0.206, 0.186, 0.212, 0.204, 0.197, 0.2, 0.215, 0.206, 0.202, 0.198, 0.204, 0.21, 0.207, 0.192, 0.207, 0.193, 0.203, 0.182, 0.199, 0.196, 0.191, 0.198, 0.211, 0.195, 0.188, 0.218, 0.198, 0.215, 0.192, 0.213, 0.211, 0.211, 0.208, 0.213, 0.201, 0.2, 0.21, 0.219, 0.232, 0.204, 0.195, 0.201, 0.195, 0.202, 0.202, 0.205, 0.206, 0.205, 0.188, 0.195, 0.192, 0.209, 0.183, 0.215, 0.208, 0.204, 0.191, 0.202]"
-5.0,10.0,0.5,3.0,0.9765,-1.7793,0.0,"[0.997, 0.996, 0.984, 0.99, 0.998, 0.966, 0.979, 0.98, 0.989, 0.984, 0.983, 0.968, 0.974, 0.988, 0.981, 0.977, 0.979, 0.99, 0.986, 0.975, 1.001, 0.981, 0.974, 0.974, 0.987, 0.991, 0.994, 0.99, 0.985, 0.971, 0.991, 0.984, 0.989, 0.984, 0.98, 0.98, 0.984, 0.98, 0.967, 1.001, 0.972, 0.963, 0.976, 0.97, 1.01, 0.979, 0.99, 0.982, 0.959, 0.991, 0.969, 0.986, 0.966, 0.983, 0.979, 0.979, 0.981, 0.975, 0.958, 0.988, 0.992, 0.984, 0.966, 0.977, 0.983, 0.971, 0.987, 0.99, 0.974, 0.993, 0.975, 0.979, 0.981, 0.993, 0.979, 0.994, 0.972, 1.004, 0.967, 0.987, 0.977, 0.958, 0.985, 0.987, 0.991, 0.976, 0.982, 0.989, 0.979, 0.975, 0.983, 0.997, 0.975, 0.979, 0.971, 0.982, 0.991, 0.965, 0.978, 0.991, 0.976, 0.974, 0.975, 0.987, 0.982, 0.992, 0.977, 0.982, 0.98, 0.985, 0.965, 0.981, 0.985, 0.949, 0.975, 0.981, 0.986, 0.994, 1.003, 0.983, 0.987, 0.979, 0.989, 0.98, 1.001, 0.996, 0.983, 0.978, 0.983, 0.977, 0.983, 0.969, 0.995, 0.975, 0.988, 0.958, 0.973, 0.999, 0.985, 0.998, 0.981, 0.978, 0.991, 0.983, 0.98, 0.999, 0.998, 0.995, 0.977, 0.949, 0.974, 0.979, 0.973, 0.976, 0.989, 0.969, 0.971, 0.977, 0.981, 1.0]"
-5.0,10.0,1.0,0.0,0.1365,-2.2597,0.0029,"[0.131, 0.136, 0.15, 0.118, 0.13, 0.134, 0.113, 0.11, 0.108, 0.106, 0.119, 0.133, 0.12, 0.124, 0.122, 0.135, 0.133, 0.129, 0.141, 0.123, 0.132, 0.122, 0.115, 0.131, 0.126, 0.124, 0.129, 0.128, 0.124, 0.106, 0.118, 0.125, 0.128, 0.128, 0.116, 0.123, 0.094, 0.129, 0.135, 0.139, 0.115, 0.115, 0.136, 0.138, 0.123, 0.127, 0.132, 0.113, 0.132, 0.136, 0.124, 0.143, 0.123, 0.109, 0.125, 0.112, 0.13, 0.137, 0.114, 0.134, 0.132, 0.119, 0.124, 0.127, 0.127, 0.122, 0.119, 0.114, 0.116, 0.12, 0.134, 0.108, 0.125, 0.14, 0.102, 0.129, 0.122, 0.126, 0.125, 0.138, 0.121, 0.123, 0.122, 0.131, 0.123, 0.128, 0.134, 0.125, 0.117, 0.102, 0.139, 0.132, 0.116, 0.124, 0.145, 0.117, 0.136, 0.142, 0.123, 0.115, 0.128, 0.123, 0.128, 0.12, 0.12, 0.132, 0.106, 0.129, 0.12, 0.126, 0.109, 0.145, 0.128, 0.136, 0.115, 0.119, 0.127, 0.126, 0.13, 0.125, 0.125, 0.127, 0.125, 0.122, 0.12, 0.135, 0.117, 0.113, 0.126, 0.131, 0.161, 0.119, 0.127, 0.122, 0.126, 0.132, 0.118, 0.129, 0.118, 0.122, 0.134, 0.122, 0.124, 0.137, 0.147, 0.136, 0.126, 0.118, 0.118, 0.115, 0.119, 0.126, 0.124, 0.123, 0.13, 0.131, 0.128, 0.131, 0.155, 0.132]"
-5.0,10.0,1.0,3.0,0.5098,-1.8681,0.0081,"[0.525, 0.509, 0.504, 0.526, 0.537, 0.511, 0.522, 0.502, 0.534, 0.513, 0.518, 0.513, 0.514, 0.5, 0.507, 0.516, 0.519, 0.526, 0.516, 0.539, 0.521, 0.522, 0.508, 0.526, 0.521, 0.531, 0.502, 0.491, 0.516, 0.523, 0.525, 0.516, 0.537, 0.514, 0.515, 0.519, 0.505, 0.516, 0.509, 0.522, 0.513, 0.514, 0.512, 0.519, 0.529, 0.508, 0.516, 0.523, 0.519, 0.53, 0.496, 0.509, 0.515, 0.521, 0.513, 0.512, 0.514, 0.512, 0.528, 0.519, 0.514, 0.519, 0.503, 0.51, 0.51, 0.527, 0.529, 0.509, 0.528, 0.518, 0.513, 0.51, 0.513, 0.514, 0.502, 0.513, 0.516, 0.503, 0.511, 0.511, 0.502, 0.527, 0.516, 0.499, 0.522, 0.508, 0.502, 0.514, 0.533, 0.515, 0.509, 0.522, 0.508, 0.531, 0.515, 0.522, 0.498, 0.516, 0.504, 0.512, 0.518, 0.511, 0.511, 0.529, 0.493, 0.523, 0.513, 0.509, 0.51, 0.518, 0.52, 0.509, 0.518, 0.495, 0.525, 0.518, 0.501, 0.527, 0.519, 0.517, 0.507, 0.503, 0.507, 0.543, 0.512, 0.522, 0.523, 0.533, 0.52, 0.503, 0.511, 0.508, 0.52, 0.523, 0.524, 0.524, 0.538, 0.526, 0.501, 0.509, 0.533, 0.511, 0.518, 0.51, 0.502, 0.519, 0.527, 0.513, 0.493, 0.514, 0.513, 0.515, 0.51, 0.5, 0.507, 0.506, 0.523, 0.516, 0.523, 0.512]"
-5.0,10.0,2.0,0.0,0.0826,-2.2747,0.0001,"[0.094, 0.07, 0.085, 0.084, 0.085, 0.092, 0.07, 0.092, 0.09, 0.092, 0.093, 0.086, 0.089, 0.102, 0.07, 0.102, 0.11, 0.097, 0.086, 0.088, 0.098, 0.096, 0.092, 0.078, 0.103, 0.095, 0.093, 0.099, 0.087, 0.092, 0.083, 0.086, 0.094, 0.089, 0.09, 0.086, 0.07, 0.101, 0.08, 0.097, 0.088, 0.092, 0.086, 0.084, 0.078, 0.101, 0.096, 0.093, 0.096, 0.092, 0.077, 0.094, 0.084, 0.093, 0.082, 0.067, 0.084, 0.083, 0.102, 0.096, 0.118, 0.089, 0.087, 0.087, 0.088, 0.089, 0.082, 0.086, 0.082, 0.088, 0.105, 0.1, 0.119, 0.09, 0.101, 0.086, 0.094, 0.086, 0.11, 0.088, 0.082, 0.091, 0.084, 0.109, 0.092, 0.109, 0.091, 0.091, 0.091, 0.091, 0.095, 0.094, 0.081, 0.089, 0.086, 0.084, 0.073, 0.075, 0.085, 0.086, 0.103, 0.083, 0.074, 0.076, 0.087, 0.096, 0.098, 0.087, 0.108, 0.083, 0.076, 0.084, 0.077, 0.084, 0.086, 0.104, 0.078, 0.109, 0.092, 0.108, 0.097, 0.083, 0.085, 0.087, 0.085, 0.104, 0.085, 0.069, 0.086, 0.086, 0.086, 0.089, 0.091, 0.103, 0.094, 0.067, 0.077, 0.085, 0.095, 0.091, 0.078, 0.094, 0.094, 0.099, 0.083, 0.095, 0.091, 0.073, 0.096, 0.089, 0.094, 0.066, 0.086, 0.082, 0.1, 0.085, 0.088, 0.086, 0.092, 0.088]"
-5.0,10.0,2.0,3.0,0.2805,-1.9217,0.0106,"[0.278, 0.279, 0.291, 0.286, 0.269, 0.282, 0.298, 0.276, 0.284, 0.273, 0.279, 0.281, 0.289, 0.277, 0.298, 0.273, 0.286, 0.268, 0.284, 0.294, 0.286, 0.271, 0.303, 0.293, 0.279, 0.284, 0.284, 0.267, 0.275, 0.283, 0.297, 0.276, 0.281, 0.292, 0.289, 0.297, 0.29, 0.286, 0.286, 0.296, 0.276, 0.29, 0.278, 0.279, 0.285, 0.283, 0.277, 0.281, 0.282, 0.288, 0.283, 0.287, 0.286, 0.277, 0.286, 0.258, 0.302, 0.304, 0.285, 0.277, 0.288, 0.27, 0.296, 0.288, 0.276, 0.271, 0.259, 0.287, 0.267, 0.279, 0.282, 0.277, 0.269, 0.283, 0.283, 0.281, 0.3, 0.302, 0.281, 0.291, 0.278, 0.268, 0.287, 0.269, 0.294, 0.282, 0.28, 0.273, 0.283, 0.279, 0.267, 0.28, 0.283, 0.287, 0.277, 0.282, 0.278, 0.278, 0.279, 0.285, 0.279, 0.279, 0.293, 0.283, 0.291, 0.267, 0.299, 0.286, 0.281, 0.29, 0.299, 0.274, 0.263, 0.285, 0.267, 0.273, 0.303, 0.272, 0.269, 0.29, 0.29, 0.296, 0.268, 0.279, 0.289, 0.278, 0.296, 0.278, 0.28, 0.279, 0.294, 0.287, 0.279, 0.275, 0.284, 0.286, 0.285, 0.283, 0.286, 0.276, 0.284, 0.281, 0.272, 0.283, 0.283, 0.27, 0.292, 0.278, 0.283, 0.275, 0.281, 0.304, 0.287, 0.28, 0.271, 0.279, 0.278, 0.287, 0.276, 0.29]"
-5.0,12.5,0.5,0.0,0.3212,-2.1396,0.9419,"[0.33, 0.363, 0.407, 0.447, 0.471, 0.515, 0.529, 0.576, 0.572, 0.603, 0.634, 0.63, 0.639, 0.631, 0.655, 0.639, 0.638, 0.62, 0.581, 0.558, 0.546, 0.541, 0.49, 0.477, 0.411, 0.395, 0.359, 0.302, 0.259, 0.257, 0.198, 0.186, 0.136, 0.126, 0.089, 0.077, 0.058, 0.051, 0.041, 0.028, 0.017, 0.006, 0.03, 0.041, 0.074, 0.092, 0.104, 0.135, 0.176, 0.183, 0.227, 0.252, 0.304, 0.329, 0.353, 0.419, 0.442, 0.491, 0.521, 0.541, 0.55, 0.592, 0.604, 0.647, 0.642, 0.658, 0.65, 0.66, 0.647, 0.627, 0.628, 0.583, 0.592, 0.568, 0.53, 0.488, 0.449, 0.434, 0.395, 0.333, 0.311, 0.262, 0.241, 0.202, 0.175, 0.133, 0.129, 0.073, 0.078, 0.062, 0.024, 0.022, 0.022, 0.002, 0.021, 0.017, 0.041, 0.053, 0.081, 0.098, 0.132, 0.151, 0.157, 0.221, 0.245, 0.306, 0.321, 0.381, 0.413, 0.444, 0.489, 0.484, 0.537, 0.564, 0.584, 0.608, 0.622, 0.622, 0.648, 0.641, 0.648, 0.641, 0.64, 0.634, 0.581, 0.588, 0.559, 0.527, 0.503, 0.477, 0.419, 0.422, 0.339, 0.312, 0.284, 0.237, 0.206, 0.18, 0.146, 0.133, 0.104, 0.064, 0.054, 0.046, 0.006, 0.024, 0.017, 0.023, 0.05, 0.052, 0.064, 0.072, 0.114, 0.118, 0.157, 0.195, 0.227, 0.256, 0.29, 0.352]"
-5.0,12.5,0.5,3.0,1.1456,-1.7996,0.0067,"[1.126, 1.132, 1.132, 1.123, 1.149, 1.138, 1.125, 1.127, 1.116, 1.138, 1.131, 1.12, 1.125, 1.128, 1.126, 1.16, 1.145, 1.122, 1.141, 1.133, 1.137, 1.131, 1.141, 1.148, 1.136, 1.125, 1.135, 1.143, 1.144, 1.132, 1.12, 1.146, 1.133, 1.139, 1.154, 1.141, 1.142, 1.133, 1.142, 1.113, 1.112, 1.137, 1.119, 1.152, 1.145, 1.151, 1.131, 1.138, 1.134, 1.132, 1.125, 1.132, 1.127, 1.14, 1.129, 1.148, 1.126, 1.132, 1.138, 1.134, 1.129, 1.143, 1.131, 1.146, 1.134, 1.141, 1.139, 1.118, 1.153, 1.119, 1.145, 1.131, 1.134, 1.128, 1.144, 1.127, 1.124, 1.148, 1.149, 1.134, 1.123, 1.13, 1.131, 1.145, 1.151, 1.14, 1.133, 1.124, 1.14, 1.142, 1.121, 1.133, 1.142, 1.131, 1.135, 1.144, 1.135, 1.112, 1.146, 1.139, 1.119, 1.144, 1.126, 1.144, 1.121, 1.141, 1.137, 1.125, 1.135, 1.15, 1.154, 1.132, 1.145, 1.119, 1.148, 1.145, 1.152, 1.13, 1.13, 1.147, 1.138, 1.135, 1.143, 1.142, 1.135, 1.145, 1.14, 1.135, 1.12, 1.131, 1.138, 1.12, 1.122, 1.121, 1.134, 1.134, 1.121, 1.125, 1.147, 1.14, 1.14, 1.122, 1.139, 1.13, 1.12, 1.122, 1.145, 1.117, 1.161, 1.116, 1.145, 1.138, 1.142, 1.141, 1.145, 1.134, 1.138, 1.138, 1.14, 1.136]"
-5.0,12.5,1.0,0.0,0.2078,-2.2285,0.9723,"[0.187, 0.214, 0.258, 0.27, 0.26, 0.291, 0.306, 0.335, 0.355, 0.344, 0.362, 0.372, 0.37, 0.379, 0.385, 0.379, 0.363, 0.375, 0.327, 0.315, 0.317, 0.308, 0.276, 0.291, 0.248, 0.223, 0.213, 0.165, 0.173, 0.126, 0.104, 0.099, 0.074, 0.07, 0.043, 0.043, 0.03, 0.019, 0.01, 0.003, 0.004, 0.008, 0.021, 0.021, 0.023, 0.048, 0.05, 0.085, 0.093, 0.121, 0.127, 0.155, 0.169, 0.186, 0.221, 0.23, 0.251, 0.26, 0.309, 0.309, 0.325, 0.337, 0.351, 0.357, 0.36, 0.382, 0.371, 0.387, 0.375, 0.347, 0.366, 0.349, 0.337, 0.328, 0.296, 0.299, 0.263, 0.263, 0.213, 0.192, 0.183, 0.163, 0.137, 0.118, 0.107, 0.076, 0.052, 0.061, 0.046, 0.034, 0.003, 0.001, 0.012, 0.024, 0.023, 0.011, 0.011, 0.018, 0.038, 0.082, 0.06, 0.088, 0.099, 0.13, 0.13, 0.158, 0.182, 0.202, 0.227, 0.256, 0.29, 0.293, 0.305, 0.334, 0.353, 0.343, 0.356, 0.364, 0.373, 0.375, 0.378, 0.37, 0.373, 0.356, 0.333, 0.342, 0.312, 0.3, 0.294, 0.27, 0.241, 0.236, 0.214, 0.167, 0.13, 0.137, 0.115, 0.106, 0.093, 0.078, 0.068, 0.024, 0.039, 0.0, 0.0, 0.0, 0.007, 0.012, 0.008, 0.019, 0.031, 0.04, 0.044, 0.072, 0.103, 0.105, 0.114, 0.166, 0.171, 0.189]"
-5.0,12.5,1.0,3.0,0.6002,-1.7269,0.0241,"[0.575, 0.585, 0.578, 0.592, 0.599, 0.592, 0.6, 0.595, 0.585, 0.604, 0.602, 0.602, 0.589, 0.579, 0.596, 0.605, 0.591, 0.588, 0.598, 0.578, 0.575, 0.602, 0.595, 0.598, 0.594, 0.578, 0.585, 0.589, 0.597, 0.587, 0.596, 0.583, 0.605, 0.592, 0.594, 0.595, 0.565, 0.593, 0.588, 0.586, 0.593, 0.585, 0.602, 0.607, 0.591, 0.598, 0.587, 0.579, 0.595, 0.58, 0.584, 0.591, 0.591, 0.592, 0.604, 0.603, 0.603, 0.596, 0.581, 0.591, 0.588, 0.596, 0.606, 0.599, 0.594, 0.602, 0.595, 0.594, 0.602, 0.6, 0.588, 0.581, 0.596, 0.591, 0.59, 0.589, 0.592, 0.594, 0.587, 0.584, 0.575, 0.592, 0.599, 0.592, 0.576, 0.582, 0.58, 0.581, 0.582, 0.583, 0.612, 0.584, 0.57, 0.599, 0.59, 0.598, 0.589, 0.603, 0.591, 0.6, 0.6, 0.587, 0.593, 0.603, 0.597, 0.602, 0.617, 0.588, 0.59, 0.578, 0.583, 0.587, 0.598, 0.592, 0.589, 0.593, 0.589, 0.592, 0.581, 0.609, 0.593, 0.589, 0.593, 0.586, 0.606, 0.58, 0.595, 0.61, 0.586, 0.572, 0.592, 0.591, 0.591, 0.586, 0.594, 0.6, 0.585, 0.593, 0.583, 0.611, 0.6, 0.609, 0.598, 0.577, 0.582, 0.596, 0.586, 0.596, 0.588, 0.598, 0.609, 0.577, 0.574, 0.588, 0.59, 0.586, 0.595, 0.588, 0.584, 0.595]"
-5.0,12.5,2.0,0.0,0.1245,-2.1724,0.9853,"[0.118, 0.126, 0.151, 0.145, 0.195, 0.204, 0.212, 0.186, 0.213, 0.225, 0.232, 0.242, 0.249, 0.256, 0.247, 0.236, 0.233, 0.236, 0.21, 0.212, 0.22, 0.2, 0.192, 0.172, 0.166, 0.147, 0.147, 0.11, 0.093, 0.069, 0.073, 0.07, 0.061, 0.038, 0.042, 0.023, 0.002, 0.017, 0.0, 0.0, 0.015, 0.016, 0.01, 0.003, 0.006, 0.029, 0.036, 0.04, 0.06, 0.068, 0.074, 0.082, 0.106, 0.117, 0.132, 0.148, 0.162, 0.17, 0.194, 0.195, 0.212, 0.209, 0.22, 0.237, 0.222, 0.251, 0.246, 0.24, 0.243, 0.222, 0.232, 0.205, 0.223, 0.195, 0.201, 0.172, 0.169, 0.156, 0.142, 0.134, 0.103, 0.081, 0.079, 0.084, 0.056, 0.042, 0.056, 0.018, 0.029, 0.003, 0.0, 0.013, 0.009, 0.0, 0.0, 0.005, 0.009, 0.036, 0.012, 0.031, 0.042, 0.054, 0.06, 0.074, 0.091, 0.11, 0.13, 0.138, 0.143, 0.173, 0.178, 0.19, 0.191, 0.22, 0.218, 0.234, 0.227, 0.228, 0.223, 0.241, 0.229, 0.227, 0.242, 0.233, 0.213, 0.186, 0.192, 0.214, 0.183, 0.162, 0.163, 0.135, 0.118, 0.116, 0.101, 0.073, 0.07, 0.05, 0.052, 0.036, 0.039, 0.008, 0.016, 0.002, 0.012, 0.0, 0.014, 0.012, 0.008, 0.027, 0.012, 0.038, 0.04, 0.041, 0.07, 0.07, 0.077, 0.101, 0.103, 0.11]"
-5.0,12.5,2.0,3.0,0.3266,-1.77,0.0761,"[0.321, 0.319, 0.319, 0.34, 0.333, 0.335, 0.322, 0.346, 0.333, 0.336, 0.348, 0.336, 0.344, 0.345, 0.346, 0.345, 0.346, 0.351, 0.343, 0.354, 0.335, 0.335, 0.356, 0.323, 0.322, 0.322, 0.339, 0.325, 0.326, 0.312, 0.304, 0.3, 0.304, 0.316, 0.302, 0.306, 0.281, 0.296, 0.292, 0.301, 0.315, 0.309, 0.294, 0.287, 0.305, 0.304, 0.306, 0.301, 0.316, 0.308, 0.301, 0.329, 0.321, 0.333, 0.332, 0.334, 0.352, 0.34, 0.321, 0.326, 0.335, 0.325, 0.329, 0.355, 0.352, 0.352, 0.338, 0.335, 0.341, 0.353, 0.34, 0.348, 0.355, 0.334, 0.324, 0.351, 0.336, 0.319, 0.318, 0.333, 0.318, 0.307, 0.303, 0.319, 0.315, 0.324, 0.28, 0.304, 0.294, 0.286, 0.298, 0.302, 0.309, 0.316, 0.288, 0.302, 0.295, 0.288, 0.314, 0.314, 0.31, 0.314, 0.307, 0.317, 0.318, 0.316, 0.329, 0.318, 0.337, 0.342, 0.338, 0.335, 0.334, 0.334, 0.343, 0.332, 0.333, 0.334, 0.34, 0.335, 0.332, 0.336, 0.342, 0.339, 0.343, 0.349, 0.34, 0.324, 0.343, 0.329, 0.33, 0.329, 0.325, 0.338, 0.316, 0.324, 0.312, 0.31, 0.304, 0.29, 0.309, 0.309, 0.273, 0.299, 0.3, 0.298, 0.303, 0.295, 0.301, 0.317, 0.285, 0.308, 0.301, 0.301, 0.321, 0.311, 0.311, 0.317, 0.307, 0.334]"
-5.0,15.0,0.5,0.0,0.5245,-2.0445,0.3808,"[0.531, 0.564, 0.571, 0.595, 0.631, 0.64, 0.662, 0.685, 0.68, 0.716, 0.71, 0.742, 0.744, 0.739, 0.714, 0.705, 0.704, 0.703, 0.688, 0.66, 0.619, 0.623, 0.584, 0.579, 0.551, 0.517, 0.52, 0.479, 0.462, 0.443, 0.405, 0.396, 0.363, 0.362, 0.345, 0.342, 0.336, 0.328, 0.346, 0.345, 0.346, 0.382, 0.358, 0.372, 0.417, 0.431, 0.454, 0.48, 0.503, 0.506, 0.537, 0.57, 0.574, 0.603, 0.65, 0.641, 0.676, 0.687, 0.705, 0.699, 0.724, 0.707, 0.723, 0.724, 0.723, 0.725, 0.694, 0.699, 0.688, 0.649, 0.62, 0.612, 0.604, 0.581, 0.537, 0.521, 0.502, 0.481, 0.455, 0.44, 0.414, 0.388, 0.375, 0.362, 0.356, 0.327, 0.331, 0.339, 0.346, 0.351, 0.326, 0.373, 0.375, 0.375, 0.401, 0.412, 0.453, 0.469, 0.492, 0.544, 0.552, 0.581, 0.592, 0.618, 0.638, 0.668, 0.685, 0.692, 0.695, 0.728, 0.722, 0.707, 0.751, 0.727, 0.719, 0.692, 0.707, 0.671, 0.687, 0.628, 0.638, 0.623, 0.587, 0.562, 0.539, 0.494, 0.482, 0.466, 0.45, 0.429, 0.39, 0.391, 0.375, 0.335, 0.331, 0.349, 0.336, 0.347, 0.358, 0.357, 0.348, 0.36, 0.378, 0.401, 0.426, 0.418, 0.458, 0.49, 0.518, 0.542, 0.537, 0.561, 0.607, 0.642, 0.648, 0.664, 0.669, 0.688, 0.698, 0.714]"
-5.0,15.0,0.5,3.0,1.2122,-1.5894,0.0236,"[1.224, 1.222, 1.221, 1.244, 1.216, 1.228, 1.216, 1.208, 1.223, 1.228, 1.218, 1.217, 1.215, 1.224, 1.225, 1.241, 1.235, 1.226, 1.214, 1.215, 1.232, 1.249, 1.224, 1.209, 1.233, 1.238, 1.23, 1.226, 1.219, 1.218, 1.231, 1.218, 1.23, 1.219, 1.236, 1.223, 1.226, 1.231, 1.239, 1.234, 1.228, 1.227, 1.216, 1.224, 1.241, 1.228, 1.219, 1.234, 1.228, 1.208, 1.218, 1.215, 1.216, 1.22, 1.233, 1.217, 1.213, 1.234, 1.225, 1.235, 1.228, 1.264, 1.225, 1.218, 1.229, 1.223, 1.23, 1.223, 1.239, 1.239, 1.221, 1.234, 1.236, 1.237, 1.213, 1.231, 1.216, 1.222, 1.228, 1.22, 1.227, 1.235, 1.23, 1.222, 1.228, 1.229, 1.232, 1.217, 1.224, 1.227, 1.242, 1.219, 1.229, 1.222, 1.216, 1.231, 1.221, 1.237, 1.219, 1.226, 1.229, 1.227, 1.213, 1.213, 1.232, 1.239, 1.214, 1.203, 1.231, 1.232, 1.235, 1.231, 1.234, 1.246, 1.22, 1.238, 1.245, 1.228, 1.225, 1.221, 1.213, 1.196, 1.238, 1.222, 1.225, 1.217, 1.225, 1.238, 1.22, 1.246, 1.224, 1.228, 1.237, 1.235, 1.236, 1.252, 1.235, 1.228, 1.235, 1.218, 1.229, 1.249, 1.223, 1.234, 1.221, 1.218, 1.222, 1.244, 1.231, 1.224, 1.224, 1.224, 1.228, 1.218, 1.232, 1.237, 1.226, 1.213, 1.229, 1.214]"
-5.0,15.0,1.0,0.0,0.2895,-2.1257,0.6081,"[0.292, 0.321, 0.356, 0.339, 0.372, 0.386, 0.416, 0.417, 0.462, 0.441, 0.459, 0.47, 0.472, 0.464, 0.446, 0.455, 0.433, 0.437, 0.427, 0.404, 0.387, 0.361, 0.379, 0.337, 0.297, 0.276, 0.269, 0.223, 0.214, 0.211, 0.193, 0.17, 0.152, 0.155, 0.118, 0.115, 0.133, 0.113, 0.12, 0.12, 0.153, 0.128, 0.155, 0.141, 0.177, 0.204, 0.22, 0.237, 0.261, 0.269, 0.306, 0.339, 0.335, 0.379, 0.383, 0.404, 0.392, 0.419, 0.443, 0.465, 0.455, 0.457, 0.462, 0.486, 0.472, 0.453, 0.446, 0.412, 0.41, 0.394, 0.383, 0.379, 0.343, 0.313, 0.298, 0.277, 0.256, 0.235, 0.22, 0.186, 0.192, 0.153, 0.152, 0.125, 0.116, 0.131, 0.123, 0.126, 0.126, 0.101, 0.133, 0.138, 0.138, 0.156, 0.169, 0.203, 0.228, 0.239, 0.241, 0.28, 0.288, 0.349, 0.358, 0.377, 0.373, 0.415, 0.424, 0.433, 0.451, 0.433, 0.463, 0.462, 0.46, 0.455, 0.455, 0.449, 0.447, 0.426, 0.386, 0.393, 0.379, 0.359, 0.357, 0.308, 0.281, 0.282, 0.252, 0.239, 0.186, 0.184, 0.178, 0.151, 0.157, 0.122, 0.143, 0.114, 0.119, 0.105, 0.113, 0.139, 0.123, 0.14, 0.167, 0.16, 0.194, 0.201, 0.208, 0.254, 0.292, 0.301, 0.315, 0.327, 0.357, 0.383, 0.381, 0.387, 0.41, 0.431, 0.446, 0.453]"
-5.0,15.0,1.0,3.0,0.6234,-1.5988,0.0018,"[0.635, 0.633, 0.638, 0.632, 0.653, 0.633, 0.637, 0.654, 0.631, 0.648, 0.633, 0.66, 0.634, 0.627, 0.65, 0.661, 0.644, 0.635, 0.625, 0.641, 0.656, 0.645, 0.635, 0.634, 0.641, 0.628, 0.641, 0.649, 0.643, 0.64, 0.627, 0.643, 0.629, 0.646, 0.646, 0.624, 0.629, 0.636, 0.632, 0.633, 0.646, 0.645, 0.645, 0.645, 0.656, 0.636, 0.645, 0.615, 0.624, 0.645, 0.639, 0.638, 0.637, 0.617, 0.629, 0.638, 0.652, 0.641, 0.637, 0.638, 0.631, 0.653, 0.636, 0.655, 0.635, 0.638, 0.637, 0.641, 0.624, 0.639, 0.632, 0.638, 0.635, 0.621, 0.635, 0.647, 0.636, 0.633, 0.617, 0.634, 0.641, 0.651, 0.607, 0.651, 0.644, 0.637, 0.63, 0.647, 0.639, 0.623, 0.647, 0.642, 0.652, 0.642, 0.655, 0.653, 0.634, 0.652, 0.629, 0.622, 0.634, 0.654, 0.643, 0.64, 0.647, 0.628, 0.635, 0.641, 0.641, 0.639, 0.622, 0.631, 0.636, 0.627, 0.627, 0.643, 0.623, 0.625, 0.632, 0.653, 0.65, 0.621, 0.633, 0.647, 0.654, 0.63, 0.642, 0.629, 0.648, 0.634, 0.636, 0.624, 0.647, 0.642, 0.641, 0.634, 0.633, 0.644, 0.632, 0.646, 0.65, 0.634, 0.638, 0.62, 0.636, 0.637, 0.641, 0.645, 0.642, 0.649, 0.639, 0.628, 0.65, 0.627, 0.629, 0.638, 0.627, 0.635, 0.623, 0.633]"
-5.0,15.0,2.0,0.0,0.1772,-2.0086,0.7956,"[0.158, 0.174, 0.198, 0.216, 0.242, 0.234, 0.271, 0.268, 0.277, 0.278, 0.293, 0.288, 0.303, 0.313, 0.321, 0.295, 0.292, 0.283, 0.289, 0.26, 0.238, 0.23, 0.204, 0.218, 0.189, 0.178, 0.144, 0.139, 0.117, 0.085, 0.078, 0.08, 0.09, 0.065, 0.055, 0.058, 0.033, 0.044, 0.027, 0.041, 0.039, 0.061, 0.04, 0.061, 0.098, 0.106, 0.112, 0.131, 0.145, 0.182, 0.178, 0.197, 0.203, 0.225, 0.225, 0.255, 0.27, 0.279, 0.298, 0.306, 0.313, 0.29, 0.311, 0.308, 0.308, 0.292, 0.288, 0.271, 0.281, 0.256, 0.259, 0.216, 0.214, 0.197, 0.162, 0.17, 0.157, 0.122, 0.114, 0.091, 0.099, 0.056, 0.043, 0.062, 0.052, 0.048, 0.041, 0.048, 0.039, 0.038, 0.067, 0.059, 0.06, 0.073, 0.076, 0.115, 0.105, 0.131, 0.151, 0.145, 0.178, 0.198, 0.206, 0.225, 0.25, 0.268, 0.272, 0.263, 0.282, 0.288, 0.287, 0.287, 0.305, 0.295, 0.304, 0.303, 0.263, 0.294, 0.27, 0.257, 0.243, 0.221, 0.194, 0.189, 0.145, 0.174, 0.133, 0.127, 0.095, 0.107, 0.082, 0.081, 0.071, 0.035, 0.043, 0.036, 0.028, 0.046, 0.039, 0.046, 0.047, 0.059, 0.062, 0.089, 0.094, 0.09, 0.123, 0.134, 0.157, 0.169, 0.188, 0.208, 0.231, 0.234, 0.25, 0.278, 0.278, 0.244, 0.279, 0.296]"
-5.0,15.0,2.0,3.0,0.3354,-1.6614,0.0305,"[0.337, 0.348, 0.342, 0.347, 0.345, 0.352, 0.365, 0.346, 0.346, 0.353, 0.351, 0.375, 0.347, 0.357, 0.344, 0.347, 0.34, 0.352, 0.336, 0.349, 0.359, 0.354, 0.345, 0.365, 0.337, 0.36, 0.336, 0.348, 0.334, 0.344, 0.353, 0.335, 0.354, 0.337, 0.331, 0.353, 0.331, 0.319, 0.321, 0.344, 0.329, 0.336, 0.336, 0.352, 0.346, 0.347, 0.346, 0.339, 0.334, 0.332, 0.348, 0.341, 0.355, 0.345, 0.353, 0.365, 0.37, 0.348, 0.356, 0.333, 0.34, 0.351, 0.358, 0.345, 0.342, 0.342, 0.358, 0.35, 0.352, 0.351, 0.353, 0.347, 0.35, 0.349, 0.326, 0.35, 0.345, 0.343, 0.332, 0.338, 0.339, 0.317, 0.339, 0.337, 0.343, 0.335, 0.335, 0.337, 0.32, 0.331, 0.339, 0.325, 0.337, 0.332, 0.331, 0.346, 0.328, 0.337, 0.326, 0.339, 0.324, 0.346, 0.356, 0.344, 0.349, 0.34, 0.342, 0.354, 0.341, 0.34, 0.329, 0.339, 0.344, 0.334, 0.348, 0.352, 0.341, 0.348, 0.343, 0.362, 0.33, 0.354, 0.349, 0.334, 0.343, 0.345, 0.353, 0.344, 0.324, 0.341, 0.347, 0.359, 0.33, 0.355, 0.339, 0.32, 0.353, 0.329, 0.346, 0.328, 0.349, 0.341, 0.333, 0.331, 0.333, 0.333, 0.325, 0.33, 0.363, 0.34, 0.347, 0.339, 0.357, 0.355, 0.342, 0.34, 0.337, 0.341, 0.355, 0.346]"
-5.0,17.5,0.5,0.0,0.7839,-1.9246,0.0571,"[0.76, 0.776, 0.778, 0.781, 0.778, 0.801, 0.796, 0.793, 0.79, 0.791, 0.812, 0.809, 0.82, 0.803, 0.805, 0.775, 0.801, 0.802, 0.804, 0.761, 0.765, 0.783, 0.774, 0.753, 0.767, 0.755, 0.745, 0.739, 0.737, 0.733, 0.721, 0.752, 0.748, 0.742, 0.729, 0.721, 0.712, 0.738, 0.729, 0.752, 0.738, 0.741, 0.735, 0.766, 0.731, 0.757, 0.754, 0.776, 0.772, 0.768, 0.783, 0.797, 0.792, 0.799, 0.806, 0.794, 0.816, 0.8, 0.801, 0.821, 0.798, 0.806, 0.78, 0.781, 0.802, 0.782, 0.792, 0.794, 0.765, 0.796, 0.757, 0.766, 0.768, 0.756, 0.755, 0.738, 0.737, 0.741, 0.741, 0.72, 0.736, 0.725, 0.723, 0.743, 0.73, 0.733, 0.74, 0.744, 0.741, 0.745, 0.742, 0.756, 0.762, 0.773, 0.78, 0.766, 0.788, 0.771, 0.789, 0.802, 0.806, 0.801, 0.81, 0.804, 0.796, 0.814, 0.778, 0.806, 0.795, 0.797, 0.818, 0.798, 0.782, 0.766, 0.771, 0.784, 0.765, 0.764, 0.758, 0.747, 0.769, 0.749, 0.747, 0.758, 0.735, 0.73, 0.733, 0.717, 0.732, 0.73, 0.728, 0.743, 0.736, 0.739, 0.743, 0.747, 0.744, 0.735, 0.747, 0.757, 0.771, 0.773, 0.787, 0.779, 0.809, 0.799, 0.784, 0.793, 0.792, 0.806, 0.806, 0.808, 0.782, 0.794, 0.791, 0.8, 0.786, 0.788, 0.778, 0.788]"
-5.0,17.5,0.5,3.0,1.2821,-1.543,0.005,"[1.296, 1.284, 1.281, 1.258, 1.286, 1.271, 1.28, 1.283, 1.274, 1.277, 1.26, 1.264, 1.276, 1.256, 1.292, 1.274, 1.279, 1.26, 1.268, 1.272, 1.256, 1.279, 1.288, 1.275, 1.277, 1.274, 1.267, 1.276, 1.277, 1.281, 1.267, 1.275, 1.27, 1.272, 1.279, 1.253, 1.286, 1.279, 1.289, 1.252, 1.284, 1.266, 1.284, 1.284, 1.294, 1.28, 1.255, 1.271, 1.28, 1.276, 1.265, 1.283, 1.301, 1.277, 1.287, 1.279, 1.267, 1.262, 1.278, 1.278, 1.272, 1.276, 1.265, 1.275, 1.276, 1.269, 1.264, 1.263, 1.297, 1.264, 1.277, 1.284, 1.287, 1.296, 1.262, 1.275, 1.266, 1.278, 1.267, 1.276, 1.266, 1.264, 1.266, 1.264, 1.279, 1.272, 1.277, 1.26, 1.277, 1.272, 1.289, 1.296, 1.28, 1.283, 1.273, 1.279, 1.272, 1.277, 1.272, 1.279, 1.28, 1.277, 1.278, 1.293, 1.275, 1.283, 1.274, 1.283, 1.285, 1.286, 1.284, 1.288, 1.266, 1.265, 1.289, 1.267, 1.278, 1.288, 1.274, 1.271, 1.264, 1.279, 1.277, 1.292, 1.28, 1.291, 1.287, 1.284, 1.267, 1.291, 1.269, 1.273, 1.27, 1.279, 1.269, 1.26, 1.305, 1.263, 1.289, 1.287, 1.282, 1.274, 1.263, 1.278, 1.289, 1.283, 1.277, 1.293, 1.284, 1.275, 1.284, 1.276, 1.262, 1.3, 1.282, 1.25, 1.286, 1.29, 1.285, 1.29]"
-5.0,17.5,1.0,0.0,0.3957,-1.9844,0.2172,"[0.423, 0.433, 0.421, 0.458, 0.45, 0.462, 0.473, 0.5, 0.472, 0.487, 0.501, 0.498, 0.498, 0.507, 0.479, 0.483, 0.511, 0.466, 0.47, 0.454, 0.43, 0.427, 0.416, 0.424, 0.393, 0.403, 0.372, 0.373, 0.361, 0.349, 0.349, 0.336, 0.336, 0.309, 0.309, 0.315, 0.31, 0.327, 0.328, 0.349, 0.347, 0.341, 0.358, 0.375, 0.384, 0.39, 0.391, 0.412, 0.413, 0.443, 0.454, 0.451, 0.468, 0.477, 0.483, 0.48, 0.485, 0.503, 0.501, 0.504, 0.496, 0.478, 0.488, 0.48, 0.467, 0.446, 0.441, 0.436, 0.433, 0.43, 0.425, 0.393, 0.392, 0.378, 0.376, 0.37, 0.359, 0.346, 0.331, 0.328, 0.324, 0.317, 0.309, 0.301, 0.308, 0.325, 0.333, 0.345, 0.349, 0.365, 0.366, 0.389, 0.396, 0.396, 0.426, 0.423, 0.436, 0.448, 0.464, 0.485, 0.467, 0.493, 0.505, 0.506, 0.488, 0.508, 0.498, 0.482, 0.479, 0.472, 0.48, 0.474, 0.463, 0.443, 0.431, 0.434, 0.426, 0.407, 0.386, 0.379, 0.379, 0.354, 0.358, 0.341, 0.334, 0.341, 0.326, 0.314, 0.306, 0.301, 0.322, 0.324, 0.345, 0.339, 0.347, 0.345, 0.353, 0.378, 0.378, 0.384, 0.418, 0.414, 0.419, 0.459, 0.444, 0.456, 0.483, 0.497, 0.485, 0.506, 0.492, 0.487, 0.486, 0.51, 0.499, 0.492, 0.476, 0.473, 0.473, 0.45]"
-5.0,17.5,1.0,3.0,0.6649,-1.5061,0.0004,"[0.66, 0.679, 0.679, 0.666, 0.653, 0.667, 0.659, 0.635, 0.681, 0.651, 0.683, 0.663, 0.676, 0.678, 0.672, 0.666, 0.665, 0.665, 0.65, 0.656, 0.644, 0.659, 0.648, 0.669, 0.641, 0.66, 0.665, 0.666, 0.647, 0.677, 0.663, 0.658, 0.652, 0.661, 0.647, 0.664, 0.645, 0.657, 0.659, 0.655, 0.657, 0.657, 0.663, 0.673, 0.677, 0.673, 0.677, 0.674, 0.662, 0.66, 0.681, 0.663, 0.652, 0.668, 0.68, 0.672, 0.661, 0.675, 0.652, 0.667, 0.66, 0.656, 0.655, 0.665, 0.663, 0.673, 0.653, 0.691, 0.665, 0.667, 0.671, 0.648, 0.684, 0.656, 0.673, 0.668, 0.66, 0.671, 0.661, 0.667, 0.67, 0.663, 0.666, 0.657, 0.654, 0.672, 0.655, 0.678, 0.654, 0.663, 0.669, 0.674, 0.665, 0.684, 0.647, 0.641, 0.648, 0.647, 0.65, 0.657, 0.658, 0.659, 0.651, 0.663, 0.671, 0.658, 0.66, 0.673, 0.671, 0.658, 0.675, 0.66, 0.669, 0.651, 0.655, 0.651, 0.662, 0.658, 0.655, 0.665, 0.672, 0.661, 0.665, 0.662, 0.653, 0.658, 0.677, 0.659, 0.683, 0.658, 0.656, 0.684, 0.677, 0.657, 0.661, 0.641, 0.67, 0.657, 0.662, 0.651, 0.675, 0.656, 0.667, 0.661, 0.678, 0.671, 0.664, 0.661, 0.652, 0.646, 0.649, 0.666, 0.671, 0.674, 0.662, 0.663, 0.658, 0.659, 0.669, 0.656]"
-5.0,17.5,2.0,0.0,0.2312,-2.0144,0.4785,"[0.228, 0.254, 0.263, 0.274, 0.29, 0.291, 0.317, 0.326, 0.318, 0.329, 0.33, 0.342, 0.339, 0.324, 0.329, 0.339, 0.315, 0.319, 0.315, 0.288, 0.289, 0.252, 0.251, 0.239, 0.215, 0.202, 0.198, 0.181, 0.172, 0.184, 0.145, 0.125, 0.124, 0.126, 0.109, 0.125, 0.138, 0.143, 0.131, 0.143, 0.155, 0.182, 0.166, 0.169, 0.187, 0.196, 0.222, 0.24, 0.247, 0.253, 0.268, 0.296, 0.293, 0.334, 0.307, 0.314, 0.32, 0.346, 0.332, 0.331, 0.351, 0.303, 0.327, 0.314, 0.332, 0.292, 0.278, 0.279, 0.263, 0.251, 0.227, 0.211, 0.193, 0.192, 0.178, 0.168, 0.178, 0.16, 0.136, 0.126, 0.138, 0.131, 0.126, 0.131, 0.117, 0.14, 0.133, 0.146, 0.164, 0.177, 0.159, 0.21, 0.217, 0.213, 0.232, 0.252, 0.26, 0.264, 0.281, 0.307, 0.3, 0.318, 0.33, 0.334, 0.331, 0.329, 0.324, 0.336, 0.319, 0.343, 0.312, 0.308, 0.288, 0.289, 0.251, 0.26, 0.24, 0.255, 0.213, 0.192, 0.196, 0.175, 0.148, 0.168, 0.13, 0.131, 0.132, 0.126, 0.132, 0.109, 0.123, 0.12, 0.14, 0.15, 0.146, 0.158, 0.166, 0.173, 0.203, 0.201, 0.225, 0.245, 0.238, 0.268, 0.269, 0.296, 0.304, 0.305, 0.323, 0.332, 0.32, 0.336, 0.328, 0.342, 0.309, 0.331, 0.307, 0.308, 0.316, 0.277]"
-5.0,17.5,2.0,3.0,0.35,-1.5086,0.0066,"[0.36, 0.383, 0.358, 0.366, 0.356, 0.376, 0.358, 0.371, 0.34, 0.358, 0.353, 0.365, 0.37, 0.377, 0.346, 0.369, 0.354, 0.371, 0.358, 0.373, 0.351, 0.367, 0.344, 0.344, 0.345, 0.355, 0.354, 0.361, 0.359, 0.354, 0.359, 0.353, 0.361, 0.346, 0.36, 0.339, 0.371, 0.345, 0.344, 0.37, 0.35, 0.369, 0.356, 0.34, 0.354, 0.333, 0.361, 0.365, 0.362, 0.349, 0.359, 0.344, 0.363, 0.363, 0.351, 0.35, 0.347, 0.373, 0.35, 0.37, 0.356, 0.343, 0.351, 0.355, 0.351, 0.364, 0.352, 0.358, 0.354, 0.353, 0.351, 0.353, 0.369, 0.355, 0.361, 0.362, 0.345, 0.344, 0.34, 0.347, 0.362, 0.337, 0.359, 0.346, 0.361, 0.349, 0.36, 0.362, 0.347, 0.352, 0.35, 0.354, 0.354, 0.361, 0.379, 0.369, 0.342, 0.346, 0.362, 0.348, 0.35, 0.346, 0.356, 0.344, 0.369, 0.365, 0.341, 0.364, 0.363, 0.362, 0.359, 0.358, 0.361, 0.346, 0.352, 0.371, 0.357, 0.359, 0.373, 0.364, 0.377, 0.354, 0.352, 0.354, 0.36, 0.365, 0.36, 0.363, 0.346, 0.354, 0.365, 0.354, 0.342, 0.368, 0.347, 0.354, 0.356, 0.338, 0.346, 0.351, 0.366, 0.359, 0.383, 0.376, 0.355, 0.359, 0.348, 0.35, 0.349, 0.34, 0.347, 0.372, 0.364, 0.338, 0.353, 0.365, 0.351, 0.361, 0.333, 0.34]"
-5.0,20.0,0.5,0.0,0.9971,-1.7867,0.0215,"[0.962, 0.98, 0.991, 0.969, 0.981, 0.983, 0.989, 0.985, 0.982, 0.979, 0.982, 1.001, 0.971, 0.972, 0.985, 0.969, 0.968, 1.006, 0.983, 0.987, 0.98, 0.99, 0.984, 0.971, 0.984, 0.973, 0.976, 0.973, 0.963, 0.986, 0.965, 0.979, 0.955, 0.989, 0.98, 0.977, 0.979, 0.982, 0.985, 0.988, 0.991, 0.999, 0.982, 0.973, 0.981, 0.958, 0.969, 0.984, 0.976, 0.988, 0.98, 0.984, 0.979, 0.987, 0.977, 0.969, 0.993, 0.988, 0.988, 1.0, 0.971, 0.991, 0.984, 0.966, 0.984, 0.988, 0.97, 0.975, 0.976, 0.97, 0.988, 0.995, 0.974, 0.978, 0.982, 0.99, 0.964, 0.981, 0.972, 0.979, 0.977, 0.987, 0.982, 0.975, 0.977, 0.984, 0.971, 0.989, 0.964, 1.004, 0.996, 0.982, 0.987, 0.978, 0.98, 0.986, 0.981, 0.978, 0.991, 0.98, 0.983, 0.981, 0.983, 0.983, 0.971, 0.96, 0.978, 0.989, 0.989, 0.982, 0.971, 0.964, 0.985, 0.993, 0.981, 0.996, 0.987, 0.977, 0.967, 0.973, 0.956, 0.983, 0.982, 0.987, 0.977, 0.973, 0.98, 0.976, 0.987, 0.993, 0.974, 0.995, 0.993, 0.977, 0.983, 0.977, 0.979, 0.973, 0.972, 0.984, 0.973, 0.973, 0.993, 0.992, 0.984, 0.979, 0.996, 0.971, 0.984, 0.967, 0.975, 0.975, 0.988, 0.975, 0.978, 0.976, 0.979, 0.982, 0.977, 0.986]"
-5.0,20.0,0.5,3.0,1.2889,-1.4428,0.0018,"[1.296, 1.306, 1.301, 1.32, 1.307, 1.306, 1.304, 1.298, 1.323, 1.289, 1.299, 1.309, 1.294, 1.298, 1.31, 1.298, 1.289, 1.318, 1.3, 1.297, 1.313, 1.291, 1.287, 1.298, 1.302, 1.285, 1.295, 1.301, 1.296, 1.292, 1.291, 1.299, 1.304, 1.298, 1.287, 1.294, 1.306, 1.301, 1.284, 1.32, 1.308, 1.308, 1.295, 1.302, 1.296, 1.306, 1.305, 1.281, 1.313, 1.308, 1.307, 1.293, 1.304, 1.282, 1.306, 1.299, 1.307, 1.287, 1.293, 1.297, 1.301, 1.304, 1.315, 1.297, 1.294, 1.314, 1.294, 1.307, 1.291, 1.293, 1.316, 1.309, 1.305, 1.312, 1.303, 1.297, 1.296, 1.305, 1.299, 1.297, 1.317, 1.307, 1.291, 1.316, 1.293, 1.299, 1.301, 1.309, 1.309, 1.289, 1.307, 1.293, 1.303, 1.288, 1.308, 1.292, 1.306, 1.299, 1.309, 1.302, 1.303, 1.294, 1.302, 1.282, 1.308, 1.322, 1.302, 1.31, 1.292, 1.307, 1.304, 1.306, 1.305, 1.301, 1.298, 1.295, 1.316, 1.302, 1.298, 1.313, 1.307, 1.307, 1.303, 1.316, 1.296, 1.295, 1.292, 1.302, 1.306, 1.292, 1.308, 1.304, 1.314, 1.318, 1.294, 1.295, 1.289, 1.298, 1.281, 1.29, 1.309, 1.308, 1.309, 1.303, 1.305, 1.31, 1.296, 1.306, 1.31, 1.304, 1.3, 1.311, 1.278, 1.273, 1.297, 1.285, 1.318, 1.319, 1.302, 1.282]"
-5.0,20.0,1.0,0.0,0.5219,-1.8648,0.056,"[0.495, 0.534, 0.519, 0.52, 0.532, 0.528, 0.517, 0.548, 0.529, 0.533, 0.549, 0.524, 0.533, 0.549, 0.537, 0.524, 0.529, 0.523, 0.511, 0.509, 0.52, 0.499, 0.506, 0.498, 0.506, 0.511, 0.497, 0.499, 0.508, 0.486, 0.495, 0.505, 0.509, 0.504, 0.485, 0.486, 0.501, 0.505, 0.506, 0.48, 0.486, 0.517, 0.511, 0.513, 0.51, 0.509, 0.52, 0.516, 0.524, 0.552, 0.534, 0.527, 0.53, 0.536, 0.519, 0.543, 0.555, 0.542, 0.53, 0.529, 0.531, 0.532, 0.527, 0.529, 0.52, 0.53, 0.496, 0.501, 0.52, 0.503, 0.504, 0.497, 0.484, 0.5, 0.496, 0.522, 0.494, 0.506, 0.492, 0.507, 0.487, 0.484, 0.485, 0.493, 0.498, 0.494, 0.516, 0.48, 0.52, 0.514, 0.537, 0.522, 0.525, 0.54, 0.521, 0.533, 0.544, 0.538, 0.549, 0.532, 0.532, 0.545, 0.528, 0.528, 0.533, 0.536, 0.538, 0.526, 0.529, 0.535, 0.526, 0.511, 0.515, 0.526, 0.511, 0.5, 0.52, 0.511, 0.508, 0.491, 0.485, 0.505, 0.485, 0.478, 0.501, 0.512, 0.483, 0.516, 0.494, 0.509, 0.519, 0.51, 0.521, 0.514, 0.53, 0.538, 0.524, 0.523, 0.527, 0.538, 0.524, 0.542, 0.539, 0.542, 0.538, 0.545, 0.528, 0.509, 0.54, 0.519, 0.531, 0.516, 0.533, 0.513, 0.51, 0.522, 0.517, 0.515, 0.495, 0.491]"
-5.0,20.0,1.0,3.0,0.6793,-1.4163,0.0062,"[0.677, 0.7, 0.671, 0.667, 0.67, 0.667, 0.686, 0.692, 0.68, 0.679, 0.675, 0.694, 0.685, 0.692, 0.66, 0.69, 0.682, 0.688, 0.692, 0.667, 0.679, 0.665, 0.691, 0.666, 0.658, 0.665, 0.669, 0.667, 0.677, 0.684, 0.662, 0.688, 0.678, 0.687, 0.677, 0.686, 0.664, 0.676, 0.668, 0.682, 0.681, 0.684, 0.682, 0.684, 0.678, 0.671, 0.686, 0.668, 0.671, 0.682, 0.674, 0.672, 0.689, 0.649, 0.684, 0.654, 0.675, 0.685, 0.681, 0.669, 0.68, 0.667, 0.662, 0.666, 0.666, 0.682, 0.702, 0.679, 0.67, 0.662, 0.668, 0.664, 0.665, 0.669, 0.674, 0.666, 0.687, 0.688, 0.674, 0.655, 0.678, 0.683, 0.665, 0.661, 0.691, 0.668, 0.669, 0.666, 0.668, 0.67, 0.674, 0.663, 0.65, 0.678, 0.668, 0.662, 0.675, 0.674, 0.685, 0.649, 0.674, 0.67, 0.665, 0.683, 0.678, 0.674, 0.666, 0.684, 0.656, 0.685, 0.666, 0.672, 0.688, 0.688, 0.678, 0.678, 0.672, 0.685, 0.68, 0.682, 0.665, 0.677, 0.674, 0.667, 0.675, 0.69, 0.68, 0.674, 0.671, 0.671, 0.677, 0.675, 0.686, 0.671, 0.686, 0.67, 0.686, 0.697, 0.698, 0.687, 0.697, 0.666, 0.666, 0.677, 0.681, 0.675, 0.677, 0.685, 0.673, 0.67, 0.68, 0.679, 0.671, 0.671, 0.681, 0.668, 0.661, 0.662, 0.663, 0.663]"
-5.0,20.0,2.0,0.0,0.2699,-1.8201,0.2098,"[0.284, 0.291, 0.301, 0.315, 0.308, 0.327, 0.331, 0.343, 0.316, 0.346, 0.346, 0.335, 0.336, 0.332, 0.333, 0.34, 0.323, 0.338, 0.305, 0.289, 0.289, 0.29, 0.286, 0.279, 0.255, 0.258, 0.248, 0.258, 0.233, 0.238, 0.231, 0.24, 0.229, 0.213, 0.244, 0.228, 0.243, 0.236, 0.238, 0.245, 0.231, 0.246, 0.268, 0.29, 0.272, 0.296, 0.308, 0.312, 0.308, 0.323, 0.308, 0.352, 0.359, 0.341, 0.34, 0.345, 0.358, 0.342, 0.33, 0.339, 0.331, 0.325, 0.32, 0.302, 0.294, 0.274, 0.282, 0.272, 0.263, 0.269, 0.27, 0.233, 0.251, 0.228, 0.228, 0.22, 0.216, 0.236, 0.216, 0.239, 0.234, 0.237, 0.228, 0.264, 0.249, 0.247, 0.261, 0.269, 0.279, 0.291, 0.294, 0.294, 0.3, 0.32, 0.302, 0.349, 0.333, 0.347, 0.338, 0.355, 0.334, 0.36, 0.338, 0.319, 0.322, 0.326, 0.312, 0.322, 0.291, 0.284, 0.277, 0.28, 0.275, 0.249, 0.261, 0.254, 0.24, 0.225, 0.233, 0.22, 0.228, 0.217, 0.217, 0.211, 0.231, 0.228, 0.243, 0.257, 0.242, 0.242, 0.267, 0.284, 0.269, 0.278, 0.292, 0.319, 0.304, 0.324, 0.323, 0.343, 0.339, 0.345, 0.339, 0.333, 0.348, 0.347, 0.332, 0.333, 0.336, 0.307, 0.315, 0.312, 0.303, 0.301, 0.268, 0.279, 0.256, 0.27, 0.252, 0.238]"
-5.0,20.0,2.0,3.0,0.3571,-1.4295,0.016,"[0.368, 0.36, 0.343, 0.376, 0.368, 0.372, 0.347, 0.39, 0.371, 0.387, 0.363, 0.366, 0.367, 0.35, 0.367, 0.365, 0.364, 0.361, 0.362, 0.378, 0.358, 0.36, 0.369, 0.367, 0.366, 0.362, 0.351, 0.35, 0.365, 0.357, 0.365, 0.363, 0.377, 0.359, 0.369, 0.35, 0.368, 0.37, 0.373, 0.358, 0.371, 0.377, 0.358, 0.365, 0.367, 0.358, 0.36, 0.357, 0.365, 0.356, 0.353, 0.382, 0.368, 0.352, 0.351, 0.34, 0.353, 0.35, 0.362, 0.36, 0.349, 0.371, 0.349, 0.37, 0.353, 0.372, 0.355, 0.355, 0.375, 0.351, 0.374, 0.359, 0.354, 0.364, 0.367, 0.351, 0.362, 0.365, 0.351, 0.37, 0.37, 0.365, 0.365, 0.364, 0.356, 0.364, 0.379, 0.333, 0.353, 0.355, 0.353, 0.351, 0.364, 0.375, 0.359, 0.379, 0.381, 0.371, 0.359, 0.349, 0.365, 0.37, 0.367, 0.379, 0.386, 0.374, 0.363, 0.356, 0.354, 0.374, 0.357, 0.358, 0.358, 0.366, 0.356, 0.377, 0.349, 0.377, 0.354, 0.349, 0.366, 0.369, 0.365, 0.365, 0.367, 0.362, 0.354, 0.352, 0.366, 0.368, 0.371, 0.356, 0.373, 0.381, 0.362, 0.348, 0.351, 0.357, 0.343, 0.364, 0.367, 0.366, 0.349, 0.343, 0.37, 0.385, 0.377, 0.362, 0.354, 0.357, 0.368, 0.357, 0.359, 0.362, 0.374, 0.376, 0.377, 0.35, 0.36, 0.366]"
-5.0,22.5,0.5,0.0,1.1528,-1.6884,0.0005,"[1.158, 1.126, 1.126, 1.124, 1.132, 1.152, 1.128, 1.137, 1.159, 1.139, 1.144, 1.129, 1.132, 1.141, 1.145, 1.12, 1.138, 1.131, 1.118, 1.13, 1.139, 1.136, 1.145, 1.14, 1.126, 1.127, 1.145, 1.142, 1.144, 1.132, 1.151, 1.135, 1.162, 1.136, 1.139, 1.149, 1.126, 1.135, 1.126, 1.136, 1.12, 1.149, 1.143, 1.132, 1.14, 1.14, 1.142, 1.126, 1.141, 1.125, 1.145, 1.14, 1.13, 1.149, 1.149, 1.128, 1.125, 1.126, 1.137, 1.129, 1.137, 1.146, 1.152, 1.12, 1.111, 1.132, 1.123, 1.128, 1.133, 1.143, 1.136, 1.129, 1.137, 1.134, 1.131, 1.125, 1.131, 1.14, 1.141, 1.124, 1.131, 1.125, 1.143, 1.135, 1.126, 1.13, 1.112, 1.131, 1.139, 1.139, 1.129, 1.134, 1.14, 1.144, 1.132, 1.142, 1.125, 1.139, 1.137, 1.117, 1.134, 1.148, 1.123, 1.137, 1.142, 1.144, 1.138, 1.13, 1.143, 1.134, 1.122, 1.133, 1.117, 1.136, 1.134, 1.123, 1.158, 1.123, 1.138, 1.134, 1.129, 1.131, 1.127, 1.138, 1.15, 1.153, 1.141, 1.128, 1.139, 1.136, 1.139, 1.121, 1.118, 1.147, 1.134, 1.131, 1.137, 1.12, 1.15, 1.122, 1.118, 1.148, 1.163, 1.124, 1.139, 1.165, 1.118, 1.136, 1.145, 1.129, 1.148, 1.141, 1.124, 1.122, 1.128, 1.13, 1.135, 1.154, 1.129, 1.136]"
-5.0,22.5,0.5,3.0,1.3133,-1.3155,0.0173,"[1.31, 1.296, 1.31, 1.335, 1.305, 1.323, 1.305, 1.321, 1.323, 1.307, 1.306, 1.319, 1.32, 1.321, 1.313, 1.302, 1.311, 1.301, 1.318, 1.302, 1.304, 1.311, 1.326, 1.3, 1.306, 1.307, 1.317, 1.303, 1.3, 1.304, 1.316, 1.296, 1.323, 1.32, 1.319, 1.316, 1.313, 1.304, 1.308, 1.307, 1.298, 1.327, 1.3, 1.307, 1.309, 1.315, 1.308, 1.305, 1.322, 1.345, 1.334, 1.313, 1.295, 1.295, 1.322, 1.313, 1.314, 1.315, 1.305, 1.312, 1.318, 1.328, 1.329, 1.32, 1.308, 1.314, 1.325, 1.331, 1.325, 1.307, 1.324, 1.306, 1.323, 1.325, 1.321, 1.307, 1.302, 1.309, 1.318, 1.304, 1.295, 1.327, 1.3, 1.314, 1.316, 1.304, 1.311, 1.328, 1.295, 1.323, 1.313, 1.304, 1.316, 1.308, 1.314, 1.32, 1.321, 1.308, 1.32, 1.332, 1.3, 1.304, 1.298, 1.33, 1.312, 1.31, 1.318, 1.321, 1.314, 1.326, 1.311, 1.3, 1.327, 1.31, 1.296, 1.282, 1.297, 1.306, 1.312, 1.315, 1.297, 1.309, 1.306, 1.316, 1.32, 1.328, 1.326, 1.299, 1.314, 1.31, 1.311, 1.311, 1.328, 1.319, 1.313, 1.314, 1.3, 1.319, 1.31, 1.304, 1.299, 1.331, 1.307, 1.321, 1.316, 1.325, 1.296, 1.325, 1.327, 1.303, 1.32, 1.303, 1.309, 1.302, 1.318, 1.309, 1.312, 1.302, 1.321, 1.31]"
-5.0,22.5,1.0,0.0,0.5964,-1.7001,0.0073,"[0.583, 0.59, 0.591, 0.609, 0.609, 0.601, 0.614, 0.59, 0.602, 0.599, 0.6, 0.586, 0.596, 0.591, 0.584, 0.6, 0.577, 0.606, 0.594, 0.582, 0.59, 0.592, 0.603, 0.605, 0.589, 0.59, 0.609, 0.574, 0.575, 0.604, 0.587, 0.596, 0.604, 0.57, 0.603, 0.597, 0.575, 0.585, 0.591, 0.598, 0.581, 0.6, 0.593, 0.584, 0.588, 0.599, 0.588, 0.591, 0.591, 0.579, 0.59, 0.593, 0.595, 0.602, 0.586, 0.604, 0.591, 0.594, 0.578, 0.583, 0.603, 0.584, 0.582, 0.593, 0.599, 0.59, 0.571, 0.577, 0.604, 0.596, 0.573, 0.587, 0.607, 0.589, 0.582, 0.575, 0.585, 0.598, 0.611, 0.603, 0.595, 0.59, 0.581, 0.59, 0.575, 0.602, 0.595, 0.593, 0.58, 0.598, 0.592, 0.599, 0.595, 0.605, 0.573, 0.598, 0.604, 0.597, 0.595, 0.608, 0.582, 0.582, 0.594, 0.601, 0.596, 0.605, 0.608, 0.587, 0.597, 0.597, 0.596, 0.585, 0.585, 0.588, 0.6, 0.573, 0.595, 0.58, 0.596, 0.586, 0.597, 0.601, 0.564, 0.583, 0.592, 0.587, 0.576, 0.594, 0.58, 0.606, 0.589, 0.59, 0.606, 0.582, 0.583, 0.594, 0.6, 0.588, 0.577, 0.594, 0.593, 0.59, 0.594, 0.603, 0.593, 0.596, 0.596, 0.594, 0.588, 0.593, 0.601, 0.583, 0.576, 0.596, 0.583, 0.595, 0.574, 0.582, 0.592, 0.586]"
-5.0,22.5,1.0,3.0,0.6731,-1.3015,0.0003,"[0.679, 0.678, 0.678, 0.689, 0.685, 0.676, 0.695, 0.697, 0.681, 0.67, 0.676, 0.679, 0.684, 0.697, 0.696, 0.684, 0.653, 0.669, 0.668, 0.693, 0.67, 0.663, 0.699, 0.676, 0.682, 0.684, 0.688, 0.665, 0.668, 0.695, 0.67, 0.679, 0.699, 0.697, 0.686, 0.675, 0.685, 0.671, 0.688, 0.688, 0.669, 0.711, 0.688, 0.674, 0.696, 0.682, 0.68, 0.675, 0.69, 0.696, 0.679, 0.683, 0.674, 0.678, 0.688, 0.691, 0.68, 0.679, 0.681, 0.675, 0.689, 0.684, 0.686, 0.671, 0.691, 0.674, 0.677, 0.672, 0.675, 0.68, 0.679, 0.675, 0.695, 0.689, 0.687, 0.693, 0.677, 0.684, 0.681, 0.662, 0.689, 0.678, 0.682, 0.675, 0.681, 0.706, 0.656, 0.69, 0.702, 0.662, 0.675, 0.687, 0.677, 0.675, 0.688, 0.657, 0.689, 0.689, 0.692, 0.686, 0.69, 0.681, 0.664, 0.676, 0.679, 0.679, 0.674, 0.676, 0.688, 0.684, 0.672, 0.687, 0.683, 0.666, 0.682, 0.687, 0.672, 0.682, 0.671, 0.674, 0.684, 0.695, 0.686, 0.673, 0.687, 0.68, 0.692, 0.684, 0.67, 0.681, 0.681, 0.662, 0.684, 0.705, 0.676, 0.653, 0.676, 0.705, 0.671, 0.693, 0.674, 0.684, 0.68, 0.672, 0.672, 0.692, 0.694, 0.685, 0.672, 0.68, 0.679, 0.686, 0.68, 0.676, 0.676, 0.68, 0.696, 0.699, 0.686, 0.684]"
-5.0,22.5,2.0,0.0,0.3273,-1.7223,0.0927,"[0.331, 0.322, 0.321, 0.33, 0.344, 0.344, 0.342, 0.341, 0.336, 0.342, 0.339, 0.336, 0.337, 0.341, 0.346, 0.34, 0.335, 0.338, 0.32, 0.307, 0.31, 0.326, 0.335, 0.311, 0.316, 0.293, 0.291, 0.303, 0.316, 0.3, 0.283, 0.294, 0.285, 0.302, 0.291, 0.312, 0.294, 0.297, 0.325, 0.297, 0.327, 0.309, 0.311, 0.334, 0.329, 0.321, 0.329, 0.321, 0.324, 0.344, 0.335, 0.358, 0.336, 0.332, 0.341, 0.336, 0.336, 0.329, 0.338, 0.331, 0.341, 0.348, 0.317, 0.319, 0.341, 0.296, 0.326, 0.314, 0.287, 0.297, 0.32, 0.304, 0.292, 0.288, 0.281, 0.302, 0.312, 0.308, 0.303, 0.31, 0.306, 0.318, 0.299, 0.306, 0.315, 0.311, 0.345, 0.328, 0.334, 0.346, 0.333, 0.326, 0.334, 0.338, 0.346, 0.334, 0.342, 0.342, 0.338, 0.354, 0.339, 0.334, 0.341, 0.331, 0.299, 0.333, 0.306, 0.314, 0.3, 0.31, 0.295, 0.302, 0.309, 0.287, 0.289, 0.283, 0.314, 0.297, 0.298, 0.292, 0.297, 0.286, 0.315, 0.303, 0.316, 0.323, 0.345, 0.313, 0.33, 0.328, 0.315, 0.363, 0.33, 0.342, 0.343, 0.347, 0.382, 0.346, 0.341, 0.345, 0.34, 0.348, 0.346, 0.333, 0.335, 0.34, 0.323, 0.329, 0.313, 0.317, 0.297, 0.297, 0.319, 0.304, 0.299, 0.312, 0.305, 0.297, 0.294, 0.305]"
-5.0,22.5,2.0,3.0,0.3601,-1.345,0.0174,"[0.358, 0.369, 0.363, 0.36, 0.362, 0.369, 0.358, 0.358, 0.344, 0.376, 0.369, 0.374, 0.355, 0.368, 0.368, 0.368, 0.361, 0.357, 0.37, 0.363, 0.363, 0.356, 0.363, 0.378, 0.374, 0.367, 0.37, 0.35, 0.385, 0.387, 0.355, 0.363, 0.369, 0.37, 0.36, 0.367, 0.37, 0.355, 0.362, 0.375, 0.377, 0.372, 0.372, 0.363, 0.363, 0.367, 0.357, 0.363, 0.366, 0.381, 0.385, 0.385, 0.354, 0.38, 0.368, 0.36, 0.363, 0.352, 0.365, 0.374, 0.354, 0.357, 0.363, 0.381, 0.343, 0.371, 0.369, 0.371, 0.344, 0.358, 0.36, 0.35, 0.384, 0.372, 0.375, 0.373, 0.35, 0.349, 0.377, 0.354, 0.369, 0.355, 0.357, 0.364, 0.354, 0.342, 0.366, 0.39, 0.372, 0.353, 0.359, 0.364, 0.366, 0.356, 0.378, 0.359, 0.367, 0.383, 0.364, 0.387, 0.37, 0.36, 0.363, 0.359, 0.35, 0.329, 0.356, 0.344, 0.355, 0.377, 0.361, 0.382, 0.36, 0.374, 0.364, 0.361, 0.38, 0.388, 0.361, 0.354, 0.365, 0.369, 0.371, 0.367, 0.357, 0.386, 0.357, 0.364, 0.377, 0.355, 0.365, 0.371, 0.368, 0.37, 0.363, 0.368, 0.358, 0.349, 0.359, 0.366, 0.371, 0.378, 0.381, 0.351, 0.355, 0.361, 0.369, 0.365, 0.373, 0.369, 0.373, 0.351, 0.367, 0.367, 0.368, 0.365, 0.382, 0.366, 0.354, 0.354]"
-5.0,25.0,0.5,0.0,1.2298,-1.5244,0.0092,"[1.242, 1.221, 1.231, 1.223, 1.224, 1.22, 1.232, 1.225, 1.223, 1.222, 1.237, 1.218, 1.221, 1.22, 1.234, 1.243, 1.22, 1.241, 1.238, 1.217, 1.229, 1.216, 1.223, 1.212, 1.222, 1.224, 1.217, 1.231, 1.238, 1.232, 1.214, 1.239, 1.228, 1.218, 1.225, 1.239, 1.226, 1.221, 1.225, 1.213, 1.218, 1.233, 1.225, 1.223, 1.226, 1.234, 1.253, 1.197, 1.226, 1.223, 1.239, 1.225, 1.222, 1.224, 1.241, 1.209, 1.229, 1.231, 1.243, 1.214, 1.221, 1.231, 1.223, 1.21, 1.236, 1.227, 1.218, 1.216, 1.23, 1.214, 1.231, 1.256, 1.214, 1.244, 1.239, 1.221, 1.223, 1.222, 1.23, 1.227, 1.223, 1.22, 1.219, 1.235, 1.217, 1.22, 1.234, 1.222, 1.219, 1.223, 1.245, 1.217, 1.239, 1.22, 1.23, 1.221, 1.235, 1.213, 1.218, 1.22, 1.229, 1.227, 1.209, 1.216, 1.244, 1.227, 1.206, 1.233, 1.227, 1.23, 1.232, 1.217, 1.231, 1.236, 1.223, 1.239, 1.209, 1.233, 1.216, 1.204, 1.214, 1.208, 1.241, 1.219, 1.231, 1.221, 1.243, 1.221, 1.229, 1.218, 1.234, 1.225, 1.232, 1.211, 1.231, 1.227, 1.21, 1.206, 1.24, 1.231, 1.232, 1.242, 1.235, 1.24, 1.215, 1.227, 1.253, 1.233, 1.196, 1.229, 1.221, 1.217, 1.238, 1.222, 1.229, 1.219, 1.23, 1.233, 1.23, 1.223]"
-5.0,25.0,0.5,3.0,1.3266,-1.1779,0.0045,"[1.315, 1.307, 1.3, 1.302, 1.301, 1.302, 1.322, 1.328, 1.313, 1.319, 1.325, 1.324, 1.322, 1.329, 1.324, 1.309, 1.321, 1.337, 1.316, 1.325, 1.337, 1.313, 1.305, 1.318, 1.313, 1.319, 1.306, 1.306, 1.316, 1.313, 1.334, 1.311, 1.314, 1.323, 1.345, 1.316, 1.328, 1.314, 1.305, 1.31, 1.315, 1.335, 1.327, 1.326, 1.314, 1.312, 1.309, 1.326, 1.328, 1.327, 1.305, 1.31, 1.339, 1.325, 1.329, 1.317, 1.327, 1.314, 1.324, 1.317, 1.317, 1.318, 1.296, 1.306, 1.33, 1.324, 1.324, 1.305, 1.313, 1.329, 1.304, 1.311, 1.303, 1.324, 1.311, 1.33, 1.32, 1.322, 1.323, 1.333, 1.325, 1.329, 1.312, 1.311, 1.303, 1.323, 1.314, 1.317, 1.318, 1.323, 1.312, 1.321, 1.306, 1.33, 1.296, 1.307, 1.325, 1.324, 1.324, 1.305, 1.288, 1.332, 1.318, 1.324, 1.309, 1.318, 1.302, 1.315, 1.327, 1.297, 1.34, 1.304, 1.312, 1.315, 1.34, 1.316, 1.324, 1.306, 1.313, 1.318, 1.299, 1.306, 1.313, 1.323, 1.318, 1.325, 1.309, 1.331, 1.325, 1.314, 1.313, 1.313, 1.309, 1.313, 1.317, 1.32, 1.327, 1.32, 1.304, 1.317, 1.325, 1.337, 1.317, 1.318, 1.317, 1.32, 1.31, 1.328, 1.321, 1.341, 1.317, 1.326, 1.314, 1.321, 1.324, 1.336, 1.314, 1.314, 1.318, 1.301]"
-5.0,25.0,1.0,0.0,0.6497,-1.5914,0.0037,"[0.634, 0.637, 0.645, 0.643, 0.628, 0.647, 0.641, 0.636, 0.634, 0.644, 0.628, 0.627, 0.649, 0.641, 0.643, 0.636, 0.644, 0.631, 0.643, 0.627, 0.649, 0.648, 0.635, 0.634, 0.644, 0.628, 0.632, 0.65, 0.635, 0.641, 0.625, 0.643, 0.653, 0.641, 0.651, 0.631, 0.66, 0.637, 0.629, 0.622, 0.645, 0.65, 0.621, 0.644, 0.636, 0.649, 0.631, 0.645, 0.658, 0.633, 0.63, 0.658, 0.64, 0.637, 0.632, 0.65, 0.636, 0.637, 0.633, 0.639, 0.642, 0.651, 0.627, 0.634, 0.656, 0.639, 0.644, 0.635, 0.635, 0.647, 0.635, 0.645, 0.649, 0.623, 0.639, 0.638, 0.644, 0.65, 0.634, 0.648, 0.647, 0.64, 0.641, 0.636, 0.63, 0.646, 0.642, 0.641, 0.651, 0.632, 0.636, 0.615, 0.643, 0.629, 0.64, 0.622, 0.64, 0.641, 0.637, 0.636, 0.632, 0.653, 0.628, 0.656, 0.636, 0.653, 0.639, 0.646, 0.627, 0.621, 0.652, 0.653, 0.631, 0.656, 0.619, 0.638, 0.633, 0.637, 0.651, 0.621, 0.641, 0.623, 0.63, 0.643, 0.639, 0.64, 0.625, 0.65, 0.631, 0.648, 0.637, 0.648, 0.657, 0.637, 0.658, 0.645, 0.641, 0.627, 0.633, 0.642, 0.635, 0.642, 0.642, 0.627, 0.633, 0.652, 0.633, 0.625, 0.63, 0.646, 0.633, 0.625, 0.635, 0.644, 0.631, 0.643, 0.642, 0.64, 0.629, 0.627]"
-5.0,25.0,1.0,3.0,0.6875,-1.1613,0.0107,"[0.688, 0.691, 0.678, 0.694, 0.681, 0.682, 0.7, 0.691, 0.677, 0.689, 0.681, 0.684, 0.687, 0.667, 0.68, 0.681, 0.686, 0.67, 0.669, 0.686, 0.696, 0.687, 0.71, 0.682, 0.683, 0.677, 0.698, 0.677, 0.685, 0.661, 0.697, 0.692, 0.682, 0.682, 0.687, 0.705, 0.679, 0.688, 0.671, 0.694, 0.696, 0.675, 0.681, 0.697, 0.686, 0.669, 0.695, 0.68, 0.673, 0.691, 0.707, 0.685, 0.682, 0.668, 0.671, 0.663, 0.675, 0.676, 0.676, 0.681, 0.683, 0.673, 0.683, 0.69, 0.694, 0.689, 0.698, 0.669, 0.654, 0.689, 0.7, 0.669, 0.682, 0.679, 0.701, 0.689, 0.682, 0.695, 0.686, 0.676, 0.695, 0.669, 0.681, 0.681, 0.708, 0.668, 0.673, 0.692, 0.676, 0.687, 0.681, 0.677, 0.685, 0.69, 0.675, 0.672, 0.681, 0.678, 0.69, 0.685, 0.688, 0.684, 0.678, 0.699, 0.687, 0.668, 0.688, 0.67, 0.688, 0.697, 0.686, 0.706, 0.67, 0.693, 0.681, 0.673, 0.699, 0.682, 0.684, 0.684, 0.71, 0.691, 0.696, 0.675, 0.675, 0.677, 0.68, 0.674, 0.681, 0.697, 0.685, 0.665, 0.698, 0.668, 0.696, 0.683, 0.71, 0.701, 0.691, 0.684, 0.699, 0.685, 0.69, 0.686, 0.677, 0.688, 0.676, 0.692, 0.684, 0.679, 0.677, 0.701, 0.673, 0.687, 0.672, 0.688, 0.681, 0.685, 0.68, 0.663]"
-5.0,25.0,2.0,0.0,0.3461,-1.5487,0.0199,"[0.345, 0.348, 0.35, 0.348, 0.341, 0.357, 0.353, 0.33, 0.346, 0.357, 0.368, 0.352, 0.337, 0.333, 0.35, 0.347, 0.351, 0.336, 0.348, 0.344, 0.335, 0.359, 0.351, 0.34, 0.327, 0.344, 0.332, 0.345, 0.342, 0.328, 0.338, 0.348, 0.322, 0.342, 0.356, 0.329, 0.323, 0.369, 0.319, 0.343, 0.356, 0.359, 0.349, 0.362, 0.346, 0.344, 0.351, 0.354, 0.355, 0.341, 0.351, 0.34, 0.348, 0.356, 0.354, 0.368, 0.342, 0.357, 0.366, 0.368, 0.354, 0.329, 0.332, 0.332, 0.342, 0.359, 0.337, 0.331, 0.35, 0.333, 0.348, 0.334, 0.347, 0.341, 0.336, 0.326, 0.341, 0.329, 0.346, 0.353, 0.35, 0.345, 0.346, 0.355, 0.342, 0.351, 0.336, 0.343, 0.353, 0.337, 0.352, 0.357, 0.343, 0.353, 0.335, 0.353, 0.343, 0.337, 0.342, 0.333, 0.351, 0.344, 0.352, 0.323, 0.349, 0.323, 0.338, 0.362, 0.322, 0.338, 0.327, 0.332, 0.328, 0.312, 0.345, 0.34, 0.332, 0.354, 0.348, 0.344, 0.35, 0.351, 0.346, 0.352, 0.351, 0.345, 0.343, 0.343, 0.341, 0.349, 0.356, 0.359, 0.352, 0.36, 0.337, 0.359, 0.357, 0.332, 0.334, 0.338, 0.348, 0.32, 0.344, 0.346, 0.358, 0.354, 0.334, 0.332, 0.349, 0.35, 0.343, 0.326, 0.338, 0.333, 0.327, 0.343, 0.332, 0.365, 0.333, 0.32]"
-5.0,25.0,2.0,3.0,0.3519,-1.2173,0.0002,"[0.362, 0.356, 0.353, 0.361, 0.357, 0.369, 0.365, 0.368, 0.358, 0.365, 0.377, 0.349, 0.358, 0.364, 0.362, 0.382, 0.351, 0.338, 0.379, 0.352, 0.359, 0.37, 0.38, 0.36, 0.361, 0.355, 0.367, 0.382, 0.361, 0.358, 0.366, 0.373, 0.375, 0.365, 0.383, 0.373, 0.367, 0.367, 0.346, 0.361, 0.357, 0.364, 0.358, 0.353, 0.376, 0.35, 0.391, 0.356, 0.366, 0.353, 0.357, 0.375, 0.359, 0.36, 0.377, 0.386, 0.363, 0.348, 0.363, 0.364, 0.367, 0.373, 0.375, 0.359, 0.368, 0.369, 0.385, 0.376, 0.36, 0.355, 0.362, 0.368, 0.364, 0.358, 0.358, 0.376, 0.348, 0.379, 0.367, 0.359, 0.367, 0.377, 0.37, 0.361, 0.362, 0.365, 0.372, 0.351, 0.362, 0.366, 0.367, 0.363, 0.368, 0.347, 0.349, 0.381, 0.366, 0.365, 0.349, 0.346, 0.371, 0.38, 0.357, 0.37, 0.378, 0.364, 0.379, 0.363, 0.37, 0.385, 0.374, 0.366, 0.361, 0.378, 0.373, 0.374, 0.368, 0.375, 0.358, 0.36, 0.358, 0.373, 0.36, 0.359, 0.368, 0.357, 0.372, 0.361, 0.381, 0.381, 0.384, 0.356, 0.364, 0.378, 0.384, 0.352, 0.374, 0.369, 0.37, 0.357, 0.363, 0.377, 0.377, 0.369, 0.38, 0.376, 0.383, 0.373, 0.396, 0.364, 0.387, 0.357, 0.366, 0.374, 0.341, 0.362, 0.389, 0.382, 0.352, 0.351]"
-4.0,5.0,0.5,0.0,0.1561,-2.3385,0.0126,"[0.155, 0.157, 0.165, 0.16, 0.123, 0.142, 0.133, 0.17, 0.143, 0.139, 0.154, 0.144, 0.158, 0.141, 0.156, 0.121, 0.172, 0.154, 0.15, 0.142, 0.146, 0.146, 0.145, 0.15, 0.145, 0.146, 0.143, 0.145, 0.149, 0.148, 0.146, 0.144, 0.152, 0.14, 0.129, 0.146, 0.156, 0.152, 0.155, 0.143, 0.151, 0.167, 0.135, 0.152, 0.143, 0.16, 0.147, 0.144, 0.133, 0.137, 0.143, 0.156, 0.162, 0.145, 0.143, 0.15, 0.149, 0.145, 0.146, 0.15, 0.158, 0.14, 0.134, 0.149, 0.138, 0.161, 0.15, 0.145, 0.146, 0.151, 0.153, 0.172, 0.136, 0.156, 0.169, 0.151, 0.147, 0.143, 0.146, 0.146, 0.159, 0.159, 0.142, 0.16, 0.149, 0.149, 0.156, 0.145, 0.148, 0.15, 0.162, 0.128, 0.149, 0.137, 0.159, 0.135, 0.158, 0.141, 0.167, 0.137, 0.149, 0.152, 0.145, 0.133, 0.15, 0.129, 0.15, 0.149, 0.141, 0.122, 0.125, 0.138, 0.144, 0.151, 0.148, 0.133, 0.162, 0.158, 0.145, 0.156, 0.138, 0.143, 0.126, 0.139, 0.143, 0.154, 0.155, 0.135, 0.137, 0.143, 0.16, 0.156, 0.15, 0.151, 0.148, 0.151, 0.138, 0.141, 0.138, 0.158, 0.164, 0.146, 0.163, 0.154, 0.146, 0.127, 0.169, 0.156, 0.146, 0.147, 0.161, 0.143, 0.132, 0.161, 0.141, 0.142, 0.13, 0.161, 0.156, 0.129]"
-4.0,5.0,0.5,3.0,0.8529,-1.8783,0.0021,"[0.837, 0.825, 0.837, 0.828, 0.854, 0.818, 0.84, 0.833, 0.836, 0.84, 0.847, 0.843, 0.842, 0.84, 0.855, 0.85, 0.836, 0.829, 0.844, 0.844, 0.835, 0.835, 0.847, 0.865, 0.856, 0.835, 0.843, 0.846, 0.848, 0.86, 0.84, 0.834, 0.844, 0.834, 0.843, 0.836, 0.85, 0.856, 0.831, 0.832, 0.832, 0.839, 0.852, 0.828, 0.845, 0.859, 0.834, 0.836, 0.836, 0.857, 0.844, 0.851, 0.837, 0.851, 0.841, 0.86, 0.851, 0.859, 0.854, 0.834, 0.859, 0.859, 0.829, 0.842, 0.835, 0.846, 0.844, 0.848, 0.836, 0.828, 0.831, 0.85, 0.834, 0.827, 0.834, 0.851, 0.833, 0.847, 0.843, 0.844, 0.846, 0.828, 0.845, 0.839, 0.839, 0.838, 0.84, 0.846, 0.85, 0.851, 0.877, 0.843, 0.855, 0.837, 0.833, 0.838, 0.834, 0.854, 0.86, 0.849, 0.842, 0.843, 0.846, 0.86, 0.852, 0.861, 0.84, 0.841, 0.846, 0.834, 0.852, 0.837, 0.83, 0.865, 0.856, 0.848, 0.852, 0.851, 0.841, 0.86, 0.857, 0.851, 0.828, 0.829, 0.848, 0.856, 0.832, 0.854, 0.837, 0.847, 0.841, 0.839, 0.841, 0.848, 0.857, 0.837, 0.839, 0.848, 0.848, 0.833, 0.819, 0.83, 0.837, 0.842, 0.851, 0.829, 0.84, 0.858, 0.837, 0.854, 0.851, 0.856, 0.836, 0.843, 0.838, 0.855, 0.843, 0.843, 0.818, 0.827]"
-4.0,5.0,1.0,0.0,0.0854,-2.3943,0.0058,"[0.126, 0.096, 0.106, 0.104, 0.109, 0.107, 0.087, 0.088, 0.098, 0.105, 0.117, 0.106, 0.095, 0.097, 0.107, 0.095, 0.106, 0.079, 0.087, 0.104, 0.12, 0.092, 0.104, 0.113, 0.103, 0.098, 0.113, 0.086, 0.078, 0.085, 0.081, 0.09, 0.097, 0.093, 0.074, 0.096, 0.098, 0.105, 0.109, 0.105, 0.071, 0.091, 0.093, 0.087, 0.114, 0.094, 0.088, 0.103, 0.083, 0.089, 0.102, 0.089, 0.115, 0.104, 0.099, 0.101, 0.084, 0.098, 0.086, 0.111, 0.119, 0.086, 0.093, 0.1, 0.11, 0.119, 0.098, 0.113, 0.1, 0.094, 0.083, 0.091, 0.098, 0.094, 0.126, 0.101, 0.096, 0.083, 0.094, 0.093, 0.097, 0.117, 0.105, 0.102, 0.096, 0.095, 0.101, 0.104, 0.105, 0.107, 0.107, 0.085, 0.101, 0.11, 0.093, 0.09, 0.08, 0.089, 0.096, 0.11, 0.084, 0.11, 0.099, 0.083, 0.105, 0.105, 0.101, 0.102, 0.106, 0.1, 0.108, 0.086, 0.102, 0.102, 0.109, 0.105, 0.094, 0.104, 0.09, 0.089, 0.098, 0.088, 0.096, 0.105, 0.108, 0.088, 0.078, 0.089, 0.095, 0.121, 0.091, 0.116, 0.106, 0.098, 0.097, 0.11, 0.093, 0.117, 0.104, 0.095, 0.1, 0.11, 0.116, 0.102, 0.094, 0.101, 0.087, 0.106, 0.092, 0.094, 0.108, 0.107, 0.09, 0.101, 0.099, 0.092, 0.101, 0.098, 0.096, 0.108]"
-4.0,5.0,1.0,3.0,0.4513,-1.9469,0.0102,"[0.433, 0.448, 0.438, 0.44, 0.453, 0.431, 0.452, 0.461, 0.449, 0.454, 0.473, 0.449, 0.45, 0.457, 0.441, 0.439, 0.446, 0.443, 0.434, 0.433, 0.433, 0.441, 0.436, 0.452, 0.461, 0.451, 0.439, 0.468, 0.44, 0.442, 0.444, 0.456, 0.438, 0.463, 0.427, 0.439, 0.455, 0.471, 0.462, 0.452, 0.438, 0.44, 0.454, 0.454, 0.442, 0.442, 0.457, 0.454, 0.45, 0.439, 0.451, 0.442, 0.446, 0.449, 0.452, 0.427, 0.457, 0.456, 0.454, 0.45, 0.434, 0.456, 0.441, 0.44, 0.466, 0.449, 0.444, 0.442, 0.448, 0.439, 0.422, 0.435, 0.446, 0.454, 0.453, 0.453, 0.437, 0.449, 0.453, 0.453, 0.441, 0.453, 0.448, 0.443, 0.436, 0.444, 0.44, 0.436, 0.443, 0.442, 0.469, 0.455, 0.44, 0.457, 0.451, 0.433, 0.447, 0.449, 0.444, 0.428, 0.425, 0.454, 0.447, 0.439, 0.457, 0.447, 0.434, 0.448, 0.455, 0.424, 0.457, 0.458, 0.452, 0.446, 0.449, 0.437, 0.438, 0.461, 0.441, 0.442, 0.453, 0.427, 0.44, 0.441, 0.447, 0.452, 0.445, 0.447, 0.432, 0.42, 0.444, 0.437, 0.443, 0.451, 0.433, 0.46, 0.452, 0.445, 0.45, 0.44, 0.44, 0.427, 0.422, 0.445, 0.429, 0.453, 0.444, 0.44, 0.439, 0.425, 0.451, 0.451, 0.434, 0.451, 0.433, 0.43, 0.459, 0.428, 0.428, 0.438]"
-4.0,5.0,2.0,0.0,0.0723,-2.2896,0.0129,"[0.086, 0.073, 0.069, 0.083, 0.085, 0.062, 0.084, 0.069, 0.073, 0.084, 0.066, 0.085, 0.062, 0.075, 0.059, 0.07, 0.084, 0.056, 0.058, 0.084, 0.069, 0.071, 0.082, 0.081, 0.061, 0.073, 0.075, 0.072, 0.067, 0.078, 0.068, 0.075, 0.074, 0.078, 0.057, 0.076, 0.089, 0.085, 0.068, 0.078, 0.069, 0.067, 0.076, 0.072, 0.054, 0.084, 0.078, 0.083, 0.08, 0.085, 0.079, 0.063, 0.063, 0.07, 0.065, 0.051, 0.064, 0.085, 0.063, 0.076, 0.066, 0.074, 0.07, 0.066, 0.078, 0.069, 0.062, 0.073, 0.089, 0.067, 0.073, 0.082, 0.074, 0.059, 0.062, 0.055, 0.072, 0.06, 0.066, 0.077, 0.072, 0.057, 0.072, 0.073, 0.088, 0.075, 0.083, 0.093, 0.086, 0.063, 0.072, 0.103, 0.065, 0.073, 0.083, 0.078, 0.069, 0.084, 0.06, 0.07, 0.079, 0.064, 0.087, 0.081, 0.087, 0.094, 0.077, 0.06, 0.078, 0.077, 0.085, 0.066, 0.061, 0.071, 0.088, 0.077, 0.072, 0.073, 0.074, 0.086, 0.076, 0.093, 0.074, 0.074, 0.083, 0.075, 0.1, 0.068, 0.071, 0.057, 0.087, 0.093, 0.078, 0.089, 0.06, 0.082, 0.08, 0.094, 0.081, 0.081, 0.071, 0.084, 0.061, 0.071, 0.072, 0.055, 0.081, 0.059, 0.086, 0.064, 0.074, 0.082, 0.096, 0.069, 0.068, 0.085, 0.077, 0.08, 0.078, 0.074]"
-4.0,5.0,2.0,3.0,0.2364,-2.003,0.015,"[0.234, 0.239, 0.266, 0.269, 0.258, 0.23, 0.255, 0.248, 0.239, 0.263, 0.263, 0.242, 0.259, 0.243, 0.249, 0.235, 0.241, 0.234, 0.244, 0.231, 0.276, 0.243, 0.252, 0.254, 0.233, 0.254, 0.241, 0.251, 0.248, 0.245, 0.241, 0.261, 0.263, 0.255, 0.252, 0.239, 0.253, 0.244, 0.23, 0.243, 0.247, 0.258, 0.25, 0.247, 0.247, 0.258, 0.238, 0.25, 0.26, 0.249, 0.246, 0.246, 0.229, 0.25, 0.236, 0.249, 0.242, 0.268, 0.245, 0.226, 0.247, 0.234, 0.252, 0.257, 0.239, 0.251, 0.251, 0.238, 0.243, 0.262, 0.246, 0.245, 0.25, 0.245, 0.247, 0.253, 0.25, 0.275, 0.265, 0.249, 0.251, 0.237, 0.242, 0.248, 0.259, 0.252, 0.251, 0.245, 0.236, 0.241, 0.243, 0.254, 0.264, 0.24, 0.25, 0.266, 0.246, 0.257, 0.235, 0.269, 0.242, 0.24, 0.266, 0.258, 0.24, 0.253, 0.254, 0.236, 0.237, 0.258, 0.255, 0.237, 0.247, 0.255, 0.25, 0.245, 0.241, 0.253, 0.247, 0.247, 0.249, 0.257, 0.228, 0.243, 0.251, 0.25, 0.268, 0.251, 0.261, 0.257, 0.259, 0.246, 0.237, 0.268, 0.249, 0.246, 0.238, 0.255, 0.221, 0.232, 0.231, 0.236, 0.245, 0.255, 0.246, 0.258, 0.271, 0.251, 0.259, 0.256, 0.252, 0.235, 0.248, 0.239, 0.252, 0.252, 0.244, 0.255, 0.245, 0.252]"
-4.0,7.5,0.5,0.0,0.2363,-2.2902,0.0025,"[0.249, 0.244, 0.23, 0.229, 0.225, 0.237, 0.243, 0.234, 0.254, 0.217, 0.247, 0.237, 0.239, 0.21, 0.231, 0.226, 0.251, 0.232, 0.219, 0.242, 0.248, 0.245, 0.238, 0.246, 0.228, 0.241, 0.243, 0.239, 0.235, 0.229, 0.232, 0.249, 0.231, 0.235, 0.245, 0.225, 0.23, 0.22, 0.26, 0.235, 0.245, 0.26, 0.225, 0.237, 0.233, 0.235, 0.239, 0.253, 0.244, 0.255, 0.239, 0.233, 0.25, 0.233, 0.239, 0.244, 0.247, 0.238, 0.246, 0.232, 0.235, 0.244, 0.239, 0.232, 0.247, 0.241, 0.224, 0.243, 0.244, 0.238, 0.241, 0.25, 0.221, 0.247, 0.214, 0.231, 0.22, 0.253, 0.235, 0.238, 0.235, 0.237, 0.237, 0.247, 0.241, 0.231, 0.221, 0.251, 0.243, 0.236, 0.249, 0.26, 0.239, 0.252, 0.239, 0.256, 0.24, 0.234, 0.252, 0.24, 0.239, 0.247, 0.238, 0.221, 0.235, 0.232, 0.23, 0.249, 0.234, 0.234, 0.238, 0.242, 0.243, 0.24, 0.24, 0.227, 0.243, 0.229, 0.25, 0.236, 0.226, 0.241, 0.246, 0.235, 0.245, 0.253, 0.242, 0.226, 0.238, 0.234, 0.219, 0.225, 0.257, 0.235, 0.237, 0.226, 0.259, 0.243, 0.235, 0.246, 0.251, 0.218, 0.251, 0.23, 0.222, 0.259, 0.242, 0.232, 0.257, 0.234, 0.228, 0.247, 0.223, 0.239, 0.224, 0.227, 0.244, 0.229, 0.247, 0.217]"
-4.0,7.5,0.5,3.0,1.0112,-1.7757,0.0053,"[1.035, 1.043, 1.044, 1.036, 1.034, 1.044, 1.045, 1.017, 1.026, 1.027, 1.035, 1.02, 1.044, 1.03, 1.047, 1.033, 1.048, 1.036, 1.037, 1.046, 1.035, 1.023, 1.023, 1.049, 1.027, 1.035, 1.054, 1.033, 1.032, 1.042, 1.053, 1.056, 1.032, 1.045, 1.038, 1.039, 1.044, 1.043, 1.029, 1.029, 1.056, 1.034, 1.045, 1.054, 1.038, 1.054, 1.033, 1.05, 1.041, 1.037, 1.047, 1.037, 1.032, 1.023, 1.045, 1.046, 1.057, 1.044, 1.031, 1.041, 1.038, 1.051, 1.051, 1.064, 1.038, 1.052, 1.055, 1.047, 1.035, 1.036, 1.048, 1.046, 1.027, 1.029, 1.045, 1.017, 1.042, 1.034, 1.031, 1.034, 1.042, 1.039, 1.027, 1.022, 1.041, 1.044, 1.047, 1.023, 1.042, 1.045, 1.034, 1.035, 1.035, 1.033, 1.052, 1.033, 1.032, 1.017, 1.046, 1.031, 1.031, 1.055, 1.027, 1.024, 1.024, 1.024, 1.032, 1.038, 1.036, 1.048, 1.043, 1.041, 1.042, 1.045, 1.037, 1.055, 1.032, 1.033, 1.03, 1.031, 1.027, 1.027, 1.037, 1.037, 1.034, 1.031, 1.052, 1.054, 1.046, 1.042, 1.054, 1.042, 1.025, 1.029, 1.04, 1.046, 1.052, 1.052, 1.048, 1.05, 1.036, 1.036, 1.035, 1.04, 1.047, 1.072, 1.035, 1.033, 1.046, 1.035, 1.053, 1.054, 1.059, 1.044, 1.056, 1.027, 1.053, 1.048, 1.042, 1.038]"
-4.0,7.5,1.0,0.0,0.1531,-2.3027,0.0101,"[0.141, 0.147, 0.148, 0.137, 0.136, 0.135, 0.145, 0.156, 0.146, 0.147, 0.142, 0.14, 0.138, 0.14, 0.13, 0.157, 0.147, 0.146, 0.148, 0.14, 0.147, 0.138, 0.139, 0.144, 0.145, 0.159, 0.135, 0.135, 0.14, 0.155, 0.147, 0.167, 0.144, 0.148, 0.145, 0.147, 0.137, 0.145, 0.133, 0.148, 0.149, 0.142, 0.138, 0.137, 0.135, 0.137, 0.169, 0.147, 0.142, 0.137, 0.143, 0.15, 0.15, 0.154, 0.154, 0.144, 0.137, 0.142, 0.152, 0.138, 0.165, 0.137, 0.149, 0.147, 0.152, 0.124, 0.154, 0.141, 0.136, 0.154, 0.126, 0.163, 0.146, 0.143, 0.132, 0.142, 0.156, 0.147, 0.15, 0.154, 0.136, 0.128, 0.134, 0.144, 0.142, 0.142, 0.149, 0.14, 0.134, 0.134, 0.15, 0.155, 0.158, 0.139, 0.146, 0.149, 0.147, 0.15, 0.151, 0.137, 0.138, 0.149, 0.134, 0.138, 0.146, 0.139, 0.148, 0.137, 0.12, 0.147, 0.144, 0.157, 0.141, 0.145, 0.14, 0.137, 0.139, 0.134, 0.145, 0.145, 0.135, 0.153, 0.137, 0.144, 0.153, 0.157, 0.121, 0.153, 0.147, 0.149, 0.139, 0.151, 0.155, 0.15, 0.153, 0.163, 0.158, 0.137, 0.151, 0.155, 0.147, 0.151, 0.129, 0.144, 0.141, 0.134, 0.154, 0.132, 0.153, 0.143, 0.156, 0.148, 0.146, 0.144, 0.14, 0.146, 0.124, 0.141, 0.15, 0.143]"
-4.0,7.5,1.0,3.0,0.5544,-1.7876,0.0091,"[0.546, 0.539, 0.55, 0.54, 0.547, 0.521, 0.542, 0.542, 0.527, 0.547, 0.544, 0.536, 0.558, 0.535, 0.554, 0.544, 0.554, 0.55, 0.525, 0.535, 0.537, 0.568, 0.555, 0.56, 0.534, 0.547, 0.538, 0.561, 0.55, 0.543, 0.538, 0.552, 0.548, 0.542, 0.537, 0.551, 0.544, 0.538, 0.547, 0.552, 0.545, 0.551, 0.536, 0.56, 0.536, 0.55, 0.544, 0.535, 0.541, 0.562, 0.535, 0.535, 0.536, 0.555, 0.547, 0.541, 0.542, 0.54, 0.543, 0.534, 0.531, 0.547, 0.539, 0.549, 0.547, 0.556, 0.546, 0.551, 0.539, 0.528, 0.542, 0.54, 0.535, 0.553, 0.542, 0.548, 0.533, 0.547, 0.554, 0.565, 0.531, 0.548, 0.531, 0.533, 0.548, 0.549, 0.552, 0.543, 0.557, 0.552, 0.544, 0.552, 0.541, 0.556, 0.547, 0.542, 0.538, 0.543, 0.548, 0.545, 0.552, 0.542, 0.55, 0.521, 0.542, 0.541, 0.525, 0.555, 0.545, 0.55, 0.541, 0.553, 0.546, 0.551, 0.546, 0.55, 0.546, 0.549, 0.546, 0.529, 0.53, 0.54, 0.556, 0.545, 0.531, 0.542, 0.54, 0.543, 0.552, 0.55, 0.555, 0.542, 0.549, 0.555, 0.544, 0.525, 0.542, 0.562, 0.548, 0.545, 0.539, 0.54, 0.546, 0.553, 0.53, 0.534, 0.548, 0.546, 0.526, 0.541, 0.558, 0.544, 0.536, 0.543, 0.558, 0.55, 0.537, 0.55, 0.541, 0.533]"
-4.0,7.5,2.0,0.0,0.099,-2.2297,0.0213,"[0.106, 0.075, 0.097, 0.119, 0.117, 0.094, 0.124, 0.103, 0.095, 0.099, 0.093, 0.105, 0.094, 0.1, 0.095, 0.081, 0.091, 0.096, 0.096, 0.106, 0.103, 0.094, 0.093, 0.099, 0.095, 0.093, 0.089, 0.094, 0.103, 0.087, 0.102, 0.124, 0.092, 0.095, 0.093, 0.101, 0.094, 0.095, 0.082, 0.095, 0.085, 0.09, 0.109, 0.088, 0.093, 0.103, 0.094, 0.103, 0.114, 0.102, 0.085, 0.107, 0.094, 0.079, 0.086, 0.095, 0.104, 0.093, 0.1, 0.093, 0.116, 0.09, 0.111, 0.097, 0.101, 0.072, 0.113, 0.087, 0.104, 0.091, 0.084, 0.106, 0.092, 0.096, 0.094, 0.079, 0.085, 0.077, 0.088, 0.113, 0.109, 0.116, 0.107, 0.1, 0.112, 0.092, 0.112, 0.098, 0.097, 0.098, 0.111, 0.118, 0.085, 0.107, 0.095, 0.097, 0.098, 0.107, 0.084, 0.084, 0.098, 0.083, 0.099, 0.107, 0.101, 0.101, 0.089, 0.114, 0.11, 0.11, 0.103, 0.087, 0.084, 0.109, 0.092, 0.083, 0.073, 0.108, 0.108, 0.119, 0.099, 0.098, 0.077, 0.108, 0.095, 0.097, 0.089, 0.096, 0.1, 0.094, 0.083, 0.105, 0.102, 0.094, 0.111, 0.095, 0.099, 0.075, 0.089, 0.101, 0.094, 0.103, 0.075, 0.103, 0.096, 0.111, 0.096, 0.103, 0.103, 0.107, 0.1, 0.097, 0.095, 0.108, 0.094, 0.091, 0.105, 0.109, 0.113, 0.114]"
-4.0,7.5,2.0,3.0,0.3196,-1.861,0.0107,"[0.308, 0.314, 0.307, 0.29, 0.295, 0.282, 0.295, 0.292, 0.291, 0.295, 0.289, 0.286, 0.308, 0.291, 0.295, 0.31, 0.29, 0.305, 0.285, 0.299, 0.304, 0.292, 0.308, 0.303, 0.301, 0.309, 0.306, 0.297, 0.282, 0.317, 0.292, 0.274, 0.314, 0.304, 0.298, 0.297, 0.306, 0.32, 0.294, 0.289, 0.295, 0.284, 0.296, 0.31, 0.299, 0.302, 0.308, 0.295, 0.286, 0.296, 0.296, 0.306, 0.305, 0.277, 0.282, 0.309, 0.286, 0.308, 0.272, 0.315, 0.298, 0.309, 0.299, 0.313, 0.312, 0.296, 0.283, 0.28, 0.288, 0.289, 0.313, 0.292, 0.301, 0.283, 0.294, 0.298, 0.297, 0.285, 0.304, 0.306, 0.295, 0.276, 0.304, 0.3, 0.311, 0.287, 0.315, 0.292, 0.32, 0.29, 0.302, 0.28, 0.295, 0.296, 0.302, 0.294, 0.296, 0.309, 0.291, 0.293, 0.302, 0.298, 0.296, 0.298, 0.284, 0.317, 0.292, 0.288, 0.3, 0.286, 0.294, 0.31, 0.298, 0.29, 0.286, 0.301, 0.288, 0.288, 0.301, 0.306, 0.29, 0.282, 0.294, 0.304, 0.301, 0.29, 0.301, 0.29, 0.286, 0.312, 0.309, 0.288, 0.302, 0.284, 0.312, 0.304, 0.3, 0.284, 0.308, 0.301, 0.303, 0.309, 0.303, 0.285, 0.309, 0.29, 0.294, 0.294, 0.284, 0.29, 0.286, 0.287, 0.296, 0.305, 0.316, 0.303, 0.314, 0.286, 0.315, 0.294]"
-4.0,10.0,0.5,0.0,0.3791,-2.0581,0.0036,"[0.38, 0.381, 0.415, 0.384, 0.395, 0.381, 0.393, 0.413, 0.395, 0.387, 0.388, 0.391, 0.393, 0.396, 0.4, 0.386, 0.398, 0.376, 0.394, 0.385, 0.391, 0.398, 0.406, 0.39, 0.396, 0.394, 0.375, 0.395, 0.413, 0.402, 0.388, 0.388, 0.387, 0.399, 0.393, 0.378, 0.399, 0.398, 0.392, 0.395, 0.384, 0.408, 0.378, 0.392, 0.393, 0.389, 0.393, 0.383, 0.387, 0.383, 0.391, 0.407, 0.398, 0.38, 0.39, 0.392, 0.386, 0.388, 0.405, 0.375, 0.397, 0.374, 0.395, 0.384, 0.399, 0.412, 0.392, 0.406, 0.399, 0.397, 0.382, 0.404, 0.397, 0.382, 0.383, 0.387, 0.384, 0.391, 0.398, 0.39, 0.395, 0.38, 0.403, 0.401, 0.413, 0.382, 0.381, 0.379, 0.405, 0.378, 0.388, 0.377, 0.393, 0.395, 0.397, 0.391, 0.381, 0.398, 0.393, 0.393, 0.384, 0.396, 0.401, 0.384, 0.379, 0.4, 0.374, 0.382, 0.385, 0.384, 0.4, 0.404, 0.402, 0.383, 0.407, 0.38, 0.395, 0.394, 0.408, 0.397, 0.409, 0.384, 0.401, 0.404, 0.398, 0.384, 0.39, 0.399, 0.4, 0.383, 0.381, 0.405, 0.402, 0.405, 0.411, 0.394, 0.377, 0.407, 0.391, 0.41, 0.384, 0.402, 0.382, 0.407, 0.377, 0.393, 0.391, 0.386, 0.392, 0.385, 0.389, 0.394, 0.384, 0.391, 0.4, 0.384, 0.393, 0.382, 0.409, 0.397]"
-4.0,10.0,0.5,3.0,1.154,-1.6422,0.0035,"[1.163, 1.196, 1.17, 1.155, 1.184, 1.174, 1.185, 1.173, 1.164, 1.16, 1.164, 1.164, 1.155, 1.164, 1.17, 1.168, 1.139, 1.16, 1.17, 1.165, 1.177, 1.166, 1.17, 1.175, 1.181, 1.172, 1.154, 1.185, 1.181, 1.161, 1.174, 1.162, 1.166, 1.178, 1.173, 1.175, 1.176, 1.185, 1.178, 1.172, 1.168, 1.17, 1.168, 1.172, 1.158, 1.172, 1.184, 1.172, 1.171, 1.154, 1.157, 1.158, 1.168, 1.167, 1.166, 1.172, 1.183, 1.178, 1.188, 1.155, 1.174, 1.169, 1.178, 1.164, 1.173, 1.167, 1.176, 1.184, 1.151, 1.167, 1.189, 1.181, 1.177, 1.163, 1.164, 1.173, 1.17, 1.16, 1.167, 1.196, 1.176, 1.156, 1.188, 1.165, 1.19, 1.181, 1.142, 1.151, 1.171, 1.176, 1.178, 1.182, 1.17, 1.157, 1.168, 1.152, 1.168, 1.184, 1.187, 1.167, 1.175, 1.158, 1.181, 1.164, 1.167, 1.178, 1.167, 1.176, 1.168, 1.176, 1.171, 1.183, 1.164, 1.179, 1.171, 1.176, 1.164, 1.187, 1.177, 1.159, 1.181, 1.191, 1.162, 1.162, 1.186, 1.165, 1.181, 1.174, 1.167, 1.172, 1.183, 1.176, 1.162, 1.168, 1.181, 1.189, 1.179, 1.196, 1.169, 1.179, 1.175, 1.191, 1.172, 1.183, 1.171, 1.165, 1.189, 1.17, 1.173, 1.163, 1.181, 1.159, 1.159, 1.183, 1.172, 1.168, 1.16, 1.177, 1.18, 1.176]"
-4.0,10.0,1.0,0.0,0.2251,-2.1258,0.0235,"[0.217, 0.223, 0.21, 0.227, 0.219, 0.23, 0.226, 0.224, 0.227, 0.23, 0.209, 0.231, 0.204, 0.22, 0.235, 0.223, 0.219, 0.217, 0.21, 0.239, 0.206, 0.209, 0.204, 0.237, 0.219, 0.228, 0.227, 0.227, 0.223, 0.223, 0.234, 0.222, 0.215, 0.234, 0.226, 0.199, 0.217, 0.219, 0.236, 0.222, 0.214, 0.211, 0.222, 0.231, 0.239, 0.208, 0.223, 0.217, 0.22, 0.214, 0.207, 0.225, 0.217, 0.229, 0.222, 0.238, 0.234, 0.242, 0.212, 0.234, 0.223, 0.227, 0.222, 0.223, 0.218, 0.234, 0.214, 0.222, 0.228, 0.218, 0.231, 0.218, 0.22, 0.234, 0.217, 0.232, 0.228, 0.242, 0.216, 0.219, 0.224, 0.219, 0.226, 0.223, 0.21, 0.214, 0.239, 0.217, 0.226, 0.215, 0.214, 0.232, 0.224, 0.212, 0.224, 0.226, 0.239, 0.201, 0.232, 0.218, 0.241, 0.238, 0.24, 0.217, 0.209, 0.222, 0.213, 0.221, 0.208, 0.217, 0.236, 0.224, 0.211, 0.227, 0.215, 0.233, 0.231, 0.228, 0.239, 0.219, 0.241, 0.226, 0.229, 0.2, 0.22, 0.219, 0.21, 0.212, 0.233, 0.228, 0.228, 0.242, 0.227, 0.235, 0.224, 0.215, 0.222, 0.228, 0.206, 0.224, 0.226, 0.214, 0.208, 0.227, 0.222, 0.233, 0.223, 0.2, 0.222, 0.229, 0.208, 0.205, 0.228, 0.232, 0.219, 0.225, 0.212, 0.216, 0.226, 0.223]"
-4.0,10.0,1.0,3.0,0.6116,-1.7891,0.0128,"[0.582, 0.617, 0.605, 0.603, 0.615, 0.613, 0.619, 0.612, 0.602, 0.598, 0.605, 0.618, 0.621, 0.593, 0.608, 0.608, 0.614, 0.604, 0.596, 0.607, 0.623, 0.589, 0.599, 0.609, 0.605, 0.599, 0.604, 0.614, 0.613, 0.619, 0.617, 0.597, 0.616, 0.617, 0.606, 0.623, 0.604, 0.621, 0.617, 0.609, 0.601, 0.605, 0.604, 0.629, 0.622, 0.621, 0.614, 0.606, 0.618, 0.601, 0.626, 0.595, 0.6, 0.617, 0.608, 0.623, 0.623, 0.586, 0.602, 0.602, 0.62, 0.597, 0.587, 0.6, 0.616, 0.63, 0.594, 0.602, 0.612, 0.621, 0.631, 0.614, 0.618, 0.611, 0.625, 0.605, 0.611, 0.589, 0.618, 0.627, 0.617, 0.603, 0.597, 0.628, 0.601, 0.607, 0.596, 0.615, 0.629, 0.612, 0.624, 0.602, 0.61, 0.613, 0.603, 0.601, 0.604, 0.608, 0.606, 0.624, 0.589, 0.612, 0.595, 0.621, 0.603, 0.61, 0.624, 0.594, 0.624, 0.616, 0.606, 0.587, 0.629, 0.607, 0.617, 0.612, 0.631, 0.6, 0.621, 0.629, 0.599, 0.609, 0.614, 0.618, 0.616, 0.621, 0.611, 0.615, 0.599, 0.601, 0.61, 0.607, 0.617, 0.592, 0.615, 0.618, 0.589, 0.627, 0.63, 0.622, 0.609, 0.608, 0.605, 0.611, 0.606, 0.614, 0.611, 0.617, 0.607, 0.601, 0.623, 0.601, 0.609, 0.609, 0.612, 0.61, 0.607, 0.613, 0.601, 0.609]"
-4.0,10.0,2.0,0.0,0.136,-2.129,0.0056,"[0.156, 0.142, 0.132, 0.132, 0.125, 0.151, 0.122, 0.145, 0.131, 0.149, 0.142, 0.144, 0.137, 0.152, 0.119, 0.118, 0.12, 0.131, 0.128, 0.13, 0.152, 0.129, 0.145, 0.136, 0.147, 0.139, 0.139, 0.133, 0.126, 0.12, 0.142, 0.154, 0.13, 0.135, 0.125, 0.134, 0.132, 0.129, 0.125, 0.146, 0.146, 0.15, 0.144, 0.127, 0.129, 0.139, 0.128, 0.151, 0.135, 0.127, 0.142, 0.144, 0.14, 0.144, 0.139, 0.152, 0.146, 0.129, 0.129, 0.134, 0.135, 0.129, 0.126, 0.133, 0.129, 0.136, 0.113, 0.146, 0.132, 0.139, 0.112, 0.136, 0.134, 0.135, 0.138, 0.13, 0.139, 0.109, 0.138, 0.137, 0.151, 0.138, 0.112, 0.131, 0.131, 0.135, 0.132, 0.136, 0.126, 0.152, 0.134, 0.157, 0.122, 0.131, 0.143, 0.121, 0.148, 0.137, 0.137, 0.149, 0.131, 0.13, 0.132, 0.132, 0.123, 0.139, 0.132, 0.134, 0.134, 0.144, 0.139, 0.14, 0.134, 0.141, 0.155, 0.147, 0.126, 0.147, 0.14, 0.136, 0.144, 0.142, 0.138, 0.132, 0.128, 0.144, 0.139, 0.133, 0.135, 0.132, 0.125, 0.148, 0.137, 0.117, 0.143, 0.139, 0.141, 0.146, 0.134, 0.137, 0.122, 0.13, 0.145, 0.135, 0.132, 0.138, 0.127, 0.13, 0.144, 0.119, 0.13, 0.137, 0.14, 0.127, 0.141, 0.136, 0.148, 0.142, 0.133, 0.147]"
-4.0,10.0,2.0,3.0,0.3239,-1.7463,0.0016,"[0.321, 0.315, 0.325, 0.33, 0.324, 0.333, 0.329, 0.33, 0.342, 0.345, 0.316, 0.319, 0.332, 0.327, 0.316, 0.334, 0.319, 0.337, 0.34, 0.342, 0.323, 0.331, 0.341, 0.309, 0.319, 0.336, 0.346, 0.306, 0.319, 0.327, 0.332, 0.349, 0.34, 0.335, 0.316, 0.33, 0.339, 0.319, 0.326, 0.329, 0.324, 0.338, 0.339, 0.322, 0.32, 0.33, 0.334, 0.349, 0.331, 0.327, 0.323, 0.332, 0.328, 0.338, 0.332, 0.329, 0.321, 0.335, 0.329, 0.337, 0.316, 0.333, 0.338, 0.331, 0.339, 0.335, 0.324, 0.319, 0.34, 0.325, 0.329, 0.325, 0.341, 0.308, 0.339, 0.325, 0.351, 0.34, 0.322, 0.346, 0.324, 0.336, 0.335, 0.352, 0.321, 0.306, 0.319, 0.33, 0.32, 0.316, 0.327, 0.34, 0.301, 0.332, 0.332, 0.338, 0.32, 0.348, 0.332, 0.335, 0.325, 0.342, 0.355, 0.327, 0.333, 0.336, 0.345, 0.341, 0.336, 0.336, 0.339, 0.341, 0.341, 0.325, 0.358, 0.334, 0.336, 0.34, 0.336, 0.34, 0.324, 0.331, 0.331, 0.34, 0.332, 0.333, 0.333, 0.344, 0.304, 0.335, 0.327, 0.313, 0.32, 0.32, 0.326, 0.322, 0.331, 0.338, 0.332, 0.323, 0.332, 0.337, 0.342, 0.322, 0.347, 0.332, 0.332, 0.323, 0.317, 0.316, 0.348, 0.345, 0.337, 0.319, 0.329, 0.316, 0.324, 0.315, 0.326, 0.327]"
-4.0,12.5,0.5,0.0,0.6068,-1.9907,0.2218,"[0.613, 0.635, 0.63, 0.658, 0.671, 0.682, 0.699, 0.703, 0.711, 0.725, 0.744, 0.715, 0.735, 0.73, 0.723, 0.737, 0.725, 0.718, 0.718, 0.714, 0.685, 0.687, 0.686, 0.66, 0.644, 0.628, 0.595, 0.581, 0.595, 0.59, 0.572, 0.562, 0.527, 0.517, 0.497, 0.489, 0.5, 0.48, 0.477, 0.478, 0.489, 0.482, 0.479, 0.49, 0.505, 0.498, 0.504, 0.515, 0.556, 0.542, 0.563, 0.559, 0.616, 0.602, 0.627, 0.636, 0.644, 0.672, 0.673, 0.7, 0.728, 0.72, 0.711, 0.723, 0.714, 0.71, 0.722, 0.735, 0.735, 0.731, 0.727, 0.717, 0.714, 0.698, 0.677, 0.681, 0.648, 0.635, 0.651, 0.605, 0.609, 0.591, 0.559, 0.583, 0.54, 0.526, 0.515, 0.513, 0.493, 0.478, 0.494, 0.47, 0.466, 0.474, 0.505, 0.481, 0.506, 0.495, 0.505, 0.516, 0.518, 0.537, 0.555, 0.565, 0.571, 0.602, 0.588, 0.629, 0.642, 0.653, 0.677, 0.682, 0.662, 0.71, 0.711, 0.72, 0.728, 0.731, 0.722, 0.729, 0.743, 0.732, 0.73, 0.729, 0.713, 0.717, 0.698, 0.674, 0.669, 0.655, 0.645, 0.619, 0.633, 0.608, 0.587, 0.571, 0.566, 0.527, 0.533, 0.507, 0.518, 0.491, 0.496, 0.506, 0.494, 0.47, 0.482, 0.482, 0.484, 0.506, 0.495, 0.527, 0.507, 0.525, 0.536, 0.552, 0.571, 0.591, 0.591, 0.606]"
-4.0,12.5,0.5,3.0,1.2576,-1.6034,0.0078,"[1.242, 1.265, 1.226, 1.256, 1.259, 1.256, 1.242, 1.257, 1.253, 1.253, 1.236, 1.244, 1.248, 1.272, 1.235, 1.246, 1.251, 1.247, 1.248, 1.23, 1.25, 1.236, 1.246, 1.246, 1.26, 1.223, 1.226, 1.24, 1.256, 1.25, 1.247, 1.26, 1.239, 1.241, 1.252, 1.25, 1.24, 1.241, 1.239, 1.234, 1.241, 1.227, 1.245, 1.245, 1.248, 1.259, 1.245, 1.238, 1.244, 1.237, 1.251, 1.255, 1.255, 1.26, 1.231, 1.242, 1.273, 1.257, 1.252, 1.245, 1.259, 1.244, 1.241, 1.249, 1.246, 1.24, 1.241, 1.257, 1.262, 1.252, 1.241, 1.245, 1.237, 1.235, 1.249, 1.246, 1.259, 1.255, 1.229, 1.262, 1.242, 1.242, 1.245, 1.246, 1.233, 1.252, 1.242, 1.235, 1.257, 1.235, 1.25, 1.242, 1.259, 1.253, 1.257, 1.227, 1.241, 1.245, 1.25, 1.259, 1.23, 1.249, 1.238, 1.244, 1.236, 1.274, 1.254, 1.245, 1.24, 1.254, 1.245, 1.25, 1.25, 1.242, 1.253, 1.24, 1.235, 1.249, 1.257, 1.234, 1.269, 1.236, 1.25, 1.271, 1.233, 1.235, 1.26, 1.263, 1.23, 1.239, 1.242, 1.241, 1.251, 1.248, 1.231, 1.261, 1.233, 1.253, 1.223, 1.236, 1.236, 1.268, 1.24, 1.251, 1.255, 1.253, 1.242, 1.243, 1.253, 1.249, 1.263, 1.224, 1.258, 1.249, 1.265, 1.27, 1.246, 1.251, 1.243, 1.257]"
-4.0,12.5,1.0,0.0,0.319,-2.0544,0.4586,"[0.328, 0.338, 0.367, 0.387, 0.404, 0.404, 0.425, 0.424, 0.453, 0.462, 0.454, 0.46, 0.484, 0.492, 0.47, 0.475, 0.456, 0.474, 0.471, 0.434, 0.419, 0.418, 0.407, 0.377, 0.36, 0.366, 0.321, 0.305, 0.301, 0.303, 0.263, 0.24, 0.243, 0.235, 0.226, 0.205, 0.199, 0.192, 0.184, 0.197, 0.179, 0.179, 0.192, 0.191, 0.216, 0.226, 0.208, 0.239, 0.245, 0.263, 0.288, 0.291, 0.303, 0.323, 0.345, 0.344, 0.378, 0.397, 0.422, 0.421, 0.444, 0.452, 0.469, 0.48, 0.47, 0.489, 0.489, 0.475, 0.487, 0.474, 0.472, 0.462, 0.44, 0.427, 0.433, 0.401, 0.369, 0.366, 0.368, 0.352, 0.331, 0.298, 0.281, 0.272, 0.258, 0.217, 0.215, 0.213, 0.199, 0.185, 0.191, 0.176, 0.16, 0.188, 0.179, 0.187, 0.178, 0.187, 0.189, 0.222, 0.228, 0.257, 0.254, 0.266, 0.283, 0.318, 0.352, 0.343, 0.37, 0.376, 0.393, 0.401, 0.428, 0.433, 0.442, 0.472, 0.477, 0.486, 0.48, 0.471, 0.482, 0.479, 0.463, 0.483, 0.456, 0.447, 0.435, 0.425, 0.403, 0.402, 0.387, 0.336, 0.335, 0.331, 0.307, 0.274, 0.264, 0.267, 0.222, 0.225, 0.211, 0.198, 0.19, 0.192, 0.188, 0.182, 0.185, 0.178, 0.197, 0.196, 0.191, 0.211, 0.228, 0.233, 0.235, 0.242, 0.283, 0.283, 0.303, 0.321]"
-4.0,12.5,1.0,3.0,0.6426,-1.5634,0.0002,"[0.641, 0.64, 0.645, 0.646, 0.651, 0.651, 0.636, 0.657, 0.635, 0.651, 0.647, 0.665, 0.644, 0.649, 0.649, 0.654, 0.66, 0.651, 0.672, 0.646, 0.66, 0.651, 0.65, 0.636, 0.654, 0.646, 0.648, 0.648, 0.654, 0.66, 0.646, 0.645, 0.651, 0.638, 0.64, 0.654, 0.643, 0.656, 0.647, 0.645, 0.66, 0.642, 0.648, 0.642, 0.648, 0.655, 0.65, 0.648, 0.647, 0.651, 0.653, 0.653, 0.65, 0.643, 0.647, 0.644, 0.652, 0.646, 0.646, 0.663, 0.648, 0.63, 0.665, 0.648, 0.645, 0.645, 0.645, 0.661, 0.643, 0.643, 0.647, 0.633, 0.644, 0.658, 0.651, 0.654, 0.642, 0.632, 0.655, 0.639, 0.633, 0.641, 0.642, 0.637, 0.649, 0.67, 0.648, 0.642, 0.649, 0.658, 0.627, 0.644, 0.651, 0.652, 0.644, 0.635, 0.65, 0.641, 0.622, 0.649, 0.651, 0.646, 0.665, 0.653, 0.65, 0.663, 0.667, 0.657, 0.644, 0.653, 0.656, 0.625, 0.637, 0.654, 0.647, 0.654, 0.655, 0.64, 0.646, 0.65, 0.657, 0.657, 0.632, 0.627, 0.643, 0.66, 0.643, 0.67, 0.635, 0.638, 0.642, 0.639, 0.64, 0.651, 0.649, 0.638, 0.649, 0.642, 0.656, 0.651, 0.654, 0.649, 0.647, 0.65, 0.675, 0.643, 0.655, 0.655, 0.672, 0.66, 0.631, 0.645, 0.627, 0.652, 0.651, 0.645, 0.651, 0.656, 0.643, 0.638]"
-4.0,12.5,2.0,0.0,0.1674,-2.068,0.6858,"[0.198, 0.191, 0.228, 0.247, 0.267, 0.264, 0.275, 0.292, 0.293, 0.293, 0.294, 0.306, 0.331, 0.321, 0.303, 0.315, 0.316, 0.314, 0.29, 0.288, 0.262, 0.272, 0.232, 0.238, 0.221, 0.229, 0.21, 0.172, 0.164, 0.132, 0.128, 0.114, 0.115, 0.106, 0.079, 0.094, 0.093, 0.061, 0.056, 0.071, 0.06, 0.062, 0.067, 0.075, 0.102, 0.082, 0.1, 0.093, 0.098, 0.142, 0.14, 0.166, 0.179, 0.197, 0.2, 0.225, 0.251, 0.249, 0.272, 0.269, 0.282, 0.307, 0.296, 0.304, 0.308, 0.307, 0.323, 0.316, 0.318, 0.302, 0.299, 0.304, 0.284, 0.285, 0.266, 0.258, 0.263, 0.235, 0.226, 0.187, 0.186, 0.182, 0.158, 0.136, 0.122, 0.103, 0.097, 0.084, 0.074, 0.079, 0.064, 0.07, 0.063, 0.082, 0.061, 0.072, 0.064, 0.074, 0.085, 0.097, 0.105, 0.11, 0.139, 0.15, 0.169, 0.174, 0.203, 0.203, 0.205, 0.235, 0.226, 0.263, 0.276, 0.263, 0.274, 0.291, 0.307, 0.3, 0.329, 0.306, 0.326, 0.294, 0.324, 0.313, 0.281, 0.29, 0.284, 0.282, 0.239, 0.258, 0.224, 0.235, 0.213, 0.148, 0.173, 0.15, 0.147, 0.13, 0.115, 0.107, 0.08, 0.063, 0.08, 0.071, 0.076, 0.068, 0.057, 0.066, 0.079, 0.073, 0.056, 0.1, 0.084, 0.1, 0.107, 0.133, 0.141, 0.166, 0.183, 0.173]"
-4.0,12.5,2.0,3.0,0.3481,-1.5759,0.0154,"[0.353, 0.357, 0.338, 0.338, 0.358, 0.34, 0.355, 0.336, 0.35, 0.345, 0.359, 0.336, 0.362, 0.354, 0.362, 0.345, 0.361, 0.347, 0.367, 0.336, 0.336, 0.351, 0.353, 0.353, 0.356, 0.336, 0.367, 0.348, 0.356, 0.349, 0.357, 0.384, 0.337, 0.347, 0.344, 0.359, 0.353, 0.356, 0.341, 0.353, 0.336, 0.34, 0.357, 0.355, 0.356, 0.337, 0.354, 0.337, 0.348, 0.356, 0.351, 0.36, 0.333, 0.345, 0.337, 0.346, 0.35, 0.351, 0.36, 0.361, 0.347, 0.357, 0.369, 0.369, 0.353, 0.359, 0.353, 0.33, 0.34, 0.348, 0.348, 0.349, 0.345, 0.351, 0.349, 0.344, 0.344, 0.343, 0.361, 0.355, 0.345, 0.356, 0.343, 0.345, 0.344, 0.358, 0.349, 0.342, 0.359, 0.344, 0.335, 0.339, 0.33, 0.338, 0.341, 0.334, 0.338, 0.335, 0.355, 0.33, 0.334, 0.348, 0.331, 0.349, 0.337, 0.353, 0.343, 0.345, 0.357, 0.351, 0.334, 0.352, 0.349, 0.349, 0.347, 0.343, 0.355, 0.346, 0.371, 0.37, 0.352, 0.361, 0.35, 0.348, 0.353, 0.343, 0.343, 0.371, 0.35, 0.356, 0.357, 0.341, 0.335, 0.365, 0.351, 0.348, 0.352, 0.351, 0.357, 0.355, 0.346, 0.346, 0.359, 0.33, 0.346, 0.334, 0.329, 0.338, 0.334, 0.351, 0.327, 0.358, 0.343, 0.355, 0.34, 0.34, 0.344, 0.344, 0.345, 0.341]"
-4.0,15.0,0.5,0.0,0.844,-1.8161,0.0211,"[0.855, 0.846, 0.853, 0.862, 0.842, 0.858, 0.846, 0.848, 0.856, 0.828, 0.854, 0.85, 0.843, 0.865, 0.85, 0.862, 0.864, 0.864, 0.878, 0.847, 0.84, 0.871, 0.845, 0.844, 0.853, 0.842, 0.838, 0.847, 0.824, 0.823, 0.833, 0.813, 0.813, 0.846, 0.812, 0.822, 0.835, 0.837, 0.831, 0.822, 0.819, 0.826, 0.833, 0.817, 0.838, 0.834, 0.829, 0.843, 0.853, 0.843, 0.844, 0.841, 0.83, 0.84, 0.85, 0.838, 0.847, 0.843, 0.857, 0.863, 0.864, 0.872, 0.845, 0.867, 0.86, 0.861, 0.871, 0.838, 0.852, 0.848, 0.841, 0.847, 0.851, 0.845, 0.826, 0.839, 0.828, 0.829, 0.827, 0.852, 0.828, 0.826, 0.83, 0.823, 0.838, 0.834, 0.831, 0.826, 0.833, 0.826, 0.836, 0.832, 0.824, 0.831, 0.84, 0.836, 0.828, 0.858, 0.835, 0.842, 0.843, 0.866, 0.846, 0.858, 0.86, 0.841, 0.87, 0.857, 0.856, 0.86, 0.879, 0.858, 0.86, 0.866, 0.86, 0.868, 0.86, 0.866, 0.86, 0.854, 0.861, 0.857, 0.845, 0.838, 0.845, 0.853, 0.829, 0.836, 0.835, 0.844, 0.821, 0.841, 0.823, 0.829, 0.837, 0.843, 0.839, 0.822, 0.818, 0.847, 0.816, 0.847, 0.84, 0.841, 0.841, 0.826, 0.834, 0.858, 0.828, 0.858, 0.863, 0.838, 0.858, 0.869, 0.871, 0.833, 0.865, 0.859, 0.87, 0.863]"
-4.0,15.0,0.5,3.0,1.2949,-1.5038,0.0009,"[1.306, 1.294, 1.276, 1.291, 1.303, 1.277, 1.289, 1.261, 1.277, 1.273, 1.274, 1.299, 1.282, 1.281, 1.279, 1.293, 1.303, 1.292, 1.294, 1.297, 1.288, 1.269, 1.298, 1.283, 1.268, 1.292, 1.307, 1.299, 1.271, 1.285, 1.28, 1.273, 1.285, 1.284, 1.274, 1.282, 1.283, 1.276, 1.268, 1.278, 1.27, 1.289, 1.286, 1.299, 1.263, 1.299, 1.273, 1.285, 1.283, 1.272, 1.289, 1.286, 1.306, 1.287, 1.283, 1.278, 1.279, 1.264, 1.28, 1.291, 1.278, 1.296, 1.286, 1.293, 1.283, 1.278, 1.299, 1.285, 1.297, 1.282, 1.249, 1.303, 1.277, 1.272, 1.294, 1.268, 1.296, 1.287, 1.289, 1.29, 1.275, 1.275, 1.295, 1.28, 1.283, 1.287, 1.293, 1.269, 1.291, 1.296, 1.29, 1.3, 1.283, 1.271, 1.291, 1.286, 1.305, 1.289, 1.295, 1.283, 1.286, 1.298, 1.292, 1.314, 1.295, 1.287, 1.289, 1.293, 1.3, 1.284, 1.269, 1.294, 1.297, 1.282, 1.3, 1.295, 1.289, 1.281, 1.277, 1.292, 1.29, 1.283, 1.27, 1.292, 1.293, 1.288, 1.285, 1.276, 1.293, 1.305, 1.277, 1.278, 1.282, 1.299, 1.301, 1.285, 1.286, 1.287, 1.272, 1.27, 1.29, 1.306, 1.312, 1.284, 1.278, 1.276, 1.308, 1.275, 1.286, 1.296, 1.286, 1.301, 1.272, 1.279, 1.281, 1.285, 1.296, 1.265, 1.284, 1.29]"
-4.0,15.0,1.0,0.0,0.4365,-1.9233,0.1494,"[0.448, 0.46, 0.478, 0.468, 0.482, 0.462, 0.486, 0.5, 0.509, 0.484, 0.503, 0.501, 0.519, 0.491, 0.512, 0.507, 0.508, 0.498, 0.498, 0.495, 0.475, 0.473, 0.476, 0.463, 0.433, 0.43, 0.452, 0.426, 0.401, 0.411, 0.418, 0.398, 0.413, 0.384, 0.396, 0.397, 0.39, 0.393, 0.404, 0.393, 0.371, 0.392, 0.402, 0.413, 0.41, 0.415, 0.426, 0.43, 0.425, 0.453, 0.441, 0.44, 0.467, 0.464, 0.479, 0.47, 0.491, 0.491, 0.497, 0.503, 0.502, 0.499, 0.494, 0.511, 0.498, 0.487, 0.495, 0.489, 0.485, 0.495, 0.47, 0.49, 0.465, 0.454, 0.463, 0.441, 0.43, 0.426, 0.458, 0.387, 0.408, 0.413, 0.402, 0.398, 0.398, 0.395, 0.384, 0.394, 0.387, 0.391, 0.381, 0.387, 0.392, 0.394, 0.397, 0.423, 0.414, 0.417, 0.438, 0.434, 0.457, 0.462, 0.47, 0.464, 0.474, 0.491, 0.475, 0.499, 0.5, 0.516, 0.489, 0.501, 0.508, 0.519, 0.512, 0.495, 0.5, 0.503, 0.497, 0.495, 0.466, 0.489, 0.454, 0.458, 0.442, 0.44, 0.43, 0.443, 0.406, 0.394, 0.396, 0.39, 0.401, 0.39, 0.393, 0.39, 0.378, 0.379, 0.376, 0.396, 0.378, 0.374, 0.391, 0.419, 0.401, 0.414, 0.412, 0.416, 0.429, 0.45, 0.435, 0.476, 0.451, 0.467, 0.47, 0.481, 0.508, 0.493, 0.496, 0.51]"
-4.0,15.0,1.0,3.0,0.6712,-1.4302,0.0137,"[0.675, 0.671, 0.671, 0.662, 0.654, 0.674, 0.667, 0.675, 0.684, 0.682, 0.668, 0.67, 0.658, 0.661, 0.663, 0.672, 0.665, 0.67, 0.665, 0.66, 0.674, 0.671, 0.661, 0.671, 0.663, 0.677, 0.683, 0.663, 0.671, 0.673, 0.667, 0.659, 0.669, 0.674, 0.653, 0.665, 0.678, 0.677, 0.655, 0.652, 0.679, 0.649, 0.66, 0.676, 0.681, 0.657, 0.671, 0.679, 0.664, 0.663, 0.685, 0.666, 0.645, 0.669, 0.673, 0.679, 0.675, 0.672, 0.66, 0.684, 0.667, 0.676, 0.677, 0.674, 0.664, 0.682, 0.669, 0.671, 0.676, 0.667, 0.679, 0.671, 0.664, 0.674, 0.658, 0.67, 0.666, 0.675, 0.676, 0.662, 0.66, 0.682, 0.684, 0.694, 0.664, 0.662, 0.658, 0.666, 0.653, 0.664, 0.669, 0.651, 0.669, 0.679, 0.672, 0.676, 0.66, 0.652, 0.679, 0.671, 0.666, 0.668, 0.657, 0.671, 0.671, 0.671, 0.663, 0.672, 0.671, 0.671, 0.667, 0.667, 0.665, 0.669, 0.653, 0.668, 0.666, 0.684, 0.657, 0.655, 0.661, 0.671, 0.665, 0.651, 0.655, 0.679, 0.688, 0.673, 0.666, 0.67, 0.66, 0.681, 0.684, 0.661, 0.673, 0.663, 0.674, 0.665, 0.66, 0.67, 0.654, 0.668, 0.666, 0.674, 0.67, 0.668, 0.677, 0.676, 0.676, 0.658, 0.675, 0.683, 0.651, 0.655, 0.686, 0.672, 0.662, 0.656, 0.661, 0.647]"
-4.0,15.0,2.0,0.0,0.2388,-1.97,0.3705,"[0.23, 0.265, 0.272, 0.289, 0.268, 0.302, 0.3, 0.308, 0.344, 0.348, 0.337, 0.318, 0.333, 0.357, 0.336, 0.323, 0.332, 0.324, 0.307, 0.303, 0.287, 0.315, 0.272, 0.264, 0.254, 0.253, 0.215, 0.223, 0.214, 0.207, 0.194, 0.174, 0.175, 0.175, 0.165, 0.16, 0.172, 0.165, 0.151, 0.156, 0.166, 0.156, 0.173, 0.184, 0.177, 0.205, 0.215, 0.197, 0.234, 0.255, 0.252, 0.25, 0.281, 0.28, 0.301, 0.312, 0.302, 0.323, 0.317, 0.32, 0.344, 0.34, 0.314, 0.345, 0.325, 0.334, 0.324, 0.332, 0.32, 0.309, 0.303, 0.286, 0.285, 0.269, 0.264, 0.257, 0.242, 0.221, 0.225, 0.192, 0.189, 0.187, 0.171, 0.177, 0.163, 0.143, 0.145, 0.166, 0.148, 0.16, 0.159, 0.173, 0.174, 0.173, 0.176, 0.209, 0.208, 0.207, 0.235, 0.247, 0.252, 0.266, 0.288, 0.289, 0.284, 0.308, 0.326, 0.31, 0.336, 0.333, 0.322, 0.348, 0.331, 0.338, 0.339, 0.333, 0.319, 0.332, 0.304, 0.3, 0.303, 0.283, 0.27, 0.259, 0.232, 0.249, 0.215, 0.216, 0.183, 0.197, 0.174, 0.162, 0.162, 0.149, 0.16, 0.159, 0.155, 0.149, 0.166, 0.158, 0.176, 0.148, 0.178, 0.186, 0.185, 0.213, 0.212, 0.225, 0.239, 0.265, 0.254, 0.271, 0.292, 0.289, 0.311, 0.309, 0.321, 0.322, 0.326, 0.334]"
-4.0,15.0,2.0,3.0,0.366,-1.4766,0.0093,"[0.358, 0.364, 0.354, 0.373, 0.346, 0.35, 0.362, 0.371, 0.351, 0.374, 0.366, 0.364, 0.363, 0.363, 0.354, 0.354, 0.354, 0.354, 0.365, 0.371, 0.348, 0.349, 0.372, 0.357, 0.365, 0.354, 0.377, 0.359, 0.366, 0.367, 0.341, 0.341, 0.352, 0.358, 0.357, 0.368, 0.348, 0.347, 0.348, 0.369, 0.365, 0.345, 0.365, 0.352, 0.344, 0.357, 0.357, 0.366, 0.357, 0.369, 0.371, 0.353, 0.357, 0.368, 0.359, 0.369, 0.369, 0.343, 0.364, 0.363, 0.363, 0.363, 0.362, 0.377, 0.363, 0.355, 0.355, 0.357, 0.372, 0.349, 0.374, 0.361, 0.338, 0.372, 0.367, 0.355, 0.361, 0.368, 0.37, 0.357, 0.372, 0.357, 0.37, 0.342, 0.374, 0.341, 0.35, 0.369, 0.359, 0.365, 0.346, 0.35, 0.356, 0.343, 0.37, 0.358, 0.347, 0.358, 0.359, 0.364, 0.358, 0.351, 0.357, 0.38, 0.363, 0.35, 0.37, 0.383, 0.365, 0.359, 0.345, 0.359, 0.347, 0.363, 0.339, 0.365, 0.342, 0.36, 0.375, 0.35, 0.353, 0.363, 0.354, 0.371, 0.356, 0.369, 0.364, 0.359, 0.36, 0.362, 0.355, 0.37, 0.346, 0.374, 0.345, 0.369, 0.378, 0.376, 0.338, 0.359, 0.359, 0.375, 0.345, 0.358, 0.349, 0.361, 0.353, 0.361, 0.355, 0.345, 0.369, 0.339, 0.361, 0.356, 0.366, 0.381, 0.341, 0.353, 0.357, 0.352]"
-4.0,17.5,0.5,0.0,1.044,-1.816,0.012,"[1.029, 1.019, 1.046, 1.034, 1.059, 1.052, 1.037, 1.039, 1.031, 1.038, 1.036, 1.039, 1.048, 1.06, 1.033, 1.024, 1.037, 1.041, 1.045, 1.051, 1.025, 1.043, 1.059, 1.043, 1.028, 1.024, 1.038, 1.055, 1.038, 1.032, 1.027, 1.059, 1.018, 1.035, 1.028, 1.037, 1.038, 1.048, 1.024, 1.039, 1.022, 1.022, 1.036, 1.044, 1.047, 1.045, 1.039, 1.043, 1.035, 1.031, 1.031, 1.038, 1.032, 1.057, 1.034, 1.021, 1.047, 1.047, 1.041, 1.04, 1.038, 1.037, 1.038, 1.04, 1.038, 1.021, 1.029, 1.042, 1.029, 1.031, 1.046, 1.022, 1.029, 1.045, 1.031, 1.038, 1.012, 1.048, 1.048, 1.039, 1.027, 1.054, 1.061, 1.056, 1.047, 1.04, 1.035, 1.052, 1.038, 1.009, 1.039, 1.037, 1.033, 1.048, 1.033, 1.042, 1.015, 1.029, 1.037, 1.019, 1.03, 1.047, 1.036, 1.054, 1.043, 1.027, 1.053, 1.047, 1.043, 1.05, 1.03, 1.042, 1.032, 1.047, 1.028, 1.041, 1.051, 1.037, 1.053, 1.033, 1.027, 1.042, 1.038, 1.051, 1.031, 1.049, 1.04, 1.049, 1.031, 1.036, 1.04, 1.051, 1.044, 1.025, 1.031, 1.038, 1.032, 1.056, 1.032, 1.028, 1.034, 1.046, 1.037, 1.056, 1.026, 1.037, 1.066, 1.046, 1.033, 1.024, 1.031, 1.04, 1.051, 1.029, 1.029, 1.039, 1.058, 1.051, 1.022, 1.039]"
-4.0,17.5,0.5,3.0,1.2947,-1.3777,0.0168,"[1.315, 1.312, 1.319, 1.307, 1.301, 1.31, 1.297, 1.314, 1.322, 1.295, 1.297, 1.321, 1.314, 1.305, 1.29, 1.303, 1.302, 1.3, 1.307, 1.287, 1.307, 1.308, 1.301, 1.317, 1.297, 1.31, 1.319, 1.312, 1.292, 1.323, 1.304, 1.314, 1.307, 1.317, 1.315, 1.302, 1.302, 1.311, 1.302, 1.315, 1.32, 1.31, 1.302, 1.314, 1.318, 1.302, 1.297, 1.295, 1.296, 1.307, 1.315, 1.292, 1.313, 1.314, 1.323, 1.301, 1.321, 1.307, 1.302, 1.298, 1.304, 1.295, 1.302, 1.299, 1.287, 1.31, 1.309, 1.302, 1.31, 1.31, 1.292, 1.309, 1.308, 1.302, 1.288, 1.337, 1.301, 1.3, 1.308, 1.301, 1.297, 1.317, 1.29, 1.296, 1.299, 1.309, 1.319, 1.294, 1.305, 1.288, 1.296, 1.304, 1.308, 1.282, 1.292, 1.311, 1.312, 1.299, 1.3, 1.298, 1.318, 1.312, 1.321, 1.318, 1.304, 1.303, 1.307, 1.305, 1.312, 1.31, 1.316, 1.297, 1.309, 1.301, 1.315, 1.285, 1.312, 1.295, 1.305, 1.307, 1.298, 1.301, 1.308, 1.303, 1.308, 1.315, 1.303, 1.315, 1.295, 1.326, 1.292, 1.298, 1.316, 1.312, 1.31, 1.305, 1.297, 1.291, 1.311, 1.312, 1.31, 1.303, 1.322, 1.311, 1.307, 1.309, 1.325, 1.298, 1.298, 1.307, 1.305, 1.313, 1.306, 1.313, 1.317, 1.304, 1.322, 1.305, 1.312, 1.305]"
-4.0,17.5,1.0,0.0,0.5523,-1.9117,0.023,"[0.53, 0.559, 0.53, 0.552, 0.563, 0.537, 0.546, 0.568, 0.55, 0.554, 0.554, 0.544, 0.56, 0.571, 0.559, 0.569, 0.553, 0.557, 0.563, 0.554, 0.54, 0.541, 0.548, 0.554, 0.542, 0.552, 0.559, 0.55, 0.533, 0.533, 0.549, 0.537, 0.534, 0.531, 0.524, 0.523, 0.528, 0.528, 0.539, 0.531, 0.535, 0.532, 0.534, 0.542, 0.513, 0.555, 0.542, 0.535, 0.535, 0.549, 0.521, 0.564, 0.545, 0.567, 0.561, 0.555, 0.564, 0.551, 0.554, 0.575, 0.563, 0.565, 0.556, 0.546, 0.552, 0.541, 0.536, 0.55, 0.541, 0.551, 0.539, 0.525, 0.549, 0.547, 0.544, 0.533, 0.548, 0.534, 0.535, 0.538, 0.52, 0.532, 0.532, 0.538, 0.537, 0.545, 0.55, 0.532, 0.517, 0.517, 0.55, 0.53, 0.539, 0.554, 0.548, 0.569, 0.558, 0.545, 0.546, 0.562, 0.551, 0.562, 0.574, 0.544, 0.547, 0.543, 0.543, 0.549, 0.553, 0.551, 0.557, 0.551, 0.562, 0.582, 0.548, 0.543, 0.538, 0.528, 0.537, 0.543, 0.539, 0.556, 0.542, 0.548, 0.531, 0.518, 0.541, 0.542, 0.522, 0.513, 0.516, 0.543, 0.535, 0.533, 0.543, 0.534, 0.521, 0.533, 0.57, 0.555, 0.548, 0.539, 0.552, 0.56, 0.555, 0.552, 0.55, 0.566, 0.556, 0.554, 0.555, 0.551, 0.559, 0.54, 0.551, 0.549, 0.563, 0.558, 0.578, 0.55]"
-4.0,17.5,1.0,3.0,0.6879,-1.331,0.0159,"[0.671, 0.665, 0.68, 0.695, 0.681, 0.663, 0.657, 0.68, 0.672, 0.665, 0.684, 0.691, 0.662, 0.688, 0.671, 0.677, 0.688, 0.669, 0.677, 0.668, 0.681, 0.682, 0.663, 0.669, 0.692, 0.684, 0.68, 0.687, 0.67, 0.674, 0.669, 0.662, 0.67, 0.677, 0.683, 0.69, 0.679, 0.684, 0.687, 0.687, 0.671, 0.671, 0.678, 0.698, 0.687, 0.674, 0.678, 0.68, 0.665, 0.67, 0.682, 0.685, 0.676, 0.673, 0.681, 0.668, 0.669, 0.707, 0.67, 0.686, 0.674, 0.684, 0.687, 0.662, 0.677, 0.666, 0.668, 0.691, 0.67, 0.67, 0.684, 0.707, 0.673, 0.67, 0.676, 0.685, 0.688, 0.665, 0.695, 0.683, 0.67, 0.675, 0.682, 0.678, 0.676, 0.698, 0.683, 0.673, 0.674, 0.695, 0.681, 0.667, 0.675, 0.677, 0.667, 0.694, 0.665, 0.694, 0.666, 0.681, 0.69, 0.676, 0.669, 0.679, 0.682, 0.691, 0.666, 0.668, 0.698, 0.68, 0.682, 0.685, 0.679, 0.69, 0.684, 0.678, 0.663, 0.688, 0.696, 0.69, 0.656, 0.69, 0.684, 0.678, 0.665, 0.67, 0.682, 0.673, 0.698, 0.662, 0.677, 0.661, 0.661, 0.666, 0.66, 0.683, 0.67, 0.667, 0.677, 0.676, 0.675, 0.674, 0.681, 0.684, 0.667, 0.694, 0.678, 0.689, 0.679, 0.686, 0.663, 0.666, 0.672, 0.665, 0.68, 0.677, 0.668, 0.683, 0.686, 0.657]"
-4.0,17.5,2.0,0.0,0.2895,-1.8494,0.1605,"[0.29, 0.297, 0.3, 0.33, 0.315, 0.302, 0.327, 0.328, 0.33, 0.343, 0.327, 0.36, 0.341, 0.342, 0.336, 0.354, 0.328, 0.333, 0.331, 0.32, 0.323, 0.32, 0.313, 0.299, 0.291, 0.289, 0.278, 0.266, 0.273, 0.281, 0.268, 0.246, 0.257, 0.263, 0.251, 0.254, 0.288, 0.273, 0.256, 0.266, 0.26, 0.263, 0.28, 0.285, 0.288, 0.285, 0.312, 0.288, 0.306, 0.3, 0.318, 0.319, 0.341, 0.331, 0.349, 0.336, 0.335, 0.346, 0.322, 0.339, 0.344, 0.363, 0.344, 0.317, 0.324, 0.315, 0.326, 0.326, 0.296, 0.316, 0.29, 0.284, 0.275, 0.275, 0.276, 0.283, 0.253, 0.25, 0.268, 0.253, 0.248, 0.256, 0.247, 0.244, 0.252, 0.259, 0.249, 0.273, 0.266, 0.27, 0.271, 0.279, 0.281, 0.306, 0.302, 0.302, 0.304, 0.313, 0.328, 0.324, 0.33, 0.337, 0.333, 0.339, 0.362, 0.344, 0.344, 0.334, 0.348, 0.33, 0.337, 0.309, 0.317, 0.314, 0.311, 0.305, 0.315, 0.296, 0.303, 0.276, 0.267, 0.289, 0.26, 0.267, 0.258, 0.246, 0.242, 0.245, 0.248, 0.257, 0.254, 0.251, 0.267, 0.273, 0.265, 0.263, 0.273, 0.281, 0.269, 0.289, 0.296, 0.292, 0.302, 0.306, 0.331, 0.312, 0.332, 0.349, 0.335, 0.353, 0.342, 0.347, 0.329, 0.355, 0.338, 0.338, 0.332, 0.325, 0.337, 0.32]"
-4.0,17.5,2.0,3.0,0.3799,-1.3934,0.0021,"[0.379, 0.365, 0.356, 0.356, 0.374, 0.367, 0.349, 0.334, 0.365, 0.378, 0.356, 0.37, 0.382, 0.351, 0.354, 0.36, 0.368, 0.367, 0.363, 0.39, 0.372, 0.36, 0.362, 0.36, 0.376, 0.349, 0.361, 0.345, 0.367, 0.369, 0.349, 0.348, 0.364, 0.367, 0.349, 0.361, 0.37, 0.369, 0.36, 0.357, 0.339, 0.356, 0.367, 0.363, 0.371, 0.383, 0.364, 0.343, 0.359, 0.375, 0.376, 0.347, 0.355, 0.362, 0.373, 0.355, 0.37, 0.336, 0.362, 0.352, 0.361, 0.348, 0.364, 0.369, 0.366, 0.375, 0.365, 0.365, 0.358, 0.368, 0.359, 0.361, 0.375, 0.381, 0.36, 0.368, 0.356, 0.357, 0.339, 0.369, 0.359, 0.38, 0.356, 0.364, 0.371, 0.389, 0.355, 0.359, 0.365, 0.361, 0.371, 0.365, 0.376, 0.361, 0.372, 0.364, 0.37, 0.366, 0.363, 0.357, 0.372, 0.353, 0.37, 0.37, 0.386, 0.372, 0.345, 0.354, 0.364, 0.36, 0.367, 0.351, 0.346, 0.354, 0.385, 0.375, 0.358, 0.366, 0.354, 0.372, 0.353, 0.36, 0.356, 0.361, 0.367, 0.364, 0.374, 0.354, 0.339, 0.365, 0.38, 0.354, 0.37, 0.359, 0.356, 0.356, 0.369, 0.377, 0.376, 0.372, 0.365, 0.357, 0.373, 0.377, 0.36, 0.359, 0.368, 0.354, 0.366, 0.344, 0.374, 0.365, 0.365, 0.369, 0.359, 0.374, 0.376, 0.371, 0.372, 0.396]"
-4.0,20.0,0.5,0.0,1.1795,-1.6758,0.0002,"[1.155, 1.179, 1.166, 1.189, 1.178, 1.167, 1.172, 1.182, 1.179, 1.164, 1.186, 1.149, 1.158, 1.171, 1.167, 1.174, 1.16, 1.164, 1.161, 1.16, 1.171, 1.161, 1.167, 1.167, 1.171, 1.154, 1.176, 1.165, 1.174, 1.17, 1.175, 1.173, 1.189, 1.157, 1.189, 1.184, 1.168, 1.179, 1.193, 1.157, 1.174, 1.16, 1.175, 1.181, 1.162, 1.166, 1.171, 1.181, 1.182, 1.177, 1.175, 1.172, 1.181, 1.177, 1.179, 1.174, 1.159, 1.16, 1.177, 1.167, 1.177, 1.167, 1.164, 1.179, 1.159, 1.177, 1.168, 1.164, 1.168, 1.173, 1.189, 1.176, 1.183, 1.179, 1.174, 1.168, 1.167, 1.17, 1.182, 1.195, 1.168, 1.174, 1.172, 1.168, 1.152, 1.186, 1.177, 1.178, 1.166, 1.178, 1.16, 1.175, 1.161, 1.162, 1.171, 1.168, 1.188, 1.155, 1.177, 1.182, 1.165, 1.169, 1.179, 1.162, 1.172, 1.17, 1.175, 1.173, 1.171, 1.171, 1.167, 1.179, 1.174, 1.173, 1.187, 1.18, 1.166, 1.193, 1.168, 1.198, 1.137, 1.167, 1.17, 1.17, 1.169, 1.177, 1.166, 1.172, 1.175, 1.204, 1.188, 1.178, 1.186, 1.15, 1.157, 1.169, 1.161, 1.177, 1.18, 1.169, 1.164, 1.185, 1.153, 1.169, 1.161, 1.171, 1.168, 1.17, 1.174, 1.191, 1.182, 1.168, 1.166, 1.176, 1.156, 1.15, 1.173, 1.17, 1.186, 1.17]"
-4.0,20.0,0.5,3.0,1.3003,-1.2074,0.0049,"[1.304, 1.314, 1.303, 1.308, 1.302, 1.327, 1.314, 1.305, 1.302, 1.325, 1.322, 1.302, 1.321, 1.308, 1.322, 1.299, 1.315, 1.318, 1.33, 1.308, 1.305, 1.303, 1.306, 1.328, 1.305, 1.317, 1.317, 1.303, 1.32, 1.324, 1.309, 1.313, 1.311, 1.303, 1.319, 1.314, 1.317, 1.293, 1.318, 1.327, 1.309, 1.306, 1.322, 1.302, 1.29, 1.316, 1.309, 1.321, 1.315, 1.321, 1.316, 1.323, 1.346, 1.31, 1.313, 1.303, 1.312, 1.315, 1.311, 1.316, 1.316, 1.317, 1.31, 1.299, 1.321, 1.311, 1.322, 1.311, 1.301, 1.311, 1.296, 1.305, 1.312, 1.302, 1.312, 1.305, 1.32, 1.295, 1.317, 1.313, 1.307, 1.313, 1.318, 1.29, 1.321, 1.331, 1.301, 1.332, 1.324, 1.307, 1.316, 1.309, 1.316, 1.331, 1.32, 1.312, 1.319, 1.301, 1.331, 1.312, 1.312, 1.317, 1.31, 1.306, 1.318, 1.311, 1.303, 1.325, 1.29, 1.303, 1.323, 1.312, 1.327, 1.326, 1.324, 1.33, 1.312, 1.313, 1.315, 1.325, 1.309, 1.324, 1.316, 1.325, 1.324, 1.313, 1.331, 1.324, 1.297, 1.294, 1.305, 1.314, 1.326, 1.311, 1.311, 1.318, 1.33, 1.318, 1.312, 1.303, 1.302, 1.3, 1.32, 1.318, 1.321, 1.324, 1.316, 1.305, 1.308, 1.316, 1.311, 1.296, 1.308, 1.329, 1.317, 1.316, 1.307, 1.3, 1.315, 1.318]"
-4.0,20.0,1.0,0.0,0.628,-1.6747,0.0076,"[0.614, 0.611, 0.61, 0.638, 0.617, 0.612, 0.618, 0.608, 0.62, 0.615, 0.611, 0.609, 0.61, 0.612, 0.624, 0.616, 0.591, 0.628, 0.617, 0.636, 0.611, 0.623, 0.618, 0.612, 0.624, 0.608, 0.611, 0.599, 0.608, 0.601, 0.61, 0.616, 0.613, 0.612, 0.617, 0.634, 0.605, 0.634, 0.596, 0.587, 0.622, 0.611, 0.595, 0.611, 0.607, 0.615, 0.609, 0.624, 0.613, 0.614, 0.61, 0.619, 0.611, 0.622, 0.598, 0.613, 0.606, 0.602, 0.599, 0.603, 0.615, 0.616, 0.62, 0.607, 0.621, 0.61, 0.617, 0.612, 0.603, 0.596, 0.598, 0.6, 0.605, 0.616, 0.619, 0.62, 0.578, 0.605, 0.607, 0.605, 0.592, 0.62, 0.628, 0.606, 0.632, 0.587, 0.599, 0.608, 0.617, 0.612, 0.6, 0.619, 0.617, 0.606, 0.608, 0.601, 0.617, 0.6, 0.599, 0.628, 0.613, 0.605, 0.593, 0.613, 0.612, 0.623, 0.588, 0.604, 0.617, 0.609, 0.618, 0.613, 0.613, 0.616, 0.598, 0.613, 0.614, 0.631, 0.589, 0.606, 0.615, 0.618, 0.607, 0.606, 0.607, 0.624, 0.609, 0.603, 0.604, 0.603, 0.619, 0.621, 0.594, 0.606, 0.617, 0.614, 0.608, 0.62, 0.626, 0.605, 0.596, 0.611, 0.601, 0.619, 0.602, 0.632, 0.6, 0.611, 0.614, 0.605, 0.61, 0.613, 0.631, 0.615, 0.612, 0.623, 0.617, 0.623, 0.602, 0.596]"
-4.0,20.0,1.0,3.0,0.6957,-1.2535,0.0089,"[0.671, 0.678, 0.701, 0.67, 0.701, 0.676, 0.682, 0.683, 0.684, 0.667, 0.707, 0.69, 0.691, 0.683, 0.685, 0.687, 0.686, 0.674, 0.676, 0.692, 0.697, 0.674, 0.68, 0.68, 0.691, 0.681, 0.679, 0.675, 0.692, 0.682, 0.679, 0.682, 0.699, 0.685, 0.698, 0.673, 0.684, 0.681, 0.709, 0.683, 0.674, 0.686, 0.688, 0.698, 0.679, 0.696, 0.684, 0.688, 0.689, 0.682, 0.668, 0.685, 0.678, 0.671, 0.685, 0.673, 0.684, 0.683, 0.681, 0.673, 0.669, 0.685, 0.695, 0.69, 0.67, 0.679, 0.68, 0.67, 0.677, 0.673, 0.698, 0.685, 0.697, 0.685, 0.697, 0.669, 0.695, 0.682, 0.681, 0.693, 0.682, 0.687, 0.673, 0.702, 0.675, 0.672, 0.674, 0.67, 0.664, 0.683, 0.67, 0.675, 0.661, 0.698, 0.688, 0.662, 0.681, 0.68, 0.681, 0.686, 0.667, 0.673, 0.677, 0.688, 0.679, 0.684, 0.67, 0.675, 0.689, 0.688, 0.685, 0.69, 0.688, 0.677, 0.688, 0.684, 0.68, 0.678, 0.693, 0.69, 0.678, 0.676, 0.677, 0.69, 0.673, 0.681, 0.689, 0.687, 0.687, 0.667, 0.686, 0.675, 0.678, 0.667, 0.692, 0.688, 0.676, 0.686, 0.69, 0.695, 0.688, 0.678, 0.672, 0.704, 0.679, 0.682, 0.687, 0.691, 0.681, 0.692, 0.708, 0.68, 0.688, 0.674, 0.679, 0.675, 0.672, 0.673, 0.697, 0.7]"
-4.0,20.0,2.0,0.0,0.3502,-1.6551,0.0573,"[0.317, 0.306, 0.332, 0.339, 0.336, 0.343, 0.343, 0.339, 0.34, 0.349, 0.364, 0.342, 0.359, 0.339, 0.338, 0.353, 0.358, 0.331, 0.32, 0.333, 0.348, 0.337, 0.314, 0.323, 0.329, 0.336, 0.32, 0.327, 0.327, 0.319, 0.314, 0.323, 0.311, 0.309, 0.301, 0.291, 0.303, 0.317, 0.331, 0.324, 0.335, 0.322, 0.329, 0.323, 0.309, 0.32, 0.328, 0.339, 0.324, 0.344, 0.346, 0.328, 0.351, 0.343, 0.331, 0.346, 0.334, 0.357, 0.326, 0.353, 0.359, 0.355, 0.351, 0.333, 0.335, 0.335, 0.318, 0.336, 0.333, 0.328, 0.307, 0.328, 0.323, 0.309, 0.317, 0.331, 0.321, 0.328, 0.332, 0.312, 0.313, 0.317, 0.297, 0.329, 0.325, 0.316, 0.323, 0.314, 0.34, 0.332, 0.34, 0.337, 0.355, 0.329, 0.332, 0.33, 0.353, 0.325, 0.327, 0.339, 0.355, 0.353, 0.334, 0.325, 0.36, 0.336, 0.348, 0.346, 0.325, 0.329, 0.34, 0.327, 0.312, 0.324, 0.318, 0.331, 0.327, 0.308, 0.318, 0.298, 0.306, 0.331, 0.316, 0.329, 0.319, 0.323, 0.319, 0.299, 0.325, 0.336, 0.333, 0.307, 0.338, 0.33, 0.329, 0.332, 0.338, 0.332, 0.341, 0.349, 0.348, 0.35, 0.36, 0.346, 0.352, 0.341, 0.349, 0.348, 0.334, 0.336, 0.33, 0.339, 0.335, 0.345, 0.339, 0.332, 0.335, 0.331, 0.333, 0.332]"
-4.0,20.0,2.0,3.0,0.3661,-1.295,0.0038,"[0.38, 0.361, 0.385, 0.364, 0.383, 0.356, 0.382, 0.385, 0.387, 0.382, 0.37, 0.368, 0.37, 0.357, 0.366, 0.378, 0.385, 0.364, 0.365, 0.384, 0.366, 0.359, 0.379, 0.368, 0.371, 0.365, 0.373, 0.356, 0.364, 0.368, 0.362, 0.374, 0.385, 0.374, 0.366, 0.362, 0.348, 0.358, 0.363, 0.374, 0.359, 0.372, 0.379, 0.361, 0.37, 0.379, 0.367, 0.366, 0.362, 0.36, 0.354, 0.36, 0.365, 0.37, 0.378, 0.354, 0.355, 0.38, 0.363, 0.372, 0.376, 0.371, 0.366, 0.374, 0.368, 0.362, 0.366, 0.364, 0.369, 0.357, 0.377, 0.366, 0.357, 0.36, 0.358, 0.356, 0.382, 0.379, 0.356, 0.357, 0.357, 0.371, 0.368, 0.37, 0.357, 0.355, 0.361, 0.374, 0.389, 0.354, 0.379, 0.373, 0.357, 0.371, 0.368, 0.369, 0.374, 0.384, 0.373, 0.368, 0.361, 0.365, 0.369, 0.363, 0.374, 0.384, 0.351, 0.361, 0.384, 0.367, 0.378, 0.356, 0.371, 0.364, 0.366, 0.363, 0.383, 0.361, 0.378, 0.367, 0.384, 0.373, 0.353, 0.368, 0.365, 0.373, 0.368, 0.351, 0.363, 0.362, 0.366, 0.369, 0.374, 0.372, 0.342, 0.372, 0.38, 0.368, 0.36, 0.358, 0.375, 0.37, 0.361, 0.368, 0.362, 0.362, 0.367, 0.368, 0.359, 0.363, 0.383, 0.357, 0.368, 0.372, 0.36, 0.361, 0.359, 0.356, 0.381, 0.362]"
-4.0,22.5,0.5,0.0,1.244,-1.5674,0.0066,"[1.241, 1.254, 1.238, 1.263, 1.241, 1.25, 1.25, 1.255, 1.232, 1.237, 1.243, 1.258, 1.245, 1.264, 1.267, 1.246, 1.268, 1.243, 1.249, 1.25, 1.261, 1.258, 1.246, 1.241, 1.251, 1.253, 1.259, 1.263, 1.244, 1.241, 1.252, 1.234, 1.262, 1.239, 1.248, 1.233, 1.24, 1.253, 1.237, 1.243, 1.264, 1.252, 1.243, 1.233, 1.259, 1.264, 1.225, 1.233, 1.255, 1.24, 1.256, 1.241, 1.26, 1.233, 1.244, 1.244, 1.254, 1.247, 1.244, 1.243, 1.227, 1.242, 1.239, 1.252, 1.24, 1.254, 1.242, 1.245, 1.247, 1.24, 1.248, 1.232, 1.251, 1.248, 1.252, 1.258, 1.266, 1.244, 1.239, 1.243, 1.262, 1.237, 1.272, 1.248, 1.25, 1.262, 1.243, 1.251, 1.259, 1.237, 1.23, 1.249, 1.235, 1.251, 1.245, 1.257, 1.256, 1.231, 1.243, 1.235, 1.251, 1.235, 1.257, 1.231, 1.246, 1.239, 1.242, 1.242, 1.247, 1.236, 1.242, 1.264, 1.247, 1.263, 1.246, 1.241, 1.235, 1.252, 1.262, 1.258, 1.253, 1.26, 1.254, 1.256, 1.255, 1.256, 1.236, 1.241, 1.265, 1.241, 1.236, 1.252, 1.245, 1.262, 1.233, 1.235, 1.266, 1.238, 1.241, 1.244, 1.224, 1.252, 1.233, 1.253, 1.231, 1.254, 1.245, 1.245, 1.253, 1.256, 1.248, 1.247, 1.242, 1.251, 1.261, 1.252, 1.235, 1.247, 1.24, 1.236]"
-4.0,22.5,0.5,3.0,1.3178,-1.1194,0.0041,"[1.324, 1.312, 1.31, 1.306, 1.318, 1.325, 1.324, 1.31, 1.336, 1.321, 1.327, 1.325, 1.305, 1.327, 1.334, 1.31, 1.31, 1.323, 1.32, 1.324, 1.309, 1.326, 1.304, 1.316, 1.322, 1.312, 1.32, 1.33, 1.311, 1.315, 1.296, 1.321, 1.332, 1.309, 1.314, 1.329, 1.334, 1.319, 1.31, 1.315, 1.325, 1.313, 1.314, 1.312, 1.329, 1.321, 1.314, 1.32, 1.324, 1.303, 1.324, 1.332, 1.312, 1.312, 1.33, 1.3, 1.342, 1.309, 1.314, 1.31, 1.307, 1.323, 1.324, 1.312, 1.305, 1.314, 1.324, 1.319, 1.322, 1.316, 1.296, 1.303, 1.33, 1.322, 1.308, 1.318, 1.337, 1.313, 1.319, 1.325, 1.313, 1.345, 1.318, 1.331, 1.327, 1.327, 1.326, 1.303, 1.305, 1.335, 1.31, 1.338, 1.305, 1.315, 1.321, 1.316, 1.327, 1.339, 1.312, 1.309, 1.323, 1.324, 1.309, 1.336, 1.311, 1.326, 1.32, 1.33, 1.309, 1.325, 1.299, 1.318, 1.313, 1.324, 1.338, 1.311, 1.322, 1.314, 1.333, 1.323, 1.315, 1.327, 1.309, 1.322, 1.317, 1.326, 1.3, 1.312, 1.316, 1.304, 1.301, 1.331, 1.318, 1.333, 1.319, 1.331, 1.308, 1.326, 1.305, 1.323, 1.342, 1.316, 1.322, 1.317, 1.323, 1.319, 1.343, 1.323, 1.31, 1.313, 1.333, 1.316, 1.332, 1.329, 1.316, 1.313, 1.325, 1.309, 1.331, 1.313]"
-4.0,22.5,1.0,0.0,0.6503,-1.5534,0.0061,"[0.639, 0.629, 0.642, 0.651, 0.658, 0.634, 0.648, 0.632, 0.625, 0.67, 0.643, 0.65, 0.656, 0.666, 0.646, 0.641, 0.642, 0.646, 0.648, 0.648, 0.642, 0.637, 0.665, 0.648, 0.639, 0.629, 0.65, 0.646, 0.639, 0.656, 0.636, 0.649, 0.653, 0.637, 0.649, 0.646, 0.654, 0.656, 0.623, 0.653, 0.653, 0.666, 0.655, 0.65, 0.644, 0.637, 0.652, 0.642, 0.641, 0.647, 0.652, 0.659, 0.651, 0.651, 0.645, 0.644, 0.646, 0.65, 0.636, 0.639, 0.658, 0.649, 0.621, 0.653, 0.649, 0.65, 0.648, 0.665, 0.648, 0.625, 0.662, 0.659, 0.642, 0.643, 0.658, 0.675, 0.654, 0.641, 0.655, 0.641, 0.641, 0.647, 0.656, 0.659, 0.635, 0.642, 0.632, 0.659, 0.652, 0.652, 0.648, 0.651, 0.651, 0.652, 0.64, 0.657, 0.661, 0.651, 0.646, 0.667, 0.656, 0.632, 0.655, 0.66, 0.647, 0.635, 0.661, 0.651, 0.661, 0.651, 0.631, 0.656, 0.655, 0.639, 0.674, 0.639, 0.641, 0.664, 0.635, 0.647, 0.641, 0.648, 0.638, 0.668, 0.639, 0.656, 0.634, 0.647, 0.662, 0.65, 0.662, 0.647, 0.655, 0.65, 0.639, 0.66, 0.64, 0.653, 0.647, 0.652, 0.649, 0.669, 0.656, 0.645, 0.646, 0.648, 0.644, 0.636, 0.669, 0.658, 0.642, 0.65, 0.661, 0.644, 0.63, 0.64, 0.637, 0.648, 0.635, 0.657]"
-4.0,22.5,1.0,3.0,0.6773,-1.2349,0.0099,"[0.674, 0.662, 0.693, 0.678, 0.692, 0.683, 0.687, 0.694, 0.677, 0.677, 0.698, 0.694, 0.689, 0.671, 0.682, 0.674, 0.678, 0.676, 0.674, 0.684, 0.676, 0.68, 0.676, 0.698, 0.687, 0.69, 0.683, 0.684, 0.687, 0.7, 0.696, 0.686, 0.675, 0.691, 0.68, 0.68, 0.683, 0.686, 0.694, 0.675, 0.69, 0.682, 0.715, 0.683, 0.695, 0.702, 0.675, 0.684, 0.69, 0.676, 0.681, 0.682, 0.693, 0.701, 0.683, 0.675, 0.706, 0.69, 0.693, 0.668, 0.668, 0.681, 0.69, 0.685, 0.678, 0.673, 0.693, 0.69, 0.678, 0.684, 0.676, 0.676, 0.687, 0.705, 0.688, 0.69, 0.682, 0.682, 0.691, 0.687, 0.69, 0.673, 0.683, 0.685, 0.691, 0.688, 0.678, 0.696, 0.698, 0.679, 0.675, 0.678, 0.678, 0.685, 0.695, 0.684, 0.697, 0.701, 0.695, 0.694, 0.694, 0.685, 0.674, 0.696, 0.693, 0.671, 0.683, 0.685, 0.681, 0.694, 0.693, 0.692, 0.683, 0.677, 0.697, 0.676, 0.67, 0.683, 0.683, 0.687, 0.693, 0.694, 0.691, 0.679, 0.685, 0.684, 0.7, 0.675, 0.679, 0.704, 0.698, 0.685, 0.683, 0.694, 0.695, 0.685, 0.704, 0.683, 0.687, 0.7, 0.683, 0.703, 0.692, 0.679, 0.699, 0.68, 0.673, 0.685, 0.679, 0.682, 0.68, 0.676, 0.668, 0.693, 0.691, 0.691, 0.687, 0.676, 0.689, 0.679]"
-4.0,22.5,2.0,0.0,0.3455,-1.734,0.023,"[0.342, 0.356, 0.337, 0.344, 0.363, 0.361, 0.365, 0.348, 0.342, 0.357, 0.337, 0.347, 0.345, 0.368, 0.346, 0.354, 0.339, 0.362, 0.358, 0.346, 0.36, 0.363, 0.344, 0.359, 0.347, 0.333, 0.35, 0.341, 0.333, 0.348, 0.349, 0.365, 0.344, 0.333, 0.341, 0.356, 0.365, 0.356, 0.351, 0.343, 0.343, 0.354, 0.351, 0.334, 0.338, 0.349, 0.352, 0.346, 0.356, 0.355, 0.357, 0.362, 0.342, 0.354, 0.355, 0.36, 0.352, 0.344, 0.351, 0.351, 0.351, 0.365, 0.344, 0.352, 0.33, 0.34, 0.342, 0.343, 0.357, 0.356, 0.326, 0.343, 0.355, 0.348, 0.344, 0.341, 0.316, 0.346, 0.329, 0.344, 0.36, 0.354, 0.339, 0.35, 0.362, 0.347, 0.355, 0.355, 0.353, 0.348, 0.375, 0.368, 0.354, 0.35, 0.358, 0.373, 0.356, 0.363, 0.344, 0.357, 0.367, 0.362, 0.364, 0.348, 0.345, 0.359, 0.342, 0.363, 0.358, 0.366, 0.342, 0.337, 0.353, 0.348, 0.336, 0.354, 0.363, 0.364, 0.345, 0.334, 0.34, 0.338, 0.34, 0.35, 0.34, 0.332, 0.34, 0.365, 0.358, 0.341, 0.357, 0.352, 0.35, 0.35, 0.366, 0.344, 0.355, 0.348, 0.34, 0.363, 0.365, 0.353, 0.361, 0.346, 0.358, 0.35, 0.342, 0.348, 0.348, 0.353, 0.323, 0.343, 0.359, 0.345, 0.333, 0.356, 0.351, 0.338, 0.332, 0.353]"
-4.0,22.5,2.0,3.0,0.3648,-1.1675,0.0044,"[0.364, 0.385, 0.374, 0.352, 0.36, 0.382, 0.356, 0.374, 0.359, 0.363, 0.349, 0.364, 0.364, 0.363, 0.387, 0.376, 0.359, 0.358, 0.376, 0.356, 0.363, 0.378, 0.363, 0.36, 0.36, 0.358, 0.378, 0.369, 0.364, 0.366, 0.374, 0.362, 0.367, 0.358, 0.383, 0.371, 0.354, 0.361, 0.361, 0.365, 0.386, 0.363, 0.365, 0.36, 0.369, 0.36, 0.36, 0.362, 0.368, 0.365, 0.367, 0.376, 0.355, 0.369, 0.379, 0.378, 0.369, 0.374, 0.379, 0.359, 0.363, 0.361, 0.365, 0.359, 0.363, 0.372, 0.363, 0.369, 0.36, 0.375, 0.352, 0.365, 0.377, 0.364, 0.359, 0.378, 0.36, 0.364, 0.364, 0.362, 0.378, 0.352, 0.36, 0.366, 0.372, 0.356, 0.373, 0.371, 0.354, 0.361, 0.365, 0.379, 0.38, 0.375, 0.362, 0.37, 0.37, 0.356, 0.366, 0.382, 0.356, 0.37, 0.368, 0.358, 0.375, 0.362, 0.379, 0.39, 0.368, 0.385, 0.369, 0.346, 0.364, 0.367, 0.385, 0.368, 0.345, 0.372, 0.368, 0.365, 0.367, 0.379, 0.369, 0.369, 0.362, 0.355, 0.369, 0.362, 0.369, 0.347, 0.368, 0.367, 0.368, 0.37, 0.372, 0.373, 0.365, 0.377, 0.367, 0.354, 0.374, 0.365, 0.364, 0.382, 0.365, 0.37, 0.378, 0.362, 0.375, 0.369, 0.38, 0.362, 0.361, 0.37, 0.358, 0.38, 0.364, 0.385, 0.357, 0.378]"
-4.0,25.0,0.5,0.0,1.284,-1.5152,0.0086,"[1.287, 1.292, 1.279, 1.27, 1.292, 1.279, 1.286, 1.292, 1.287, 1.284, 1.28, 1.297, 1.294, 1.297, 1.275, 1.279, 1.282, 1.289, 1.303, 1.286, 1.282, 1.288, 1.272, 1.265, 1.274, 1.282, 1.29, 1.297, 1.299, 1.295, 1.273, 1.284, 1.3, 1.272, 1.286, 1.286, 1.294, 1.258, 1.292, 1.274, 1.295, 1.273, 1.287, 1.266, 1.276, 1.291, 1.279, 1.292, 1.289, 1.284, 1.264, 1.287, 1.293, 1.291, 1.277, 1.288, 1.284, 1.287, 1.298, 1.289, 1.281, 1.291, 1.287, 1.296, 1.275, 1.274, 1.283, 1.268, 1.282, 1.288, 1.297, 1.282, 1.294, 1.288, 1.284, 1.276, 1.28, 1.28, 1.283, 1.28, 1.294, 1.284, 1.302, 1.277, 1.294, 1.274, 1.283, 1.283, 1.284, 1.296, 1.287, 1.302, 1.298, 1.285, 1.296, 1.274, 1.285, 1.284, 1.29, 1.292, 1.277, 1.29, 1.298, 1.293, 1.289, 1.294, 1.263, 1.268, 1.301, 1.292, 1.288, 1.287, 1.285, 1.29, 1.288, 1.282, 1.288, 1.288, 1.28, 1.296, 1.28, 1.279, 1.282, 1.272, 1.284, 1.282, 1.292, 1.285, 1.27, 1.282, 1.272, 1.295, 1.296, 1.289, 1.292, 1.287, 1.288, 1.28, 1.282, 1.293, 1.277, 1.287, 1.28, 1.28, 1.296, 1.291, 1.288, 1.277, 1.286, 1.283, 1.274, 1.291, 1.29, 1.267, 1.284, 1.301, 1.288, 1.301, 1.289, 1.291]"
-4.0,25.0,0.5,3.0,1.31,-0.9811,0.0047,"[1.331, 1.319, 1.317, 1.338, 1.341, 1.323, 1.306, 1.32, 1.312, 1.31, 1.334, 1.31, 1.315, 1.32, 1.311, 1.316, 1.311, 1.31, 1.32, 1.321, 1.309, 1.309, 1.309, 1.309, 1.32, 1.324, 1.317, 1.333, 1.334, 1.304, 1.322, 1.304, 1.322, 1.331, 1.325, 1.313, 1.332, 1.314, 1.323, 1.312, 1.324, 1.318, 1.304, 1.317, 1.328, 1.333, 1.317, 1.332, 1.316, 1.342, 1.314, 1.322, 1.309, 1.319, 1.327, 1.349, 1.315, 1.3, 1.333, 1.322, 1.335, 1.31, 1.341, 1.315, 1.319, 1.322, 1.31, 1.318, 1.304, 1.328, 1.317, 1.295, 1.318, 1.324, 1.324, 1.338, 1.323, 1.319, 1.32, 1.338, 1.312, 1.317, 1.329, 1.323, 1.31, 1.324, 1.339, 1.32, 1.317, 1.321, 1.319, 1.343, 1.33, 1.3, 1.335, 1.317, 1.324, 1.331, 1.336, 1.325, 1.322, 1.318, 1.321, 1.34, 1.307, 1.32, 1.329, 1.343, 1.34, 1.325, 1.329, 1.331, 1.319, 1.33, 1.317, 1.309, 1.328, 1.322, 1.331, 1.325, 1.314, 1.335, 1.329, 1.33, 1.311, 1.315, 1.317, 1.322, 1.343, 1.309, 1.323, 1.312, 1.313, 1.319, 1.327, 1.297, 1.307, 1.316, 1.319, 1.312, 1.318, 1.318, 1.327, 1.324, 1.321, 1.333, 1.33, 1.319, 1.308, 1.319, 1.307, 1.327, 1.341, 1.325, 1.331, 1.312, 1.323, 1.32, 1.313, 1.32]"
-4.0,25.0,1.0,0.0,0.6827,-1.4848,0.0055,"[0.659, 0.67, 0.675, 0.678, 0.661, 0.668, 0.679, 0.658, 0.669, 0.669, 0.658, 0.679, 0.665, 0.681, 0.657, 0.644, 0.662, 0.672, 0.663, 0.669, 0.668, 0.659, 0.696, 0.667, 0.662, 0.695, 0.659, 0.669, 0.662, 0.656, 0.678, 0.668, 0.656, 0.688, 0.669, 0.681, 0.682, 0.653, 0.676, 0.679, 0.67, 0.679, 0.664, 0.685, 0.664, 0.684, 0.673, 0.673, 0.656, 0.684, 0.66, 0.686, 0.672, 0.673, 0.664, 0.665, 0.652, 0.677, 0.673, 0.685, 0.666, 0.689, 0.658, 0.672, 0.676, 0.674, 0.665, 0.655, 0.669, 0.663, 0.688, 0.674, 0.67, 0.683, 0.677, 0.65, 0.679, 0.673, 0.673, 0.669, 0.664, 0.658, 0.677, 0.664, 0.662, 0.699, 0.664, 0.662, 0.675, 0.665, 0.683, 0.674, 0.67, 0.676, 0.673, 0.661, 0.672, 0.657, 0.656, 0.662, 0.666, 0.669, 0.64, 0.664, 0.653, 0.674, 0.664, 0.666, 0.657, 0.674, 0.654, 0.665, 0.663, 0.685, 0.649, 0.684, 0.665, 0.666, 0.68, 0.677, 0.67, 0.674, 0.65, 0.657, 0.673, 0.658, 0.669, 0.664, 0.655, 0.679, 0.675, 0.667, 0.685, 0.653, 0.659, 0.661, 0.665, 0.666, 0.677, 0.691, 0.674, 0.669, 0.683, 0.67, 0.669, 0.671, 0.672, 0.678, 0.647, 0.674, 0.67, 0.666, 0.678, 0.676, 0.663, 0.669, 0.674, 0.667, 0.659, 0.669]"
-4.0,25.0,1.0,3.0,0.6949,-1.106,0.002,"[0.71, 0.664, 0.694, 0.678, 0.679, 0.683, 0.678, 0.692, 0.673, 0.694, 0.696, 0.67, 0.671, 0.68, 0.696, 0.678, 0.688, 0.671, 0.678, 0.675, 0.678, 0.685, 0.687, 0.689, 0.673, 0.7, 0.683, 0.698, 0.694, 0.692, 0.7, 0.678, 0.691, 0.66, 0.689, 0.691, 0.678, 0.687, 0.668, 0.675, 0.686, 0.673, 0.705, 0.691, 0.685, 0.688, 0.69, 0.674, 0.691, 0.69, 0.68, 0.691, 0.683, 0.691, 0.698, 0.685, 0.704, 0.681, 0.675, 0.688, 0.675, 0.69, 0.674, 0.693, 0.683, 0.703, 0.702, 0.697, 0.676, 0.677, 0.687, 0.692, 0.686, 0.684, 0.691, 0.7, 0.704, 0.703, 0.668, 0.656, 0.692, 0.696, 0.696, 0.695, 0.696, 0.686, 0.69, 0.693, 0.693, 0.683, 0.675, 0.67, 0.682, 0.673, 0.685, 0.694, 0.689, 0.685, 0.691, 0.676, 0.694, 0.688, 0.68, 0.694, 0.655, 0.686, 0.681, 0.678, 0.681, 0.691, 0.682, 0.698, 0.672, 0.687, 0.675, 0.7, 0.692, 0.675, 0.692, 0.698, 0.684, 0.686, 0.689, 0.686, 0.698, 0.688, 0.69, 0.692, 0.689, 0.687, 0.683, 0.689, 0.69, 0.69, 0.668, 0.691, 0.689, 0.692, 0.673, 0.685, 0.69, 0.687, 0.693, 0.685, 0.671, 0.659, 0.676, 0.676, 0.696, 0.697, 0.695, 0.685, 0.67, 0.681, 0.703, 0.676, 0.691, 0.686, 0.682, 0.684]"
-4.0,25.0,2.0,0.0,0.3537,-1.5446,0.01,"[0.338, 0.356, 0.365, 0.367, 0.363, 0.358, 0.365, 0.377, 0.365, 0.337, 0.363, 0.371, 0.361, 0.352, 0.372, 0.358, 0.347, 0.359, 0.368, 0.359, 0.353, 0.365, 0.365, 0.349, 0.355, 0.35, 0.36, 0.375, 0.373, 0.359, 0.343, 0.359, 0.356, 0.348, 0.368, 0.368, 0.359, 0.357, 0.349, 0.362, 0.366, 0.365, 0.361, 0.377, 0.364, 0.357, 0.354, 0.349, 0.381, 0.368, 0.373, 0.361, 0.362, 0.351, 0.357, 0.356, 0.349, 0.364, 0.396, 0.346, 0.364, 0.354, 0.362, 0.375, 0.341, 0.347, 0.355, 0.359, 0.352, 0.356, 0.367, 0.347, 0.352, 0.351, 0.37, 0.355, 0.353, 0.356, 0.359, 0.372, 0.363, 0.378, 0.354, 0.368, 0.374, 0.347, 0.346, 0.355, 0.378, 0.361, 0.363, 0.357, 0.364, 0.361, 0.346, 0.337, 0.372, 0.335, 0.354, 0.353, 0.357, 0.358, 0.372, 0.362, 0.372, 0.354, 0.357, 0.346, 0.354, 0.363, 0.338, 0.362, 0.345, 0.351, 0.369, 0.348, 0.35, 0.366, 0.36, 0.343, 0.356, 0.355, 0.359, 0.361, 0.353, 0.39, 0.356, 0.364, 0.34, 0.353, 0.36, 0.347, 0.355, 0.362, 0.346, 0.353, 0.359, 0.366, 0.365, 0.359, 0.357, 0.373, 0.376, 0.376, 0.361, 0.356, 0.359, 0.347, 0.352, 0.355, 0.362, 0.366, 0.373, 0.375, 0.355, 0.36, 0.371, 0.36, 0.348, 0.369]"
-4.0,25.0,2.0,3.0,0.3736,-1.0737,0.0063,"[0.373, 0.37, 0.363, 0.392, 0.356, 0.362, 0.365, 0.354, 0.364, 0.352, 0.374, 0.37, 0.37, 0.381, 0.367, 0.351, 0.364, 0.376, 0.36, 0.369, 0.36, 0.359, 0.368, 0.378, 0.362, 0.381, 0.366, 0.363, 0.359, 0.369, 0.368, 0.364, 0.358, 0.346, 0.365, 0.368, 0.382, 0.368, 0.379, 0.362, 0.358, 0.337, 0.365, 0.378, 0.346, 0.367, 0.375, 0.356, 0.373, 0.36, 0.384, 0.356, 0.377, 0.346, 0.377, 0.366, 0.372, 0.352, 0.363, 0.375, 0.367, 0.361, 0.382, 0.368, 0.376, 0.353, 0.365, 0.359, 0.362, 0.391, 0.376, 0.367, 0.364, 0.354, 0.356, 0.374, 0.366, 0.363, 0.344, 0.366, 0.394, 0.374, 0.363, 0.37, 0.361, 0.386, 0.377, 0.37, 0.361, 0.375, 0.372, 0.373, 0.373, 0.367, 0.351, 0.369, 0.363, 0.354, 0.35, 0.366, 0.355, 0.35, 0.377, 0.379, 0.376, 0.379, 0.355, 0.366, 0.368, 0.371, 0.368, 0.351, 0.362, 0.369, 0.364, 0.374, 0.372, 0.385, 0.373, 0.38, 0.36, 0.383, 0.381, 0.365, 0.364, 0.365, 0.352, 0.359, 0.373, 0.38, 0.376, 0.358, 0.38, 0.378, 0.37, 0.381, 0.392, 0.366, 0.364, 0.362, 0.364, 0.376, 0.353, 0.353, 0.372, 0.366, 0.379, 0.354, 0.363, 0.366, 0.375, 0.366, 0.359, 0.372, 0.368, 0.363, 0.355, 0.377, 0.365, 0.368]"
-3.0,5.0,0.5,0.0,0.2727,-2.1721,0.0136,"[0.29, 0.275, 0.278, 0.274, 0.279, 0.288, 0.269, 0.282, 0.285, 0.287, 0.27, 0.277, 0.281, 0.274, 0.266, 0.294, 0.279, 0.28, 0.283, 0.295, 0.291, 0.285, 0.264, 0.299, 0.282, 0.262, 0.291, 0.272, 0.275, 0.274, 0.257, 0.278, 0.292, 0.282, 0.277, 0.276, 0.278, 0.27, 0.287, 0.29, 0.291, 0.289, 0.287, 0.279, 0.288, 0.285, 0.267, 0.277, 0.286, 0.285, 0.276, 0.279, 0.279, 0.283, 0.292, 0.299, 0.286, 0.261, 0.272, 0.282, 0.295, 0.297, 0.295, 0.277, 0.28, 0.292, 0.259, 0.276, 0.298, 0.286, 0.281, 0.285, 0.303, 0.286, 0.292, 0.293, 0.31, 0.282, 0.287, 0.29, 0.273, 0.3, 0.28, 0.273, 0.285, 0.269, 0.279, 0.286, 0.265, 0.284, 0.27, 0.284, 0.284, 0.282, 0.282, 0.294, 0.263, 0.281, 0.288, 0.3, 0.277, 0.282, 0.297, 0.28, 0.293, 0.291, 0.296, 0.276, 0.277, 0.265, 0.277, 0.285, 0.294, 0.285, 0.287, 0.272, 0.262, 0.295, 0.289, 0.291, 0.267, 0.275, 0.273, 0.279, 0.289, 0.291, 0.288, 0.276, 0.282, 0.287, 0.27, 0.278, 0.281, 0.285, 0.286, 0.266, 0.269, 0.27, 0.29, 0.273, 0.276, 0.265, 0.289, 0.282, 0.301, 0.253, 0.269, 0.286, 0.3, 0.269, 0.262, 0.281, 0.275, 0.285, 0.299, 0.277, 0.28, 0.279, 0.288, 0.281]"
-3.0,5.0,0.5,3.0,1.0887,-1.7547,0.0285,"[1.086, 1.088, 1.077, 1.102, 1.084, 1.081, 1.106, 1.093, 1.084, 1.09, 1.092, 1.092, 1.095, 1.092, 1.108, 1.095, 1.095, 1.08, 1.091, 1.076, 1.098, 1.093, 1.093, 1.1, 1.103, 1.074, 1.086, 1.092, 1.08, 1.096, 1.097, 1.087, 1.098, 1.091, 1.081, 1.089, 1.075, 1.091, 1.097, 1.097, 1.088, 1.088, 1.1, 1.084, 1.081, 1.107, 1.084, 1.079, 1.095, 1.081, 1.102, 1.086, 1.087, 1.096, 1.107, 1.094, 1.094, 1.091, 1.11, 1.096, 1.081, 1.079, 1.096, 1.095, 1.088, 1.076, 1.094, 1.085, 1.083, 1.101, 1.087, 1.084, 1.09, 1.088, 1.097, 1.09, 1.088, 1.104, 1.096, 1.099, 1.099, 1.087, 1.09, 1.091, 1.108, 1.074, 1.089, 1.093, 1.078, 1.073, 1.085, 1.094, 1.098, 1.103, 1.094, 1.086, 1.091, 1.086, 1.095, 1.087, 1.09, 1.097, 1.083, 1.101, 1.079, 1.094, 1.083, 1.103, 1.089, 1.091, 1.089, 1.095, 1.089, 1.076, 1.089, 1.1, 1.092, 1.072, 1.092, 1.091, 1.097, 1.099, 1.083, 1.089, 1.082, 1.09, 1.086, 1.089, 1.087, 1.097, 1.109, 1.088, 1.097, 1.085, 1.057, 1.093, 1.093, 1.109, 1.097, 1.087, 1.074, 1.094, 1.1, 1.117, 1.092, 1.099, 1.091, 1.098, 1.094, 1.078, 1.091, 1.088, 1.093, 1.1, 1.099, 1.087, 1.093, 1.084, 1.079, 1.085]"
-3.0,5.0,1.0,0.0,0.1531,-2.1489,0.0084,"[0.17, 0.155, 0.168, 0.164, 0.179, 0.16, 0.17, 0.177, 0.165, 0.16, 0.175, 0.164, 0.182, 0.165, 0.165, 0.172, 0.168, 0.155, 0.16, 0.16, 0.153, 0.158, 0.169, 0.173, 0.165, 0.175, 0.158, 0.185, 0.179, 0.173, 0.17, 0.149, 0.181, 0.159, 0.165, 0.161, 0.164, 0.166, 0.188, 0.164, 0.165, 0.172, 0.169, 0.173, 0.181, 0.162, 0.179, 0.166, 0.16, 0.158, 0.172, 0.17, 0.164, 0.171, 0.161, 0.183, 0.16, 0.167, 0.148, 0.18, 0.181, 0.164, 0.166, 0.153, 0.162, 0.166, 0.165, 0.147, 0.166, 0.161, 0.153, 0.154, 0.154, 0.172, 0.185, 0.2, 0.16, 0.15, 0.16, 0.155, 0.141, 0.171, 0.159, 0.166, 0.165, 0.16, 0.14, 0.155, 0.152, 0.156, 0.159, 0.169, 0.163, 0.159, 0.165, 0.165, 0.177, 0.194, 0.148, 0.172, 0.149, 0.171, 0.147, 0.162, 0.155, 0.166, 0.157, 0.164, 0.162, 0.173, 0.163, 0.184, 0.161, 0.17, 0.152, 0.164, 0.159, 0.173, 0.17, 0.166, 0.158, 0.173, 0.17, 0.18, 0.131, 0.172, 0.17, 0.165, 0.176, 0.172, 0.16, 0.153, 0.17, 0.173, 0.152, 0.164, 0.156, 0.175, 0.173, 0.163, 0.162, 0.171, 0.166, 0.162, 0.146, 0.156, 0.178, 0.182, 0.162, 0.168, 0.163, 0.16, 0.16, 0.149, 0.166, 0.169, 0.162, 0.177, 0.156, 0.158]"
-3.0,5.0,1.0,3.0,0.5617,-1.7966,0.0025,"[0.569, 0.561, 0.578, 0.577, 0.571, 0.57, 0.573, 0.573, 0.578, 0.56, 0.579, 0.561, 0.57, 0.562, 0.57, 0.573, 0.578, 0.583, 0.572, 0.559, 0.563, 0.562, 0.579, 0.549, 0.569, 0.569, 0.58, 0.567, 0.565, 0.578, 0.574, 0.584, 0.568, 0.565, 0.564, 0.576, 0.585, 0.553, 0.575, 0.569, 0.571, 0.584, 0.58, 0.581, 0.575, 0.573, 0.577, 0.595, 0.572, 0.573, 0.564, 0.553, 0.583, 0.568, 0.577, 0.574, 0.585, 0.567, 0.557, 0.584, 0.573, 0.572, 0.549, 0.576, 0.553, 0.579, 0.567, 0.576, 0.571, 0.567, 0.563, 0.55, 0.568, 0.573, 0.574, 0.578, 0.574, 0.59, 0.565, 0.588, 0.572, 0.577, 0.58, 0.537, 0.587, 0.576, 0.563, 0.566, 0.579, 0.567, 0.564, 0.569, 0.561, 0.558, 0.57, 0.544, 0.575, 0.56, 0.591, 0.576, 0.579, 0.555, 0.58, 0.553, 0.567, 0.554, 0.568, 0.574, 0.568, 0.563, 0.577, 0.57, 0.569, 0.574, 0.559, 0.579, 0.579, 0.566, 0.573, 0.572, 0.581, 0.596, 0.584, 0.558, 0.579, 0.598, 0.56, 0.585, 0.577, 0.573, 0.573, 0.567, 0.556, 0.581, 0.553, 0.568, 0.571, 0.567, 0.573, 0.59, 0.573, 0.573, 0.581, 0.576, 0.572, 0.567, 0.572, 0.576, 0.576, 0.561, 0.556, 0.576, 0.563, 0.572, 0.568, 0.566, 0.576, 0.571, 0.583, 0.578]"
-3.0,5.0,2.0,0.0,0.0981,-2.2018,0.012,"[0.102, 0.12, 0.103, 0.108, 0.112, 0.097, 0.108, 0.124, 0.109, 0.105, 0.116, 0.116, 0.085, 0.107, 0.112, 0.117, 0.12, 0.105, 0.108, 0.101, 0.12, 0.087, 0.094, 0.124, 0.108, 0.104, 0.118, 0.091, 0.11, 0.115, 0.109, 0.074, 0.104, 0.098, 0.126, 0.119, 0.105, 0.09, 0.108, 0.096, 0.113, 0.111, 0.104, 0.112, 0.134, 0.092, 0.097, 0.111, 0.1, 0.112, 0.095, 0.109, 0.108, 0.115, 0.106, 0.118, 0.098, 0.111, 0.09, 0.085, 0.094, 0.128, 0.123, 0.112, 0.1, 0.117, 0.092, 0.088, 0.107, 0.108, 0.113, 0.101, 0.102, 0.126, 0.106, 0.103, 0.112, 0.103, 0.126, 0.111, 0.104, 0.1, 0.088, 0.11, 0.1, 0.09, 0.096, 0.121, 0.106, 0.11, 0.11, 0.127, 0.101, 0.107, 0.118, 0.108, 0.111, 0.106, 0.1, 0.119, 0.105, 0.113, 0.111, 0.071, 0.107, 0.109, 0.085, 0.095, 0.106, 0.103, 0.117, 0.123, 0.102, 0.099, 0.107, 0.119, 0.108, 0.119, 0.119, 0.114, 0.107, 0.097, 0.11, 0.102, 0.125, 0.119, 0.107, 0.107, 0.094, 0.103, 0.129, 0.112, 0.107, 0.112, 0.105, 0.108, 0.108, 0.125, 0.086, 0.101, 0.085, 0.104, 0.107, 0.114, 0.096, 0.099, 0.115, 0.113, 0.105, 0.084, 0.108, 0.11, 0.109, 0.092, 0.097, 0.117, 0.124, 0.116, 0.103, 0.105]"
-3.0,5.0,2.0,3.0,0.2893,-1.771,0.0073,"[0.318, 0.316, 0.303, 0.307, 0.305, 0.318, 0.31, 0.32, 0.314, 0.302, 0.295, 0.33, 0.306, 0.311, 0.328, 0.315, 0.3, 0.311, 0.325, 0.314, 0.344, 0.29, 0.306, 0.297, 0.317, 0.297, 0.302, 0.304, 0.312, 0.308, 0.32, 0.3, 0.314, 0.308, 0.291, 0.321, 0.303, 0.312, 0.301, 0.338, 0.326, 0.305, 0.313, 0.313, 0.296, 0.317, 0.311, 0.321, 0.309, 0.299, 0.303, 0.298, 0.312, 0.317, 0.296, 0.314, 0.317, 0.315, 0.297, 0.327, 0.314, 0.294, 0.304, 0.304, 0.308, 0.325, 0.313, 0.309, 0.326, 0.315, 0.331, 0.311, 0.326, 0.289, 0.318, 0.308, 0.313, 0.315, 0.317, 0.327, 0.316, 0.31, 0.315, 0.301, 0.33, 0.304, 0.318, 0.323, 0.316, 0.304, 0.303, 0.322, 0.314, 0.306, 0.302, 0.304, 0.312, 0.334, 0.298, 0.287, 0.311, 0.304, 0.307, 0.299, 0.323, 0.305, 0.315, 0.326, 0.308, 0.302, 0.309, 0.309, 0.316, 0.31, 0.311, 0.306, 0.312, 0.314, 0.316, 0.294, 0.298, 0.296, 0.32, 0.299, 0.306, 0.31, 0.296, 0.305, 0.336, 0.311, 0.328, 0.305, 0.317, 0.306, 0.313, 0.318, 0.306, 0.315, 0.307, 0.313, 0.32, 0.324, 0.321, 0.31, 0.323, 0.319, 0.305, 0.3, 0.293, 0.328, 0.295, 0.308, 0.314, 0.298, 0.327, 0.334, 0.312, 0.308, 0.303, 0.314]"
-3.0,7.5,0.5,0.0,0.4598,-2.0731,0.004,"[0.452, 0.461, 0.463, 0.462, 0.454, 0.465, 0.45, 0.448, 0.452, 0.461, 0.44, 0.447, 0.447, 0.46, 0.45, 0.447, 0.445, 0.449, 0.453, 0.447, 0.46, 0.457, 0.47, 0.475, 0.457, 0.463, 0.465, 0.459, 0.451, 0.462, 0.446, 0.462, 0.457, 0.46, 0.46, 0.472, 0.451, 0.467, 0.459, 0.473, 0.445, 0.457, 0.462, 0.458, 0.443, 0.452, 0.45, 0.477, 0.46, 0.448, 0.466, 0.454, 0.471, 0.45, 0.448, 0.453, 0.463, 0.463, 0.472, 0.478, 0.465, 0.452, 0.468, 0.459, 0.459, 0.458, 0.448, 0.45, 0.446, 0.441, 0.461, 0.473, 0.463, 0.465, 0.479, 0.448, 0.474, 0.471, 0.458, 0.447, 0.463, 0.483, 0.468, 0.45, 0.466, 0.456, 0.465, 0.448, 0.464, 0.454, 0.439, 0.459, 0.451, 0.447, 0.444, 0.453, 0.455, 0.46, 0.452, 0.45, 0.453, 0.459, 0.457, 0.459, 0.448, 0.445, 0.464, 0.462, 0.439, 0.46, 0.456, 0.445, 0.475, 0.441, 0.467, 0.448, 0.446, 0.459, 0.447, 0.47, 0.469, 0.454, 0.461, 0.465, 0.447, 0.472, 0.452, 0.457, 0.456, 0.452, 0.452, 0.462, 0.463, 0.447, 0.457, 0.448, 0.448, 0.475, 0.455, 0.446, 0.462, 0.453, 0.459, 0.448, 0.458, 0.466, 0.467, 0.471, 0.455, 0.452, 0.458, 0.457, 0.455, 0.448, 0.478, 0.461, 0.441, 0.458, 0.467, 0.483]"
-3.0,7.5,0.5,3.0,1.1931,-1.6896,0.0,"[1.196, 1.205, 1.2, 1.194, 1.204, 1.204, 1.209, 1.211, 1.184, 1.193, 1.216, 1.195, 1.191, 1.184, 1.214, 1.199, 1.19, 1.193, 1.192, 1.221, 1.208, 1.206, 1.207, 1.215, 1.224, 1.203, 1.199, 1.22, 1.196, 1.212, 1.191, 1.205, 1.202, 1.199, 1.204, 1.197, 1.183, 1.21, 1.199, 1.201, 1.218, 1.199, 1.205, 1.194, 1.224, 1.195, 1.191, 1.175, 1.208, 1.206, 1.199, 1.199, 1.198, 1.219, 1.195, 1.199, 1.182, 1.207, 1.201, 1.207, 1.206, 1.204, 1.195, 1.195, 1.207, 1.196, 1.208, 1.203, 1.209, 1.191, 1.197, 1.202, 1.194, 1.198, 1.197, 1.205, 1.204, 1.202, 1.191, 1.195, 1.194, 1.217, 1.187, 1.191, 1.201, 1.191, 1.195, 1.194, 1.183, 1.202, 1.186, 1.222, 1.196, 1.198, 1.193, 1.202, 1.205, 1.184, 1.205, 1.205, 1.186, 1.206, 1.189, 1.196, 1.196, 1.188, 1.19, 1.223, 1.184, 1.21, 1.2, 1.217, 1.213, 1.189, 1.195, 1.211, 1.201, 1.192, 1.194, 1.223, 1.201, 1.201, 1.208, 1.189, 1.217, 1.18, 1.215, 1.207, 1.21, 1.196, 1.195, 1.218, 1.23, 1.204, 1.215, 1.205, 1.195, 1.22, 1.199, 1.209, 1.203, 1.207, 1.198, 1.204, 1.192, 1.22, 1.205, 1.201, 1.208, 1.209, 1.196, 1.19, 1.197, 1.21, 1.199, 1.19, 1.203, 1.219, 1.201, 1.185]"
-3.0,7.5,1.0,0.0,0.263,-2.1457,0.0236,"[0.259, 0.262, 0.253, 0.245, 0.237, 0.256, 0.237, 0.271, 0.265, 0.269, 0.252, 0.255, 0.242, 0.262, 0.238, 0.252, 0.245, 0.269, 0.258, 0.257, 0.251, 0.261, 0.269, 0.27, 0.28, 0.244, 0.248, 0.262, 0.254, 0.257, 0.239, 0.262, 0.249, 0.258, 0.252, 0.243, 0.271, 0.26, 0.254, 0.244, 0.262, 0.259, 0.245, 0.259, 0.253, 0.258, 0.259, 0.248, 0.259, 0.269, 0.261, 0.254, 0.255, 0.27, 0.269, 0.244, 0.259, 0.252, 0.242, 0.263, 0.26, 0.248, 0.252, 0.266, 0.25, 0.248, 0.243, 0.26, 0.24, 0.24, 0.252, 0.248, 0.241, 0.243, 0.238, 0.256, 0.241, 0.242, 0.253, 0.252, 0.255, 0.274, 0.248, 0.224, 0.263, 0.241, 0.261, 0.245, 0.254, 0.25, 0.249, 0.236, 0.248, 0.242, 0.257, 0.275, 0.253, 0.271, 0.236, 0.256, 0.25, 0.247, 0.234, 0.258, 0.262, 0.255, 0.238, 0.244, 0.249, 0.265, 0.241, 0.261, 0.267, 0.253, 0.257, 0.252, 0.241, 0.255, 0.245, 0.263, 0.263, 0.254, 0.249, 0.26, 0.247, 0.228, 0.244, 0.25, 0.243, 0.267, 0.239, 0.257, 0.254, 0.243, 0.254, 0.243, 0.255, 0.254, 0.235, 0.235, 0.269, 0.258, 0.248, 0.25, 0.249, 0.263, 0.25, 0.239, 0.249, 0.246, 0.252, 0.268, 0.24, 0.243, 0.26, 0.245, 0.265, 0.264, 0.261, 0.266]"
-3.0,7.5,1.0,3.0,0.6267,-1.6879,0.0084,"[0.612, 0.625, 0.623, 0.642, 0.632, 0.633, 0.632, 0.618, 0.618, 0.645, 0.641, 0.624, 0.618, 0.628, 0.639, 0.63, 0.621, 0.626, 0.627, 0.642, 0.616, 0.627, 0.634, 0.616, 0.621, 0.635, 0.629, 0.633, 0.639, 0.625, 0.644, 0.642, 0.625, 0.633, 0.629, 0.61, 0.642, 0.616, 0.635, 0.625, 0.614, 0.637, 0.633, 0.619, 0.614, 0.627, 0.628, 0.633, 0.604, 0.639, 0.624, 0.632, 0.625, 0.634, 0.613, 0.613, 0.632, 0.639, 0.63, 0.616, 0.639, 0.627, 0.623, 0.63, 0.626, 0.616, 0.63, 0.617, 0.634, 0.625, 0.626, 0.634, 0.615, 0.624, 0.635, 0.623, 0.588, 0.628, 0.633, 0.631, 0.631, 0.622, 0.618, 0.631, 0.626, 0.623, 0.622, 0.627, 0.628, 0.62, 0.626, 0.611, 0.632, 0.629, 0.628, 0.623, 0.641, 0.621, 0.611, 0.621, 0.614, 0.596, 0.644, 0.62, 0.637, 0.629, 0.638, 0.617, 0.647, 0.615, 0.628, 0.622, 0.637, 0.631, 0.606, 0.623, 0.639, 0.618, 0.622, 0.626, 0.622, 0.638, 0.619, 0.626, 0.634, 0.629, 0.634, 0.622, 0.621, 0.627, 0.625, 0.627, 0.626, 0.629, 0.628, 0.632, 0.623, 0.633, 0.622, 0.648, 0.638, 0.644, 0.626, 0.617, 0.599, 0.616, 0.627, 0.64, 0.62, 0.622, 0.633, 0.606, 0.634, 0.638, 0.643, 0.628, 0.626, 0.631, 0.635, 0.636]"
-3.0,7.5,2.0,0.0,0.1526,-2.0626,0.0003,"[0.156, 0.156, 0.145, 0.151, 0.176, 0.166, 0.172, 0.16, 0.168, 0.146, 0.164, 0.157, 0.163, 0.153, 0.141, 0.147, 0.168, 0.143, 0.156, 0.15, 0.163, 0.138, 0.146, 0.137, 0.146, 0.16, 0.135, 0.143, 0.144, 0.149, 0.147, 0.153, 0.16, 0.134, 0.156, 0.15, 0.155, 0.148, 0.163, 0.149, 0.166, 0.167, 0.15, 0.157, 0.154, 0.155, 0.132, 0.123, 0.153, 0.162, 0.156, 0.158, 0.155, 0.153, 0.162, 0.148, 0.161, 0.15, 0.152, 0.166, 0.154, 0.157, 0.162, 0.128, 0.156, 0.153, 0.138, 0.148, 0.155, 0.142, 0.155, 0.144, 0.145, 0.146, 0.16, 0.166, 0.158, 0.147, 0.157, 0.16, 0.151, 0.143, 0.17, 0.149, 0.152, 0.146, 0.169, 0.165, 0.156, 0.162, 0.151, 0.162, 0.152, 0.155, 0.146, 0.133, 0.145, 0.152, 0.145, 0.177, 0.161, 0.156, 0.153, 0.155, 0.164, 0.152, 0.146, 0.148, 0.14, 0.143, 0.16, 0.16, 0.16, 0.141, 0.162, 0.148, 0.148, 0.143, 0.138, 0.142, 0.143, 0.147, 0.161, 0.161, 0.16, 0.147, 0.147, 0.162, 0.137, 0.131, 0.139, 0.155, 0.152, 0.139, 0.154, 0.158, 0.178, 0.165, 0.155, 0.161, 0.178, 0.144, 0.138, 0.164, 0.15, 0.142, 0.151, 0.144, 0.141, 0.159, 0.146, 0.137, 0.153, 0.148, 0.156, 0.15, 0.146, 0.165, 0.141, 0.163]"
-3.0,7.5,2.0,3.0,0.3325,-1.6777,0.0093,"[0.341, 0.342, 0.352, 0.342, 0.325, 0.34, 0.349, 0.35, 0.334, 0.332, 0.327, 0.347, 0.346, 0.353, 0.332, 0.34, 0.336, 0.333, 0.338, 0.327, 0.345, 0.348, 0.345, 0.338, 0.347, 0.334, 0.324, 0.335, 0.332, 0.362, 0.346, 0.338, 0.35, 0.345, 0.339, 0.337, 0.33, 0.342, 0.347, 0.325, 0.343, 0.342, 0.33, 0.338, 0.324, 0.34, 0.343, 0.345, 0.342, 0.349, 0.331, 0.345, 0.335, 0.33, 0.333, 0.327, 0.341, 0.327, 0.347, 0.342, 0.343, 0.336, 0.317, 0.335, 0.339, 0.334, 0.346, 0.335, 0.344, 0.331, 0.347, 0.35, 0.331, 0.348, 0.341, 0.328, 0.34, 0.343, 0.321, 0.331, 0.341, 0.325, 0.322, 0.348, 0.358, 0.345, 0.337, 0.333, 0.347, 0.333, 0.352, 0.342, 0.346, 0.344, 0.331, 0.35, 0.344, 0.326, 0.327, 0.316, 0.337, 0.336, 0.348, 0.355, 0.344, 0.32, 0.344, 0.333, 0.34, 0.352, 0.33, 0.324, 0.338, 0.323, 0.337, 0.339, 0.321, 0.332, 0.348, 0.352, 0.351, 0.349, 0.341, 0.322, 0.346, 0.336, 0.315, 0.342, 0.337, 0.339, 0.33, 0.33, 0.34, 0.335, 0.335, 0.328, 0.326, 0.331, 0.346, 0.345, 0.321, 0.338, 0.332, 0.358, 0.33, 0.329, 0.329, 0.351, 0.32, 0.327, 0.339, 0.343, 0.343, 0.315, 0.33, 0.343, 0.33, 0.326, 0.345, 0.35]"
-3.0,10.0,0.5,0.0,0.6939,-1.995,0.0151,"[0.694, 0.705, 0.688, 0.685, 0.686, 0.688, 0.662, 0.67, 0.7, 0.705, 0.683, 0.679, 0.698, 0.696, 0.696, 0.674, 0.671, 0.672, 0.682, 0.681, 0.69, 0.698, 0.674, 0.695, 0.698, 0.713, 0.688, 0.687, 0.684, 0.688, 0.709, 0.695, 0.689, 0.67, 0.691, 0.676, 0.7, 0.684, 0.668, 0.673, 0.68, 0.686, 0.684, 0.682, 0.704, 0.681, 0.68, 0.687, 0.682, 0.688, 0.677, 0.688, 0.668, 0.677, 0.682, 0.681, 0.687, 0.676, 0.686, 0.69, 0.683, 0.687, 0.682, 0.685, 0.683, 0.713, 0.686, 0.676, 0.684, 0.673, 0.664, 0.687, 0.697, 0.691, 0.688, 0.695, 0.682, 0.662, 0.691, 0.683, 0.691, 0.691, 0.687, 0.688, 0.692, 0.683, 0.694, 0.709, 0.689, 0.69, 0.7, 0.698, 0.685, 0.669, 0.677, 0.689, 0.682, 0.679, 0.69, 0.68, 0.7, 0.679, 0.687, 0.683, 0.683, 0.689, 0.662, 0.687, 0.695, 0.695, 0.691, 0.692, 0.692, 0.7, 0.689, 0.685, 0.679, 0.684, 0.693, 0.694, 0.682, 0.682, 0.692, 0.699, 0.709, 0.692, 0.681, 0.677, 0.703, 0.69, 0.684, 0.681, 0.702, 0.684, 0.699, 0.694, 0.684, 0.704, 0.687, 0.682, 0.701, 0.695, 0.682, 0.695, 0.698, 0.693, 0.681, 0.69, 0.676, 0.683, 0.683, 0.695, 0.696, 0.673, 0.691, 0.686, 0.69, 0.702, 0.683, 0.684]"
-3.0,10.0,0.5,3.0,1.2539,-1.5737,0.0039,"[1.28, 1.266, 1.273, 1.259, 1.249, 1.262, 1.265, 1.275, 1.259, 1.273, 1.25, 1.26, 1.265, 1.252, 1.279, 1.261, 1.256, 1.253, 1.251, 1.27, 1.255, 1.267, 1.259, 1.272, 1.267, 1.27, 1.288, 1.259, 1.265, 1.265, 1.267, 1.259, 1.27, 1.284, 1.262, 1.263, 1.254, 1.247, 1.253, 1.25, 1.251, 1.257, 1.253, 1.254, 1.253, 1.253, 1.286, 1.255, 1.257, 1.267, 1.25, 1.247, 1.252, 1.261, 1.264, 1.269, 1.267, 1.279, 1.263, 1.263, 1.254, 1.263, 1.255, 1.251, 1.281, 1.25, 1.281, 1.275, 1.262, 1.249, 1.261, 1.253, 1.279, 1.269, 1.273, 1.26, 1.262, 1.269, 1.259, 1.278, 1.257, 1.277, 1.254, 1.257, 1.26, 1.259, 1.255, 1.242, 1.264, 1.255, 1.259, 1.269, 1.255, 1.262, 1.255, 1.28, 1.271, 1.262, 1.263, 1.246, 1.256, 1.278, 1.257, 1.261, 1.246, 1.268, 1.261, 1.252, 1.249, 1.283, 1.258, 1.256, 1.27, 1.242, 1.278, 1.258, 1.26, 1.254, 1.263, 1.255, 1.261, 1.252, 1.264, 1.258, 1.264, 1.259, 1.278, 1.261, 1.269, 1.261, 1.27, 1.256, 1.259, 1.263, 1.241, 1.266, 1.255, 1.258, 1.271, 1.262, 1.257, 1.265, 1.256, 1.262, 1.253, 1.272, 1.251, 1.267, 1.243, 1.262, 1.266, 1.253, 1.267, 1.263, 1.259, 1.264, 1.276, 1.265, 1.251, 1.253]"
-3.0,10.0,1.0,0.0,0.3603,-1.9455,0.0108,"[0.374, 0.373, 0.336, 0.372, 0.364, 0.374, 0.379, 0.353, 0.366, 0.376, 0.372, 0.379, 0.38, 0.365, 0.36, 0.36, 0.377, 0.375, 0.371, 0.368, 0.373, 0.369, 0.364, 0.38, 0.356, 0.377, 0.357, 0.371, 0.38, 0.376, 0.369, 0.35, 0.358, 0.372, 0.365, 0.363, 0.341, 0.365, 0.369, 0.362, 0.368, 0.364, 0.375, 0.366, 0.366, 0.367, 0.363, 0.378, 0.362, 0.375, 0.36, 0.384, 0.392, 0.372, 0.374, 0.367, 0.369, 0.36, 0.358, 0.373, 0.36, 0.374, 0.377, 0.381, 0.359, 0.357, 0.375, 0.375, 0.375, 0.376, 0.359, 0.368, 0.366, 0.376, 0.373, 0.373, 0.371, 0.369, 0.365, 0.37, 0.374, 0.378, 0.38, 0.374, 0.381, 0.375, 0.353, 0.377, 0.358, 0.383, 0.348, 0.348, 0.385, 0.387, 0.38, 0.382, 0.356, 0.379, 0.36, 0.38, 0.364, 0.367, 0.378, 0.368, 0.373, 0.361, 0.361, 0.366, 0.358, 0.375, 0.372, 0.355, 0.383, 0.383, 0.368, 0.363, 0.381, 0.359, 0.384, 0.368, 0.382, 0.376, 0.395, 0.376, 0.388, 0.364, 0.359, 0.366, 0.37, 0.369, 0.369, 0.372, 0.376, 0.356, 0.367, 0.364, 0.371, 0.368, 0.382, 0.373, 0.379, 0.366, 0.377, 0.363, 0.359, 0.382, 0.368, 0.368, 0.36, 0.359, 0.385, 0.379, 0.36, 0.361, 0.37, 0.364, 0.361, 0.361, 0.366, 0.354]"
-3.0,10.0,1.0,3.0,0.6507,-1.5519,0.0087,"[0.656, 0.659, 0.667, 0.643, 0.648, 0.656, 0.666, 0.663, 0.673, 0.65, 0.649, 0.65, 0.65, 0.647, 0.661, 0.639, 0.669, 0.655, 0.66, 0.643, 0.648, 0.65, 0.651, 0.651, 0.656, 0.651, 0.663, 0.664, 0.674, 0.659, 0.654, 0.658, 0.661, 0.649, 0.665, 0.664, 0.64, 0.675, 0.659, 0.647, 0.647, 0.659, 0.648, 0.647, 0.652, 0.661, 0.653, 0.648, 0.672, 0.661, 0.648, 0.659, 0.658, 0.656, 0.657, 0.655, 0.661, 0.656, 0.659, 0.661, 0.656, 0.664, 0.67, 0.654, 0.651, 0.643, 0.664, 0.655, 0.645, 0.651, 0.661, 0.664, 0.662, 0.656, 0.664, 0.658, 0.659, 0.649, 0.667, 0.663, 0.653, 0.668, 0.644, 0.649, 0.644, 0.653, 0.649, 0.666, 0.658, 0.654, 0.661, 0.664, 0.67, 0.656, 0.657, 0.646, 0.659, 0.659, 0.651, 0.657, 0.654, 0.66, 0.654, 0.659, 0.651, 0.664, 0.661, 0.667, 0.658, 0.656, 0.642, 0.665, 0.657, 0.654, 0.665, 0.664, 0.653, 0.66, 0.657, 0.668, 0.646, 0.67, 0.667, 0.653, 0.651, 0.66, 0.643, 0.659, 0.658, 0.662, 0.65, 0.681, 0.658, 0.668, 0.661, 0.665, 0.645, 0.674, 0.662, 0.661, 0.662, 0.661, 0.658, 0.654, 0.646, 0.673, 0.647, 0.667, 0.661, 0.65, 0.664, 0.652, 0.675, 0.656, 0.665, 0.652, 0.648, 0.656, 0.672, 0.641]"
-3.0,10.0,2.0,0.0,0.2046,-2.0649,0.0023,"[0.198, 0.218, 0.203, 0.202, 0.204, 0.207, 0.214, 0.198, 0.207, 0.203, 0.197, 0.204, 0.217, 0.212, 0.216, 0.187, 0.203, 0.214, 0.205, 0.21, 0.21, 0.195, 0.205, 0.2, 0.212, 0.205, 0.197, 0.208, 0.223, 0.193, 0.219, 0.202, 0.209, 0.193, 0.212, 0.212, 0.226, 0.213, 0.191, 0.21, 0.212, 0.196, 0.188, 0.191, 0.211, 0.207, 0.218, 0.222, 0.216, 0.217, 0.22, 0.213, 0.213, 0.189, 0.203, 0.198, 0.221, 0.199, 0.199, 0.206, 0.224, 0.226, 0.208, 0.213, 0.208, 0.215, 0.19, 0.221, 0.209, 0.204, 0.203, 0.213, 0.223, 0.222, 0.202, 0.216, 0.201, 0.202, 0.208, 0.213, 0.214, 0.211, 0.195, 0.215, 0.23, 0.215, 0.221, 0.216, 0.218, 0.195, 0.201, 0.221, 0.218, 0.206, 0.211, 0.219, 0.212, 0.219, 0.206, 0.22, 0.212, 0.2, 0.229, 0.23, 0.204, 0.205, 0.216, 0.208, 0.209, 0.223, 0.197, 0.203, 0.209, 0.211, 0.224, 0.219, 0.203, 0.213, 0.203, 0.223, 0.205, 0.199, 0.22, 0.191, 0.204, 0.183, 0.214, 0.2, 0.222, 0.22, 0.204, 0.231, 0.2, 0.198, 0.204, 0.211, 0.216, 0.225, 0.211, 0.206, 0.209, 0.216, 0.199, 0.203, 0.228, 0.201, 0.197, 0.226, 0.213, 0.222, 0.194, 0.224, 0.174, 0.209, 0.226, 0.223, 0.218, 0.226, 0.208, 0.197]"
-3.0,10.0,2.0,3.0,0.3595,-1.5343,0.0047,"[0.339, 0.362, 0.335, 0.349, 0.346, 0.35, 0.351, 0.369, 0.349, 0.342, 0.358, 0.352, 0.352, 0.35, 0.35, 0.354, 0.345, 0.361, 0.377, 0.347, 0.352, 0.358, 0.362, 0.359, 0.344, 0.336, 0.338, 0.361, 0.349, 0.346, 0.349, 0.359, 0.369, 0.346, 0.343, 0.357, 0.356, 0.348, 0.36, 0.357, 0.343, 0.351, 0.364, 0.363, 0.355, 0.379, 0.357, 0.357, 0.35, 0.351, 0.358, 0.347, 0.36, 0.361, 0.339, 0.338, 0.35, 0.371, 0.372, 0.314, 0.356, 0.354, 0.344, 0.352, 0.346, 0.351, 0.351, 0.342, 0.351, 0.351, 0.36, 0.355, 0.361, 0.358, 0.367, 0.35, 0.362, 0.354, 0.368, 0.357, 0.344, 0.353, 0.351, 0.345, 0.349, 0.332, 0.347, 0.36, 0.359, 0.348, 0.357, 0.366, 0.346, 0.339, 0.353, 0.367, 0.366, 0.351, 0.361, 0.353, 0.373, 0.359, 0.338, 0.349, 0.354, 0.344, 0.356, 0.348, 0.36, 0.343, 0.351, 0.365, 0.354, 0.356, 0.344, 0.35, 0.348, 0.352, 0.377, 0.36, 0.356, 0.349, 0.348, 0.354, 0.359, 0.354, 0.347, 0.355, 0.361, 0.366, 0.364, 0.349, 0.327, 0.341, 0.341, 0.355, 0.343, 0.346, 0.349, 0.385, 0.369, 0.349, 0.372, 0.354, 0.346, 0.358, 0.344, 0.334, 0.332, 0.364, 0.352, 0.342, 0.357, 0.338, 0.342, 0.358, 0.372, 0.34, 0.342, 0.351]"
-3.0,12.5,0.5,0.0,0.9109,-1.8942,0.0235,"[0.913, 0.918, 0.934, 0.926, 0.909, 0.903, 0.925, 0.906, 0.924, 0.927, 0.93, 0.909, 0.929, 0.931, 0.918, 0.911, 0.92, 0.921, 0.929, 0.92, 0.922, 0.925, 0.916, 0.918, 0.908, 0.916, 0.913, 0.913, 0.903, 0.913, 0.906, 0.911, 0.912, 0.928, 0.904, 0.902, 0.908, 0.9, 0.888, 0.906, 0.908, 0.91, 0.907, 0.902, 0.913, 0.905, 0.905, 0.917, 0.91, 0.925, 0.902, 0.931, 0.919, 0.904, 0.913, 0.91, 0.922, 0.911, 0.909, 0.923, 0.917, 0.898, 0.931, 0.918, 0.919, 0.93, 0.926, 0.943, 0.914, 0.928, 0.913, 0.924, 0.93, 0.914, 0.943, 0.924, 0.914, 0.888, 0.916, 0.93, 0.918, 0.921, 0.912, 0.912, 0.911, 0.907, 0.91, 0.909, 0.915, 0.909, 0.919, 0.931, 0.905, 0.926, 0.916, 0.904, 0.924, 0.916, 0.918, 0.887, 0.918, 0.911, 0.916, 0.919, 0.918, 0.919, 0.923, 0.913, 0.934, 0.923, 0.91, 0.922, 0.908, 0.927, 0.909, 0.918, 0.917, 0.929, 0.913, 0.925, 0.907, 0.931, 0.92, 0.916, 0.922, 0.922, 0.914, 0.934, 0.928, 0.901, 0.917, 0.913, 0.888, 0.916, 0.906, 0.912, 0.916, 0.919, 0.914, 0.889, 0.91, 0.892, 0.899, 0.928, 0.91, 0.891, 0.907, 0.931, 0.904, 0.889, 0.909, 0.932, 0.906, 0.927, 0.911, 0.936, 0.911, 0.911, 0.92, 0.908]"
-3.0,12.5,0.5,3.0,1.288,-1.4008,0.0027,"[1.275, 1.282, 1.31, 1.295, 1.283, 1.299, 1.293, 1.288, 1.285, 1.29, 1.272, 1.288, 1.304, 1.3, 1.29, 1.28, 1.288, 1.27, 1.298, 1.299, 1.301, 1.304, 1.302, 1.294, 1.289, 1.288, 1.293, 1.301, 1.284, 1.296, 1.284, 1.298, 1.287, 1.313, 1.29, 1.296, 1.281, 1.299, 1.304, 1.285, 1.293, 1.284, 1.292, 1.303, 1.314, 1.301, 1.281, 1.293, 1.301, 1.263, 1.297, 1.296, 1.315, 1.294, 1.309, 1.291, 1.301, 1.297, 1.311, 1.308, 1.289, 1.279, 1.303, 1.311, 1.279, 1.312, 1.286, 1.308, 1.294, 1.307, 1.298, 1.305, 1.291, 1.28, 1.305, 1.305, 1.29, 1.298, 1.288, 1.28, 1.298, 1.3, 1.29, 1.307, 1.286, 1.306, 1.283, 1.299, 1.295, 1.304, 1.298, 1.298, 1.294, 1.3, 1.282, 1.27, 1.314, 1.277, 1.312, 1.287, 1.309, 1.308, 1.293, 1.293, 1.287, 1.294, 1.297, 1.316, 1.276, 1.293, 1.302, 1.281, 1.306, 1.307, 1.303, 1.29, 1.303, 1.293, 1.29, 1.302, 1.289, 1.303, 1.303, 1.305, 1.287, 1.3, 1.291, 1.315, 1.281, 1.296, 1.293, 1.294, 1.281, 1.287, 1.28, 1.28, 1.291, 1.317, 1.303, 1.288, 1.293, 1.282, 1.268, 1.295, 1.292, 1.292, 1.29, 1.289, 1.299, 1.283, 1.295, 1.277, 1.313, 1.302, 1.288, 1.291, 1.302, 1.303, 1.289, 1.289]"
-3.0,12.5,1.0,0.0,0.4754,-1.9267,0.0828,"[0.488, 0.491, 0.487, 0.483, 0.51, 0.505, 0.509, 0.511, 0.501, 0.512, 0.521, 0.514, 0.524, 0.519, 0.507, 0.502, 0.523, 0.509, 0.512, 0.504, 0.519, 0.492, 0.511, 0.484, 0.499, 0.488, 0.486, 0.483, 0.474, 0.478, 0.463, 0.451, 0.454, 0.451, 0.455, 0.439, 0.457, 0.459, 0.442, 0.45, 0.465, 0.446, 0.433, 0.444, 0.442, 0.453, 0.466, 0.44, 0.474, 0.467, 0.476, 0.478, 0.472, 0.487, 0.497, 0.504, 0.507, 0.495, 0.517, 0.518, 0.52, 0.502, 0.511, 0.519, 0.528, 0.506, 0.509, 0.522, 0.509, 0.515, 0.516, 0.495, 0.514, 0.507, 0.49, 0.496, 0.505, 0.49, 0.489, 0.487, 0.461, 0.49, 0.475, 0.471, 0.469, 0.458, 0.455, 0.475, 0.435, 0.454, 0.435, 0.459, 0.445, 0.43, 0.45, 0.456, 0.45, 0.458, 0.465, 0.462, 0.453, 0.474, 0.469, 0.464, 0.478, 0.482, 0.484, 0.474, 0.503, 0.503, 0.494, 0.509, 0.511, 0.495, 0.513, 0.519, 0.534, 0.52, 0.537, 0.518, 0.519, 0.504, 0.518, 0.513, 0.509, 0.507, 0.5, 0.497, 0.502, 0.504, 0.507, 0.493, 0.469, 0.483, 0.489, 0.474, 0.479, 0.46, 0.453, 0.45, 0.458, 0.441, 0.445, 0.45, 0.458, 0.436, 0.458, 0.459, 0.435, 0.442, 0.443, 0.441, 0.457, 0.466, 0.462, 0.464, 0.485, 0.468, 0.479, 0.481]"
-3.0,12.5,1.0,3.0,0.6611,-1.4728,0.0075,"[0.688, 0.677, 0.662, 0.665, 0.674, 0.665, 0.675, 0.678, 0.668, 0.65, 0.672, 0.682, 0.676, 0.688, 0.68, 0.667, 0.666, 0.669, 0.668, 0.674, 0.661, 0.665, 0.669, 0.672, 0.68, 0.667, 0.651, 0.682, 0.669, 0.67, 0.68, 0.683, 0.676, 0.672, 0.67, 0.662, 0.675, 0.66, 0.672, 0.691, 0.658, 0.676, 0.668, 0.664, 0.667, 0.673, 0.695, 0.68, 0.678, 0.667, 0.661, 0.665, 0.684, 0.667, 0.674, 0.672, 0.673, 0.671, 0.677, 0.665, 0.678, 0.692, 0.672, 0.669, 0.671, 0.68, 0.66, 0.684, 0.673, 0.676, 0.671, 0.672, 0.663, 0.663, 0.66, 0.658, 0.684, 0.671, 0.676, 0.676, 0.673, 0.679, 0.685, 0.673, 0.665, 0.684, 0.658, 0.679, 0.674, 0.678, 0.661, 0.679, 0.669, 0.667, 0.688, 0.682, 0.677, 0.675, 0.664, 0.664, 0.677, 0.66, 0.683, 0.684, 0.683, 0.678, 0.663, 0.663, 0.685, 0.676, 0.679, 0.685, 0.693, 0.664, 0.685, 0.656, 0.669, 0.66, 0.677, 0.69, 0.665, 0.655, 0.662, 0.66, 0.647, 0.677, 0.676, 0.666, 0.677, 0.679, 0.688, 0.675, 0.662, 0.679, 0.662, 0.675, 0.689, 0.674, 0.679, 0.657, 0.686, 0.645, 0.689, 0.693, 0.669, 0.667, 0.671, 0.684, 0.656, 0.67, 0.675, 0.688, 0.662, 0.678, 0.675, 0.682, 0.681, 0.666, 0.703, 0.687]"
-3.0,12.5,2.0,0.0,0.2702,-1.8896,0.2883,"[0.261, 0.274, 0.301, 0.304, 0.297, 0.306, 0.295, 0.326, 0.306, 0.322, 0.324, 0.349, 0.344, 0.347, 0.327, 0.353, 0.338, 0.321, 0.326, 0.342, 0.311, 0.315, 0.305, 0.29, 0.294, 0.284, 0.269, 0.26, 0.243, 0.228, 0.244, 0.221, 0.225, 0.217, 0.209, 0.223, 0.185, 0.193, 0.192, 0.197, 0.19, 0.184, 0.18, 0.193, 0.188, 0.213, 0.197, 0.219, 0.24, 0.244, 0.243, 0.247, 0.266, 0.283, 0.265, 0.27, 0.282, 0.295, 0.306, 0.333, 0.324, 0.323, 0.349, 0.334, 0.348, 0.331, 0.354, 0.339, 0.337, 0.319, 0.328, 0.316, 0.326, 0.309, 0.295, 0.31, 0.289, 0.28, 0.305, 0.264, 0.272, 0.241, 0.247, 0.242, 0.21, 0.207, 0.226, 0.204, 0.203, 0.209, 0.208, 0.186, 0.191, 0.186, 0.19, 0.187, 0.192, 0.22, 0.2, 0.184, 0.214, 0.206, 0.235, 0.238, 0.27, 0.267, 0.245, 0.262, 0.281, 0.295, 0.31, 0.314, 0.32, 0.316, 0.324, 0.335, 0.339, 0.343, 0.332, 0.341, 0.351, 0.334, 0.342, 0.325, 0.329, 0.331, 0.327, 0.303, 0.273, 0.31, 0.301, 0.26, 0.276, 0.263, 0.267, 0.257, 0.245, 0.225, 0.197, 0.218, 0.197, 0.185, 0.227, 0.188, 0.198, 0.2, 0.196, 0.163, 0.209, 0.196, 0.205, 0.198, 0.202, 0.209, 0.216, 0.226, 0.252, 0.244, 0.263, 0.26]"
-3.0,12.5,2.0,3.0,0.371,-1.5219,0.0091,"[0.347, 0.365, 0.351, 0.366, 0.345, 0.354, 0.339, 0.351, 0.357, 0.374, 0.376, 0.371, 0.367, 0.363, 0.355, 0.359, 0.354, 0.372, 0.357, 0.372, 0.347, 0.376, 0.354, 0.357, 0.364, 0.347, 0.361, 0.356, 0.373, 0.354, 0.375, 0.362, 0.353, 0.363, 0.362, 0.35, 0.356, 0.361, 0.373, 0.374, 0.357, 0.369, 0.377, 0.356, 0.355, 0.359, 0.37, 0.367, 0.36, 0.366, 0.346, 0.349, 0.368, 0.341, 0.354, 0.373, 0.364, 0.37, 0.36, 0.386, 0.379, 0.356, 0.336, 0.356, 0.388, 0.362, 0.348, 0.364, 0.357, 0.35, 0.343, 0.356, 0.36, 0.372, 0.361, 0.363, 0.349, 0.356, 0.362, 0.359, 0.364, 0.353, 0.368, 0.375, 0.342, 0.359, 0.379, 0.343, 0.353, 0.371, 0.362, 0.36, 0.347, 0.366, 0.373, 0.364, 0.355, 0.359, 0.352, 0.357, 0.345, 0.356, 0.368, 0.361, 0.359, 0.352, 0.362, 0.364, 0.353, 0.356, 0.346, 0.369, 0.378, 0.356, 0.367, 0.371, 0.36, 0.366, 0.353, 0.369, 0.355, 0.364, 0.367, 0.364, 0.37, 0.349, 0.367, 0.359, 0.361, 0.36, 0.359, 0.375, 0.367, 0.335, 0.368, 0.366, 0.354, 0.364, 0.361, 0.363, 0.353, 0.347, 0.374, 0.356, 0.354, 0.366, 0.356, 0.363, 0.353, 0.365, 0.37, 0.363, 0.35, 0.365, 0.353, 0.363, 0.342, 0.37, 0.364, 0.363]"
-3.0,15.0,0.5,0.0,1.0951,-1.7925,0.0193,"[1.087, 1.068, 1.093, 1.08, 1.103, 1.082, 1.102, 1.081, 1.103, 1.089, 1.084, 1.109, 1.101, 1.089, 1.074, 1.081, 1.092, 1.085, 1.081, 1.09, 1.1, 1.109, 1.082, 1.085, 1.102, 1.081, 1.086, 1.092, 1.102, 1.075, 1.089, 1.08, 1.103, 1.095, 1.089, 1.089, 1.096, 1.084, 1.088, 1.086, 1.09, 1.101, 1.083, 1.097, 1.093, 1.089, 1.098, 1.091, 1.095, 1.102, 1.087, 1.086, 1.096, 1.09, 1.101, 1.111, 1.106, 1.082, 1.098, 1.073, 1.094, 1.089, 1.096, 1.091, 1.086, 1.093, 1.102, 1.113, 1.104, 1.099, 1.1, 1.089, 1.09, 1.098, 1.074, 1.095, 1.09, 1.089, 1.08, 1.093, 1.084, 1.093, 1.092, 1.084, 1.102, 1.089, 1.096, 1.081, 1.088, 1.081, 1.091, 1.094, 1.094, 1.107, 1.1, 1.076, 1.099, 1.084, 1.099, 1.074, 1.089, 1.094, 1.082, 1.104, 1.111, 1.09, 1.099, 1.1, 1.085, 1.085, 1.095, 1.106, 1.101, 1.076, 1.103, 1.103, 1.063, 1.099, 1.092, 1.104, 1.101, 1.097, 1.093, 1.095, 1.076, 1.075, 1.097, 1.092, 1.097, 1.086, 1.084, 1.086, 1.083, 1.101, 1.098, 1.096, 1.105, 1.083, 1.078, 1.089, 1.095, 1.084, 1.08, 1.083, 1.099, 1.097, 1.105, 1.105, 1.094, 1.072, 1.094, 1.092, 1.094, 1.085, 1.079, 1.094, 1.076, 1.101, 1.077, 1.071]"
-3.0,15.0,0.5,3.0,1.305,-1.2823,0.0205,"[1.302, 1.316, 1.312, 1.305, 1.309, 1.307, 1.298, 1.293, 1.307, 1.316, 1.306, 1.312, 1.32, 1.296, 1.316, 1.293, 1.331, 1.304, 1.32, 1.31, 1.299, 1.289, 1.312, 1.31, 1.312, 1.303, 1.309, 1.314, 1.318, 1.309, 1.291, 1.308, 1.303, 1.311, 1.311, 1.316, 1.302, 1.302, 1.319, 1.298, 1.308, 1.309, 1.288, 1.31, 1.309, 1.31, 1.3, 1.297, 1.296, 1.321, 1.311, 1.302, 1.297, 1.296, 1.309, 1.308, 1.293, 1.297, 1.301, 1.317, 1.3, 1.308, 1.319, 1.318, 1.315, 1.323, 1.311, 1.301, 1.325, 1.314, 1.301, 1.314, 1.29, 1.31, 1.287, 1.301, 1.303, 1.297, 1.309, 1.301, 1.309, 1.321, 1.299, 1.316, 1.331, 1.31, 1.293, 1.313, 1.307, 1.323, 1.297, 1.307, 1.306, 1.307, 1.303, 1.309, 1.317, 1.309, 1.315, 1.319, 1.305, 1.292, 1.305, 1.297, 1.319, 1.309, 1.315, 1.315, 1.32, 1.318, 1.298, 1.3, 1.308, 1.324, 1.295, 1.309, 1.316, 1.305, 1.326, 1.302, 1.305, 1.315, 1.306, 1.314, 1.323, 1.305, 1.284, 1.323, 1.322, 1.291, 1.308, 1.309, 1.305, 1.313, 1.31, 1.308, 1.312, 1.328, 1.301, 1.301, 1.318, 1.317, 1.298, 1.302, 1.304, 1.303, 1.298, 1.323, 1.302, 1.312, 1.309, 1.31, 1.313, 1.303, 1.31, 1.287, 1.296, 1.311, 1.306, 1.297]"
-3.0,15.0,1.0,0.0,0.5768,-1.6883,0.0142,"[0.555, 0.559, 0.591, 0.571, 0.58, 0.576, 0.579, 0.565, 0.576, 0.573, 0.585, 0.592, 0.571, 0.58, 0.578, 0.581, 0.58, 0.585, 0.57, 0.558, 0.567, 0.568, 0.584, 0.58, 0.588, 0.57, 0.579, 0.569, 0.559, 0.558, 0.536, 0.571, 0.581, 0.572, 0.568, 0.575, 0.555, 0.565, 0.562, 0.57, 0.56, 0.583, 0.58, 0.55, 0.588, 0.569, 0.569, 0.574, 0.578, 0.557, 0.58, 0.568, 0.594, 0.551, 0.571, 0.567, 0.577, 0.573, 0.571, 0.559, 0.572, 0.584, 0.581, 0.575, 0.57, 0.569, 0.566, 0.571, 0.578, 0.577, 0.567, 0.56, 0.587, 0.567, 0.562, 0.572, 0.565, 0.581, 0.56, 0.556, 0.566, 0.564, 0.559, 0.56, 0.57, 0.576, 0.552, 0.562, 0.571, 0.574, 0.577, 0.551, 0.563, 0.57, 0.556, 0.567, 0.551, 0.558, 0.552, 0.563, 0.543, 0.579, 0.575, 0.572, 0.563, 0.553, 0.579, 0.565, 0.574, 0.584, 0.559, 0.578, 0.576, 0.612, 0.571, 0.555, 0.569, 0.558, 0.589, 0.59, 0.571, 0.578, 0.574, 0.57, 0.558, 0.576, 0.571, 0.593, 0.567, 0.571, 0.568, 0.561, 0.567, 0.563, 0.552, 0.575, 0.558, 0.572, 0.564, 0.568, 0.566, 0.579, 0.578, 0.567, 0.576, 0.568, 0.571, 0.589, 0.568, 0.581, 0.576, 0.571, 0.575, 0.576, 0.577, 0.579, 0.577, 0.579, 0.586, 0.587]"
-3.0,15.0,1.0,3.0,0.674,-1.3177,0.0055,"[0.669, 0.681, 0.673, 0.693, 0.653, 0.674, 0.661, 0.682, 0.668, 0.68, 0.695, 0.679, 0.69, 0.69, 0.689, 0.663, 0.694, 0.677, 0.686, 0.681, 0.672, 0.67, 0.703, 0.669, 0.68, 0.698, 0.674, 0.695, 0.686, 0.694, 0.698, 0.68, 0.657, 0.66, 0.681, 0.673, 0.677, 0.688, 0.663, 0.676, 0.661, 0.661, 0.689, 0.683, 0.662, 0.685, 0.652, 0.672, 0.692, 0.667, 0.683, 0.685, 0.673, 0.675, 0.669, 0.688, 0.672, 0.673, 0.67, 0.706, 0.696, 0.684, 0.682, 0.694, 0.672, 0.669, 0.691, 0.699, 0.673, 0.683, 0.686, 0.682, 0.684, 0.678, 0.654, 0.679, 0.688, 0.685, 0.675, 0.69, 0.68, 0.684, 0.674, 0.676, 0.682, 0.68, 0.676, 0.675, 0.657, 0.667, 0.678, 0.678, 0.683, 0.692, 0.675, 0.667, 0.694, 0.684, 0.674, 0.662, 0.703, 0.677, 0.684, 0.67, 0.669, 0.692, 0.675, 0.674, 0.68, 0.68, 0.69, 0.678, 0.686, 0.673, 0.67, 0.67, 0.672, 0.696, 0.674, 0.674, 0.687, 0.687, 0.669, 0.677, 0.655, 0.685, 0.686, 0.686, 0.7, 0.684, 0.681, 0.681, 0.674, 0.7, 0.698, 0.674, 0.668, 0.68, 0.679, 0.68, 0.682, 0.662, 0.677, 0.681, 0.669, 0.692, 0.674, 0.677, 0.697, 0.663, 0.679, 0.669, 0.683, 0.684, 0.68, 0.67, 0.67, 0.674, 0.67, 0.684]"
-3.0,15.0,2.0,0.0,0.298,-1.7541,0.1065,"[0.323, 0.324, 0.318, 0.327, 0.336, 0.33, 0.325, 0.342, 0.337, 0.324, 0.337, 0.354, 0.344, 0.325, 0.336, 0.337, 0.329, 0.324, 0.315, 0.331, 0.333, 0.303, 0.341, 0.307, 0.317, 0.314, 0.291, 0.299, 0.307, 0.282, 0.304, 0.261, 0.284, 0.288, 0.275, 0.287, 0.272, 0.278, 0.286, 0.265, 0.284, 0.275, 0.29, 0.277, 0.298, 0.258, 0.285, 0.319, 0.309, 0.297, 0.3, 0.31, 0.318, 0.321, 0.339, 0.351, 0.332, 0.339, 0.335, 0.331, 0.349, 0.343, 0.355, 0.336, 0.342, 0.326, 0.339, 0.34, 0.328, 0.332, 0.331, 0.306, 0.308, 0.315, 0.307, 0.319, 0.308, 0.302, 0.303, 0.3, 0.283, 0.292, 0.301, 0.289, 0.276, 0.259, 0.264, 0.279, 0.269, 0.266, 0.288, 0.293, 0.273, 0.302, 0.284, 0.295, 0.279, 0.309, 0.289, 0.293, 0.315, 0.301, 0.319, 0.311, 0.338, 0.34, 0.326, 0.344, 0.331, 0.349, 0.343, 0.355, 0.336, 0.341, 0.346, 0.356, 0.339, 0.326, 0.316, 0.327, 0.327, 0.302, 0.319, 0.323, 0.297, 0.3, 0.28, 0.294, 0.288, 0.3, 0.287, 0.29, 0.291, 0.303, 0.281, 0.268, 0.268, 0.281, 0.283, 0.282, 0.273, 0.297, 0.284, 0.278, 0.304, 0.313, 0.314, 0.289, 0.324, 0.305, 0.307, 0.321, 0.319, 0.32, 0.325, 0.334, 0.331, 0.345, 0.338, 0.333]"
-3.0,15.0,2.0,3.0,0.3758,-1.2731,0.0099,"[0.369, 0.366, 0.369, 0.358, 0.363, 0.381, 0.368, 0.376, 0.352, 0.36, 0.357, 0.353, 0.364, 0.36, 0.363, 0.366, 0.361, 0.369, 0.374, 0.346, 0.36, 0.373, 0.358, 0.38, 0.381, 0.355, 0.361, 0.368, 0.381, 0.369, 0.368, 0.367, 0.369, 0.365, 0.365, 0.363, 0.364, 0.363, 0.379, 0.372, 0.365, 0.384, 0.346, 0.361, 0.365, 0.364, 0.371, 0.371, 0.368, 0.354, 0.374, 0.359, 0.365, 0.369, 0.342, 0.362, 0.344, 0.363, 0.345, 0.376, 0.359, 0.358, 0.386, 0.363, 0.373, 0.353, 0.354, 0.363, 0.358, 0.358, 0.363, 0.357, 0.348, 0.368, 0.363, 0.359, 0.381, 0.371, 0.36, 0.362, 0.341, 0.355, 0.367, 0.379, 0.357, 0.361, 0.364, 0.367, 0.353, 0.352, 0.39, 0.348, 0.378, 0.368, 0.364, 0.367, 0.382, 0.365, 0.37, 0.381, 0.374, 0.348, 0.348, 0.367, 0.357, 0.367, 0.368, 0.382, 0.361, 0.363, 0.353, 0.364, 0.353, 0.37, 0.361, 0.361, 0.373, 0.365, 0.373, 0.358, 0.372, 0.354, 0.373, 0.358, 0.353, 0.366, 0.381, 0.365, 0.365, 0.351, 0.391, 0.352, 0.367, 0.368, 0.363, 0.37, 0.373, 0.346, 0.381, 0.357, 0.36, 0.357, 0.353, 0.377, 0.362, 0.373, 0.374, 0.38, 0.352, 0.359, 0.369, 0.375, 0.355, 0.354, 0.371, 0.365, 0.358, 0.35, 0.354, 0.371]"
-3.0,17.5,0.5,0.0,1.1975,-1.6732,0.0014,"[1.213, 1.215, 1.206, 1.203, 1.208, 1.186, 1.184, 1.201, 1.2, 1.172, 1.204, 1.211, 1.215, 1.205, 1.197, 1.214, 1.214, 1.204, 1.209, 1.209, 1.223, 1.169, 1.21, 1.2, 1.202, 1.21, 1.202, 1.204, 1.2, 1.207, 1.206, 1.192, 1.207, 1.209, 1.205, 1.214, 1.201, 1.192, 1.203, 1.201, 1.188, 1.209, 1.222, 1.201, 1.196, 1.181, 1.206, 1.211, 1.199, 1.2, 1.184, 1.204, 1.19, 1.208, 1.203, 1.2, 1.214, 1.19, 1.22, 1.207, 1.202, 1.196, 1.211, 1.197, 1.214, 1.216, 1.193, 1.207, 1.187, 1.213, 1.206, 1.2, 1.183, 1.208, 1.202, 1.191, 1.205, 1.216, 1.217, 1.199, 1.19, 1.212, 1.188, 1.192, 1.209, 1.214, 1.209, 1.2, 1.209, 1.214, 1.207, 1.181, 1.196, 1.212, 1.195, 1.211, 1.206, 1.205, 1.214, 1.2, 1.209, 1.2, 1.206, 1.211, 1.193, 1.204, 1.191, 1.198, 1.197, 1.195, 1.211, 1.202, 1.228, 1.203, 1.196, 1.21, 1.207, 1.212, 1.198, 1.198, 1.205, 1.201, 1.214, 1.191, 1.211, 1.222, 1.211, 1.212, 1.203, 1.191, 1.181, 1.207, 1.201, 1.19, 1.219, 1.197, 1.203, 1.204, 1.209, 1.207, 1.192, 1.187, 1.201, 1.198, 1.21, 1.195, 1.205, 1.212, 1.188, 1.206, 1.203, 1.197, 1.186, 1.179, 1.198, 1.204, 1.206, 1.196, 1.214, 1.213]"
-3.0,17.5,0.5,3.0,1.2985,-1.2348,0.0049,"[1.318, 1.321, 1.333, 1.306, 1.313, 1.319, 1.308, 1.312, 1.335, 1.328, 1.321, 1.315, 1.308, 1.325, 1.325, 1.309, 1.322, 1.301, 1.326, 1.306, 1.326, 1.326, 1.335, 1.325, 1.336, 1.308, 1.305, 1.318, 1.302, 1.343, 1.33, 1.309, 1.306, 1.317, 1.316, 1.301, 1.318, 1.319, 1.337, 1.321, 1.327, 1.323, 1.322, 1.31, 1.306, 1.32, 1.313, 1.307, 1.319, 1.306, 1.332, 1.311, 1.29, 1.327, 1.333, 1.315, 1.316, 1.312, 1.336, 1.315, 1.305, 1.31, 1.325, 1.328, 1.325, 1.313, 1.32, 1.303, 1.314, 1.308, 1.34, 1.311, 1.324, 1.33, 1.326, 1.311, 1.338, 1.311, 1.314, 1.335, 1.322, 1.317, 1.318, 1.299, 1.298, 1.322, 1.314, 1.308, 1.321, 1.305, 1.317, 1.31, 1.325, 1.314, 1.327, 1.312, 1.307, 1.317, 1.327, 1.306, 1.306, 1.308, 1.333, 1.31, 1.328, 1.315, 1.311, 1.324, 1.316, 1.328, 1.309, 1.319, 1.305, 1.301, 1.311, 1.314, 1.313, 1.303, 1.313, 1.313, 1.332, 1.322, 1.298, 1.31, 1.322, 1.312, 1.309, 1.305, 1.317, 1.334, 1.307, 1.328, 1.321, 1.311, 1.322, 1.301, 1.323, 1.315, 1.316, 1.317, 1.326, 1.308, 1.294, 1.292, 1.313, 1.339, 1.313, 1.331, 1.309, 1.324, 1.31, 1.303, 1.317, 1.319, 1.319, 1.327, 1.322, 1.33, 1.329, 1.316]"
-3.0,17.5,1.0,0.0,0.6337,-1.6205,0.0076,"[0.627, 0.643, 0.639, 0.633, 0.629, 0.623, 0.634, 0.626, 0.615, 0.638, 0.607, 0.619, 0.622, 0.617, 0.617, 0.628, 0.622, 0.631, 0.627, 0.627, 0.632, 0.616, 0.606, 0.633, 0.624, 0.631, 0.599, 0.62, 0.624, 0.627, 0.636, 0.619, 0.604, 0.616, 0.622, 0.629, 0.629, 0.614, 0.635, 0.61, 0.65, 0.623, 0.614, 0.621, 0.616, 0.616, 0.633, 0.636, 0.622, 0.624, 0.614, 0.637, 0.621, 0.636, 0.628, 0.621, 0.615, 0.644, 0.631, 0.626, 0.637, 0.628, 0.622, 0.611, 0.613, 0.634, 0.62, 0.617, 0.633, 0.622, 0.621, 0.612, 0.614, 0.626, 0.624, 0.622, 0.641, 0.625, 0.629, 0.612, 0.623, 0.623, 0.62, 0.646, 0.623, 0.628, 0.631, 0.624, 0.625, 0.633, 0.612, 0.641, 0.629, 0.641, 0.632, 0.608, 0.617, 0.622, 0.611, 0.624, 0.614, 0.623, 0.617, 0.624, 0.638, 0.619, 0.628, 0.617, 0.631, 0.62, 0.63, 0.607, 0.613, 0.631, 0.638, 0.635, 0.628, 0.619, 0.613, 0.624, 0.615, 0.621, 0.63, 0.619, 0.621, 0.623, 0.629, 0.622, 0.637, 0.633, 0.637, 0.629, 0.641, 0.627, 0.63, 0.609, 0.629, 0.631, 0.63, 0.634, 0.629, 0.625, 0.639, 0.615, 0.634, 0.626, 0.63, 0.621, 0.632, 0.616, 0.622, 0.629, 0.618, 0.637, 0.637, 0.62, 0.633, 0.621, 0.641, 0.604]"
-3.0,17.5,1.0,3.0,0.6778,-1.1471,0.0181,"[0.687, 0.677, 0.677, 0.693, 0.698, 0.674, 0.694, 0.692, 0.668, 0.677, 0.674, 0.684, 0.676, 0.683, 0.692, 0.688, 0.677, 0.692, 0.693, 0.693, 0.692, 0.671, 0.691, 0.68, 0.68, 0.683, 0.684, 0.665, 0.688, 0.684, 0.685, 0.669, 0.675, 0.679, 0.687, 0.692, 0.676, 0.691, 0.677, 0.678, 0.682, 0.678, 0.686, 0.676, 0.688, 0.684, 0.67, 0.692, 0.687, 0.685, 0.678, 0.668, 0.687, 0.71, 0.657, 0.693, 0.672, 0.689, 0.673, 0.69, 0.695, 0.684, 0.688, 0.686, 0.676, 0.682, 0.689, 0.696, 0.678, 0.688, 0.68, 0.689, 0.69, 0.682, 0.688, 0.668, 0.689, 0.687, 0.694, 0.665, 0.682, 0.671, 0.672, 0.663, 0.686, 0.677, 0.684, 0.685, 0.688, 0.69, 0.696, 0.683, 0.68, 0.672, 0.688, 0.675, 0.685, 0.703, 0.668, 0.672, 0.684, 0.672, 0.695, 0.673, 0.683, 0.688, 0.67, 0.684, 0.697, 0.688, 0.679, 0.69, 0.66, 0.678, 0.668, 0.686, 0.684, 0.674, 0.693, 0.663, 0.699, 0.693, 0.684, 0.678, 0.68, 0.686, 0.677, 0.682, 0.686, 0.689, 0.697, 0.698, 0.682, 0.667, 0.683, 0.696, 0.682, 0.699, 0.671, 0.687, 0.687, 0.7, 0.684, 0.688, 0.69, 0.672, 0.677, 0.687, 0.685, 0.68, 0.687, 0.685, 0.693, 0.678, 0.686, 0.679, 0.678, 0.696, 0.693, 0.684]"
-3.0,17.5,2.0,0.0,0.3334,-1.6577,0.0478,"[0.324, 0.333, 0.335, 0.34, 0.339, 0.343, 0.352, 0.343, 0.342, 0.346, 0.35, 0.349, 0.351, 0.347, 0.342, 0.35, 0.331, 0.351, 0.354, 0.333, 0.352, 0.356, 0.331, 0.341, 0.333, 0.334, 0.329, 0.321, 0.346, 0.33, 0.331, 0.336, 0.334, 0.323, 0.323, 0.325, 0.339, 0.324, 0.323, 0.324, 0.33, 0.334, 0.359, 0.322, 0.323, 0.351, 0.315, 0.348, 0.332, 0.34, 0.341, 0.358, 0.341, 0.354, 0.342, 0.339, 0.341, 0.343, 0.335, 0.345, 0.361, 0.355, 0.346, 0.35, 0.342, 0.345, 0.347, 0.329, 0.346, 0.344, 0.332, 0.332, 0.345, 0.346, 0.329, 0.338, 0.346, 0.332, 0.317, 0.324, 0.314, 0.341, 0.348, 0.332, 0.32, 0.338, 0.321, 0.349, 0.323, 0.334, 0.342, 0.336, 0.318, 0.342, 0.33, 0.342, 0.329, 0.345, 0.35, 0.355, 0.354, 0.362, 0.353, 0.345, 0.349, 0.355, 0.332, 0.328, 0.35, 0.368, 0.357, 0.342, 0.354, 0.34, 0.334, 0.328, 0.338, 0.33, 0.345, 0.32, 0.341, 0.324, 0.334, 0.324, 0.34, 0.327, 0.336, 0.331, 0.338, 0.323, 0.342, 0.323, 0.33, 0.329, 0.338, 0.346, 0.332, 0.343, 0.324, 0.339, 0.354, 0.34, 0.344, 0.353, 0.338, 0.365, 0.343, 0.35, 0.33, 0.358, 0.351, 0.347, 0.338, 0.368, 0.353, 0.364, 0.35, 0.349, 0.348, 0.338]"
-3.0,17.5,2.0,3.0,0.3697,-1.1822,0.0072,"[0.344, 0.379, 0.357, 0.366, 0.362, 0.373, 0.381, 0.374, 0.359, 0.369, 0.375, 0.37, 0.374, 0.378, 0.362, 0.367, 0.371, 0.375, 0.368, 0.352, 0.367, 0.365, 0.361, 0.357, 0.356, 0.362, 0.36, 0.364, 0.364, 0.355, 0.344, 0.38, 0.37, 0.36, 0.367, 0.382, 0.381, 0.351, 0.365, 0.37, 0.381, 0.356, 0.366, 0.358, 0.363, 0.367, 0.358, 0.363, 0.368, 0.376, 0.359, 0.37, 0.366, 0.374, 0.351, 0.357, 0.359, 0.353, 0.368, 0.366, 0.37, 0.368, 0.386, 0.374, 0.372, 0.365, 0.383, 0.364, 0.372, 0.364, 0.369, 0.372, 0.376, 0.356, 0.368, 0.357, 0.363, 0.368, 0.37, 0.366, 0.357, 0.374, 0.35, 0.37, 0.368, 0.367, 0.38, 0.369, 0.384, 0.381, 0.361, 0.367, 0.362, 0.38, 0.372, 0.356, 0.375, 0.368, 0.376, 0.354, 0.366, 0.371, 0.361, 0.371, 0.362, 0.369, 0.375, 0.37, 0.353, 0.381, 0.375, 0.37, 0.385, 0.366, 0.375, 0.348, 0.382, 0.374, 0.382, 0.361, 0.388, 0.375, 0.375, 0.358, 0.372, 0.37, 0.368, 0.371, 0.351, 0.377, 0.359, 0.367, 0.364, 0.367, 0.353, 0.352, 0.363, 0.35, 0.357, 0.372, 0.363, 0.364, 0.381, 0.342, 0.362, 0.368, 0.371, 0.353, 0.37, 0.363, 0.38, 0.375, 0.364, 0.366, 0.369, 0.368, 0.366, 0.364, 0.386, 0.375]"
-3.0,20.0,0.5,0.0,1.2725,-1.4714,0.0064,"[1.261, 1.252, 1.262, 1.253, 1.26, 1.26, 1.257, 1.271, 1.286, 1.248, 1.271, 1.262, 1.251, 1.255, 1.264, 1.263, 1.266, 1.255, 1.245, 1.264, 1.273, 1.251, 1.27, 1.265, 1.276, 1.268, 1.281, 1.275, 1.245, 1.257, 1.246, 1.276, 1.261, 1.266, 1.245, 1.246, 1.258, 1.262, 1.254, 1.261, 1.264, 1.267, 1.26, 1.271, 1.27, 1.278, 1.279, 1.259, 1.251, 1.26, 1.267, 1.26, 1.261, 1.264, 1.259, 1.256, 1.253, 1.272, 1.261, 1.268, 1.263, 1.256, 1.259, 1.247, 1.266, 1.28, 1.265, 1.271, 1.251, 1.243, 1.259, 1.288, 1.245, 1.274, 1.266, 1.268, 1.265, 1.257, 1.259, 1.27, 1.272, 1.248, 1.264, 1.26, 1.25, 1.275, 1.259, 1.264, 1.275, 1.272, 1.276, 1.252, 1.279, 1.257, 1.254, 1.268, 1.259, 1.27, 1.255, 1.264, 1.279, 1.268, 1.262, 1.266, 1.24, 1.261, 1.25, 1.26, 1.251, 1.265, 1.243, 1.262, 1.276, 1.272, 1.262, 1.273, 1.262, 1.263, 1.254, 1.261, 1.273, 1.269, 1.28, 1.272, 1.253, 1.243, 1.268, 1.269, 1.263, 1.279, 1.265, 1.273, 1.266, 1.265, 1.275, 1.284, 1.262, 1.269, 1.268, 1.261, 1.255, 1.274, 1.278, 1.263, 1.259, 1.274, 1.254, 1.267, 1.267, 1.264, 1.274, 1.267, 1.263, 1.258, 1.262, 1.259, 1.261, 1.27, 1.257, 1.271]"
-3.0,20.0,0.5,3.0,1.3038,-1.138,0.0064,"[1.324, 1.328, 1.327, 1.329, 1.308, 1.311, 1.313, 1.335, 1.298, 1.332, 1.319, 1.321, 1.323, 1.3, 1.314, 1.325, 1.329, 1.329, 1.321, 1.334, 1.32, 1.324, 1.326, 1.315, 1.325, 1.318, 1.318, 1.325, 1.326, 1.321, 1.32, 1.325, 1.322, 1.312, 1.33, 1.313, 1.331, 1.326, 1.326, 1.332, 1.324, 1.344, 1.32, 1.301, 1.317, 1.335, 1.343, 1.342, 1.336, 1.321, 1.319, 1.341, 1.327, 1.318, 1.33, 1.309, 1.312, 1.307, 1.322, 1.33, 1.325, 1.307, 1.323, 1.315, 1.309, 1.309, 1.331, 1.324, 1.33, 1.342, 1.322, 1.333, 1.317, 1.319, 1.324, 1.322, 1.325, 1.308, 1.331, 1.315, 1.321, 1.323, 1.334, 1.329, 1.317, 1.301, 1.327, 1.334, 1.312, 1.325, 1.325, 1.332, 1.315, 1.329, 1.318, 1.311, 1.314, 1.321, 1.326, 1.323, 1.317, 1.318, 1.308, 1.302, 1.309, 1.307, 1.336, 1.325, 1.328, 1.324, 1.315, 1.317, 1.302, 1.314, 1.313, 1.302, 1.326, 1.318, 1.332, 1.331, 1.339, 1.332, 1.323, 1.319, 1.315, 1.332, 1.31, 1.32, 1.321, 1.32, 1.303, 1.32, 1.318, 1.332, 1.331, 1.312, 1.331, 1.313, 1.315, 1.321, 1.326, 1.309, 1.325, 1.317, 1.314, 1.309, 1.324, 1.329, 1.306, 1.309, 1.31, 1.324, 1.325, 1.322, 1.305, 1.319, 1.302, 1.322, 1.328, 1.298]"
-3.0,20.0,1.0,0.0,0.6521,-1.5744,0.003,"[0.656, 0.672, 0.657, 0.646, 0.625, 0.668, 0.653, 0.666, 0.658, 0.654, 0.65, 0.661, 0.665, 0.666, 0.661, 0.656, 0.664, 0.649, 0.666, 0.646, 0.664, 0.666, 0.658, 0.659, 0.659, 0.653, 0.65, 0.66, 0.656, 0.659, 0.662, 0.666, 0.653, 0.649, 0.656, 0.654, 0.641, 0.653, 0.649, 0.653, 0.659, 0.635, 0.658, 0.664, 0.661, 0.649, 0.675, 0.646, 0.658, 0.674, 0.652, 0.654, 0.658, 0.662, 0.682, 0.659, 0.657, 0.661, 0.638, 0.668, 0.679, 0.68, 0.66, 0.648, 0.651, 0.656, 0.653, 0.651, 0.65, 0.649, 0.643, 0.66, 0.669, 0.661, 0.673, 0.667, 0.665, 0.644, 0.647, 0.652, 0.654, 0.645, 0.671, 0.671, 0.648, 0.654, 0.647, 0.648, 0.668, 0.647, 0.659, 0.628, 0.674, 0.657, 0.665, 0.659, 0.66, 0.648, 0.646, 0.636, 0.675, 0.67, 0.669, 0.653, 0.664, 0.65, 0.669, 0.655, 0.652, 0.647, 0.655, 0.646, 0.641, 0.652, 0.66, 0.653, 0.648, 0.688, 0.652, 0.669, 0.636, 0.629, 0.671, 0.659, 0.665, 0.662, 0.641, 0.659, 0.667, 0.639, 0.652, 0.662, 0.646, 0.667, 0.648, 0.635, 0.66, 0.667, 0.671, 0.674, 0.641, 0.656, 0.668, 0.663, 0.653, 0.673, 0.663, 0.669, 0.644, 0.653, 0.649, 0.656, 0.653, 0.67, 0.649, 0.654, 0.664, 0.644, 0.655, 0.658]"
-3.0,20.0,1.0,3.0,0.6956,-1.0459,0.0075,"[0.676, 0.688, 0.68, 0.688, 0.692, 0.69, 0.682, 0.709, 0.691, 0.676, 0.693, 0.681, 0.691, 0.689, 0.687, 0.69, 0.673, 0.678, 0.679, 0.68, 0.7, 0.69, 0.688, 0.684, 0.708, 0.679, 0.694, 0.694, 0.693, 0.681, 0.675, 0.689, 0.686, 0.683, 0.681, 0.693, 0.683, 0.676, 0.711, 0.699, 0.681, 0.703, 0.671, 0.673, 0.68, 0.699, 0.679, 0.694, 0.676, 0.687, 0.687, 0.679, 0.69, 0.676, 0.673, 0.68, 0.674, 0.673, 0.702, 0.683, 0.683, 0.682, 0.68, 0.66, 0.695, 0.706, 0.68, 0.686, 0.688, 0.681, 0.679, 0.689, 0.672, 0.694, 0.68, 0.663, 0.674, 0.682, 0.694, 0.699, 0.693, 0.689, 0.693, 0.679, 0.691, 0.696, 0.677, 0.677, 0.68, 0.67, 0.698, 0.68, 0.669, 0.662, 0.7, 0.695, 0.677, 0.692, 0.673, 0.684, 0.677, 0.673, 0.694, 0.689, 0.682, 0.692, 0.686, 0.677, 0.676, 0.693, 0.686, 0.682, 0.683, 0.696, 0.692, 0.684, 0.708, 0.685, 0.69, 0.693, 0.668, 0.683, 0.684, 0.661, 0.688, 0.667, 0.713, 0.693, 0.676, 0.708, 0.697, 0.692, 0.689, 0.682, 0.683, 0.691, 0.706, 0.693, 0.702, 0.687, 0.68, 0.703, 0.705, 0.674, 0.685, 0.697, 0.68, 0.684, 0.699, 0.687, 0.683, 0.69, 0.693, 0.658, 0.707, 0.688, 0.695, 0.697, 0.675, 0.666]"
-3.0,20.0,2.0,0.0,0.3531,-1.5669,0.0095,"[0.368, 0.345, 0.349, 0.354, 0.343, 0.351, 0.359, 0.367, 0.357, 0.353, 0.345, 0.355, 0.347, 0.346, 0.347, 0.358, 0.359, 0.353, 0.366, 0.364, 0.345, 0.369, 0.332, 0.362, 0.355, 0.349, 0.349, 0.355, 0.347, 0.358, 0.33, 0.347, 0.355, 0.351, 0.34, 0.351, 0.356, 0.355, 0.349, 0.358, 0.348, 0.349, 0.361, 0.343, 0.354, 0.341, 0.363, 0.357, 0.368, 0.369, 0.356, 0.342, 0.351, 0.35, 0.375, 0.36, 0.363, 0.371, 0.362, 0.358, 0.365, 0.336, 0.343, 0.356, 0.364, 0.354, 0.355, 0.335, 0.365, 0.37, 0.339, 0.333, 0.36, 0.361, 0.318, 0.356, 0.348, 0.345, 0.336, 0.354, 0.345, 0.348, 0.372, 0.37, 0.363, 0.344, 0.347, 0.352, 0.364, 0.341, 0.347, 0.356, 0.351, 0.346, 0.357, 0.343, 0.353, 0.34, 0.363, 0.338, 0.338, 0.347, 0.34, 0.352, 0.35, 0.359, 0.35, 0.358, 0.352, 0.377, 0.34, 0.337, 0.353, 0.34, 0.35, 0.364, 0.355, 0.359, 0.345, 0.344, 0.359, 0.335, 0.353, 0.347, 0.344, 0.349, 0.348, 0.356, 0.353, 0.342, 0.365, 0.367, 0.356, 0.363, 0.353, 0.344, 0.361, 0.354, 0.356, 0.354, 0.364, 0.354, 0.356, 0.364, 0.374, 0.353, 0.376, 0.366, 0.36, 0.363, 0.372, 0.352, 0.335, 0.339, 0.344, 0.359, 0.352, 0.37, 0.361, 0.353]"
-3.0,20.0,2.0,3.0,0.3579,-1.0452,0.0071,"[0.368, 0.354, 0.352, 0.366, 0.369, 0.366, 0.361, 0.381, 0.374, 0.366, 0.361, 0.359, 0.375, 0.359, 0.381, 0.374, 0.366, 0.36, 0.372, 0.365, 0.363, 0.362, 0.37, 0.361, 0.368, 0.378, 0.361, 0.357, 0.387, 0.365, 0.375, 0.366, 0.364, 0.376, 0.38, 0.356, 0.346, 0.374, 0.381, 0.368, 0.364, 0.368, 0.376, 0.373, 0.358, 0.355, 0.351, 0.369, 0.383, 0.344, 0.358, 0.377, 0.359, 0.374, 0.36, 0.357, 0.373, 0.355, 0.366, 0.366, 0.386, 0.361, 0.361, 0.374, 0.371, 0.36, 0.361, 0.358, 0.365, 0.372, 0.359, 0.361, 0.382, 0.366, 0.375, 0.37, 0.367, 0.377, 0.364, 0.369, 0.355, 0.355, 0.356, 0.354, 0.381, 0.359, 0.365, 0.376, 0.382, 0.366, 0.366, 0.355, 0.349, 0.377, 0.367, 0.373, 0.371, 0.358, 0.359, 0.372, 0.371, 0.378, 0.36, 0.358, 0.369, 0.381, 0.382, 0.357, 0.368, 0.38, 0.374, 0.352, 0.376, 0.36, 0.371, 0.372, 0.375, 0.367, 0.371, 0.367, 0.369, 0.381, 0.371, 0.358, 0.37, 0.364, 0.376, 0.375, 0.373, 0.355, 0.37, 0.356, 0.357, 0.366, 0.373, 0.37, 0.362, 0.368, 0.383, 0.361, 0.349, 0.367, 0.357, 0.37, 0.352, 0.347, 0.36, 0.378, 0.362, 0.375, 0.367, 0.35, 0.367, 0.38, 0.37, 0.379, 0.369, 0.38, 0.37, 0.351]"
-3.0,22.5,0.5,0.0,1.2802,-1.4264,0.0028,"[1.294, 1.297, 1.292, 1.29, 1.299, 1.293, 1.302, 1.283, 1.289, 1.311, 1.311, 1.293, 1.283, 1.305, 1.317, 1.28, 1.303, 1.3, 1.285, 1.304, 1.284, 1.29, 1.292, 1.282, 1.293, 1.282, 1.289, 1.307, 1.302, 1.301, 1.304, 1.309, 1.277, 1.297, 1.284, 1.287, 1.282, 1.315, 1.275, 1.296, 1.311, 1.293, 1.267, 1.316, 1.314, 1.284, 1.305, 1.297, 1.28, 1.304, 1.289, 1.295, 1.301, 1.299, 1.3, 1.282, 1.267, 1.287, 1.303, 1.282, 1.293, 1.297, 1.293, 1.307, 1.288, 1.293, 1.296, 1.296, 1.279, 1.309, 1.304, 1.285, 1.3, 1.29, 1.303, 1.309, 1.278, 1.312, 1.311, 1.284, 1.27, 1.294, 1.297, 1.284, 1.285, 1.301, 1.294, 1.287, 1.301, 1.295, 1.314, 1.317, 1.297, 1.293, 1.295, 1.287, 1.298, 1.285, 1.296, 1.287, 1.286, 1.289, 1.289, 1.298, 1.298, 1.294, 1.296, 1.299, 1.286, 1.295, 1.291, 1.287, 1.303, 1.313, 1.306, 1.303, 1.297, 1.296, 1.298, 1.299, 1.306, 1.291, 1.295, 1.305, 1.288, 1.289, 1.289, 1.29, 1.304, 1.313, 1.287, 1.28, 1.289, 1.295, 1.29, 1.298, 1.293, 1.304, 1.298, 1.269, 1.283, 1.291, 1.279, 1.299, 1.303, 1.297, 1.292, 1.292, 1.287, 1.293, 1.283, 1.289, 1.287, 1.287, 1.316, 1.291, 1.298, 1.293, 1.283, 1.297]"
-3.0,22.5,0.5,3.0,1.3218,-0.9627,0.0003,"[1.32, 1.311, 1.328, 1.336, 1.3, 1.314, 1.311, 1.315, 1.318, 1.32, 1.34, 1.318, 1.327, 1.324, 1.322, 1.33, 1.319, 1.331, 1.339, 1.312, 1.331, 1.325, 1.325, 1.32, 1.33, 1.306, 1.32, 1.309, 1.303, 1.332, 1.308, 1.337, 1.326, 1.323, 1.314, 1.33, 1.332, 1.322, 1.337, 1.321, 1.318, 1.324, 1.338, 1.314, 1.332, 1.327, 1.328, 1.32, 1.316, 1.325, 1.315, 1.324, 1.32, 1.328, 1.329, 1.331, 1.321, 1.331, 1.334, 1.309, 1.325, 1.306, 1.333, 1.345, 1.324, 1.318, 1.322, 1.317, 1.31, 1.3, 1.313, 1.318, 1.316, 1.321, 1.322, 1.314, 1.321, 1.322, 1.319, 1.329, 1.348, 1.33, 1.32, 1.312, 1.347, 1.328, 1.321, 1.329, 1.325, 1.329, 1.323, 1.313, 1.319, 1.309, 1.328, 1.327, 1.33, 1.332, 1.296, 1.319, 1.319, 1.316, 1.322, 1.311, 1.334, 1.303, 1.308, 1.31, 1.327, 1.314, 1.332, 1.309, 1.321, 1.325, 1.325, 1.31, 1.322, 1.3, 1.348, 1.332, 1.331, 1.319, 1.32, 1.328, 1.319, 1.327, 1.336, 1.311, 1.332, 1.312, 1.312, 1.321, 1.326, 1.305, 1.334, 1.311, 1.296, 1.316, 1.31, 1.322, 1.324, 1.308, 1.319, 1.332, 1.343, 1.319, 1.325, 1.313, 1.319, 1.333, 1.317, 1.314, 1.32, 1.313, 1.314, 1.324, 1.313, 1.296, 1.316, 1.315]"
-3.0,22.5,1.0,0.0,0.6689,-1.4935,0.0002,"[0.664, 0.674, 0.679, 0.665, 0.669, 0.69, 0.679, 0.686, 0.674, 0.665, 0.679, 0.668, 0.659, 0.663, 0.676, 0.671, 0.668, 0.668, 0.671, 0.684, 0.654, 0.674, 0.683, 0.674, 0.677, 0.683, 0.663, 0.673, 0.66, 0.68, 0.688, 0.678, 0.662, 0.697, 0.683, 0.664, 0.674, 0.667, 0.672, 0.681, 0.668, 0.661, 0.659, 0.672, 0.68, 0.655, 0.671, 0.672, 0.665, 0.659, 0.674, 0.675, 0.671, 0.672, 0.669, 0.67, 0.69, 0.674, 0.68, 0.663, 0.663, 0.673, 0.665, 0.662, 0.664, 0.667, 0.694, 0.691, 0.684, 0.684, 0.68, 0.658, 0.68, 0.655, 0.687, 0.677, 0.664, 0.676, 0.662, 0.67, 0.671, 0.669, 0.69, 0.678, 0.678, 0.667, 0.669, 0.682, 0.667, 0.667, 0.673, 0.675, 0.669, 0.668, 0.659, 0.679, 0.665, 0.672, 0.647, 0.679, 0.683, 0.679, 0.68, 0.669, 0.691, 0.67, 0.687, 0.667, 0.69, 0.673, 0.663, 0.651, 0.667, 0.682, 0.664, 0.656, 0.67, 0.689, 0.689, 0.639, 0.678, 0.677, 0.658, 0.672, 0.69, 0.676, 0.685, 0.659, 0.681, 0.671, 0.669, 0.664, 0.666, 0.672, 0.666, 0.681, 0.651, 0.682, 0.655, 0.663, 0.681, 0.681, 0.676, 0.682, 0.675, 0.67, 0.668, 0.671, 0.673, 0.669, 0.664, 0.657, 0.663, 0.682, 0.67, 0.667, 0.681, 0.671, 0.676, 0.668]"
-3.0,22.5,1.0,3.0,0.689,-0.9802,0.0022,"[0.678, 0.677, 0.687, 0.687, 0.678, 0.683, 0.685, 0.697, 0.67, 0.698, 0.696, 0.686, 0.69, 0.691, 0.672, 0.688, 0.682, 0.667, 0.678, 0.697, 0.684, 0.695, 0.689, 0.672, 0.694, 0.694, 0.681, 0.671, 0.684, 0.68, 0.685, 0.698, 0.697, 0.694, 0.691, 0.684, 0.698, 0.677, 0.679, 0.691, 0.708, 0.684, 0.697, 0.675, 0.689, 0.692, 0.694, 0.683, 0.68, 0.675, 0.684, 0.703, 0.683, 0.711, 0.686, 0.694, 0.708, 0.687, 0.705, 0.687, 0.684, 0.687, 0.671, 0.677, 0.675, 0.686, 0.692, 0.68, 0.711, 0.67, 0.674, 0.693, 0.682, 0.666, 0.691, 0.689, 0.688, 0.685, 0.686, 0.703, 0.696, 0.693, 0.697, 0.685, 0.689, 0.654, 0.711, 0.686, 0.698, 0.695, 0.694, 0.683, 0.699, 0.694, 0.674, 0.688, 0.687, 0.682, 0.675, 0.676, 0.692, 0.682, 0.691, 0.685, 0.685, 0.677, 0.68, 0.685, 0.67, 0.688, 0.685, 0.671, 0.685, 0.658, 0.681, 0.687, 0.695, 0.712, 0.688, 0.689, 0.67, 0.684, 0.681, 0.669, 0.703, 0.69, 0.691, 0.703, 0.672, 0.673, 0.7, 0.676, 0.693, 0.689, 0.706, 0.701, 0.701, 0.669, 0.693, 0.696, 0.686, 0.68, 0.685, 0.695, 0.673, 0.704, 0.667, 0.679, 0.674, 0.686, 0.681, 0.699, 0.684, 0.689, 0.685, 0.683, 0.688, 0.673, 0.676, 0.675]"
-3.0,22.5,2.0,0.0,0.3364,-1.4138,0.0032,"[0.361, 0.365, 0.357, 0.36, 0.365, 0.354, 0.366, 0.373, 0.363, 0.376, 0.36, 0.372, 0.353, 0.365, 0.367, 0.371, 0.366, 0.377, 0.369, 0.362, 0.362, 0.355, 0.359, 0.359, 0.363, 0.359, 0.347, 0.373, 0.339, 0.352, 0.373, 0.353, 0.371, 0.363, 0.366, 0.357, 0.358, 0.367, 0.362, 0.356, 0.361, 0.358, 0.348, 0.362, 0.368, 0.361, 0.36, 0.365, 0.351, 0.342, 0.371, 0.367, 0.341, 0.36, 0.361, 0.357, 0.353, 0.361, 0.354, 0.361, 0.347, 0.366, 0.377, 0.361, 0.368, 0.359, 0.376, 0.354, 0.345, 0.346, 0.352, 0.362, 0.358, 0.381, 0.363, 0.362, 0.362, 0.374, 0.344, 0.367, 0.352, 0.364, 0.358, 0.362, 0.366, 0.37, 0.366, 0.363, 0.366, 0.361, 0.367, 0.373, 0.379, 0.373, 0.376, 0.353, 0.371, 0.364, 0.353, 0.355, 0.372, 0.371, 0.35, 0.36, 0.348, 0.357, 0.354, 0.361, 0.369, 0.353, 0.351, 0.361, 0.361, 0.348, 0.366, 0.352, 0.374, 0.368, 0.373, 0.358, 0.376, 0.366, 0.37, 0.372, 0.369, 0.349, 0.358, 0.363, 0.353, 0.366, 0.353, 0.368, 0.373, 0.382, 0.36, 0.364, 0.359, 0.369, 0.361, 0.358, 0.382, 0.37, 0.348, 0.357, 0.364, 0.365, 0.344, 0.359, 0.377, 0.37, 0.369, 0.34, 0.342, 0.359, 0.352, 0.356, 0.355, 0.362, 0.356, 0.376]"
-3.0,22.5,2.0,3.0,0.3764,-1.0639,0.0189,"[0.371, 0.372, 0.36, 0.367, 0.373, 0.361, 0.374, 0.377, 0.354, 0.359, 0.344, 0.381, 0.361, 0.387, 0.365, 0.388, 0.366, 0.356, 0.368, 0.363, 0.365, 0.378, 0.375, 0.371, 0.365, 0.365, 0.374, 0.385, 0.379, 0.354, 0.377, 0.363, 0.367, 0.378, 0.369, 0.377, 0.366, 0.351, 0.362, 0.35, 0.372, 0.363, 0.365, 0.365, 0.377, 0.373, 0.336, 0.344, 0.378, 0.371, 0.366, 0.368, 0.369, 0.368, 0.375, 0.357, 0.365, 0.367, 0.37, 0.366, 0.366, 0.373, 0.378, 0.37, 0.355, 0.363, 0.352, 0.374, 0.366, 0.378, 0.371, 0.372, 0.355, 0.358, 0.365, 0.363, 0.365, 0.358, 0.373, 0.366, 0.378, 0.354, 0.383, 0.367, 0.359, 0.365, 0.359, 0.365, 0.378, 0.365, 0.369, 0.364, 0.366, 0.364, 0.355, 0.386, 0.371, 0.386, 0.374, 0.35, 0.372, 0.368, 0.365, 0.365, 0.381, 0.357, 0.365, 0.373, 0.361, 0.37, 0.379, 0.374, 0.349, 0.36, 0.359, 0.374, 0.363, 0.368, 0.362, 0.366, 0.386, 0.391, 0.371, 0.358, 0.37, 0.383, 0.371, 0.351, 0.366, 0.355, 0.358, 0.367, 0.36, 0.373, 0.377, 0.355, 0.378, 0.376, 0.369, 0.371, 0.374, 0.378, 0.351, 0.377, 0.379, 0.37, 0.376, 0.348, 0.376, 0.356, 0.378, 0.388, 0.385, 0.384, 0.366, 0.379, 0.366, 0.382, 0.373, 0.344]"
-3.0,25.0,0.5,0.0,1.3205,-1.3003,0.0072,"[1.318, 1.308, 1.327, 1.312, 1.3, 1.312, 1.327, 1.314, 1.29, 1.312, 1.314, 1.311, 1.283, 1.301, 1.314, 1.325, 1.3, 1.301, 1.301, 1.315, 1.315, 1.315, 1.305, 1.303, 1.315, 1.323, 1.312, 1.314, 1.301, 1.298, 1.315, 1.305, 1.309, 1.318, 1.314, 1.304, 1.317, 1.319, 1.324, 1.307, 1.308, 1.3, 1.317, 1.318, 1.311, 1.325, 1.313, 1.302, 1.311, 1.308, 1.315, 1.335, 1.325, 1.321, 1.296, 1.323, 1.317, 1.324, 1.292, 1.302, 1.316, 1.293, 1.325, 1.316, 1.311, 1.301, 1.303, 1.298, 1.307, 1.318, 1.306, 1.318, 1.296, 1.291, 1.321, 1.303, 1.308, 1.301, 1.312, 1.326, 1.302, 1.294, 1.298, 1.31, 1.297, 1.301, 1.288, 1.312, 1.317, 1.3, 1.302, 1.311, 1.315, 1.31, 1.31, 1.306, 1.316, 1.314, 1.301, 1.306, 1.315, 1.315, 1.299, 1.309, 1.305, 1.29, 1.325, 1.306, 1.301, 1.309, 1.305, 1.323, 1.321, 1.309, 1.318, 1.309, 1.292, 1.309, 1.304, 1.302, 1.315, 1.33, 1.301, 1.312, 1.31, 1.329, 1.305, 1.326, 1.291, 1.303, 1.318, 1.288, 1.306, 1.295, 1.295, 1.326, 1.319, 1.311, 1.322, 1.314, 1.319, 1.312, 1.305, 1.302, 1.307, 1.293, 1.31, 1.324, 1.301, 1.308, 1.288, 1.31, 1.339, 1.311, 1.319, 1.304, 1.315, 1.303, 1.311, 1.292]"
-3.0,25.0,0.5,3.0,1.3303,-0.9544,0.0044,"[1.318, 1.327, 1.337, 1.315, 1.33, 1.322, 1.338, 1.315, 1.317, 1.332, 1.321, 1.327, 1.33, 1.325, 1.305, 1.329, 1.316, 1.308, 1.34, 1.334, 1.31, 1.299, 1.32, 1.339, 1.313, 1.318, 1.312, 1.326, 1.321, 1.315, 1.308, 1.325, 1.331, 1.317, 1.329, 1.322, 1.343, 1.336, 1.327, 1.323, 1.324, 1.323, 1.322, 1.305, 1.34, 1.311, 1.336, 1.311, 1.318, 1.323, 1.324, 1.307, 1.331, 1.317, 1.328, 1.342, 1.322, 1.325, 1.311, 1.323, 1.311, 1.321, 1.326, 1.31, 1.313, 1.329, 1.32, 1.32, 1.336, 1.311, 1.309, 1.325, 1.344, 1.328, 1.322, 1.325, 1.318, 1.335, 1.314, 1.319, 1.338, 1.324, 1.33, 1.313, 1.316, 1.323, 1.324, 1.319, 1.308, 1.326, 1.324, 1.333, 1.306, 1.311, 1.315, 1.3, 1.328, 1.316, 1.317, 1.322, 1.31, 1.318, 1.331, 1.305, 1.314, 1.326, 1.34, 1.331, 1.323, 1.339, 1.314, 1.333, 1.328, 1.332, 1.343, 1.316, 1.319, 1.321, 1.334, 1.308, 1.334, 1.3, 1.327, 1.312, 1.319, 1.318, 1.325, 1.324, 1.336, 1.31, 1.323, 1.325, 1.319, 1.323, 1.32, 1.338, 1.33, 1.328, 1.345, 1.321, 1.33, 1.316, 1.322, 1.319, 1.323, 1.33, 1.322, 1.326, 1.316, 1.311, 1.321, 1.315, 1.333, 1.325, 1.319, 1.324, 1.322, 1.31, 1.32, 1.321]"
-3.0,25.0,1.0,0.0,0.683,-1.3546,0.0028,"[0.691, 0.676, 0.688, 0.684, 0.688, 0.677, 0.665, 0.678, 0.685, 0.691, 0.671, 0.676, 0.676, 0.696, 0.678, 0.683, 0.682, 0.657, 0.682, 0.678, 0.669, 0.701, 0.695, 0.683, 0.681, 0.695, 0.691, 0.677, 0.681, 0.686, 0.673, 0.705, 0.688, 0.675, 0.725, 0.675, 0.69, 0.675, 0.675, 0.684, 0.681, 0.68, 0.682, 0.689, 0.692, 0.713, 0.691, 0.677, 0.673, 0.689, 0.677, 0.672, 0.667, 0.678, 0.665, 0.686, 0.668, 0.688, 0.693, 0.678, 0.66, 0.698, 0.68, 0.688, 0.667, 0.695, 0.658, 0.665, 0.693, 0.668, 0.689, 0.686, 0.687, 0.692, 0.669, 0.697, 0.679, 0.687, 0.698, 0.681, 0.705, 0.66, 0.698, 0.675, 0.668, 0.708, 0.667, 0.67, 0.69, 0.689, 0.678, 0.667, 0.677, 0.677, 0.668, 0.674, 0.692, 0.686, 0.688, 0.675, 0.67, 0.696, 0.673, 0.667, 0.683, 0.679, 0.673, 0.669, 0.668, 0.683, 0.671, 0.694, 0.689, 0.682, 0.681, 0.695, 0.694, 0.694, 0.691, 0.677, 0.7, 0.681, 0.68, 0.676, 0.673, 0.681, 0.672, 0.675, 0.693, 0.686, 0.685, 0.665, 0.704, 0.673, 0.679, 0.681, 0.683, 0.681, 0.675, 0.672, 0.675, 0.654, 0.696, 0.705, 0.698, 0.688, 0.687, 0.683, 0.683, 0.677, 0.674, 0.658, 0.68, 0.678, 0.681, 0.685, 0.682, 0.682, 0.674, 0.68]"
-3.0,25.0,1.0,3.0,0.6958,-0.8413,0.0059,"[0.668, 0.707, 0.674, 0.694, 0.693, 0.678, 0.696, 0.691, 0.675, 0.682, 0.682, 0.692, 0.693, 0.681, 0.692, 0.684, 0.689, 0.692, 0.694, 0.682, 0.672, 0.685, 0.687, 0.666, 0.683, 0.68, 0.679, 0.677, 0.692, 0.673, 0.692, 0.696, 0.699, 0.688, 0.699, 0.683, 0.686, 0.695, 0.687, 0.679, 0.675, 0.694, 0.688, 0.686, 0.692, 0.676, 0.69, 0.686, 0.676, 0.681, 0.699, 0.68, 0.689, 0.694, 0.681, 0.707, 0.695, 0.682, 0.687, 0.638, 0.69, 0.711, 0.688, 0.681, 0.69, 0.669, 0.699, 0.684, 0.678, 0.68, 0.69, 0.695, 0.686, 0.693, 0.691, 0.674, 0.694, 0.69, 0.684, 0.698, 0.686, 0.693, 0.673, 0.7, 0.702, 0.674, 0.675, 0.688, 0.703, 0.697, 0.686, 0.687, 0.678, 0.693, 0.676, 0.7, 0.69, 0.672, 0.69, 0.686, 0.672, 0.682, 0.694, 0.691, 0.687, 0.685, 0.675, 0.684, 0.69, 0.683, 0.695, 0.676, 0.687, 0.689, 0.696, 0.692, 0.678, 0.696, 0.682, 0.68, 0.683, 0.687, 0.699, 0.691, 0.698, 0.694, 0.698, 0.685, 0.66, 0.703, 0.69, 0.698, 0.662, 0.701, 0.705, 0.706, 0.675, 0.666, 0.677, 0.687, 0.693, 0.681, 0.694, 0.683, 0.685, 0.686, 0.673, 0.683, 0.685, 0.681, 0.68, 0.688, 0.669, 0.697, 0.701, 0.683, 0.691, 0.693, 0.697, 0.686]"
-3.0,25.0,2.0,0.0,0.3643,-1.3449,0.0028,"[0.356, 0.354, 0.35, 0.361, 0.367, 0.357, 0.359, 0.354, 0.373, 0.367, 0.37, 0.361, 0.362, 0.365, 0.351, 0.365, 0.362, 0.351, 0.359, 0.361, 0.357, 0.378, 0.375, 0.363, 0.368, 0.362, 0.364, 0.372, 0.355, 0.36, 0.365, 0.354, 0.368, 0.376, 0.372, 0.372, 0.357, 0.364, 0.375, 0.354, 0.352, 0.365, 0.363, 0.377, 0.376, 0.365, 0.363, 0.362, 0.354, 0.359, 0.352, 0.363, 0.359, 0.37, 0.375, 0.369, 0.369, 0.373, 0.365, 0.387, 0.372, 0.36, 0.36, 0.357, 0.365, 0.351, 0.363, 0.339, 0.377, 0.364, 0.39, 0.365, 0.363, 0.354, 0.363, 0.384, 0.367, 0.376, 0.365, 0.38, 0.373, 0.357, 0.371, 0.376, 0.344, 0.358, 0.348, 0.374, 0.371, 0.363, 0.364, 0.367, 0.368, 0.389, 0.363, 0.366, 0.371, 0.374, 0.366, 0.368, 0.365, 0.362, 0.394, 0.366, 0.381, 0.362, 0.355, 0.351, 0.362, 0.345, 0.378, 0.363, 0.367, 0.355, 0.351, 0.354, 0.377, 0.374, 0.364, 0.353, 0.366, 0.377, 0.384, 0.388, 0.368, 0.357, 0.368, 0.358, 0.377, 0.379, 0.363, 0.372, 0.377, 0.353, 0.376, 0.367, 0.36, 0.351, 0.369, 0.372, 0.387, 0.357, 0.377, 0.378, 0.361, 0.375, 0.351, 0.385, 0.363, 0.357, 0.364, 0.366, 0.356, 0.378, 0.369, 0.366, 0.354, 0.373, 0.374, 0.37]"
-3.0,25.0,2.0,3.0,0.3654,-0.8729,0.0,"[0.37, 0.377, 0.373, 0.351, 0.373, 0.364, 0.357, 0.355, 0.361, 0.35, 0.365, 0.38, 0.368, 0.355, 0.358, 0.392, 0.37, 0.371, 0.369, 0.35, 0.351, 0.357, 0.361, 0.358, 0.367, 0.378, 0.381, 0.363, 0.366, 0.372, 0.37, 0.369, 0.375, 0.376, 0.377, 0.369, 0.377, 0.34, 0.37, 0.375, 0.357, 0.38, 0.347, 0.35, 0.369, 0.343, 0.368, 0.381, 0.368, 0.361, 0.378, 0.346, 0.372, 0.368, 0.353, 0.364, 0.368, 0.371, 0.386, 0.366, 0.365, 0.362, 0.361, 0.387, 0.379, 0.353, 0.37, 0.363, 0.37, 0.343, 0.352, 0.366, 0.375, 0.367, 0.356, 0.373, 0.365, 0.365, 0.359, 0.383, 0.365, 0.379, 0.365, 0.351, 0.372, 0.374, 0.353, 0.379, 0.364, 0.381, 0.371, 0.361, 0.363, 0.385, 0.376, 0.371, 0.377, 0.377, 0.38, 0.384, 0.382, 0.389, 0.364, 0.362, 0.389, 0.372, 0.365, 0.363, 0.373, 0.361, 0.359, 0.37, 0.371, 0.372, 0.359, 0.361, 0.377, 0.369, 0.386, 0.37, 0.366, 0.352, 0.359, 0.359, 0.371, 0.353, 0.369, 0.37, 0.355, 0.366, 0.36, 0.37, 0.364, 0.38, 0.347, 0.381, 0.353, 0.376, 0.354, 0.372, 0.377, 0.364, 0.373, 0.361, 0.379, 0.359, 0.36, 0.369, 0.376, 0.361, 0.366, 0.365, 0.379, 0.377, 0.359, 0.339, 0.351, 0.382, 0.385, 0.364]"
-2.0,5.0,0.5,0.0,0.5383,-2.1253,0.0188,"[0.543, 0.543, 0.518, 0.522, 0.532, 0.55, 0.535, 0.533, 0.527, 0.52, 0.522, 0.523, 0.542, 0.543, 0.541, 0.525, 0.53, 0.56, 0.538, 0.527, 0.52, 0.538, 0.534, 0.523, 0.537, 0.52, 0.548, 0.527, 0.539, 0.544, 0.524, 0.535, 0.552, 0.547, 0.51, 0.536, 0.545, 0.542, 0.536, 0.546, 0.532, 0.56, 0.522, 0.534, 0.525, 0.544, 0.532, 0.513, 0.513, 0.514, 0.512, 0.539, 0.526, 0.533, 0.537, 0.515, 0.526, 0.553, 0.543, 0.537, 0.536, 0.53, 0.521, 0.548, 0.513, 0.516, 0.532, 0.532, 0.547, 0.51, 0.535, 0.533, 0.53, 0.517, 0.526, 0.528, 0.555, 0.537, 0.519, 0.547, 0.538, 0.53, 0.53, 0.525, 0.532, 0.536, 0.532, 0.529, 0.533, 0.537, 0.535, 0.538, 0.522, 0.537, 0.519, 0.54, 0.515, 0.542, 0.542, 0.534, 0.524, 0.53, 0.54, 0.537, 0.525, 0.527, 0.556, 0.518, 0.508, 0.51, 0.53, 0.524, 0.529, 0.54, 0.55, 0.532, 0.532, 0.549, 0.537, 0.536, 0.544, 0.529, 0.516, 0.531, 0.522, 0.527, 0.524, 0.531, 0.533, 0.517, 0.545, 0.539, 0.52, 0.534, 0.555, 0.532, 0.531, 0.517, 0.523, 0.532, 0.537, 0.525, 0.532, 0.547, 0.532, 0.542, 0.529, 0.542, 0.536, 0.523, 0.52, 0.544, 0.537, 0.521, 0.53, 0.537, 0.511, 0.533, 0.538, 0.531]"
-2.0,5.0,0.5,3.0,1.215,-1.7315,0.0228,"[1.197, 1.211, 1.235, 1.228, 1.209, 1.238, 1.215, 1.233, 1.2, 1.211, 1.236, 1.246, 1.228, 1.228, 1.212, 1.22, 1.217, 1.219, 1.211, 1.234, 1.222, 1.241, 1.217, 1.224, 1.228, 1.222, 1.211, 1.229, 1.235, 1.23, 1.237, 1.219, 1.249, 1.225, 1.225, 1.232, 1.246, 1.224, 1.24, 1.228, 1.209, 1.229, 1.225, 1.242, 1.217, 1.221, 1.215, 1.235, 1.226, 1.231, 1.232, 1.204, 1.203, 1.238, 1.22, 1.233, 1.227, 1.245, 1.225, 1.235, 1.227, 1.229, 1.223, 1.228, 1.222, 1.216, 1.222, 1.223, 1.232, 1.214, 1.212, 1.232, 1.226, 1.243, 1.212, 1.222, 1.242, 1.209, 1.232, 1.227, 1.235, 1.235, 1.217, 1.241, 1.228, 1.229, 1.231, 1.233, 1.214, 1.23, 1.23, 1.22, 1.231, 1.228, 1.213, 1.231, 1.221, 1.241, 1.227, 1.216, 1.235, 1.216, 1.232, 1.219, 1.23, 1.208, 1.209, 1.238, 1.236, 1.233, 1.237, 1.222, 1.219, 1.219, 1.222, 1.239, 1.223, 1.218, 1.232, 1.221, 1.227, 1.236, 1.226, 1.229, 1.235, 1.234, 1.22, 1.219, 1.217, 1.229, 1.225, 1.231, 1.213, 1.219, 1.236, 1.224, 1.225, 1.214, 1.235, 1.235, 1.23, 1.215, 1.235, 1.207, 1.226, 1.224, 1.24, 1.237, 1.249, 1.215, 1.235, 1.23, 1.221, 1.223, 1.242, 1.226, 1.217, 1.238, 1.235, 1.229]"
-2.0,5.0,1.0,0.0,0.2989,-2.1179,0.0011,"[0.287, 0.311, 0.295, 0.298, 0.277, 0.31, 0.29, 0.291, 0.299, 0.279, 0.307, 0.279, 0.293, 0.292, 0.305, 0.275, 0.28, 0.293, 0.27, 0.27, 0.281, 0.289, 0.275, 0.294, 0.298, 0.274, 0.298, 0.297, 0.293, 0.305, 0.299, 0.292, 0.29, 0.297, 0.29, 0.299, 0.302, 0.294, 0.287, 0.281, 0.294, 0.305, 0.298, 0.271, 0.301, 0.285, 0.294, 0.282, 0.288, 0.268, 0.287, 0.28, 0.273, 0.308, 0.287, 0.308, 0.288, 0.294, 0.294, 0.284, 0.295, 0.31, 0.295, 0.287, 0.293, 0.298, 0.287, 0.287, 0.287, 0.294, 0.303, 0.291, 0.296, 0.294, 0.268, 0.288, 0.269, 0.28, 0.273, 0.289, 0.283, 0.292, 0.297, 0.286, 0.284, 0.29, 0.295, 0.281, 0.281, 0.3, 0.298, 0.301, 0.296, 0.286, 0.271, 0.291, 0.307, 0.293, 0.285, 0.273, 0.274, 0.287, 0.289, 0.284, 0.297, 0.285, 0.279, 0.3, 0.291, 0.288, 0.282, 0.279, 0.277, 0.291, 0.294, 0.281, 0.284, 0.286, 0.284, 0.282, 0.294, 0.284, 0.292, 0.288, 0.288, 0.284, 0.273, 0.284, 0.287, 0.288, 0.28, 0.281, 0.297, 0.276, 0.299, 0.279, 0.295, 0.291, 0.262, 0.31, 0.306, 0.275, 0.297, 0.284, 0.276, 0.279, 0.29, 0.288, 0.296, 0.295, 0.295, 0.302, 0.291, 0.286, 0.292, 0.309, 0.291, 0.28, 0.286, 0.285]"
-2.0,5.0,1.0,3.0,0.6582,-1.6171,0.0008,"[0.644, 0.651, 0.635, 0.647, 0.646, 0.626, 0.638, 0.638, 0.665, 0.647, 0.645, 0.624, 0.634, 0.618, 0.619, 0.638, 0.629, 0.636, 0.645, 0.627, 0.642, 0.643, 0.643, 0.645, 0.643, 0.64, 0.631, 0.631, 0.612, 0.653, 0.662, 0.634, 0.638, 0.647, 0.641, 0.637, 0.642, 0.657, 0.638, 0.642, 0.634, 0.638, 0.648, 0.638, 0.63, 0.622, 0.629, 0.653, 0.636, 0.621, 0.62, 0.643, 0.621, 0.624, 0.642, 0.652, 0.646, 0.624, 0.645, 0.651, 0.628, 0.642, 0.65, 0.646, 0.62, 0.631, 0.635, 0.637, 0.635, 0.625, 0.631, 0.631, 0.64, 0.633, 0.636, 0.618, 0.645, 0.638, 0.643, 0.63, 0.638, 0.639, 0.635, 0.638, 0.646, 0.638, 0.646, 0.645, 0.622, 0.649, 0.636, 0.645, 0.64, 0.63, 0.607, 0.664, 0.63, 0.634, 0.625, 0.627, 0.636, 0.629, 0.632, 0.636, 0.647, 0.641, 0.624, 0.649, 0.63, 0.621, 0.64, 0.632, 0.612, 0.633, 0.648, 0.639, 0.625, 0.643, 0.644, 0.64, 0.654, 0.651, 0.645, 0.627, 0.642, 0.638, 0.634, 0.635, 0.611, 0.64, 0.636, 0.621, 0.63, 0.614, 0.649, 0.659, 0.639, 0.639, 0.625, 0.646, 0.627, 0.631, 0.617, 0.638, 0.628, 0.616, 0.624, 0.656, 0.647, 0.646, 0.617, 0.64, 0.644, 0.647, 0.637, 0.639, 0.641, 0.649, 0.632, 0.64]"
-2.0,5.0,2.0,0.0,0.1692,-2.1071,0.0049,"[0.189, 0.17, 0.181, 0.184, 0.166, 0.174, 0.169, 0.159, 0.159, 0.177, 0.176, 0.176, 0.169, 0.16, 0.191, 0.162, 0.174, 0.163, 0.165, 0.165, 0.17, 0.175, 0.178, 0.155, 0.155, 0.165, 0.169, 0.162, 0.173, 0.168, 0.161, 0.178, 0.174, 0.173, 0.166, 0.163, 0.181, 0.17, 0.157, 0.177, 0.191, 0.162, 0.17, 0.169, 0.177, 0.17, 0.164, 0.177, 0.174, 0.183, 0.183, 0.168, 0.179, 0.178, 0.182, 0.171, 0.154, 0.159, 0.165, 0.164, 0.177, 0.174, 0.173, 0.172, 0.164, 0.188, 0.173, 0.171, 0.169, 0.157, 0.182, 0.177, 0.191, 0.178, 0.178, 0.165, 0.173, 0.176, 0.151, 0.188, 0.175, 0.182, 0.181, 0.16, 0.163, 0.169, 0.167, 0.173, 0.18, 0.153, 0.167, 0.18, 0.154, 0.176, 0.181, 0.16, 0.173, 0.177, 0.175, 0.178, 0.174, 0.173, 0.173, 0.18, 0.165, 0.178, 0.157, 0.156, 0.145, 0.165, 0.161, 0.168, 0.171, 0.163, 0.178, 0.175, 0.158, 0.15, 0.169, 0.16, 0.18, 0.176, 0.165, 0.174, 0.172, 0.18, 0.163, 0.197, 0.176, 0.172, 0.176, 0.166, 0.169, 0.161, 0.18, 0.168, 0.17, 0.167, 0.168, 0.163, 0.168, 0.144, 0.182, 0.167, 0.164, 0.181, 0.188, 0.157, 0.183, 0.158, 0.171, 0.185, 0.16, 0.162, 0.183, 0.143, 0.184, 0.157, 0.173, 0.157]"
-2.0,5.0,2.0,3.0,0.34,-1.6076,0.004,"[0.335, 0.347, 0.339, 0.35, 0.347, 0.344, 0.349, 0.345, 0.324, 0.348, 0.339, 0.334, 0.332, 0.336, 0.35, 0.324, 0.35, 0.33, 0.344, 0.363, 0.348, 0.339, 0.327, 0.347, 0.336, 0.337, 0.366, 0.343, 0.334, 0.341, 0.335, 0.341, 0.338, 0.346, 0.34, 0.359, 0.355, 0.336, 0.338, 0.335, 0.345, 0.352, 0.342, 0.358, 0.351, 0.351, 0.358, 0.346, 0.349, 0.348, 0.343, 0.337, 0.354, 0.338, 0.343, 0.356, 0.363, 0.362, 0.351, 0.347, 0.354, 0.338, 0.344, 0.362, 0.346, 0.345, 0.344, 0.359, 0.347, 0.336, 0.34, 0.346, 0.333, 0.343, 0.339, 0.331, 0.347, 0.352, 0.355, 0.344, 0.34, 0.342, 0.361, 0.335, 0.344, 0.337, 0.354, 0.339, 0.328, 0.34, 0.346, 0.353, 0.355, 0.335, 0.34, 0.343, 0.343, 0.328, 0.343, 0.336, 0.351, 0.361, 0.35, 0.34, 0.343, 0.36, 0.328, 0.346, 0.351, 0.356, 0.325, 0.336, 0.34, 0.342, 0.339, 0.341, 0.342, 0.343, 0.342, 0.349, 0.356, 0.361, 0.342, 0.356, 0.346, 0.333, 0.336, 0.354, 0.352, 0.356, 0.347, 0.332, 0.362, 0.345, 0.34, 0.332, 0.336, 0.35, 0.343, 0.325, 0.338, 0.335, 0.337, 0.346, 0.327, 0.345, 0.368, 0.337, 0.357, 0.339, 0.331, 0.32, 0.355, 0.347, 0.318, 0.344, 0.329, 0.366, 0.344, 0.34]"
-2.0,7.5,0.5,0.0,0.7573,-1.9186,0.0143,"[0.755, 0.771, 0.756, 0.775, 0.778, 0.762, 0.749, 0.763, 0.765, 0.751, 0.745, 0.745, 0.777, 0.774, 0.752, 0.776, 0.768, 0.769, 0.727, 0.758, 0.776, 0.743, 0.782, 0.773, 0.763, 0.755, 0.773, 0.769, 0.762, 0.771, 0.754, 0.759, 0.762, 0.759, 0.766, 0.764, 0.772, 0.769, 0.776, 0.749, 0.776, 0.76, 0.758, 0.758, 0.756, 0.759, 0.769, 0.78, 0.769, 0.757, 0.752, 0.761, 0.764, 0.758, 0.763, 0.763, 0.78, 0.749, 0.766, 0.764, 0.77, 0.77, 0.779, 0.765, 0.761, 0.769, 0.746, 0.766, 0.769, 0.766, 0.761, 0.769, 0.768, 0.772, 0.77, 0.768, 0.767, 0.761, 0.771, 0.785, 0.776, 0.761, 0.755, 0.769, 0.775, 0.763, 0.764, 0.762, 0.787, 0.767, 0.773, 0.755, 0.763, 0.787, 0.765, 0.773, 0.754, 0.766, 0.746, 0.761, 0.766, 0.776, 0.764, 0.765, 0.756, 0.764, 0.773, 0.74, 0.774, 0.762, 0.764, 0.761, 0.759, 0.754, 0.757, 0.755, 0.772, 0.78, 0.762, 0.76, 0.764, 0.754, 0.769, 0.764, 0.744, 0.771, 0.752, 0.763, 0.762, 0.773, 0.761, 0.779, 0.777, 0.765, 0.786, 0.762, 0.758, 0.784, 0.774, 0.775, 0.773, 0.774, 0.768, 0.758, 0.751, 0.761, 0.768, 0.777, 0.761, 0.748, 0.78, 0.778, 0.762, 0.769, 0.762, 0.754, 0.764, 0.75, 0.768, 0.769]"
-2.0,7.5,0.5,3.0,1.271,-1.4559,0.0124,"[1.264, 1.283, 1.28, 1.27, 1.277, 1.27, 1.27, 1.278, 1.273, 1.271, 1.272, 1.3, 1.283, 1.27, 1.266, 1.275, 1.258, 1.289, 1.269, 1.275, 1.285, 1.291, 1.269, 1.282, 1.296, 1.26, 1.268, 1.279, 1.267, 1.27, 1.281, 1.29, 1.288, 1.268, 1.274, 1.265, 1.292, 1.28, 1.275, 1.276, 1.274, 1.27, 1.273, 1.27, 1.281, 1.264, 1.278, 1.258, 1.282, 1.265, 1.27, 1.273, 1.271, 1.301, 1.267, 1.274, 1.263, 1.294, 1.274, 1.263, 1.291, 1.282, 1.275, 1.276, 1.276, 1.287, 1.288, 1.25, 1.269, 1.276, 1.268, 1.267, 1.281, 1.291, 1.276, 1.272, 1.263, 1.291, 1.28, 1.278, 1.278, 1.286, 1.272, 1.282, 1.273, 1.269, 1.267, 1.266, 1.259, 1.292, 1.287, 1.273, 1.276, 1.277, 1.282, 1.286, 1.282, 1.265, 1.272, 1.271, 1.241, 1.277, 1.25, 1.291, 1.261, 1.275, 1.289, 1.266, 1.278, 1.265, 1.273, 1.268, 1.282, 1.279, 1.28, 1.276, 1.269, 1.281, 1.279, 1.263, 1.284, 1.283, 1.285, 1.28, 1.267, 1.276, 1.262, 1.282, 1.288, 1.296, 1.272, 1.258, 1.268, 1.268, 1.269, 1.293, 1.278, 1.29, 1.285, 1.284, 1.281, 1.271, 1.281, 1.297, 1.277, 1.279, 1.267, 1.273, 1.271, 1.293, 1.274, 1.278, 1.292, 1.283, 1.277, 1.279, 1.277, 1.287, 1.272, 1.274]"
-2.0,7.5,1.0,0.0,0.3994,-1.8858,0.0074,"[0.409, 0.411, 0.424, 0.414, 0.4, 0.401, 0.411, 0.422, 0.414, 0.403, 0.42, 0.403, 0.408, 0.433, 0.403, 0.41, 0.412, 0.396, 0.418, 0.409, 0.412, 0.408, 0.397, 0.416, 0.421, 0.397, 0.409, 0.419, 0.406, 0.407, 0.412, 0.405, 0.412, 0.402, 0.411, 0.405, 0.41, 0.413, 0.401, 0.402, 0.409, 0.396, 0.403, 0.398, 0.407, 0.415, 0.418, 0.422, 0.41, 0.397, 0.396, 0.412, 0.404, 0.399, 0.417, 0.424, 0.413, 0.417, 0.403, 0.404, 0.378, 0.419, 0.415, 0.408, 0.421, 0.413, 0.409, 0.42, 0.404, 0.404, 0.404, 0.397, 0.426, 0.399, 0.405, 0.411, 0.413, 0.414, 0.393, 0.395, 0.412, 0.424, 0.423, 0.42, 0.406, 0.404, 0.396, 0.413, 0.417, 0.411, 0.419, 0.415, 0.413, 0.408, 0.392, 0.408, 0.395, 0.408, 0.382, 0.406, 0.414, 0.392, 0.413, 0.399, 0.411, 0.406, 0.406, 0.42, 0.415, 0.389, 0.399, 0.403, 0.421, 0.404, 0.397, 0.404, 0.402, 0.402, 0.408, 0.415, 0.414, 0.423, 0.413, 0.414, 0.41, 0.402, 0.403, 0.397, 0.39, 0.413, 0.411, 0.396, 0.411, 0.411, 0.415, 0.404, 0.401, 0.401, 0.416, 0.417, 0.399, 0.408, 0.404, 0.402, 0.412, 0.409, 0.384, 0.41, 0.422, 0.408, 0.422, 0.411, 0.428, 0.428, 0.428, 0.415, 0.41, 0.395, 0.394, 0.422]"
-2.0,7.5,1.0,3.0,0.662,-1.5321,0.0192,"[0.642, 0.654, 0.649, 0.677, 0.66, 0.66, 0.658, 0.663, 0.666, 0.657, 0.647, 0.647, 0.653, 0.648, 0.676, 0.658, 0.646, 0.667, 0.655, 0.673, 0.656, 0.659, 0.685, 0.664, 0.663, 0.664, 0.656, 0.684, 0.654, 0.675, 0.659, 0.658, 0.657, 0.643, 0.659, 0.671, 0.662, 0.651, 0.669, 0.662, 0.66, 0.647, 0.657, 0.662, 0.661, 0.671, 0.643, 0.654, 0.659, 0.667, 0.663, 0.661, 0.673, 0.7, 0.661, 0.677, 0.681, 0.657, 0.665, 0.643, 0.659, 0.669, 0.659, 0.664, 0.668, 0.666, 0.665, 0.666, 0.667, 0.665, 0.656, 0.651, 0.663, 0.656, 0.677, 0.646, 0.658, 0.67, 0.649, 0.655, 0.659, 0.681, 0.658, 0.667, 0.661, 0.659, 0.676, 0.652, 0.663, 0.665, 0.676, 0.661, 0.648, 0.65, 0.653, 0.671, 0.659, 0.669, 0.68, 0.67, 0.671, 0.666, 0.653, 0.683, 0.656, 0.672, 0.672, 0.65, 0.648, 0.668, 0.653, 0.677, 0.657, 0.674, 0.674, 0.666, 0.662, 0.668, 0.661, 0.66, 0.65, 0.671, 0.659, 0.669, 0.668, 0.649, 0.667, 0.67, 0.663, 0.667, 0.666, 0.68, 0.664, 0.673, 0.648, 0.66, 0.669, 0.66, 0.668, 0.668, 0.668, 0.654, 0.668, 0.656, 0.659, 0.68, 0.672, 0.664, 0.662, 0.671, 0.675, 0.667, 0.674, 0.663, 0.669, 0.657, 0.663, 0.646, 0.656, 0.658]"
-2.0,7.5,2.0,0.0,0.2216,-2.0815,0.0131,"[0.24, 0.23, 0.235, 0.235, 0.22, 0.226, 0.231, 0.233, 0.24, 0.242, 0.244, 0.228, 0.212, 0.238, 0.232, 0.218, 0.22, 0.225, 0.227, 0.221, 0.236, 0.235, 0.23, 0.218, 0.232, 0.226, 0.21, 0.234, 0.22, 0.224, 0.226, 0.212, 0.233, 0.229, 0.23, 0.222, 0.232, 0.232, 0.229, 0.234, 0.228, 0.213, 0.224, 0.225, 0.232, 0.224, 0.226, 0.234, 0.236, 0.233, 0.231, 0.232, 0.251, 0.233, 0.227, 0.227, 0.243, 0.222, 0.229, 0.235, 0.238, 0.212, 0.232, 0.217, 0.258, 0.226, 0.225, 0.25, 0.225, 0.221, 0.243, 0.253, 0.229, 0.229, 0.217, 0.244, 0.226, 0.222, 0.24, 0.214, 0.235, 0.208, 0.236, 0.229, 0.238, 0.216, 0.228, 0.219, 0.216, 0.234, 0.238, 0.204, 0.24, 0.244, 0.25, 0.209, 0.243, 0.231, 0.226, 0.247, 0.228, 0.229, 0.212, 0.21, 0.23, 0.249, 0.24, 0.239, 0.214, 0.235, 0.24, 0.233, 0.211, 0.247, 0.233, 0.215, 0.246, 0.227, 0.236, 0.223, 0.22, 0.237, 0.216, 0.247, 0.228, 0.229, 0.229, 0.234, 0.22, 0.228, 0.25, 0.237, 0.224, 0.22, 0.213, 0.236, 0.219, 0.238, 0.23, 0.231, 0.226, 0.223, 0.222, 0.234, 0.22, 0.224, 0.221, 0.245, 0.209, 0.235, 0.25, 0.208, 0.234, 0.22, 0.237, 0.216, 0.239, 0.223, 0.216, 0.228]"
-2.0,7.5,2.0,3.0,0.3685,-1.5934,0.0055,"[0.37, 0.354, 0.363, 0.347, 0.362, 0.358, 0.37, 0.357, 0.354, 0.354, 0.355, 0.361, 0.361, 0.345, 0.37, 0.345, 0.354, 0.355, 0.355, 0.357, 0.347, 0.358, 0.353, 0.371, 0.354, 0.372, 0.36, 0.353, 0.371, 0.374, 0.352, 0.359, 0.364, 0.358, 0.353, 0.352, 0.372, 0.371, 0.352, 0.354, 0.351, 0.372, 0.353, 0.36, 0.368, 0.337, 0.357, 0.34, 0.372, 0.339, 0.336, 0.374, 0.35, 0.344, 0.342, 0.36, 0.36, 0.362, 0.355, 0.377, 0.358, 0.354, 0.345, 0.342, 0.378, 0.342, 0.345, 0.356, 0.372, 0.346, 0.355, 0.36, 0.359, 0.37, 0.362, 0.38, 0.362, 0.361, 0.344, 0.36, 0.348, 0.355, 0.36, 0.362, 0.358, 0.346, 0.346, 0.345, 0.362, 0.355, 0.359, 0.345, 0.35, 0.369, 0.353, 0.373, 0.363, 0.352, 0.368, 0.359, 0.345, 0.357, 0.357, 0.349, 0.351, 0.338, 0.358, 0.352, 0.351, 0.364, 0.386, 0.352, 0.36, 0.367, 0.361, 0.357, 0.361, 0.36, 0.351, 0.364, 0.358, 0.356, 0.354, 0.363, 0.355, 0.371, 0.348, 0.359, 0.378, 0.355, 0.344, 0.364, 0.345, 0.373, 0.354, 0.355, 0.355, 0.352, 0.355, 0.353, 0.356, 0.361, 0.354, 0.387, 0.358, 0.365, 0.349, 0.355, 0.352, 0.376, 0.36, 0.351, 0.341, 0.363, 0.361, 0.368, 0.354, 0.36, 0.364, 0.347]"
-2.0,10.0,0.5,0.0,0.9952,-1.8691,0.0068,"[0.976, 0.978, 0.989, 0.994, 0.984, 0.979, 0.974, 0.967, 0.975, 0.987, 0.985, 0.979, 0.978, 0.992, 0.988, 0.985, 0.968, 0.978, 0.996, 0.985, 0.962, 0.982, 0.989, 0.977, 0.985, 1.004, 0.966, 0.968, 0.974, 0.967, 0.985, 0.984, 0.98, 0.979, 0.982, 0.981, 0.973, 0.982, 0.993, 0.985, 0.972, 0.981, 0.961, 0.958, 0.979, 0.988, 0.988, 0.951, 1.007, 0.978, 0.982, 0.978, 0.988, 0.971, 0.965, 1.004, 0.983, 0.973, 0.982, 1.0, 0.994, 0.99, 0.97, 0.974, 0.983, 0.987, 0.999, 0.975, 0.984, 0.989, 0.983, 0.992, 1.008, 0.989, 0.962, 0.989, 0.992, 0.974, 0.983, 0.971, 0.996, 0.993, 0.978, 0.987, 0.972, 0.964, 0.988, 0.967, 0.97, 0.979, 0.976, 0.959, 0.977, 0.976, 0.989, 0.995, 0.989, 0.972, 0.987, 0.989, 0.978, 0.975, 0.966, 0.968, 0.982, 0.987, 0.983, 0.99, 0.975, 0.972, 0.982, 0.989, 0.976, 0.968, 0.993, 0.975, 0.992, 0.987, 0.977, 0.974, 0.981, 0.956, 0.998, 0.983, 0.989, 0.967, 0.997, 0.975, 0.979, 0.981, 0.972, 0.974, 0.992, 0.99, 0.983, 0.97, 0.976, 0.983, 0.984, 0.989, 0.969, 0.982, 0.996, 0.983, 0.99, 0.971, 0.988, 0.979, 0.961, 1.007, 0.985, 0.995, 0.989, 0.969, 0.976, 0.981, 1.011, 0.984, 0.969, 0.971]"
-2.0,10.0,0.5,3.0,1.287,-1.4559,0.0017,"[1.301, 1.325, 1.302, 1.312, 1.306, 1.295, 1.298, 1.308, 1.272, 1.291, 1.29, 1.306, 1.294, 1.295, 1.302, 1.281, 1.283, 1.309, 1.295, 1.283, 1.304, 1.298, 1.313, 1.304, 1.288, 1.295, 1.305, 1.307, 1.31, 1.293, 1.308, 1.323, 1.311, 1.307, 1.297, 1.309, 1.285, 1.302, 1.291, 1.295, 1.308, 1.277, 1.287, 1.294, 1.274, 1.302, 1.294, 1.307, 1.303, 1.298, 1.292, 1.312, 1.306, 1.312, 1.298, 1.295, 1.295, 1.319, 1.319, 1.303, 1.286, 1.302, 1.304, 1.31, 1.289, 1.305, 1.334, 1.288, 1.307, 1.308, 1.289, 1.308, 1.3, 1.307, 1.299, 1.304, 1.304, 1.298, 1.298, 1.3, 1.297, 1.297, 1.286, 1.293, 1.284, 1.311, 1.305, 1.305, 1.295, 1.291, 1.296, 1.293, 1.283, 1.3, 1.294, 1.301, 1.29, 1.286, 1.3, 1.279, 1.311, 1.301, 1.296, 1.299, 1.314, 1.299, 1.301, 1.293, 1.314, 1.304, 1.313, 1.28, 1.289, 1.301, 1.308, 1.311, 1.3, 1.292, 1.292, 1.314, 1.306, 1.31, 1.319, 1.27, 1.29, 1.288, 1.279, 1.305, 1.289, 1.293, 1.3, 1.3, 1.315, 1.304, 1.279, 1.293, 1.292, 1.319, 1.315, 1.299, 1.293, 1.305, 1.305, 1.299, 1.275, 1.295, 1.294, 1.293, 1.283, 1.309, 1.3, 1.293, 1.286, 1.293, 1.303, 1.312, 1.312, 1.291, 1.325, 1.323]"
-2.0,10.0,1.0,0.0,0.5014,-1.8058,0.0113,"[0.527, 0.529, 0.52, 0.523, 0.517, 0.519, 0.52, 0.509, 0.538, 0.527, 0.524, 0.513, 0.509, 0.499, 0.513, 0.518, 0.503, 0.511, 0.512, 0.523, 0.522, 0.507, 0.512, 0.511, 0.505, 0.51, 0.518, 0.5, 0.52, 0.506, 0.501, 0.509, 0.514, 0.52, 0.509, 0.52, 0.517, 0.527, 0.513, 0.51, 0.542, 0.525, 0.508, 0.525, 0.536, 0.517, 0.517, 0.508, 0.527, 0.52, 0.5, 0.514, 0.514, 0.513, 0.513, 0.498, 0.537, 0.513, 0.531, 0.511, 0.501, 0.516, 0.525, 0.508, 0.527, 0.51, 0.503, 0.519, 0.529, 0.536, 0.501, 0.509, 0.51, 0.511, 0.517, 0.538, 0.538, 0.542, 0.526, 0.515, 0.503, 0.495, 0.525, 0.516, 0.534, 0.513, 0.53, 0.527, 0.49, 0.518, 0.514, 0.502, 0.536, 0.521, 0.536, 0.518, 0.518, 0.519, 0.517, 0.526, 0.518, 0.5, 0.535, 0.506, 0.512, 0.515, 0.499, 0.513, 0.509, 0.52, 0.526, 0.5, 0.509, 0.512, 0.536, 0.512, 0.491, 0.516, 0.524, 0.506, 0.505, 0.512, 0.518, 0.51, 0.527, 0.513, 0.526, 0.508, 0.527, 0.504, 0.521, 0.514, 0.5, 0.521, 0.522, 0.513, 0.524, 0.525, 0.513, 0.512, 0.528, 0.508, 0.54, 0.51, 0.532, 0.51, 0.505, 0.523, 0.511, 0.491, 0.525, 0.521, 0.498, 0.503, 0.514, 0.511, 0.526, 0.521, 0.511, 0.504]"
-2.0,10.0,1.0,3.0,0.6832,-1.3879,0.0072,"[0.673, 0.675, 0.661, 0.678, 0.684, 0.675, 0.662, 0.683, 0.668, 0.666, 0.697, 0.657, 0.663, 0.679, 0.674, 0.677, 0.677, 0.674, 0.686, 0.684, 0.673, 0.673, 0.678, 0.673, 0.688, 0.685, 0.681, 0.689, 0.681, 0.677, 0.675, 0.677, 0.691, 0.678, 0.662, 0.669, 0.685, 0.668, 0.678, 0.681, 0.677, 0.674, 0.666, 0.682, 0.665, 0.68, 0.655, 0.667, 0.676, 0.674, 0.683, 0.657, 0.667, 0.665, 0.686, 0.666, 0.673, 0.677, 0.669, 0.68, 0.669, 0.657, 0.665, 0.657, 0.677, 0.674, 0.672, 0.68, 0.681, 0.665, 0.678, 0.664, 0.659, 0.687, 0.674, 0.68, 0.663, 0.679, 0.673, 0.674, 0.691, 0.656, 0.681, 0.687, 0.68, 0.686, 0.667, 0.675, 0.684, 0.669, 0.66, 0.699, 0.682, 0.683, 0.675, 0.681, 0.67, 0.676, 0.677, 0.679, 0.671, 0.672, 0.682, 0.678, 0.684, 0.663, 0.682, 0.666, 0.69, 0.676, 0.675, 0.677, 0.679, 0.684, 0.687, 0.658, 0.673, 0.67, 0.668, 0.662, 0.676, 0.663, 0.685, 0.668, 0.679, 0.667, 0.667, 0.671, 0.666, 0.686, 0.678, 0.683, 0.672, 0.686, 0.681, 0.666, 0.677, 0.683, 0.671, 0.682, 0.661, 0.674, 0.671, 0.69, 0.666, 0.676, 0.689, 0.678, 0.667, 0.683, 0.694, 0.676, 0.692, 0.681, 0.695, 0.681, 0.697, 0.671, 0.677, 0.666]"
-2.0,10.0,2.0,0.0,0.2733,-1.9299,0.0064,"[0.288, 0.288, 0.292, 0.293, 0.287, 0.286, 0.275, 0.294, 0.274, 0.281, 0.284, 0.27, 0.271, 0.276, 0.288, 0.286, 0.277, 0.296, 0.279, 0.298, 0.28, 0.276, 0.309, 0.262, 0.286, 0.275, 0.271, 0.282, 0.299, 0.289, 0.267, 0.271, 0.277, 0.273, 0.297, 0.288, 0.278, 0.282, 0.274, 0.278, 0.271, 0.284, 0.279, 0.283, 0.293, 0.281, 0.259, 0.3, 0.285, 0.27, 0.281, 0.292, 0.279, 0.282, 0.281, 0.299, 0.307, 0.292, 0.3, 0.268, 0.279, 0.274, 0.29, 0.295, 0.281, 0.28, 0.284, 0.275, 0.266, 0.293, 0.278, 0.28, 0.29, 0.272, 0.301, 0.288, 0.276, 0.294, 0.299, 0.265, 0.25, 0.281, 0.283, 0.285, 0.298, 0.286, 0.281, 0.292, 0.298, 0.265, 0.295, 0.28, 0.294, 0.274, 0.274, 0.291, 0.294, 0.298, 0.268, 0.287, 0.291, 0.267, 0.267, 0.286, 0.285, 0.286, 0.278, 0.277, 0.302, 0.279, 0.285, 0.272, 0.293, 0.283, 0.289, 0.298, 0.282, 0.308, 0.298, 0.282, 0.276, 0.273, 0.277, 0.268, 0.293, 0.29, 0.284, 0.291, 0.282, 0.279, 0.29, 0.278, 0.294, 0.285, 0.305, 0.286, 0.274, 0.285, 0.286, 0.282, 0.291, 0.296, 0.285, 0.292, 0.284, 0.276, 0.264, 0.3, 0.299, 0.274, 0.266, 0.28, 0.282, 0.271, 0.279, 0.297, 0.284, 0.275, 0.288, 0.279]"
-2.0,10.0,2.0,3.0,0.3524,-1.4533,0.0001,"[0.349, 0.366, 0.384, 0.371, 0.364, 0.377, 0.375, 0.381, 0.357, 0.353, 0.348, 0.372, 0.374, 0.338, 0.374, 0.367, 0.355, 0.373, 0.366, 0.369, 0.353, 0.353, 0.362, 0.36, 0.36, 0.377, 0.367, 0.356, 0.364, 0.382, 0.356, 0.349, 0.361, 0.356, 0.366, 0.362, 0.367, 0.359, 0.357, 0.362, 0.35, 0.371, 0.391, 0.36, 0.378, 0.375, 0.367, 0.348, 0.349, 0.35, 0.348, 0.352, 0.349, 0.359, 0.379, 0.35, 0.358, 0.359, 0.356, 0.359, 0.37, 0.356, 0.355, 0.366, 0.368, 0.365, 0.356, 0.348, 0.347, 0.353, 0.368, 0.369, 0.365, 0.359, 0.355, 0.352, 0.361, 0.363, 0.364, 0.358, 0.36, 0.364, 0.363, 0.359, 0.362, 0.38, 0.348, 0.371, 0.364, 0.36, 0.362, 0.349, 0.35, 0.362, 0.381, 0.354, 0.361, 0.372, 0.351, 0.357, 0.362, 0.36, 0.37, 0.378, 0.352, 0.36, 0.372, 0.384, 0.373, 0.363, 0.371, 0.361, 0.373, 0.362, 0.359, 0.367, 0.358, 0.375, 0.376, 0.366, 0.369, 0.366, 0.35, 0.371, 0.345, 0.375, 0.361, 0.353, 0.363, 0.372, 0.374, 0.374, 0.355, 0.353, 0.36, 0.361, 0.362, 0.349, 0.363, 0.369, 0.358, 0.363, 0.374, 0.349, 0.366, 0.344, 0.35, 0.38, 0.355, 0.365, 0.348, 0.36, 0.367, 0.37, 0.368, 0.361, 0.371, 0.365, 0.346, 0.36]"
-2.0,12.5,0.5,0.0,1.144,-1.707,0.001,"[1.125, 1.14, 1.141, 1.11, 1.145, 1.134, 1.139, 1.144, 1.123, 1.135, 1.141, 1.136, 1.151, 1.126, 1.135, 1.135, 1.152, 1.139, 1.135, 1.156, 1.143, 1.129, 1.134, 1.143, 1.127, 1.144, 1.148, 1.141, 1.129, 1.132, 1.142, 1.139, 1.159, 1.127, 1.141, 1.132, 1.111, 1.148, 1.133, 1.148, 1.143, 1.143, 1.132, 1.13, 1.156, 1.139, 1.156, 1.136, 1.14, 1.142, 1.147, 1.113, 1.131, 1.141, 1.151, 1.145, 1.132, 1.14, 1.163, 1.138, 1.134, 1.144, 1.134, 1.139, 1.141, 1.13, 1.13, 1.155, 1.125, 1.126, 1.137, 1.127, 1.142, 1.139, 1.143, 1.147, 1.14, 1.147, 1.118, 1.135, 1.118, 1.139, 1.149, 1.123, 1.116, 1.129, 1.144, 1.138, 1.13, 1.138, 1.121, 1.137, 1.128, 1.144, 1.121, 1.136, 1.132, 1.146, 1.128, 1.115, 1.142, 1.123, 1.134, 1.139, 1.113, 1.124, 1.146, 1.145, 1.134, 1.124, 1.162, 1.138, 1.144, 1.129, 1.124, 1.146, 1.133, 1.137, 1.133, 1.15, 1.133, 1.14, 1.137, 1.12, 1.127, 1.138, 1.131, 1.132, 1.15, 1.132, 1.157, 1.133, 1.129, 1.15, 1.138, 1.149, 1.123, 1.114, 1.109, 1.12, 1.121, 1.14, 1.133, 1.131, 1.122, 1.144, 1.142, 1.119, 1.131, 1.127, 1.152, 1.137, 1.135, 1.137, 1.137, 1.137, 1.113, 1.135, 1.164, 1.125]"
-2.0,12.5,0.5,3.0,1.3089,-1.2294,0.0133,"[1.303, 1.318, 1.309, 1.311, 1.317, 1.303, 1.309, 1.319, 1.312, 1.294, 1.316, 1.318, 1.319, 1.31, 1.303, 1.3, 1.308, 1.32, 1.305, 1.33, 1.306, 1.326, 1.316, 1.307, 1.301, 1.317, 1.311, 1.305, 1.313, 1.315, 1.303, 1.313, 1.29, 1.299, 1.321, 1.308, 1.319, 1.318, 1.322, 1.319, 1.321, 1.297, 1.329, 1.318, 1.337, 1.311, 1.304, 1.324, 1.321, 1.295, 1.312, 1.306, 1.307, 1.313, 1.303, 1.323, 1.304, 1.304, 1.3, 1.315, 1.301, 1.318, 1.323, 1.307, 1.327, 1.309, 1.324, 1.321, 1.306, 1.313, 1.315, 1.303, 1.301, 1.307, 1.305, 1.288, 1.334, 1.307, 1.325, 1.318, 1.305, 1.321, 1.304, 1.332, 1.306, 1.305, 1.324, 1.312, 1.328, 1.303, 1.333, 1.301, 1.318, 1.305, 1.312, 1.325, 1.304, 1.33, 1.32, 1.294, 1.309, 1.314, 1.314, 1.302, 1.306, 1.3, 1.328, 1.295, 1.295, 1.304, 1.306, 1.306, 1.31, 1.324, 1.304, 1.306, 1.319, 1.328, 1.32, 1.29, 1.313, 1.325, 1.292, 1.312, 1.309, 1.333, 1.316, 1.318, 1.324, 1.285, 1.318, 1.305, 1.301, 1.308, 1.31, 1.316, 1.321, 1.328, 1.304, 1.312, 1.285, 1.303, 1.317, 1.32, 1.34, 1.31, 1.304, 1.311, 1.31, 1.302, 1.317, 1.299, 1.317, 1.314, 1.315, 1.319, 1.327, 1.313, 1.313, 1.316]"
-2.0,12.5,1.0,0.0,0.5935,-1.7547,0.0195,"[0.597, 0.59, 0.599, 0.585, 0.616, 0.601, 0.591, 0.597, 0.596, 0.6, 0.596, 0.607, 0.568, 0.589, 0.596, 0.581, 0.6, 0.604, 0.614, 0.604, 0.6, 0.601, 0.59, 0.588, 0.594, 0.599, 0.584, 0.602, 0.596, 0.595, 0.584, 0.593, 0.605, 0.6, 0.594, 0.583, 0.586, 0.59, 0.586, 0.599, 0.572, 0.582, 0.591, 0.58, 0.579, 0.597, 0.585, 0.579, 0.585, 0.584, 0.608, 0.58, 0.598, 0.604, 0.591, 0.58, 0.606, 0.594, 0.596, 0.584, 0.595, 0.586, 0.573, 0.581, 0.577, 0.597, 0.589, 0.61, 0.601, 0.598, 0.612, 0.58, 0.616, 0.585, 0.607, 0.579, 0.596, 0.607, 0.599, 0.593, 0.612, 0.58, 0.592, 0.579, 0.59, 0.581, 0.589, 0.582, 0.583, 0.587, 0.595, 0.584, 0.585, 0.582, 0.587, 0.566, 0.584, 0.594, 0.574, 0.593, 0.604, 0.592, 0.59, 0.602, 0.593, 0.604, 0.587, 0.609, 0.593, 0.6, 0.595, 0.605, 0.612, 0.592, 0.586, 0.576, 0.596, 0.596, 0.61, 0.6, 0.576, 0.59, 0.592, 0.594, 0.601, 0.59, 0.603, 0.609, 0.585, 0.619, 0.601, 0.589, 0.585, 0.601, 0.606, 0.593, 0.604, 0.608, 0.605, 0.605, 0.589, 0.586, 0.586, 0.585, 0.584, 0.576, 0.61, 0.583, 0.587, 0.589, 0.589, 0.587, 0.594, 0.594, 0.595, 0.586, 0.586, 0.606, 0.598, 0.599]"
-2.0,12.5,1.0,3.0,0.6719,-1.2533,0.0216,"[0.689, 0.697, 0.675, 0.684, 0.684, 0.683, 0.693, 0.667, 0.656, 0.692, 0.682, 0.692, 0.68, 0.671, 0.681, 0.679, 0.677, 0.698, 0.687, 0.674, 0.678, 0.693, 0.678, 0.685, 0.692, 0.703, 0.676, 0.691, 0.682, 0.684, 0.684, 0.686, 0.702, 0.684, 0.693, 0.678, 0.684, 0.662, 0.657, 0.706, 0.692, 0.674, 0.686, 0.69, 0.688, 0.657, 0.669, 0.678, 0.673, 0.677, 0.67, 0.689, 0.683, 0.674, 0.678, 0.682, 0.696, 0.676, 0.685, 0.673, 0.667, 0.7, 0.673, 0.668, 0.684, 0.672, 0.685, 0.669, 0.695, 0.677, 0.679, 0.692, 0.69, 0.685, 0.699, 0.685, 0.665, 0.681, 0.68, 0.668, 0.688, 0.667, 0.679, 0.672, 0.69, 0.665, 0.684, 0.694, 0.67, 0.683, 0.665, 0.672, 0.671, 0.702, 0.672, 0.674, 0.683, 0.675, 0.692, 0.682, 0.679, 0.678, 0.67, 0.693, 0.687, 0.699, 0.691, 0.676, 0.676, 0.698, 0.679, 0.681, 0.679, 0.681, 0.684, 0.694, 0.709, 0.68, 0.679, 0.681, 0.688, 0.679, 0.666, 0.666, 0.697, 0.676, 0.671, 0.705, 0.687, 0.676, 0.669, 0.695, 0.667, 0.667, 0.685, 0.669, 0.67, 0.686, 0.685, 0.665, 0.687, 0.664, 0.683, 0.668, 0.686, 0.682, 0.675, 0.674, 0.682, 0.675, 0.673, 0.678, 0.688, 0.667, 0.675, 0.693, 0.676, 0.705, 0.693, 0.675]"
-2.0,12.5,2.0,0.0,0.3198,-1.7337,0.0791,"[0.311, 0.34, 0.337, 0.32, 0.347, 0.334, 0.342, 0.338, 0.323, 0.333, 0.348, 0.355, 0.339, 0.338, 0.357, 0.365, 0.351, 0.34, 0.347, 0.344, 0.344, 0.345, 0.339, 0.35, 0.331, 0.318, 0.333, 0.321, 0.322, 0.323, 0.323, 0.293, 0.313, 0.299, 0.303, 0.28, 0.309, 0.308, 0.309, 0.301, 0.288, 0.282, 0.309, 0.308, 0.302, 0.302, 0.314, 0.294, 0.304, 0.325, 0.298, 0.324, 0.309, 0.316, 0.322, 0.33, 0.33, 0.337, 0.341, 0.327, 0.335, 0.337, 0.351, 0.339, 0.33, 0.339, 0.354, 0.348, 0.348, 0.332, 0.356, 0.346, 0.343, 0.334, 0.35, 0.318, 0.315, 0.322, 0.322, 0.323, 0.323, 0.327, 0.315, 0.307, 0.307, 0.315, 0.3, 0.303, 0.297, 0.306, 0.306, 0.309, 0.297, 0.298, 0.288, 0.283, 0.296, 0.299, 0.301, 0.315, 0.294, 0.293, 0.294, 0.309, 0.332, 0.331, 0.332, 0.318, 0.315, 0.334, 0.349, 0.332, 0.328, 0.333, 0.336, 0.359, 0.342, 0.355, 0.351, 0.35, 0.356, 0.357, 0.34, 0.331, 0.338, 0.335, 0.351, 0.34, 0.316, 0.323, 0.323, 0.333, 0.317, 0.331, 0.306, 0.295, 0.314, 0.291, 0.305, 0.307, 0.314, 0.31, 0.289, 0.289, 0.286, 0.293, 0.312, 0.328, 0.302, 0.298, 0.298, 0.295, 0.285, 0.319, 0.313, 0.308, 0.318, 0.32, 0.329, 0.325]"
-2.0,12.5,2.0,3.0,0.366,-1.3377,0.0148,"[0.356, 0.374, 0.385, 0.357, 0.35, 0.351, 0.36, 0.358, 0.374, 0.377, 0.383, 0.379, 0.371, 0.355, 0.368, 0.359, 0.343, 0.365, 0.36, 0.354, 0.361, 0.385, 0.376, 0.384, 0.367, 0.349, 0.348, 0.352, 0.388, 0.367, 0.369, 0.366, 0.37, 0.354, 0.362, 0.347, 0.369, 0.371, 0.358, 0.345, 0.362, 0.375, 0.352, 0.356, 0.365, 0.366, 0.371, 0.38, 0.357, 0.354, 0.361, 0.355, 0.357, 0.364, 0.359, 0.376, 0.353, 0.364, 0.35, 0.368, 0.368, 0.385, 0.376, 0.349, 0.371, 0.364, 0.371, 0.358, 0.374, 0.365, 0.36, 0.355, 0.353, 0.357, 0.361, 0.375, 0.378, 0.354, 0.361, 0.356, 0.351, 0.367, 0.376, 0.374, 0.367, 0.368, 0.36, 0.366, 0.355, 0.382, 0.381, 0.359, 0.372, 0.369, 0.371, 0.36, 0.35, 0.377, 0.377, 0.363, 0.347, 0.354, 0.371, 0.365, 0.358, 0.363, 0.36, 0.381, 0.346, 0.373, 0.363, 0.37, 0.365, 0.372, 0.373, 0.352, 0.368, 0.358, 0.347, 0.376, 0.384, 0.364, 0.354, 0.376, 0.356, 0.348, 0.354, 0.387, 0.378, 0.374, 0.361, 0.352, 0.36, 0.367, 0.382, 0.364, 0.367, 0.354, 0.353, 0.349, 0.339, 0.369, 0.391, 0.379, 0.371, 0.375, 0.367, 0.371, 0.374, 0.366, 0.346, 0.376, 0.358, 0.358, 0.363, 0.366, 0.375, 0.379, 0.369, 0.374]"
-2.0,15.0,0.5,0.0,1.227,-1.6,0.0085,"[1.215, 1.214, 1.226, 1.225, 1.228, 1.244, 1.224, 1.217, 1.231, 1.244, 1.236, 1.228, 1.226, 1.236, 1.214, 1.222, 1.217, 1.244, 1.248, 1.241, 1.224, 1.211, 1.228, 1.22, 1.226, 1.228, 1.241, 1.228, 1.23, 1.241, 1.23, 1.221, 1.215, 1.231, 1.235, 1.231, 1.231, 1.245, 1.229, 1.225, 1.24, 1.227, 1.225, 1.235, 1.218, 1.21, 1.236, 1.246, 1.247, 1.22, 1.225, 1.208, 1.225, 1.257, 1.221, 1.247, 1.213, 1.229, 1.228, 1.237, 1.223, 1.208, 1.242, 1.217, 1.217, 1.221, 1.215, 1.217, 1.226, 1.236, 1.224, 1.214, 1.212, 1.237, 1.217, 1.232, 1.223, 1.231, 1.234, 1.23, 1.221, 1.227, 1.223, 1.238, 1.232, 1.21, 1.235, 1.23, 1.204, 1.219, 1.238, 1.229, 1.24, 1.232, 1.23, 1.232, 1.223, 1.237, 1.228, 1.229, 1.24, 1.236, 1.231, 1.22, 1.222, 1.227, 1.209, 1.233, 1.223, 1.23, 1.22, 1.242, 1.213, 1.201, 1.237, 1.211, 1.217, 1.207, 1.238, 1.235, 1.236, 1.239, 1.235, 1.223, 1.228, 1.235, 1.231, 1.219, 1.227, 1.228, 1.236, 1.229, 1.229, 1.219, 1.231, 1.223, 1.232, 1.225, 1.219, 1.224, 1.221, 1.223, 1.226, 1.226, 1.211, 1.239, 1.222, 1.243, 1.232, 1.215, 1.218, 1.23, 1.217, 1.237, 1.232, 1.249, 1.232, 1.217, 1.234, 1.228]"
-2.0,15.0,0.5,3.0,1.3103,-1.2036,0.0119,"[1.323, 1.324, 1.321, 1.299, 1.319, 1.304, 1.305, 1.307, 1.316, 1.315, 1.333, 1.327, 1.33, 1.327, 1.306, 1.311, 1.292, 1.318, 1.333, 1.319, 1.307, 1.31, 1.323, 1.313, 1.328, 1.326, 1.316, 1.307, 1.324, 1.311, 1.323, 1.324, 1.313, 1.334, 1.315, 1.328, 1.326, 1.315, 1.306, 1.318, 1.326, 1.316, 1.315, 1.323, 1.321, 1.31, 1.304, 1.324, 1.31, 1.313, 1.329, 1.344, 1.339, 1.318, 1.333, 1.304, 1.316, 1.314, 1.312, 1.32, 1.322, 1.314, 1.32, 1.309, 1.29, 1.319, 1.322, 1.327, 1.305, 1.304, 1.297, 1.322, 1.311, 1.311, 1.324, 1.332, 1.313, 1.327, 1.323, 1.333, 1.322, 1.311, 1.312, 1.333, 1.338, 1.309, 1.3, 1.322, 1.306, 1.305, 1.31, 1.312, 1.302, 1.326, 1.316, 1.323, 1.311, 1.319, 1.317, 1.323, 1.307, 1.327, 1.317, 1.311, 1.32, 1.329, 1.326, 1.327, 1.319, 1.309, 1.316, 1.318, 1.329, 1.31, 1.329, 1.328, 1.331, 1.326, 1.318, 1.312, 1.332, 1.323, 1.303, 1.33, 1.318, 1.322, 1.337, 1.316, 1.299, 1.32, 1.313, 1.315, 1.311, 1.302, 1.325, 1.333, 1.323, 1.31, 1.318, 1.344, 1.325, 1.319, 1.306, 1.319, 1.314, 1.326, 1.317, 1.331, 1.332, 1.301, 1.323, 1.333, 1.329, 1.295, 1.337, 1.304, 1.3, 1.301, 1.324, 1.308]"
-2.0,15.0,1.0,0.0,0.6448,-1.5387,0.019,"[0.645, 0.625, 0.631, 0.623, 0.631, 0.643, 0.635, 0.627, 0.647, 0.639, 0.629, 0.654, 0.642, 0.638, 0.643, 0.624, 0.624, 0.631, 0.647, 0.632, 0.635, 0.658, 0.622, 0.647, 0.627, 0.648, 0.631, 0.637, 0.629, 0.624, 0.627, 0.636, 0.633, 0.626, 0.642, 0.619, 0.639, 0.633, 0.643, 0.652, 0.632, 0.634, 0.644, 0.639, 0.646, 0.63, 0.644, 0.64, 0.641, 0.634, 0.635, 0.628, 0.644, 0.639, 0.639, 0.629, 0.643, 0.627, 0.645, 0.622, 0.657, 0.666, 0.647, 0.638, 0.631, 0.629, 0.636, 0.645, 0.638, 0.67, 0.634, 0.635, 0.637, 0.641, 0.631, 0.647, 0.622, 0.652, 0.64, 0.634, 0.651, 0.643, 0.63, 0.632, 0.632, 0.643, 0.644, 0.634, 0.64, 0.67, 0.628, 0.636, 0.644, 0.652, 0.637, 0.62, 0.653, 0.65, 0.636, 0.643, 0.656, 0.639, 0.642, 0.641, 0.63, 0.635, 0.65, 0.633, 0.648, 0.637, 0.635, 0.657, 0.639, 0.625, 0.64, 0.619, 0.649, 0.622, 0.631, 0.657, 0.636, 0.646, 0.635, 0.643, 0.63, 0.636, 0.625, 0.64, 0.646, 0.639, 0.641, 0.627, 0.649, 0.647, 0.645, 0.626, 0.648, 0.643, 0.635, 0.639, 0.632, 0.638, 0.643, 0.64, 0.659, 0.636, 0.638, 0.625, 0.639, 0.634, 0.63, 0.647, 0.648, 0.641, 0.636, 0.644, 0.652, 0.65, 0.638, 0.646]"
-2.0,15.0,1.0,3.0,0.6872,-1.1367,0.0039,"[0.681, 0.692, 0.674, 0.687, 0.687, 0.684, 0.692, 0.685, 0.683, 0.672, 0.677, 0.692, 0.677, 0.688, 0.687, 0.674, 0.697, 0.689, 0.684, 0.684, 0.668, 0.667, 0.696, 0.677, 0.677, 0.667, 0.692, 0.685, 0.686, 0.688, 0.688, 0.683, 0.683, 0.68, 0.668, 0.67, 0.702, 0.7, 0.661, 0.688, 0.672, 0.707, 0.673, 0.689, 0.684, 0.69, 0.695, 0.674, 0.699, 0.677, 0.667, 0.679, 0.682, 0.696, 0.69, 0.689, 0.677, 0.696, 0.689, 0.689, 0.697, 0.679, 0.702, 0.691, 0.693, 0.687, 0.681, 0.707, 0.684, 0.677, 0.674, 0.703, 0.691, 0.672, 0.682, 0.683, 0.677, 0.691, 0.683, 0.684, 0.673, 0.678, 0.674, 0.711, 0.658, 0.678, 0.684, 0.679, 0.687, 0.676, 0.687, 0.697, 0.664, 0.679, 0.68, 0.7, 0.687, 0.675, 0.685, 0.669, 0.7, 0.688, 0.683, 0.687, 0.681, 0.674, 0.679, 0.695, 0.684, 0.688, 0.695, 0.692, 0.679, 0.692, 0.686, 0.675, 0.691, 0.694, 0.668, 0.674, 0.675, 0.704, 0.676, 0.666, 0.672, 0.692, 0.677, 0.676, 0.667, 0.693, 0.693, 0.686, 0.675, 0.678, 0.678, 0.681, 0.676, 0.674, 0.684, 0.698, 0.673, 0.686, 0.695, 0.685, 0.685, 0.676, 0.692, 0.695, 0.697, 0.69, 0.68, 0.683, 0.675, 0.686, 0.687, 0.689, 0.697, 0.685, 0.677, 0.682]"
-2.0,15.0,2.0,0.0,0.3516,-1.4811,0.0245,"[0.34, 0.351, 0.338, 0.351, 0.356, 0.348, 0.355, 0.339, 0.347, 0.341, 0.355, 0.326, 0.358, 0.344, 0.343, 0.363, 0.348, 0.345, 0.352, 0.35, 0.346, 0.358, 0.324, 0.335, 0.334, 0.36, 0.357, 0.344, 0.341, 0.338, 0.351, 0.328, 0.348, 0.355, 0.34, 0.341, 0.34, 0.334, 0.322, 0.339, 0.332, 0.33, 0.337, 0.347, 0.344, 0.344, 0.348, 0.346, 0.352, 0.354, 0.353, 0.338, 0.354, 0.342, 0.338, 0.342, 0.34, 0.358, 0.352, 0.361, 0.361, 0.349, 0.357, 0.336, 0.342, 0.335, 0.341, 0.341, 0.344, 0.344, 0.34, 0.336, 0.356, 0.344, 0.35, 0.336, 0.333, 0.352, 0.353, 0.343, 0.339, 0.356, 0.35, 0.336, 0.329, 0.352, 0.313, 0.337, 0.333, 0.331, 0.33, 0.338, 0.35, 0.331, 0.356, 0.338, 0.328, 0.334, 0.338, 0.339, 0.334, 0.352, 0.352, 0.345, 0.336, 0.342, 0.349, 0.336, 0.337, 0.347, 0.335, 0.357, 0.352, 0.364, 0.338, 0.343, 0.357, 0.357, 0.333, 0.363, 0.339, 0.361, 0.343, 0.354, 0.323, 0.383, 0.343, 0.355, 0.342, 0.344, 0.35, 0.357, 0.339, 0.355, 0.338, 0.344, 0.34, 0.34, 0.336, 0.335, 0.337, 0.349, 0.351, 0.32, 0.336, 0.324, 0.344, 0.33, 0.331, 0.341, 0.33, 0.351, 0.348, 0.34, 0.353, 0.344, 0.35, 0.376, 0.347, 0.351]"
-2.0,15.0,2.0,3.0,0.3594,-1.1514,0.0053,"[0.363, 0.373, 0.362, 0.369, 0.387, 0.365, 0.362, 0.385, 0.362, 0.37, 0.348, 0.374, 0.37, 0.352, 0.367, 0.377, 0.362, 0.362, 0.379, 0.366, 0.374, 0.379, 0.359, 0.359, 0.371, 0.359, 0.367, 0.371, 0.375, 0.364, 0.385, 0.393, 0.359, 0.394, 0.361, 0.352, 0.368, 0.372, 0.361, 0.365, 0.374, 0.35, 0.366, 0.355, 0.362, 0.383, 0.37, 0.391, 0.362, 0.379, 0.376, 0.35, 0.361, 0.381, 0.371, 0.359, 0.35, 0.348, 0.376, 0.355, 0.384, 0.377, 0.341, 0.372, 0.36, 0.366, 0.368, 0.365, 0.37, 0.355, 0.376, 0.351, 0.364, 0.364, 0.382, 0.356, 0.37, 0.374, 0.375, 0.364, 0.373, 0.381, 0.359, 0.363, 0.368, 0.359, 0.383, 0.365, 0.365, 0.357, 0.372, 0.374, 0.355, 0.373, 0.375, 0.37, 0.358, 0.364, 0.351, 0.353, 0.375, 0.381, 0.363, 0.373, 0.361, 0.366, 0.371, 0.372, 0.363, 0.375, 0.355, 0.382, 0.358, 0.373, 0.352, 0.355, 0.35, 0.354, 0.379, 0.364, 0.373, 0.373, 0.373, 0.379, 0.365, 0.363, 0.352, 0.368, 0.366, 0.357, 0.36, 0.359, 0.354, 0.382, 0.373, 0.382, 0.376, 0.378, 0.35, 0.36, 0.379, 0.375, 0.376, 0.358, 0.373, 0.354, 0.366, 0.372, 0.357, 0.368, 0.364, 0.364, 0.363, 0.357, 0.358, 0.37, 0.354, 0.362, 0.37, 0.367]"
-2.0,17.5,0.5,0.0,1.2621,-1.5384,0.0072,"[1.283, 1.274, 1.288, 1.271, 1.262, 1.264, 1.277, 1.264, 1.285, 1.285, 1.291, 1.281, 1.259, 1.275, 1.274, 1.28, 1.275, 1.286, 1.273, 1.277, 1.278, 1.277, 1.276, 1.272, 1.276, 1.27, 1.269, 1.268, 1.275, 1.269, 1.259, 1.29, 1.271, 1.269, 1.269, 1.269, 1.269, 1.27, 1.284, 1.273, 1.286, 1.286, 1.255, 1.281, 1.266, 1.287, 1.271, 1.271, 1.275, 1.282, 1.262, 1.278, 1.288, 1.278, 1.276, 1.266, 1.277, 1.282, 1.277, 1.278, 1.282, 1.278, 1.269, 1.279, 1.267, 1.278, 1.268, 1.301, 1.29, 1.285, 1.279, 1.276, 1.26, 1.28, 1.266, 1.271, 1.264, 1.254, 1.267, 1.277, 1.249, 1.276, 1.295, 1.271, 1.284, 1.268, 1.303, 1.279, 1.275, 1.266, 1.273, 1.274, 1.273, 1.261, 1.267, 1.284, 1.268, 1.293, 1.293, 1.265, 1.265, 1.254, 1.301, 1.275, 1.273, 1.275, 1.281, 1.258, 1.281, 1.288, 1.278, 1.278, 1.265, 1.289, 1.28, 1.267, 1.28, 1.287, 1.262, 1.288, 1.276, 1.279, 1.267, 1.255, 1.279, 1.265, 1.259, 1.265, 1.285, 1.287, 1.29, 1.288, 1.268, 1.265, 1.282, 1.281, 1.284, 1.283, 1.276, 1.287, 1.277, 1.288, 1.268, 1.26, 1.274, 1.274, 1.272, 1.264, 1.274, 1.266, 1.267, 1.268, 1.257, 1.273, 1.281, 1.265, 1.288, 1.267, 1.275, 1.268]"
-2.0,17.5,0.5,3.0,1.331,-1.0043,0.0207,"[1.32, 1.324, 1.34, 1.324, 1.322, 1.319, 1.307, 1.324, 1.314, 1.321, 1.317, 1.293, 1.318, 1.317, 1.327, 1.329, 1.326, 1.316, 1.325, 1.316, 1.322, 1.333, 1.324, 1.342, 1.331, 1.312, 1.317, 1.317, 1.318, 1.324, 1.31, 1.317, 1.316, 1.319, 1.337, 1.315, 1.31, 1.332, 1.324, 1.337, 1.313, 1.321, 1.323, 1.327, 1.332, 1.314, 1.318, 1.308, 1.317, 1.357, 1.316, 1.317, 1.333, 1.329, 1.314, 1.324, 1.337, 1.341, 1.33, 1.312, 1.32, 1.318, 1.337, 1.311, 1.31, 1.309, 1.306, 1.321, 1.314, 1.304, 1.312, 1.323, 1.325, 1.311, 1.308, 1.333, 1.314, 1.34, 1.322, 1.301, 1.313, 1.32, 1.327, 1.308, 1.319, 1.312, 1.327, 1.307, 1.32, 1.316, 1.322, 1.317, 1.309, 1.317, 1.307, 1.309, 1.319, 1.301, 1.329, 1.323, 1.339, 1.341, 1.309, 1.327, 1.322, 1.331, 1.316, 1.317, 1.319, 1.322, 1.319, 1.325, 1.314, 1.305, 1.315, 1.315, 1.342, 1.32, 1.328, 1.318, 1.308, 1.31, 1.323, 1.329, 1.327, 1.323, 1.326, 1.325, 1.324, 1.326, 1.323, 1.315, 1.321, 1.342, 1.325, 1.332, 1.316, 1.319, 1.311, 1.314, 1.327, 1.309, 1.339, 1.322, 1.338, 1.333, 1.323, 1.312, 1.316, 1.321, 1.319, 1.323, 1.34, 1.316, 1.311, 1.325, 1.324, 1.311, 1.332, 1.303]"
-2.0,17.5,1.0,0.0,0.6564,-1.4938,0.0021,"[0.659, 0.664, 0.664, 0.657, 0.665, 0.667, 0.666, 0.672, 0.67, 0.662, 0.648, 0.679, 0.651, 0.666, 0.648, 0.658, 0.664, 0.665, 0.652, 0.679, 0.658, 0.674, 0.658, 0.66, 0.684, 0.664, 0.644, 0.664, 0.662, 0.658, 0.65, 0.656, 0.68, 0.657, 0.666, 0.657, 0.651, 0.657, 0.671, 0.673, 0.658, 0.658, 0.685, 0.668, 0.673, 0.669, 0.678, 0.662, 0.666, 0.66, 0.651, 0.659, 0.642, 0.654, 0.667, 0.676, 0.651, 0.671, 0.66, 0.662, 0.673, 0.668, 0.65, 0.661, 0.659, 0.671, 0.673, 0.669, 0.662, 0.653, 0.657, 0.663, 0.666, 0.66, 0.676, 0.671, 0.681, 0.651, 0.671, 0.675, 0.654, 0.666, 0.663, 0.661, 0.653, 0.659, 0.656, 0.672, 0.678, 0.654, 0.671, 0.664, 0.666, 0.659, 0.656, 0.678, 0.658, 0.671, 0.67, 0.662, 0.669, 0.659, 0.668, 0.646, 0.658, 0.664, 0.648, 0.652, 0.647, 0.669, 0.65, 0.652, 0.658, 0.671, 0.635, 0.658, 0.674, 0.654, 0.666, 0.668, 0.647, 0.66, 0.656, 0.664, 0.668, 0.666, 0.669, 0.654, 0.66, 0.67, 0.668, 0.646, 0.666, 0.649, 0.651, 0.673, 0.671, 0.656, 0.664, 0.667, 0.654, 0.64, 0.666, 0.678, 0.656, 0.662, 0.673, 0.677, 0.667, 0.658, 0.664, 0.659, 0.659, 0.669, 0.667, 0.667, 0.66, 0.677, 0.655, 0.645]"
-2.0,17.5,1.0,3.0,0.6825,-1.0613,0.0031,"[0.675, 0.698, 0.665, 0.684, 0.685, 0.709, 0.695, 0.691, 0.707, 0.692, 0.694, 0.68, 0.699, 0.676, 0.679, 0.702, 0.685, 0.687, 0.704, 0.679, 0.686, 0.671, 0.694, 0.694, 0.689, 0.678, 0.69, 0.678, 0.671, 0.695, 0.687, 0.682, 0.692, 0.673, 0.695, 0.692, 0.67, 0.698, 0.709, 0.7, 0.698, 0.685, 0.667, 0.684, 0.684, 0.683, 0.681, 0.689, 0.679, 0.677, 0.683, 0.684, 0.68, 0.699, 0.69, 0.693, 0.695, 0.681, 0.703, 0.693, 0.691, 0.674, 0.676, 0.691, 0.675, 0.681, 0.687, 0.682, 0.693, 0.695, 0.675, 0.681, 0.683, 0.683, 0.689, 0.66, 0.685, 0.661, 0.691, 0.681, 0.687, 0.683, 0.695, 0.678, 0.683, 0.691, 0.706, 0.678, 0.697, 0.673, 0.678, 0.702, 0.687, 0.686, 0.682, 0.68, 0.68, 0.697, 0.675, 0.674, 0.677, 0.682, 0.665, 0.675, 0.689, 0.689, 0.698, 0.688, 0.692, 0.698, 0.682, 0.696, 0.691, 0.683, 0.693, 0.671, 0.684, 0.684, 0.695, 0.686, 0.69, 0.695, 0.685, 0.668, 0.686, 0.674, 0.687, 0.687, 0.698, 0.686, 0.683, 0.679, 0.687, 0.697, 0.674, 0.691, 0.681, 0.683, 0.678, 0.675, 0.687, 0.687, 0.684, 0.689, 0.672, 0.688, 0.691, 0.678, 0.687, 0.694, 0.677, 0.691, 0.684, 0.691, 0.685, 0.674, 0.681, 0.685, 0.67, 0.707]"
-2.0,17.5,2.0,0.0,0.3591,-1.6283,0.0123,"[0.347, 0.359, 0.358, 0.334, 0.355, 0.359, 0.349, 0.342, 0.368, 0.356, 0.34, 0.362, 0.346, 0.373, 0.353, 0.338, 0.37, 0.357, 0.351, 0.358, 0.362, 0.376, 0.351, 0.348, 0.384, 0.344, 0.354, 0.35, 0.347, 0.351, 0.347, 0.359, 0.355, 0.352, 0.359, 0.336, 0.355, 0.352, 0.354, 0.36, 0.358, 0.367, 0.353, 0.355, 0.359, 0.34, 0.37, 0.362, 0.351, 0.354, 0.366, 0.351, 0.367, 0.368, 0.352, 0.348, 0.368, 0.364, 0.358, 0.36, 0.355, 0.359, 0.367, 0.368, 0.367, 0.356, 0.346, 0.379, 0.345, 0.359, 0.357, 0.375, 0.37, 0.334, 0.339, 0.369, 0.364, 0.348, 0.358, 0.352, 0.353, 0.36, 0.36, 0.352, 0.351, 0.35, 0.35, 0.344, 0.366, 0.383, 0.355, 0.355, 0.385, 0.341, 0.35, 0.36, 0.355, 0.35, 0.378, 0.367, 0.362, 0.368, 0.361, 0.366, 0.366, 0.339, 0.358, 0.358, 0.348, 0.351, 0.355, 0.356, 0.373, 0.367, 0.354, 0.368, 0.353, 0.335, 0.354, 0.368, 0.374, 0.357, 0.354, 0.355, 0.351, 0.354, 0.346, 0.343, 0.353, 0.353, 0.343, 0.356, 0.358, 0.362, 0.332, 0.359, 0.365, 0.362, 0.361, 0.354, 0.349, 0.357, 0.362, 0.362, 0.372, 0.351, 0.357, 0.358, 0.347, 0.352, 0.355, 0.356, 0.352, 0.369, 0.36, 0.364, 0.353, 0.347, 0.362, 0.327]"
-2.0,17.5,2.0,3.0,0.374,-1.122,0.0014,"[0.349, 0.358, 0.375, 0.354, 0.368, 0.383, 0.381, 0.371, 0.382, 0.371, 0.36, 0.352, 0.368, 0.368, 0.383, 0.37, 0.377, 0.373, 0.368, 0.354, 0.356, 0.372, 0.37, 0.352, 0.361, 0.352, 0.379, 0.368, 0.375, 0.355, 0.364, 0.362, 0.363, 0.383, 0.374, 0.373, 0.364, 0.363, 0.372, 0.389, 0.365, 0.353, 0.365, 0.37, 0.379, 0.374, 0.37, 0.361, 0.371, 0.351, 0.374, 0.354, 0.368, 0.365, 0.378, 0.36, 0.349, 0.368, 0.375, 0.382, 0.364, 0.378, 0.37, 0.373, 0.371, 0.351, 0.355, 0.358, 0.362, 0.361, 0.366, 0.366, 0.364, 0.381, 0.377, 0.364, 0.379, 0.393, 0.369, 0.358, 0.363, 0.375, 0.36, 0.36, 0.366, 0.377, 0.373, 0.381, 0.355, 0.363, 0.359, 0.359, 0.366, 0.372, 0.362, 0.374, 0.354, 0.377, 0.362, 0.379, 0.379, 0.356, 0.367, 0.364, 0.363, 0.373, 0.369, 0.362, 0.362, 0.378, 0.352, 0.364, 0.377, 0.361, 0.368, 0.368, 0.366, 0.366, 0.353, 0.362, 0.364, 0.386, 0.359, 0.34, 0.384, 0.372, 0.368, 0.364, 0.354, 0.382, 0.365, 0.36, 0.389, 0.367, 0.375, 0.388, 0.369, 0.366, 0.362, 0.367, 0.378, 0.364, 0.376, 0.364, 0.374, 0.379, 0.365, 0.386, 0.38, 0.366, 0.362, 0.344, 0.377, 0.374, 0.366, 0.345, 0.351, 0.353, 0.371, 0.365]"
-2.0,20.0,0.5,0.0,1.3071,-1.41,0.0088,"[1.303, 1.315, 1.298, 1.303, 1.286, 1.29, 1.302, 1.312, 1.293, 1.293, 1.283, 1.281, 1.276, 1.308, 1.297, 1.303, 1.295, 1.306, 1.306, 1.299, 1.287, 1.314, 1.287, 1.293, 1.299, 1.29, 1.307, 1.299, 1.306, 1.287, 1.311, 1.301, 1.308, 1.307, 1.294, 1.313, 1.296, 1.301, 1.31, 1.276, 1.305, 1.308, 1.294, 1.305, 1.319, 1.297, 1.304, 1.287, 1.307, 1.306, 1.311, 1.284, 1.306, 1.313, 1.306, 1.301, 1.281, 1.291, 1.292, 1.312, 1.284, 1.323, 1.295, 1.304, 1.304, 1.292, 1.297, 1.282, 1.311, 1.307, 1.294, 1.309, 1.3, 1.281, 1.312, 1.302, 1.309, 1.301, 1.297, 1.299, 1.288, 1.305, 1.303, 1.299, 1.293, 1.287, 1.309, 1.283, 1.309, 1.28, 1.295, 1.306, 1.309, 1.297, 1.307, 1.288, 1.292, 1.305, 1.296, 1.293, 1.298, 1.297, 1.298, 1.315, 1.312, 1.309, 1.3, 1.303, 1.291, 1.319, 1.293, 1.314, 1.299, 1.313, 1.296, 1.307, 1.314, 1.314, 1.303, 1.3, 1.306, 1.312, 1.308, 1.304, 1.313, 1.287, 1.306, 1.294, 1.318, 1.309, 1.286, 1.287, 1.287, 1.306, 1.309, 1.281, 1.294, 1.296, 1.303, 1.297, 1.303, 1.289, 1.286, 1.293, 1.3, 1.301, 1.283, 1.292, 1.304, 1.314, 1.291, 1.309, 1.288, 1.317, 1.285, 1.281, 1.298, 1.286, 1.302, 1.291]"
-2.0,20.0,0.5,3.0,1.3325,-1.0035,0.0003,"[1.325, 1.313, 1.321, 1.316, 1.329, 1.309, 1.306, 1.328, 1.308, 1.323, 1.333, 1.329, 1.32, 1.332, 1.322, 1.311, 1.342, 1.315, 1.325, 1.323, 1.308, 1.331, 1.319, 1.331, 1.312, 1.314, 1.326, 1.333, 1.328, 1.304, 1.331, 1.317, 1.309, 1.333, 1.316, 1.332, 1.324, 1.323, 1.332, 1.313, 1.333, 1.306, 1.324, 1.338, 1.331, 1.322, 1.338, 1.315, 1.325, 1.32, 1.323, 1.33, 1.324, 1.314, 1.297, 1.334, 1.33, 1.328, 1.326, 1.321, 1.31, 1.325, 1.322, 1.335, 1.321, 1.33, 1.32, 1.325, 1.311, 1.306, 1.319, 1.33, 1.324, 1.318, 1.315, 1.305, 1.327, 1.316, 1.298, 1.321, 1.329, 1.347, 1.335, 1.326, 1.321, 1.326, 1.319, 1.314, 1.311, 1.3, 1.324, 1.324, 1.335, 1.298, 1.333, 1.325, 1.334, 1.337, 1.304, 1.327, 1.324, 1.33, 1.338, 1.32, 1.316, 1.318, 1.306, 1.344, 1.339, 1.32, 1.324, 1.312, 1.315, 1.331, 1.326, 1.326, 1.321, 1.329, 1.303, 1.325, 1.341, 1.33, 1.307, 1.325, 1.318, 1.337, 1.323, 1.344, 1.344, 1.327, 1.324, 1.336, 1.315, 1.326, 1.319, 1.317, 1.331, 1.323, 1.343, 1.316, 1.312, 1.322, 1.327, 1.32, 1.329, 1.313, 1.33, 1.312, 1.307, 1.304, 1.337, 1.328, 1.328, 1.319, 1.33, 1.314, 1.314, 1.323, 1.326, 1.314]"
-2.0,20.0,1.0,0.0,0.6783,-1.4,0.0023,"[0.682, 0.657, 0.673, 0.682, 0.678, 0.679, 0.666, 0.671, 0.684, 0.691, 0.664, 0.672, 0.658, 0.676, 0.678, 0.675, 0.683, 0.655, 0.674, 0.682, 0.694, 0.677, 0.68, 0.659, 0.663, 0.692, 0.678, 0.675, 0.672, 0.678, 0.661, 0.687, 0.677, 0.658, 0.678, 0.667, 0.689, 0.668, 0.674, 0.675, 0.682, 0.692, 0.677, 0.682, 0.667, 0.674, 0.678, 0.674, 0.684, 0.668, 0.674, 0.666, 0.684, 0.679, 0.686, 0.67, 0.702, 0.678, 0.682, 0.685, 0.675, 0.676, 0.674, 0.683, 0.671, 0.678, 0.684, 0.682, 0.651, 0.676, 0.667, 0.673, 0.685, 0.699, 0.666, 0.668, 0.677, 0.677, 0.666, 0.683, 0.667, 0.66, 0.664, 0.683, 0.673, 0.654, 0.68, 0.676, 0.687, 0.676, 0.678, 0.672, 0.67, 0.665, 0.664, 0.679, 0.665, 0.673, 0.691, 0.683, 0.679, 0.679, 0.669, 0.667, 0.683, 0.683, 0.657, 0.675, 0.668, 0.67, 0.665, 0.685, 0.662, 0.657, 0.67, 0.694, 0.686, 0.69, 0.686, 0.673, 0.674, 0.672, 0.662, 0.664, 0.682, 0.668, 0.676, 0.665, 0.672, 0.681, 0.658, 0.675, 0.681, 0.675, 0.666, 0.676, 0.662, 0.673, 0.666, 0.668, 0.694, 0.687, 0.68, 0.679, 0.68, 0.675, 0.673, 0.669, 0.676, 0.663, 0.676, 0.687, 0.681, 0.677, 0.659, 0.67, 0.699, 0.677, 0.666, 0.676]"
-2.0,20.0,1.0,3.0,0.6853,-1.0584,0.0063,"[0.678, 0.704, 0.684, 0.686, 0.682, 0.702, 0.683, 0.678, 0.693, 0.676, 0.672, 0.683, 0.684, 0.7, 0.674, 0.684, 0.681, 0.674, 0.677, 0.691, 0.703, 0.693, 0.7, 0.657, 0.684, 0.685, 0.697, 0.709, 0.69, 0.684, 0.68, 0.684, 0.672, 0.672, 0.689, 0.683, 0.681, 0.699, 0.719, 0.681, 0.677, 0.698, 0.675, 0.677, 0.692, 0.693, 0.686, 0.685, 0.704, 0.684, 0.698, 0.69, 0.702, 0.677, 0.685, 0.679, 0.675, 0.701, 0.686, 0.676, 0.684, 0.668, 0.685, 0.693, 0.702, 0.657, 0.68, 0.691, 0.69, 0.68, 0.687, 0.682, 0.686, 0.7, 0.695, 0.675, 0.677, 0.693, 0.672, 0.689, 0.693, 0.681, 0.685, 0.695, 0.711, 0.692, 0.688, 0.673, 0.665, 0.682, 0.697, 0.69, 0.694, 0.689, 0.692, 0.683, 0.695, 0.697, 0.69, 0.687, 0.665, 0.685, 0.685, 0.688, 0.701, 0.685, 0.714, 0.686, 0.694, 0.686, 0.671, 0.687, 0.678, 0.697, 0.684, 0.676, 0.697, 0.694, 0.702, 0.695, 0.69, 0.689, 0.691, 0.669, 0.676, 0.685, 0.684, 0.675, 0.658, 0.686, 0.684, 0.675, 0.676, 0.681, 0.669, 0.709, 0.687, 0.677, 0.704, 0.687, 0.672, 0.67, 0.699, 0.682, 0.673, 0.677, 0.675, 0.695, 0.684, 0.683, 0.696, 0.677, 0.685, 0.698, 0.682, 0.676, 0.671, 0.682, 0.7, 0.672]"
-2.0,20.0,2.0,0.0,0.3589,-1.3341,0.0093,"[0.354, 0.37, 0.368, 0.355, 0.356, 0.365, 0.356, 0.361, 0.385, 0.351, 0.384, 0.374, 0.36, 0.356, 0.357, 0.385, 0.354, 0.352, 0.358, 0.352, 0.362, 0.36, 0.356, 0.357, 0.363, 0.374, 0.351, 0.373, 0.375, 0.369, 0.378, 0.374, 0.348, 0.344, 0.351, 0.368, 0.362, 0.364, 0.37, 0.35, 0.354, 0.343, 0.381, 0.365, 0.371, 0.359, 0.372, 0.349, 0.368, 0.361, 0.366, 0.362, 0.367, 0.344, 0.355, 0.369, 0.381, 0.355, 0.369, 0.369, 0.365, 0.378, 0.358, 0.372, 0.361, 0.378, 0.356, 0.365, 0.349, 0.355, 0.378, 0.358, 0.359, 0.372, 0.354, 0.362, 0.359, 0.366, 0.369, 0.364, 0.342, 0.361, 0.356, 0.349, 0.333, 0.354, 0.377, 0.366, 0.371, 0.363, 0.376, 0.364, 0.367, 0.36, 0.363, 0.36, 0.371, 0.372, 0.365, 0.37, 0.362, 0.367, 0.367, 0.352, 0.342, 0.373, 0.362, 0.361, 0.359, 0.36, 0.371, 0.357, 0.361, 0.357, 0.376, 0.371, 0.385, 0.362, 0.361, 0.369, 0.353, 0.372, 0.364, 0.372, 0.356, 0.36, 0.366, 0.366, 0.359, 0.372, 0.366, 0.368, 0.349, 0.346, 0.355, 0.369, 0.366, 0.378, 0.358, 0.365, 0.353, 0.374, 0.358, 0.372, 0.364, 0.358, 0.353, 0.368, 0.359, 0.342, 0.384, 0.368, 0.37, 0.357, 0.351, 0.359, 0.375, 0.353, 0.364, 0.355]"
-2.0,20.0,2.0,3.0,0.3609,-0.9015,0.0194,"[0.373, 0.374, 0.36, 0.384, 0.365, 0.377, 0.387, 0.361, 0.356, 0.371, 0.369, 0.373, 0.362, 0.364, 0.364, 0.377, 0.376, 0.369, 0.396, 0.381, 0.36, 0.366, 0.387, 0.363, 0.397, 0.371, 0.376, 0.369, 0.353, 0.377, 0.362, 0.372, 0.381, 0.372, 0.357, 0.365, 0.349, 0.363, 0.37, 0.37, 0.369, 0.366, 0.37, 0.36, 0.361, 0.361, 0.4, 0.376, 0.389, 0.362, 0.359, 0.356, 0.361, 0.361, 0.363, 0.365, 0.372, 0.375, 0.375, 0.397, 0.366, 0.387, 0.378, 0.379, 0.372, 0.369, 0.387, 0.39, 0.37, 0.367, 0.365, 0.371, 0.356, 0.35, 0.364, 0.363, 0.362, 0.37, 0.377, 0.372, 0.376, 0.366, 0.371, 0.381, 0.358, 0.37, 0.37, 0.364, 0.37, 0.377, 0.36, 0.377, 0.376, 0.35, 0.359, 0.376, 0.385, 0.371, 0.369, 0.367, 0.376, 0.36, 0.374, 0.365, 0.353, 0.361, 0.364, 0.359, 0.386, 0.365, 0.357, 0.38, 0.357, 0.353, 0.383, 0.362, 0.377, 0.384, 0.352, 0.36, 0.367, 0.38, 0.374, 0.37, 0.373, 0.361, 0.375, 0.366, 0.374, 0.362, 0.368, 0.36, 0.37, 0.365, 0.363, 0.369, 0.35, 0.379, 0.357, 0.362, 0.361, 0.349, 0.377, 0.369, 0.369, 0.387, 0.362, 0.35, 0.373, 0.374, 0.345, 0.352, 0.374, 0.366, 0.376, 0.369, 0.371, 0.373, 0.369, 0.365]"
-2.0,22.5,0.5,0.0,1.3031,-1.321,0.0065,"[1.321, 1.305, 1.302, 1.298, 1.311, 1.313, 1.308, 1.322, 1.31, 1.312, 1.303, 1.32, 1.308, 1.287, 1.322, 1.299, 1.3, 1.298, 1.317, 1.301, 1.314, 1.31, 1.315, 1.327, 1.325, 1.312, 1.334, 1.309, 1.3, 1.299, 1.318, 1.3, 1.316, 1.32, 1.314, 1.313, 1.313, 1.308, 1.324, 1.318, 1.303, 1.289, 1.329, 1.321, 1.322, 1.299, 1.302, 1.319, 1.309, 1.311, 1.325, 1.313, 1.314, 1.322, 1.303, 1.315, 1.332, 1.324, 1.308, 1.314, 1.305, 1.311, 1.307, 1.311, 1.321, 1.304, 1.324, 1.33, 1.297, 1.314, 1.314, 1.319, 1.313, 1.311, 1.329, 1.326, 1.309, 1.314, 1.318, 1.3, 1.321, 1.297, 1.321, 1.308, 1.302, 1.315, 1.314, 1.294, 1.294, 1.31, 1.294, 1.307, 1.321, 1.317, 1.307, 1.308, 1.317, 1.306, 1.295, 1.306, 1.316, 1.299, 1.322, 1.305, 1.332, 1.308, 1.325, 1.312, 1.297, 1.315, 1.299, 1.297, 1.32, 1.316, 1.306, 1.311, 1.309, 1.306, 1.306, 1.311, 1.309, 1.309, 1.314, 1.324, 1.326, 1.32, 1.318, 1.307, 1.303, 1.311, 1.315, 1.306, 1.297, 1.324, 1.311, 1.323, 1.311, 1.322, 1.317, 1.323, 1.319, 1.311, 1.312, 1.329, 1.31, 1.317, 1.318, 1.319, 1.31, 1.323, 1.313, 1.295, 1.313, 1.316, 1.309, 1.313, 1.314, 1.323, 1.317, 1.328]"
-2.0,22.5,0.5,3.0,1.339,-0.8468,0.0008,"[1.329, 1.332, 1.319, 1.315, 1.32, 1.3, 1.332, 1.317, 1.314, 1.324, 1.336, 1.329, 1.32, 1.329, 1.327, 1.339, 1.334, 1.32, 1.323, 1.325, 1.304, 1.292, 1.324, 1.33, 1.351, 1.321, 1.32, 1.335, 1.312, 1.342, 1.314, 1.327, 1.324, 1.309, 1.319, 1.313, 1.318, 1.334, 1.304, 1.302, 1.322, 1.31, 1.33, 1.322, 1.332, 1.305, 1.325, 1.349, 1.329, 1.329, 1.333, 1.317, 1.318, 1.31, 1.325, 1.349, 1.329, 1.307, 1.316, 1.33, 1.326, 1.321, 1.315, 1.311, 1.309, 1.338, 1.325, 1.333, 1.324, 1.325, 1.321, 1.319, 1.31, 1.316, 1.306, 1.311, 1.323, 1.318, 1.322, 1.335, 1.33, 1.325, 1.31, 1.311, 1.316, 1.315, 1.302, 1.338, 1.325, 1.329, 1.319, 1.326, 1.322, 1.333, 1.33, 1.32, 1.309, 1.311, 1.318, 1.324, 1.311, 1.32, 1.333, 1.331, 1.319, 1.323, 1.335, 1.337, 1.326, 1.331, 1.332, 1.32, 1.317, 1.331, 1.336, 1.317, 1.316, 1.317, 1.305, 1.306, 1.308, 1.32, 1.317, 1.316, 1.32, 1.336, 1.325, 1.322, 1.328, 1.315, 1.322, 1.314, 1.304, 1.32, 1.322, 1.318, 1.334, 1.323, 1.328, 1.309, 1.334, 1.327, 1.339, 1.334, 1.304, 1.311, 1.312, 1.324, 1.332, 1.32, 1.326, 1.313, 1.316, 1.327, 1.332, 1.328, 1.316, 1.315, 1.316, 1.324]"
-2.0,22.5,1.0,0.0,0.6822,-1.3354,0.0067,"[0.691, 0.687, 0.688, 0.681, 0.685, 0.683, 0.666, 0.671, 0.677, 0.674, 0.674, 0.701, 0.684, 0.693, 0.659, 0.699, 0.67, 0.697, 0.675, 0.67, 0.687, 0.668, 0.679, 0.666, 0.705, 0.672, 0.688, 0.684, 0.687, 0.677, 0.685, 0.702, 0.68, 0.675, 0.672, 0.683, 0.677, 0.676, 0.681, 0.673, 0.681, 0.672, 0.692, 0.668, 0.675, 0.699, 0.675, 0.675, 0.679, 0.689, 0.665, 0.685, 0.666, 0.697, 0.676, 0.652, 0.697, 0.691, 0.674, 0.67, 0.67, 0.671, 0.686, 0.689, 0.658, 0.678, 0.684, 0.669, 0.69, 0.66, 0.675, 0.689, 0.679, 0.67, 0.684, 0.669, 0.69, 0.668, 0.693, 0.691, 0.702, 0.676, 0.683, 0.668, 0.695, 0.679, 0.695, 0.692, 0.679, 0.681, 0.68, 0.681, 0.681, 0.67, 0.683, 0.685, 0.666, 0.696, 0.659, 0.685, 0.675, 0.671, 0.678, 0.674, 0.692, 0.661, 0.671, 0.681, 0.669, 0.679, 0.686, 0.67, 0.67, 0.666, 0.669, 0.688, 0.678, 0.672, 0.666, 0.674, 0.676, 0.661, 0.683, 0.671, 0.672, 0.679, 0.685, 0.663, 0.672, 0.673, 0.665, 0.689, 0.687, 0.676, 0.677, 0.695, 0.67, 0.669, 0.685, 0.67, 0.682, 0.672, 0.675, 0.679, 0.664, 0.695, 0.683, 0.675, 0.669, 0.66, 0.689, 0.68, 0.657, 0.685, 0.683, 0.699, 0.705, 0.684, 0.697, 0.686]"
-2.0,22.5,1.0,3.0,0.6961,-0.8588,0.009,"[0.687, 0.685, 0.692, 0.683, 0.672, 0.676, 0.683, 0.685, 0.69, 0.684, 0.693, 0.691, 0.695, 0.664, 0.69, 0.701, 0.689, 0.681, 0.695, 0.701, 0.694, 0.664, 0.693, 0.689, 0.68, 0.701, 0.672, 0.692, 0.692, 0.683, 0.69, 0.706, 0.686, 0.685, 0.684, 0.676, 0.687, 0.675, 0.684, 0.692, 0.687, 0.672, 0.684, 0.693, 0.679, 0.692, 0.679, 0.7, 0.686, 0.696, 0.692, 0.704, 0.697, 0.689, 0.684, 0.675, 0.674, 0.678, 0.673, 0.68, 0.679, 0.694, 0.695, 0.674, 0.669, 0.68, 0.689, 0.666, 0.708, 0.69, 0.684, 0.674, 0.694, 0.681, 0.67, 0.681, 0.691, 0.689, 0.698, 0.681, 0.68, 0.684, 0.68, 0.69, 0.678, 0.678, 0.687, 0.689, 0.676, 0.685, 0.698, 0.71, 0.697, 0.684, 0.683, 0.694, 0.69, 0.686, 0.67, 0.69, 0.688, 0.682, 0.693, 0.694, 0.675, 0.692, 0.699, 0.691, 0.693, 0.68, 0.683, 0.689, 0.689, 0.675, 0.689, 0.688, 0.676, 0.692, 0.679, 0.688, 0.679, 0.683, 0.684, 0.687, 0.668, 0.691, 0.696, 0.671, 0.7, 0.703, 0.661, 0.671, 0.703, 0.68, 0.675, 0.692, 0.676, 0.688, 0.702, 0.67, 0.688, 0.675, 0.697, 0.687, 0.692, 0.683, 0.699, 0.674, 0.695, 0.702, 0.699, 0.7, 0.681, 0.69, 0.707, 0.699, 0.697, 0.691, 0.672, 0.665]"
-2.0,22.5,2.0,0.0,0.3332,-1.2492,0.0057,"[0.363, 0.363, 0.355, 0.351, 0.39, 0.363, 0.368, 0.38, 0.379, 0.361, 0.364, 0.361, 0.363, 0.368, 0.368, 0.376, 0.359, 0.359, 0.359, 0.376, 0.366, 0.382, 0.368, 0.376, 0.377, 0.364, 0.367, 0.359, 0.359, 0.364, 0.37, 0.362, 0.365, 0.357, 0.374, 0.356, 0.378, 0.359, 0.371, 0.364, 0.362, 0.363, 0.372, 0.356, 0.361, 0.388, 0.386, 0.371, 0.364, 0.375, 0.359, 0.382, 0.385, 0.376, 0.366, 0.356, 0.354, 0.374, 0.369, 0.376, 0.371, 0.386, 0.372, 0.357, 0.36, 0.381, 0.368, 0.369, 0.353, 0.36, 0.386, 0.373, 0.374, 0.359, 0.356, 0.364, 0.37, 0.359, 0.364, 0.368, 0.348, 0.372, 0.355, 0.376, 0.359, 0.352, 0.352, 0.35, 0.354, 0.36, 0.375, 0.34, 0.355, 0.387, 0.361, 0.371, 0.371, 0.359, 0.361, 0.376, 0.381, 0.35, 0.377, 0.347, 0.375, 0.377, 0.369, 0.364, 0.381, 0.361, 0.369, 0.359, 0.38, 0.366, 0.372, 0.343, 0.361, 0.357, 0.357, 0.373, 0.355, 0.366, 0.387, 0.365, 0.352, 0.377, 0.361, 0.364, 0.352, 0.38, 0.378, 0.373, 0.38, 0.371, 0.356, 0.355, 0.365, 0.366, 0.365, 0.345, 0.369, 0.351, 0.374, 0.353, 0.376, 0.368, 0.357, 0.37, 0.38, 0.369, 0.355, 0.361, 0.362, 0.358, 0.348, 0.385, 0.358, 0.348, 0.353, 0.357]"
-2.0,22.5,2.0,3.0,0.3864,-0.919,0.0035,"[0.37, 0.356, 0.376, 0.365, 0.382, 0.347, 0.359, 0.357, 0.355, 0.373, 0.38, 0.376, 0.368, 0.371, 0.374, 0.359, 0.37, 0.367, 0.351, 0.39, 0.372, 0.358, 0.364, 0.373, 0.371, 0.366, 0.383, 0.365, 0.376, 0.379, 0.377, 0.365, 0.355, 0.346, 0.368, 0.371, 0.361, 0.369, 0.378, 0.358, 0.361, 0.352, 0.363, 0.374, 0.364, 0.367, 0.356, 0.382, 0.377, 0.358, 0.369, 0.373, 0.388, 0.377, 0.38, 0.367, 0.368, 0.371, 0.364, 0.379, 0.365, 0.372, 0.355, 0.359, 0.362, 0.372, 0.38, 0.356, 0.362, 0.371, 0.371, 0.383, 0.374, 0.369, 0.369, 0.376, 0.399, 0.376, 0.382, 0.379, 0.369, 0.35, 0.364, 0.369, 0.374, 0.376, 0.375, 0.344, 0.368, 0.366, 0.357, 0.371, 0.373, 0.36, 0.377, 0.352, 0.36, 0.377, 0.375, 0.377, 0.373, 0.368, 0.361, 0.366, 0.386, 0.387, 0.365, 0.386, 0.395, 0.355, 0.368, 0.358, 0.386, 0.358, 0.365, 0.372, 0.368, 0.357, 0.36, 0.362, 0.356, 0.375, 0.374, 0.364, 0.365, 0.364, 0.354, 0.368, 0.373, 0.354, 0.36, 0.383, 0.375, 0.368, 0.369, 0.366, 0.378, 0.362, 0.363, 0.365, 0.371, 0.383, 0.35, 0.367, 0.358, 0.377, 0.358, 0.383, 0.373, 0.383, 0.368, 0.363, 0.373, 0.367, 0.368, 0.382, 0.358, 0.373, 0.38, 0.365]"
-2.0,25.0,0.5,0.0,1.3266,-1.225,0.0074,"[1.31, 1.299, 1.326, 1.332, 1.324, 1.328, 1.319, 1.303, 1.313, 1.318, 1.314, 1.326, 1.296, 1.346, 1.312, 1.328, 1.318, 1.309, 1.317, 1.32, 1.344, 1.311, 1.319, 1.311, 1.324, 1.309, 1.322, 1.309, 1.319, 1.309, 1.32, 1.307, 1.34, 1.318, 1.297, 1.333, 1.311, 1.334, 1.312, 1.303, 1.314, 1.32, 1.303, 1.319, 1.318, 1.306, 1.303, 1.318, 1.33, 1.315, 1.324, 1.316, 1.32, 1.331, 1.318, 1.322, 1.301, 1.308, 1.304, 1.322, 1.31, 1.325, 1.309, 1.311, 1.326, 1.319, 1.314, 1.32, 1.325, 1.307, 1.311, 1.325, 1.306, 1.331, 1.317, 1.319, 1.326, 1.319, 1.303, 1.316, 1.32, 1.326, 1.306, 1.309, 1.304, 1.317, 1.315, 1.309, 1.32, 1.297, 1.314, 1.325, 1.324, 1.332, 1.328, 1.32, 1.305, 1.313, 1.313, 1.331, 1.328, 1.308, 1.341, 1.316, 1.312, 1.312, 1.304, 1.31, 1.336, 1.329, 1.32, 1.33, 1.315, 1.323, 1.325, 1.334, 1.326, 1.304, 1.332, 1.316, 1.312, 1.292, 1.301, 1.321, 1.312, 1.308, 1.321, 1.318, 1.315, 1.298, 1.312, 1.305, 1.322, 1.311, 1.31, 1.339, 1.31, 1.323, 1.299, 1.32, 1.323, 1.31, 1.317, 1.318, 1.323, 1.324, 1.323, 1.319, 1.31, 1.304, 1.339, 1.322, 1.307, 1.335, 1.305, 1.318, 1.315, 1.326, 1.316, 1.314]"
-2.0,25.0,0.5,3.0,1.3307,-0.7188,0.018,"[1.318, 1.321, 1.301, 1.326, 1.318, 1.345, 1.306, 1.316, 1.307, 1.325, 1.332, 1.336, 1.334, 1.317, 1.324, 1.313, 1.336, 1.321, 1.337, 1.322, 1.328, 1.317, 1.325, 1.331, 1.32, 1.317, 1.321, 1.318, 1.327, 1.342, 1.304, 1.31, 1.323, 1.328, 1.309, 1.333, 1.332, 1.338, 1.327, 1.336, 1.331, 1.338, 1.318, 1.331, 1.318, 1.322, 1.294, 1.32, 1.325, 1.324, 1.328, 1.331, 1.316, 1.338, 1.306, 1.326, 1.295, 1.337, 1.316, 1.34, 1.304, 1.342, 1.321, 1.318, 1.32, 1.337, 1.307, 1.33, 1.333, 1.322, 1.319, 1.322, 1.319, 1.312, 1.329, 1.33, 1.321, 1.32, 1.328, 1.324, 1.314, 1.303, 1.321, 1.318, 1.311, 1.334, 1.309, 1.315, 1.332, 1.332, 1.304, 1.322, 1.316, 1.341, 1.341, 1.316, 1.317, 1.324, 1.334, 1.329, 1.312, 1.334, 1.32, 1.311, 1.339, 1.336, 1.312, 1.33, 1.336, 1.333, 1.317, 1.313, 1.318, 1.317, 1.295, 1.327, 1.31, 1.319, 1.331, 1.332, 1.33, 1.332, 1.332, 1.334, 1.321, 1.321, 1.306, 1.321, 1.307, 1.313, 1.338, 1.312, 1.326, 1.305, 1.338, 1.337, 1.307, 1.334, 1.316, 1.312, 1.319, 1.322, 1.337, 1.32, 1.328, 1.325, 1.316, 1.313, 1.332, 1.347, 1.32, 1.313, 1.322, 1.334, 1.318, 1.313, 1.32, 1.322, 1.322, 1.334]"
-2.0,25.0,1.0,0.0,0.691,-1.0923,0.008,"[0.661, 0.683, 0.683, 0.692, 0.702, 0.681, 0.678, 0.67, 0.696, 0.679, 0.682, 0.691, 0.671, 0.674, 0.679, 0.672, 0.669, 0.686, 0.688, 0.69, 0.694, 0.695, 0.682, 0.687, 0.692, 0.686, 0.694, 0.675, 0.686, 0.703, 0.676, 0.675, 0.682, 0.69, 0.662, 0.669, 0.702, 0.7, 0.691, 0.693, 0.682, 0.683, 0.682, 0.675, 0.672, 0.687, 0.673, 0.679, 0.685, 0.671, 0.699, 0.677, 0.685, 0.689, 0.697, 0.696, 0.694, 0.675, 0.678, 0.672, 0.69, 0.677, 0.67, 0.667, 0.697, 0.659, 0.706, 0.694, 0.675, 0.681, 0.685, 0.684, 0.68, 0.682, 0.697, 0.696, 0.695, 0.694, 0.675, 0.676, 0.683, 0.683, 0.678, 0.69, 0.691, 0.671, 0.694, 0.685, 0.689, 0.696, 0.693, 0.69, 0.694, 0.68, 0.694, 0.674, 0.68, 0.666, 0.698, 0.682, 0.678, 0.686, 0.685, 0.663, 0.687, 0.698, 0.687, 0.68, 0.682, 0.685, 0.69, 0.687, 0.671, 0.683, 0.693, 0.686, 0.668, 0.681, 0.677, 0.684, 0.687, 0.682, 0.679, 0.698, 0.679, 0.684, 0.666, 0.694, 0.68, 0.676, 0.67, 0.682, 0.698, 0.691, 0.682, 0.678, 0.698, 0.675, 0.686, 0.683, 0.7, 0.683, 0.708, 0.687, 0.671, 0.694, 0.699, 0.686, 0.693, 0.705, 0.691, 0.669, 0.674, 0.684, 0.682, 0.676, 0.696, 0.681, 0.705, 0.681]"
-2.0,25.0,1.0,3.0,0.6991,-0.7708,0.0052,"[0.691, 0.697, 0.698, 0.691, 0.692, 0.697, 0.685, 0.678, 0.706, 0.687, 0.678, 0.692, 0.67, 0.693, 0.684, 0.667, 0.687, 0.677, 0.689, 0.683, 0.678, 0.691, 0.672, 0.678, 0.687, 0.686, 0.682, 0.678, 0.677, 0.693, 0.688, 0.696, 0.672, 0.693, 0.686, 0.683, 0.688, 0.689, 0.687, 0.675, 0.68, 0.689, 0.687, 0.678, 0.695, 0.687, 0.69, 0.701, 0.69, 0.682, 0.669, 0.675, 0.673, 0.671, 0.686, 0.663, 0.685, 0.686, 0.689, 0.692, 0.69, 0.693, 0.678, 0.681, 0.716, 0.696, 0.697, 0.671, 0.698, 0.667, 0.669, 0.695, 0.702, 0.674, 0.675, 0.681, 0.661, 0.688, 0.692, 0.679, 0.663, 0.679, 0.7, 0.694, 0.686, 0.685, 0.683, 0.695, 0.694, 0.673, 0.684, 0.682, 0.698, 0.697, 0.678, 0.692, 0.693, 0.685, 0.687, 0.7, 0.681, 0.699, 0.697, 0.689, 0.678, 0.692, 0.689, 0.67, 0.692, 0.68, 0.691, 0.7, 0.668, 0.676, 0.674, 0.677, 0.688, 0.682, 0.671, 0.67, 0.662, 0.692, 0.679, 0.673, 0.679, 0.686, 0.68, 0.695, 0.689, 0.683, 0.675, 0.697, 0.693, 0.666, 0.695, 0.692, 0.691, 0.693, 0.689, 0.701, 0.684, 0.656, 0.691, 0.696, 0.686, 0.68, 0.696, 0.689, 0.666, 0.683, 0.674, 0.687, 0.677, 0.702, 0.667, 0.708, 0.71, 0.679, 0.679, 0.693]"
-2.0,25.0,2.0,0.0,0.3696,-1.1092,0.0002,"[0.383, 0.374, 0.365, 0.365, 0.385, 0.364, 0.358, 0.37, 0.374, 0.357, 0.369, 0.366, 0.371, 0.379, 0.37, 0.375, 0.36, 0.368, 0.357, 0.356, 0.375, 0.366, 0.373, 0.365, 0.358, 0.39, 0.358, 0.364, 0.389, 0.365, 0.364, 0.364, 0.349, 0.359, 0.375, 0.36, 0.346, 0.353, 0.372, 0.365, 0.389, 0.353, 0.367, 0.361, 0.365, 0.352, 0.358, 0.378, 0.364, 0.378, 0.363, 0.372, 0.362, 0.365, 0.357, 0.368, 0.385, 0.369, 0.383, 0.373, 0.368, 0.356, 0.362, 0.376, 0.354, 0.364, 0.374, 0.369, 0.396, 0.373, 0.367, 0.362, 0.361, 0.362, 0.371, 0.395, 0.365, 0.368, 0.364, 0.364, 0.351, 0.36, 0.361, 0.383, 0.354, 0.368, 0.374, 0.369, 0.356, 0.366, 0.34, 0.377, 0.371, 0.356, 0.377, 0.365, 0.37, 0.367, 0.363, 0.36, 0.38, 0.366, 0.361, 0.364, 0.37, 0.369, 0.376, 0.371, 0.369, 0.371, 0.374, 0.353, 0.363, 0.353, 0.359, 0.365, 0.365, 0.363, 0.362, 0.355, 0.358, 0.347, 0.36, 0.365, 0.365, 0.375, 0.376, 0.363, 0.362, 0.383, 0.366, 0.363, 0.369, 0.377, 0.373, 0.371, 0.366, 0.363, 0.391, 0.344, 0.363, 0.368, 0.362, 0.357, 0.36, 0.361, 0.374, 0.366, 0.363, 0.37, 0.349, 0.362, 0.358, 0.363, 0.355, 0.375, 0.357, 0.353, 0.362, 0.362]"
-2.0,25.0,2.0,3.0,0.3591,-0.7678,0.0111,"[0.373, 0.361, 0.355, 0.373, 0.384, 0.363, 0.365, 0.376, 0.375, 0.363, 0.38, 0.359, 0.369, 0.356, 0.368, 0.373, 0.363, 0.366, 0.369, 0.371, 0.362, 0.385, 0.368, 0.373, 0.355, 0.371, 0.357, 0.378, 0.37, 0.362, 0.367, 0.376, 0.367, 0.363, 0.373, 0.368, 0.381, 0.383, 0.354, 0.365, 0.393, 0.374, 0.377, 0.371, 0.371, 0.345, 0.374, 0.384, 0.357, 0.36, 0.367, 0.352, 0.364, 0.356, 0.373, 0.37, 0.365, 0.364, 0.369, 0.379, 0.363, 0.369, 0.382, 0.36, 0.379, 0.366, 0.386, 0.342, 0.361, 0.37, 0.37, 0.376, 0.367, 0.381, 0.376, 0.358, 0.38, 0.372, 0.375, 0.382, 0.351, 0.352, 0.374, 0.344, 0.367, 0.37, 0.364, 0.38, 0.37, 0.393, 0.357, 0.376, 0.375, 0.366, 0.373, 0.368, 0.354, 0.37, 0.385, 0.385, 0.359, 0.369, 0.383, 0.356, 0.37, 0.359, 0.378, 0.371, 0.36, 0.364, 0.379, 0.366, 0.359, 0.375, 0.371, 0.368, 0.364, 0.371, 0.376, 0.36, 0.361, 0.371, 0.368, 0.368, 0.361, 0.375, 0.36, 0.379, 0.381, 0.382, 0.389, 0.364, 0.381, 0.362, 0.354, 0.356, 0.36, 0.352, 0.388, 0.366, 0.381, 0.381, 0.361, 0.369, 0.354, 0.372, 0.374, 0.385, 0.367, 0.377, 0.362, 0.384, 0.375, 0.354, 0.357, 0.369, 0.371, 0.363, 0.37, 0.347]"
-1.0,5.0,0.5,0.0,0.8489,-1.9538,0.0138,"[0.834, 0.823, 0.85, 0.852, 0.827, 0.841, 0.828, 0.84, 0.839, 0.856, 0.854, 0.837, 0.847, 0.838, 0.848, 0.843, 0.838, 0.853, 0.841, 0.861, 0.837, 0.849, 0.833, 0.849, 0.859, 0.85, 0.86, 0.832, 0.849, 0.841, 0.831, 0.842, 0.855, 0.842, 0.849, 0.834, 0.851, 0.843, 0.842, 0.845, 0.865, 0.857, 0.833, 0.846, 0.839, 0.843, 0.838, 0.845, 0.858, 0.829, 0.839, 0.84, 0.835, 0.838, 0.831, 0.852, 0.828, 0.865, 0.84, 0.834, 0.832, 0.848, 0.839, 0.863, 0.839, 0.853, 0.84, 0.834, 0.85, 0.857, 0.831, 0.828, 0.84, 0.812, 0.844, 0.831, 0.837, 0.842, 0.859, 0.845, 0.863, 0.853, 0.846, 0.864, 0.847, 0.846, 0.85, 0.867, 0.846, 0.842, 0.825, 0.846, 0.833, 0.825, 0.84, 0.858, 0.853, 0.85, 0.854, 0.825, 0.835, 0.845, 0.831, 0.846, 0.838, 0.858, 0.826, 0.824, 0.853, 0.844, 0.854, 0.833, 0.863, 0.851, 0.84, 0.843, 0.839, 0.834, 0.84, 0.845, 0.841, 0.826, 0.852, 0.817, 0.824, 0.848, 0.84, 0.85, 0.84, 0.857, 0.833, 0.847, 0.857, 0.847, 0.852, 0.846, 0.851, 0.831, 0.845, 0.84, 0.839, 0.823, 0.85, 0.85, 0.854, 0.838, 0.832, 0.852, 0.836, 0.837, 0.845, 0.833, 0.836, 0.842, 0.855, 0.835, 0.839, 0.858, 0.843, 0.846]"
-1.0,5.0,0.5,3.0,1.2956,-1.5005,0.0062,"[1.291, 1.286, 1.283, 1.277, 1.286, 1.287, 1.282, 1.296, 1.287, 1.292, 1.285, 1.294, 1.285, 1.291, 1.269, 1.282, 1.285, 1.293, 1.284, 1.281, 1.29, 1.283, 1.299, 1.29, 1.286, 1.278, 1.274, 1.282, 1.292, 1.291, 1.29, 1.284, 1.295, 1.282, 1.275, 1.279, 1.288, 1.286, 1.3, 1.296, 1.275, 1.28, 1.286, 1.273, 1.281, 1.291, 1.29, 1.29, 1.286, 1.3, 1.273, 1.295, 1.29, 1.288, 1.286, 1.287, 1.266, 1.283, 1.293, 1.272, 1.297, 1.291, 1.303, 1.283, 1.286, 1.283, 1.273, 1.288, 1.292, 1.306, 1.285, 1.277, 1.283, 1.282, 1.303, 1.279, 1.296, 1.289, 1.298, 1.282, 1.274, 1.306, 1.291, 1.302, 1.303, 1.281, 1.292, 1.293, 1.286, 1.295, 1.298, 1.279, 1.303, 1.288, 1.285, 1.283, 1.274, 1.301, 1.285, 1.275, 1.295, 1.275, 1.282, 1.287, 1.264, 1.293, 1.289, 1.275, 1.309, 1.279, 1.265, 1.283, 1.28, 1.289, 1.279, 1.285, 1.293, 1.285, 1.278, 1.288, 1.282, 1.292, 1.276, 1.282, 1.29, 1.29, 1.295, 1.279, 1.273, 1.303, 1.276, 1.281, 1.291, 1.288, 1.288, 1.277, 1.279, 1.288, 1.293, 1.278, 1.284, 1.284, 1.282, 1.274, 1.29, 1.276, 1.295, 1.278, 1.304, 1.29, 1.272, 1.285, 1.285, 1.284, 1.302, 1.303, 1.282, 1.301, 1.28, 1.275]"
-1.0,5.0,1.0,0.0,0.4514,-1.9513,0.0149,"[0.45, 0.441, 0.451, 0.462, 0.444, 0.45, 0.44, 0.454, 0.435, 0.449, 0.439, 0.443, 0.428, 0.436, 0.431, 0.441, 0.449, 0.437, 0.435, 0.44, 0.449, 0.433, 0.443, 0.46, 0.443, 0.454, 0.435, 0.461, 0.424, 0.422, 0.45, 0.444, 0.447, 0.439, 0.453, 0.431, 0.457, 0.467, 0.427, 0.453, 0.465, 0.45, 0.441, 0.437, 0.45, 0.452, 0.436, 0.455, 0.448, 0.423, 0.451, 0.426, 0.441, 0.458, 0.449, 0.439, 0.453, 0.441, 0.456, 0.439, 0.441, 0.449, 0.46, 0.447, 0.451, 0.446, 0.46, 0.429, 0.431, 0.437, 0.455, 0.451, 0.457, 0.45, 0.457, 0.451, 0.452, 0.429, 0.46, 0.447, 0.459, 0.459, 0.448, 0.44, 0.457, 0.437, 0.45, 0.426, 0.45, 0.455, 0.453, 0.442, 0.44, 0.453, 0.459, 0.427, 0.444, 0.447, 0.438, 0.458, 0.449, 0.447, 0.442, 0.45, 0.443, 0.437, 0.441, 0.438, 0.445, 0.455, 0.431, 0.448, 0.469, 0.451, 0.448, 0.462, 0.425, 0.463, 0.438, 0.45, 0.433, 0.432, 0.443, 0.447, 0.449, 0.459, 0.426, 0.444, 0.43, 0.446, 0.468, 0.46, 0.435, 0.448, 0.44, 0.463, 0.453, 0.434, 0.449, 0.449, 0.449, 0.448, 0.457, 0.453, 0.448, 0.442, 0.446, 0.442, 0.438, 0.434, 0.45, 0.46, 0.45, 0.436, 0.437, 0.454, 0.44, 0.445, 0.443, 0.432]"
-1.0,5.0,1.0,3.0,0.6693,-1.4362,0.0073,"[0.669, 0.668, 0.684, 0.667, 0.647, 0.681, 0.674, 0.661, 0.692, 0.664, 0.683, 0.67, 0.683, 0.661, 0.666, 0.664, 0.656, 0.657, 0.65, 0.676, 0.677, 0.679, 0.662, 0.653, 0.657, 0.672, 0.663, 0.655, 0.683, 0.66, 0.683, 0.662, 0.663, 0.667, 0.667, 0.673, 0.671, 0.678, 0.655, 0.658, 0.677, 0.658, 0.666, 0.655, 0.677, 0.653, 0.664, 0.658, 0.671, 0.672, 0.681, 0.671, 0.66, 0.669, 0.673, 0.676, 0.668, 0.677, 0.667, 0.657, 0.658, 0.666, 0.666, 0.668, 0.684, 0.669, 0.676, 0.672, 0.675, 0.658, 0.672, 0.683, 0.662, 0.662, 0.663, 0.676, 0.66, 0.663, 0.662, 0.659, 0.654, 0.667, 0.677, 0.653, 0.67, 0.689, 0.662, 0.672, 0.672, 0.659, 0.669, 0.654, 0.667, 0.687, 0.69, 0.653, 0.655, 0.677, 0.667, 0.675, 0.671, 0.661, 0.682, 0.652, 0.665, 0.666, 0.658, 0.664, 0.67, 0.67, 0.676, 0.688, 0.669, 0.666, 0.666, 0.654, 0.674, 0.663, 0.683, 0.661, 0.67, 0.68, 0.67, 0.672, 0.675, 0.662, 0.688, 0.651, 0.667, 0.667, 0.678, 0.665, 0.654, 0.668, 0.672, 0.661, 0.659, 0.667, 0.655, 0.672, 0.665, 0.663, 0.679, 0.676, 0.656, 0.665, 0.666, 0.678, 0.668, 0.669, 0.668, 0.674, 0.652, 0.68, 0.67, 0.656, 0.654, 0.669, 0.666, 0.665]"
-1.0,5.0,2.0,0.0,0.2505,-1.905,0.0104,"[0.227, 0.249, 0.248, 0.25, 0.242, 0.249, 0.261, 0.243, 0.243, 0.249, 0.258, 0.24, 0.25, 0.237, 0.26, 0.237, 0.239, 0.241, 0.247, 0.233, 0.261, 0.247, 0.244, 0.249, 0.254, 0.241, 0.26, 0.247, 0.238, 0.232, 0.242, 0.232, 0.234, 0.238, 0.262, 0.261, 0.249, 0.241, 0.256, 0.251, 0.252, 0.251, 0.258, 0.243, 0.249, 0.253, 0.239, 0.263, 0.24, 0.246, 0.249, 0.247, 0.237, 0.252, 0.236, 0.254, 0.266, 0.254, 0.244, 0.263, 0.236, 0.243, 0.257, 0.251, 0.254, 0.24, 0.235, 0.246, 0.244, 0.25, 0.257, 0.242, 0.245, 0.252, 0.227, 0.256, 0.229, 0.238, 0.264, 0.253, 0.256, 0.239, 0.243, 0.244, 0.252, 0.255, 0.254, 0.249, 0.249, 0.247, 0.244, 0.233, 0.243, 0.265, 0.245, 0.245, 0.245, 0.243, 0.245, 0.239, 0.249, 0.255, 0.239, 0.256, 0.252, 0.236, 0.257, 0.251, 0.238, 0.245, 0.258, 0.249, 0.243, 0.25, 0.242, 0.245, 0.248, 0.264, 0.241, 0.26, 0.221, 0.247, 0.251, 0.256, 0.253, 0.221, 0.26, 0.238, 0.239, 0.232, 0.254, 0.253, 0.244, 0.237, 0.25, 0.231, 0.277, 0.249, 0.262, 0.255, 0.246, 0.241, 0.258, 0.248, 0.258, 0.247, 0.266, 0.253, 0.24, 0.258, 0.251, 0.243, 0.245, 0.24, 0.241, 0.255, 0.263, 0.252, 0.247, 0.246]"
-1.0,5.0,2.0,3.0,0.3574,-1.5604,0.01,"[0.357, 0.363, 0.35, 0.374, 0.386, 0.37, 0.35, 0.365, 0.365, 0.352, 0.353, 0.351, 0.355, 0.347, 0.354, 0.366, 0.351, 0.368, 0.348, 0.366, 0.364, 0.359, 0.356, 0.36, 0.367, 0.349, 0.359, 0.355, 0.36, 0.356, 0.367, 0.345, 0.357, 0.359, 0.35, 0.343, 0.368, 0.355, 0.35, 0.36, 0.353, 0.352, 0.357, 0.355, 0.372, 0.363, 0.35, 0.372, 0.356, 0.375, 0.349, 0.353, 0.344, 0.353, 0.395, 0.357, 0.364, 0.352, 0.357, 0.36, 0.367, 0.356, 0.369, 0.352, 0.358, 0.355, 0.363, 0.362, 0.375, 0.369, 0.36, 0.354, 0.356, 0.353, 0.358, 0.372, 0.37, 0.374, 0.349, 0.368, 0.351, 0.363, 0.356, 0.364, 0.372, 0.357, 0.352, 0.353, 0.371, 0.362, 0.349, 0.363, 0.367, 0.387, 0.348, 0.36, 0.352, 0.371, 0.353, 0.353, 0.363, 0.355, 0.373, 0.38, 0.348, 0.367, 0.37, 0.353, 0.366, 0.371, 0.352, 0.352, 0.357, 0.359, 0.354, 0.379, 0.361, 0.354, 0.365, 0.353, 0.351, 0.363, 0.344, 0.357, 0.349, 0.364, 0.357, 0.357, 0.345, 0.37, 0.356, 0.356, 0.342, 0.371, 0.356, 0.356, 0.375, 0.351, 0.36, 0.368, 0.361, 0.359, 0.363, 0.363, 0.357, 0.365, 0.369, 0.357, 0.366, 0.381, 0.367, 0.358, 0.35, 0.354, 0.351, 0.355, 0.372, 0.371, 0.378, 0.351]"
-1.0,7.5,0.5,0.0,1.0329,-1.7737,0.0061,"[1.058, 1.03, 1.061, 1.043, 1.048, 1.028, 1.046, 1.052, 1.033, 1.044, 1.043, 1.04, 1.054, 1.04, 1.048, 1.051, 1.022, 1.039, 1.035, 1.036, 1.033, 1.035, 1.022, 1.034, 1.028, 1.032, 1.047, 1.053, 1.044, 1.045, 1.032, 1.032, 1.039, 1.039, 1.046, 1.044, 1.044, 1.058, 1.04, 1.046, 1.055, 1.043, 1.038, 1.028, 1.027, 1.048, 1.042, 1.048, 1.038, 1.033, 1.029, 1.042, 1.035, 1.034, 1.06, 1.052, 1.035, 1.05, 1.035, 1.048, 1.048, 1.017, 1.038, 1.042, 1.034, 1.035, 1.038, 1.038, 1.03, 1.038, 1.03, 1.043, 1.027, 1.027, 1.056, 1.053, 1.053, 1.045, 1.047, 1.065, 1.021, 1.044, 1.054, 1.029, 1.036, 1.03, 1.028, 1.023, 1.043, 1.05, 1.044, 1.037, 1.04, 1.038, 1.054, 1.035, 1.047, 1.075, 1.042, 1.024, 1.064, 1.029, 1.051, 1.048, 1.036, 1.03, 1.055, 1.037, 1.026, 1.049, 1.045, 1.022, 1.049, 1.042, 1.048, 1.064, 1.03, 1.042, 1.039, 1.048, 1.034, 1.044, 1.054, 1.059, 1.045, 1.028, 1.051, 1.023, 1.02, 1.032, 1.03, 1.042, 1.05, 1.045, 1.022, 1.025, 1.038, 1.039, 1.048, 1.048, 1.045, 1.03, 1.012, 1.027, 1.053, 1.066, 1.022, 1.026, 1.056, 1.04, 1.049, 1.027, 1.039, 1.058, 1.038, 1.039, 1.047, 1.055, 1.045, 1.044]"
-1.0,7.5,0.5,3.0,1.3196,-1.2787,0.0012,"[1.314, 1.316, 1.316, 1.311, 1.299, 1.314, 1.317, 1.309, 1.302, 1.31, 1.3, 1.298, 1.307, 1.306, 1.298, 1.312, 1.31, 1.296, 1.312, 1.301, 1.317, 1.295, 1.305, 1.306, 1.306, 1.325, 1.315, 1.309, 1.306, 1.316, 1.293, 1.315, 1.302, 1.294, 1.307, 1.302, 1.315, 1.303, 1.315, 1.311, 1.301, 1.298, 1.313, 1.31, 1.303, 1.314, 1.299, 1.306, 1.298, 1.303, 1.309, 1.292, 1.312, 1.311, 1.316, 1.318, 1.313, 1.313, 1.294, 1.313, 1.319, 1.318, 1.311, 1.317, 1.326, 1.302, 1.317, 1.315, 1.298, 1.311, 1.313, 1.3, 1.296, 1.313, 1.307, 1.301, 1.291, 1.308, 1.302, 1.294, 1.311, 1.31, 1.296, 1.296, 1.296, 1.31, 1.314, 1.284, 1.302, 1.305, 1.34, 1.306, 1.3, 1.317, 1.293, 1.291, 1.313, 1.31, 1.297, 1.311, 1.303, 1.296, 1.319, 1.299, 1.308, 1.321, 1.315, 1.299, 1.32, 1.303, 1.297, 1.306, 1.297, 1.296, 1.297, 1.331, 1.313, 1.289, 1.314, 1.316, 1.296, 1.302, 1.284, 1.302, 1.287, 1.307, 1.321, 1.314, 1.311, 1.309, 1.323, 1.317, 1.287, 1.305, 1.295, 1.317, 1.311, 1.297, 1.32, 1.311, 1.333, 1.298, 1.304, 1.292, 1.3, 1.299, 1.309, 1.299, 1.302, 1.3, 1.303, 1.311, 1.283, 1.312, 1.306, 1.3, 1.305, 1.31, 1.315, 1.303]"
-1.0,7.5,1.0,0.0,0.5335,-1.7679,0.0087,"[0.564, 0.532, 0.535, 0.555, 0.563, 0.535, 0.554, 0.56, 0.538, 0.535, 0.547, 0.537, 0.523, 0.554, 0.545, 0.54, 0.553, 0.544, 0.556, 0.551, 0.534, 0.556, 0.556, 0.544, 0.562, 0.548, 0.551, 0.545, 0.528, 0.555, 0.546, 0.533, 0.55, 0.55, 0.547, 0.544, 0.546, 0.541, 0.547, 0.54, 0.539, 0.541, 0.555, 0.541, 0.546, 0.53, 0.548, 0.554, 0.55, 0.538, 0.548, 0.54, 0.548, 0.537, 0.556, 0.558, 0.543, 0.539, 0.53, 0.569, 0.549, 0.542, 0.54, 0.534, 0.554, 0.549, 0.54, 0.549, 0.551, 0.548, 0.563, 0.542, 0.53, 0.549, 0.542, 0.545, 0.551, 0.534, 0.53, 0.553, 0.547, 0.561, 0.554, 0.547, 0.533, 0.564, 0.525, 0.544, 0.534, 0.545, 0.547, 0.537, 0.534, 0.541, 0.545, 0.55, 0.55, 0.54, 0.537, 0.559, 0.53, 0.552, 0.538, 0.547, 0.558, 0.545, 0.551, 0.546, 0.547, 0.546, 0.549, 0.54, 0.541, 0.538, 0.553, 0.568, 0.556, 0.553, 0.539, 0.526, 0.522, 0.518, 0.545, 0.537, 0.548, 0.551, 0.541, 0.537, 0.558, 0.55, 0.546, 0.547, 0.554, 0.54, 0.555, 0.552, 0.56, 0.561, 0.552, 0.557, 0.545, 0.553, 0.532, 0.558, 0.547, 0.534, 0.554, 0.557, 0.547, 0.543, 0.526, 0.545, 0.561, 0.54, 0.54, 0.557, 0.53, 0.54, 0.552, 0.553]"
-1.0,7.5,1.0,3.0,0.6872,-1.3586,0.0183,"[0.672, 0.678, 0.687, 0.676, 0.662, 0.685, 0.691, 0.681, 0.674, 0.678, 0.669, 0.659, 0.686, 0.688, 0.686, 0.679, 0.692, 0.679, 0.679, 0.645, 0.675, 0.658, 0.692, 0.678, 0.691, 0.666, 0.678, 0.674, 0.655, 0.691, 0.687, 0.68, 0.685, 0.67, 0.666, 0.67, 0.67, 0.675, 0.68, 0.675, 0.695, 0.662, 0.685, 0.67, 0.674, 0.694, 0.672, 0.672, 0.672, 0.675, 0.678, 0.676, 0.659, 0.668, 0.688, 0.687, 0.68, 0.673, 0.678, 0.67, 0.69, 0.688, 0.679, 0.671, 0.682, 0.684, 0.679, 0.669, 0.688, 0.684, 0.667, 0.679, 0.669, 0.675, 0.675, 0.666, 0.669, 0.69, 0.66, 0.684, 0.68, 0.688, 0.664, 0.682, 0.689, 0.705, 0.682, 0.681, 0.675, 0.692, 0.67, 0.676, 0.661, 0.661, 0.672, 0.676, 0.678, 0.654, 0.686, 0.658, 0.666, 0.675, 0.68, 0.674, 0.676, 0.655, 0.685, 0.666, 0.681, 0.688, 0.67, 0.672, 0.687, 0.679, 0.684, 0.682, 0.678, 0.675, 0.678, 0.689, 0.683, 0.666, 0.663, 0.683, 0.651, 0.663, 0.668, 0.684, 0.688, 0.676, 0.67, 0.676, 0.708, 0.686, 0.67, 0.675, 0.663, 0.678, 0.672, 0.676, 0.664, 0.682, 0.681, 0.689, 0.665, 0.671, 0.687, 0.683, 0.682, 0.683, 0.685, 0.696, 0.695, 0.673, 0.685, 0.66, 0.682, 0.681, 0.681, 0.704]"
-1.0,7.5,2.0,0.0,0.3058,-1.786,0.0043,"[0.301, 0.315, 0.274, 0.304, 0.294, 0.306, 0.29, 0.293, 0.306, 0.298, 0.305, 0.305, 0.298, 0.322, 0.292, 0.303, 0.318, 0.287, 0.297, 0.303, 0.276, 0.292, 0.304, 0.308, 0.298, 0.307, 0.298, 0.29, 0.295, 0.295, 0.301, 0.3, 0.293, 0.284, 0.313, 0.305, 0.299, 0.306, 0.307, 0.301, 0.289, 0.292, 0.311, 0.285, 0.294, 0.307, 0.29, 0.297, 0.292, 0.302, 0.285, 0.306, 0.3, 0.289, 0.283, 0.308, 0.296, 0.275, 0.292, 0.317, 0.284, 0.298, 0.306, 0.292, 0.283, 0.298, 0.295, 0.291, 0.301, 0.313, 0.289, 0.298, 0.303, 0.299, 0.282, 0.291, 0.294, 0.295, 0.313, 0.277, 0.314, 0.287, 0.287, 0.291, 0.307, 0.306, 0.294, 0.294, 0.296, 0.297, 0.296, 0.309, 0.3, 0.306, 0.289, 0.283, 0.296, 0.307, 0.299, 0.299, 0.298, 0.292, 0.309, 0.302, 0.293, 0.308, 0.291, 0.296, 0.281, 0.303, 0.297, 0.289, 0.324, 0.303, 0.315, 0.303, 0.296, 0.285, 0.296, 0.317, 0.297, 0.297, 0.299, 0.32, 0.287, 0.296, 0.302, 0.307, 0.298, 0.281, 0.308, 0.3, 0.305, 0.292, 0.312, 0.299, 0.291, 0.316, 0.294, 0.3, 0.302, 0.305, 0.285, 0.324, 0.304, 0.312, 0.287, 0.296, 0.298, 0.3, 0.317, 0.31, 0.289, 0.317, 0.285, 0.298, 0.287, 0.309, 0.293, 0.291]"
-1.0,7.5,2.0,3.0,0.3633,-1.303,0.0061,"[0.367, 0.364, 0.37, 0.359, 0.37, 0.361, 0.37, 0.345, 0.359, 0.352, 0.351, 0.365, 0.369, 0.375, 0.371, 0.354, 0.366, 0.364, 0.355, 0.36, 0.372, 0.368, 0.353, 0.357, 0.365, 0.343, 0.357, 0.368, 0.356, 0.367, 0.341, 0.37, 0.355, 0.37, 0.376, 0.367, 0.359, 0.377, 0.36, 0.359, 0.359, 0.36, 0.352, 0.354, 0.377, 0.38, 0.358, 0.371, 0.364, 0.357, 0.372, 0.36, 0.375, 0.361, 0.37, 0.361, 0.37, 0.352, 0.352, 0.372, 0.365, 0.36, 0.367, 0.351, 0.375, 0.356, 0.363, 0.362, 0.378, 0.346, 0.348, 0.345, 0.366, 0.36, 0.38, 0.369, 0.349, 0.361, 0.371, 0.363, 0.361, 0.359, 0.363, 0.353, 0.364, 0.368, 0.361, 0.365, 0.364, 0.36, 0.374, 0.342, 0.349, 0.369, 0.372, 0.36, 0.373, 0.357, 0.357, 0.367, 0.37, 0.364, 0.38, 0.37, 0.338, 0.364, 0.37, 0.375, 0.377, 0.369, 0.365, 0.368, 0.366, 0.338, 0.369, 0.35, 0.385, 0.361, 0.369, 0.371, 0.373, 0.369, 0.366, 0.389, 0.376, 0.354, 0.361, 0.39, 0.34, 0.36, 0.353, 0.355, 0.347, 0.37, 0.374, 0.366, 0.364, 0.358, 0.375, 0.375, 0.38, 0.351, 0.358, 0.363, 0.372, 0.361, 0.371, 0.346, 0.37, 0.357, 0.352, 0.363, 0.37, 0.352, 0.379, 0.357, 0.388, 0.353, 0.355, 0.354]"
-1.0,10.0,0.5,0.0,1.1912,-1.7207,0.0096,"[1.17, 1.166, 1.177, 1.174, 1.2, 1.175, 1.176, 1.179, 1.154, 1.162, 1.176, 1.186, 1.168, 1.169, 1.167, 1.174, 1.188, 1.167, 1.185, 1.15, 1.181, 1.174, 1.17, 1.18, 1.171, 1.152, 1.17, 1.171, 1.169, 1.168, 1.167, 1.168, 1.164, 1.168, 1.176, 1.151, 1.168, 1.171, 1.172, 1.16, 1.175, 1.171, 1.166, 1.163, 1.175, 1.156, 1.175, 1.175, 1.154, 1.172, 1.16, 1.189, 1.159, 1.186, 1.169, 1.174, 1.175, 1.156, 1.166, 1.167, 1.155, 1.169, 1.172, 1.159, 1.185, 1.163, 1.157, 1.182, 1.16, 1.164, 1.18, 1.164, 1.182, 1.171, 1.165, 1.175, 1.165, 1.183, 1.171, 1.178, 1.157, 1.164, 1.157, 1.185, 1.168, 1.161, 1.166, 1.163, 1.189, 1.176, 1.159, 1.166, 1.173, 1.175, 1.171, 1.161, 1.177, 1.171, 1.176, 1.15, 1.173, 1.183, 1.171, 1.169, 1.163, 1.15, 1.171, 1.165, 1.184, 1.159, 1.172, 1.175, 1.174, 1.162, 1.167, 1.175, 1.169, 1.174, 1.155, 1.168, 1.177, 1.169, 1.15, 1.172, 1.169, 1.162, 1.18, 1.179, 1.165, 1.173, 1.171, 1.164, 1.183, 1.166, 1.169, 1.167, 1.174, 1.187, 1.182, 1.191, 1.18, 1.177, 1.146, 1.175, 1.166, 1.161, 1.167, 1.168, 1.159, 1.168, 1.193, 1.157, 1.175, 1.175, 1.175, 1.172, 1.176, 1.158, 1.167, 1.169]"
-1.0,10.0,0.5,3.0,1.315,-1.2269,0.0071,"[1.322, 1.325, 1.315, 1.297, 1.315, 1.308, 1.316, 1.307, 1.314, 1.308, 1.295, 1.325, 1.304, 1.316, 1.331, 1.307, 1.32, 1.305, 1.32, 1.309, 1.294, 1.321, 1.312, 1.318, 1.315, 1.307, 1.325, 1.318, 1.308, 1.314, 1.33, 1.312, 1.312, 1.328, 1.338, 1.305, 1.314, 1.314, 1.324, 1.331, 1.312, 1.297, 1.314, 1.314, 1.325, 1.302, 1.31, 1.326, 1.319, 1.316, 1.319, 1.313, 1.303, 1.314, 1.316, 1.334, 1.312, 1.32, 1.318, 1.325, 1.314, 1.306, 1.348, 1.299, 1.308, 1.312, 1.333, 1.309, 1.304, 1.318, 1.327, 1.301, 1.32, 1.318, 1.306, 1.302, 1.317, 1.306, 1.312, 1.327, 1.317, 1.311, 1.336, 1.319, 1.308, 1.32, 1.325, 1.321, 1.324, 1.326, 1.313, 1.328, 1.33, 1.317, 1.337, 1.31, 1.311, 1.302, 1.316, 1.309, 1.31, 1.321, 1.308, 1.31, 1.328, 1.303, 1.326, 1.336, 1.33, 1.308, 1.298, 1.311, 1.31, 1.296, 1.305, 1.312, 1.321, 1.317, 1.314, 1.321, 1.316, 1.313, 1.296, 1.307, 1.317, 1.299, 1.326, 1.316, 1.334, 1.316, 1.319, 1.304, 1.329, 1.32, 1.315, 1.321, 1.314, 1.306, 1.309, 1.317, 1.332, 1.31, 1.322, 1.305, 1.32, 1.32, 1.307, 1.32, 1.301, 1.315, 1.312, 1.328, 1.312, 1.327, 1.327, 1.335, 1.29, 1.318, 1.328, 1.319]"
-1.0,10.0,1.0,0.0,0.6006,-1.7463,0.0121,"[0.627, 0.61, 0.607, 0.588, 0.618, 0.598, 0.625, 0.621, 0.609, 0.591, 0.603, 0.612, 0.612, 0.604, 0.627, 0.601, 0.591, 0.618, 0.618, 0.608, 0.608, 0.609, 0.607, 0.619, 0.612, 0.603, 0.62, 0.623, 0.612, 0.611, 0.621, 0.628, 0.607, 0.611, 0.612, 0.609, 0.612, 0.642, 0.607, 0.622, 0.603, 0.607, 0.58, 0.611, 0.597, 0.613, 0.607, 0.595, 0.61, 0.608, 0.631, 0.613, 0.598, 0.614, 0.615, 0.606, 0.608, 0.618, 0.6, 0.629, 0.622, 0.615, 0.599, 0.623, 0.599, 0.613, 0.609, 0.617, 0.608, 0.599, 0.604, 0.607, 0.622, 0.611, 0.599, 0.619, 0.616, 0.603, 0.602, 0.608, 0.605, 0.619, 0.611, 0.601, 0.612, 0.611, 0.601, 0.606, 0.614, 0.624, 0.618, 0.603, 0.625, 0.606, 0.616, 0.623, 0.616, 0.605, 0.614, 0.614, 0.6, 0.607, 0.618, 0.606, 0.603, 0.591, 0.594, 0.632, 0.602, 0.604, 0.622, 0.601, 0.606, 0.62, 0.612, 0.597, 0.605, 0.62, 0.607, 0.611, 0.61, 0.623, 0.602, 0.595, 0.619, 0.597, 0.597, 0.62, 0.606, 0.612, 0.59, 0.617, 0.6, 0.621, 0.61, 0.618, 0.615, 0.609, 0.604, 0.603, 0.622, 0.593, 0.597, 0.608, 0.589, 0.607, 0.611, 0.62, 0.625, 0.595, 0.612, 0.62, 0.614, 0.616, 0.606, 0.607, 0.603, 0.615, 0.623, 0.616]"
-1.0,10.0,1.0,3.0,0.6887,-1.3496,0.0056,"[0.671, 0.684, 0.671, 0.675, 0.691, 0.679, 0.68, 0.681, 0.686, 0.679, 0.662, 0.681, 0.676, 0.7, 0.669, 0.688, 0.68, 0.706, 0.688, 0.699, 0.656, 0.681, 0.675, 0.69, 0.686, 0.688, 0.682, 0.692, 0.683, 0.676, 0.683, 0.695, 0.687, 0.686, 0.688, 0.685, 0.678, 0.683, 0.66, 0.658, 0.689, 0.671, 0.67, 0.684, 0.681, 0.684, 0.672, 0.686, 0.677, 0.694, 0.677, 0.687, 0.674, 0.701, 0.681, 0.685, 0.691, 0.679, 0.705, 0.692, 0.669, 0.686, 0.689, 0.689, 0.672, 0.68, 0.692, 0.677, 0.673, 0.673, 0.675, 0.663, 0.673, 0.686, 0.693, 0.678, 0.683, 0.681, 0.679, 0.671, 0.669, 0.694, 0.681, 0.689, 0.682, 0.695, 0.669, 0.679, 0.678, 0.674, 0.659, 0.682, 0.687, 0.697, 0.678, 0.67, 0.671, 0.674, 0.683, 0.672, 0.682, 0.671, 0.68, 0.702, 0.684, 0.672, 0.71, 0.693, 0.689, 0.679, 0.69, 0.689, 0.672, 0.693, 0.691, 0.681, 0.676, 0.696, 0.678, 0.682, 0.671, 0.671, 0.7, 0.697, 0.694, 0.685, 0.668, 0.686, 0.687, 0.682, 0.689, 0.701, 0.676, 0.685, 0.672, 0.688, 0.68, 0.683, 0.674, 0.675, 0.657, 0.682, 0.678, 0.684, 0.682, 0.688, 0.699, 0.673, 0.689, 0.672, 0.678, 0.681, 0.69, 0.669, 0.668, 0.682, 0.651, 0.692, 0.688, 0.681]"
-1.0,10.0,2.0,0.0,0.3204,-1.7429,0.0051,"[0.336, 0.311, 0.331, 0.326, 0.31, 0.327, 0.335, 0.308, 0.336, 0.341, 0.317, 0.315, 0.34, 0.325, 0.341, 0.33, 0.316, 0.317, 0.35, 0.312, 0.326, 0.321, 0.309, 0.335, 0.32, 0.336, 0.329, 0.336, 0.306, 0.326, 0.339, 0.324, 0.327, 0.318, 0.328, 0.318, 0.327, 0.32, 0.341, 0.339, 0.318, 0.354, 0.333, 0.333, 0.345, 0.335, 0.321, 0.313, 0.293, 0.351, 0.332, 0.333, 0.336, 0.324, 0.335, 0.316, 0.332, 0.338, 0.321, 0.36, 0.316, 0.336, 0.33, 0.345, 0.327, 0.32, 0.339, 0.322, 0.339, 0.317, 0.323, 0.321, 0.316, 0.317, 0.346, 0.352, 0.311, 0.343, 0.335, 0.33, 0.316, 0.341, 0.311, 0.328, 0.322, 0.328, 0.344, 0.31, 0.317, 0.326, 0.341, 0.336, 0.349, 0.332, 0.334, 0.324, 0.301, 0.347, 0.333, 0.33, 0.322, 0.346, 0.315, 0.318, 0.325, 0.336, 0.328, 0.337, 0.339, 0.328, 0.343, 0.317, 0.326, 0.33, 0.339, 0.345, 0.323, 0.333, 0.32, 0.327, 0.335, 0.336, 0.333, 0.324, 0.329, 0.326, 0.331, 0.325, 0.323, 0.324, 0.333, 0.323, 0.318, 0.339, 0.322, 0.325, 0.323, 0.329, 0.333, 0.325, 0.335, 0.326, 0.333, 0.344, 0.326, 0.333, 0.343, 0.323, 0.315, 0.33, 0.335, 0.336, 0.329, 0.331, 0.327, 0.335, 0.332, 0.322, 0.345, 0.337]"
-1.0,10.0,2.0,3.0,0.3758,-1.219,0.0043,"[0.393, 0.345, 0.392, 0.363, 0.358, 0.379, 0.363, 0.385, 0.365, 0.37, 0.366, 0.382, 0.359, 0.362, 0.365, 0.366, 0.383, 0.373, 0.364, 0.364, 0.356, 0.366, 0.374, 0.36, 0.357, 0.375, 0.376, 0.355, 0.359, 0.38, 0.36, 0.374, 0.357, 0.364, 0.393, 0.351, 0.357, 0.354, 0.371, 0.345, 0.383, 0.364, 0.357, 0.377, 0.364, 0.38, 0.368, 0.363, 0.372, 0.374, 0.368, 0.358, 0.386, 0.365, 0.36, 0.376, 0.373, 0.373, 0.361, 0.354, 0.372, 0.363, 0.367, 0.382, 0.38, 0.355, 0.38, 0.378, 0.365, 0.379, 0.361, 0.367, 0.376, 0.36, 0.355, 0.371, 0.362, 0.372, 0.363, 0.346, 0.363, 0.377, 0.366, 0.364, 0.357, 0.376, 0.351, 0.365, 0.384, 0.358, 0.373, 0.364, 0.352, 0.376, 0.346, 0.366, 0.392, 0.366, 0.351, 0.36, 0.375, 0.366, 0.354, 0.363, 0.366, 0.376, 0.362, 0.368, 0.356, 0.372, 0.356, 0.364, 0.359, 0.373, 0.37, 0.369, 0.384, 0.373, 0.373, 0.374, 0.363, 0.363, 0.364, 0.35, 0.352, 0.368, 0.378, 0.363, 0.351, 0.356, 0.349, 0.383, 0.365, 0.37, 0.376, 0.361, 0.364, 0.366, 0.376, 0.368, 0.37, 0.36, 0.358, 0.372, 0.37, 0.361, 0.362, 0.369, 0.359, 0.357, 0.348, 0.373, 0.363, 0.361, 0.368, 0.366, 0.356, 0.363, 0.371, 0.367]"
-1.0,12.5,0.5,0.0,1.2644,-1.6847,0.0021,"[1.231, 1.263, 1.248, 1.253, 1.262, 1.25, 1.228, 1.227, 1.23, 1.235, 1.258, 1.253, 1.25, 1.245, 1.263, 1.245, 1.232, 1.243, 1.254, 1.252, 1.225, 1.244, 1.262, 1.239, 1.238, 1.247, 1.261, 1.234, 1.25, 1.243, 1.23, 1.245, 1.243, 1.248, 1.24, 1.245, 1.239, 1.26, 1.234, 1.247, 1.242, 1.243, 1.245, 1.239, 1.227, 1.261, 1.241, 1.256, 1.237, 1.255, 1.241, 1.246, 1.233, 1.232, 1.238, 1.257, 1.257, 1.25, 1.263, 1.245, 1.24, 1.242, 1.252, 1.243, 1.26, 1.241, 1.256, 1.251, 1.253, 1.236, 1.223, 1.248, 1.241, 1.25, 1.251, 1.241, 1.238, 1.247, 1.226, 1.242, 1.245, 1.251, 1.237, 1.245, 1.254, 1.25, 1.254, 1.236, 1.241, 1.249, 1.237, 1.243, 1.256, 1.248, 1.253, 1.262, 1.242, 1.262, 1.243, 1.232, 1.249, 1.242, 1.232, 1.24, 1.239, 1.253, 1.263, 1.25, 1.251, 1.239, 1.24, 1.251, 1.251, 1.258, 1.243, 1.24, 1.27, 1.255, 1.254, 1.234, 1.249, 1.258, 1.254, 1.256, 1.244, 1.237, 1.241, 1.251, 1.242, 1.255, 1.248, 1.246, 1.246, 1.23, 1.235, 1.258, 1.244, 1.242, 1.234, 1.252, 1.227, 1.251, 1.225, 1.246, 1.255, 1.243, 1.246, 1.258, 1.231, 1.244, 1.239, 1.245, 1.245, 1.256, 1.232, 1.251, 1.263, 1.241, 1.249, 1.237]"
-1.0,12.5,0.5,3.0,1.3365,-1.1185,0.0137,"[1.319, 1.299, 1.304, 1.312, 1.315, 1.32, 1.295, 1.326, 1.315, 1.32, 1.316, 1.31, 1.326, 1.331, 1.332, 1.323, 1.307, 1.315, 1.311, 1.314, 1.305, 1.333, 1.319, 1.311, 1.324, 1.314, 1.319, 1.31, 1.309, 1.329, 1.325, 1.332, 1.316, 1.318, 1.324, 1.313, 1.306, 1.324, 1.314, 1.316, 1.333, 1.313, 1.322, 1.318, 1.32, 1.302, 1.324, 1.335, 1.332, 1.317, 1.338, 1.331, 1.318, 1.335, 1.318, 1.323, 1.334, 1.314, 1.318, 1.303, 1.313, 1.324, 1.319, 1.325, 1.299, 1.323, 1.311, 1.328, 1.309, 1.328, 1.305, 1.322, 1.319, 1.321, 1.317, 1.327, 1.322, 1.321, 1.32, 1.308, 1.322, 1.31, 1.329, 1.316, 1.318, 1.328, 1.314, 1.314, 1.319, 1.329, 1.327, 1.324, 1.304, 1.329, 1.31, 1.32, 1.334, 1.312, 1.328, 1.317, 1.304, 1.328, 1.317, 1.314, 1.328, 1.323, 1.312, 1.305, 1.318, 1.316, 1.319, 1.323, 1.329, 1.329, 1.35, 1.323, 1.31, 1.321, 1.315, 1.309, 1.315, 1.341, 1.316, 1.333, 1.33, 1.322, 1.33, 1.324, 1.307, 1.325, 1.32, 1.303, 1.321, 1.319, 1.322, 1.346, 1.336, 1.321, 1.329, 1.315, 1.313, 1.327, 1.316, 1.323, 1.313, 1.32, 1.326, 1.33, 1.314, 1.337, 1.323, 1.32, 1.322, 1.321, 1.322, 1.323, 1.32, 1.334, 1.32, 1.305]"
-1.0,12.5,1.0,0.0,0.6572,-1.6125,0.0181,"[0.639, 0.646, 0.653, 0.617, 0.623, 0.649, 0.662, 0.662, 0.638, 0.654, 0.654, 0.651, 0.661, 0.641, 0.652, 0.668, 0.645, 0.644, 0.656, 0.652, 0.63, 0.659, 0.636, 0.657, 0.647, 0.648, 0.649, 0.64, 0.661, 0.65, 0.645, 0.665, 0.648, 0.64, 0.657, 0.643, 0.665, 0.645, 0.643, 0.641, 0.648, 0.644, 0.647, 0.634, 0.652, 0.654, 0.658, 0.643, 0.652, 0.658, 0.652, 0.642, 0.656, 0.662, 0.65, 0.652, 0.638, 0.644, 0.658, 0.649, 0.64, 0.662, 0.659, 0.646, 0.674, 0.644, 0.632, 0.647, 0.633, 0.654, 0.663, 0.641, 0.644, 0.643, 0.645, 0.647, 0.642, 0.655, 0.638, 0.651, 0.657, 0.639, 0.632, 0.636, 0.644, 0.636, 0.663, 0.648, 0.641, 0.641, 0.657, 0.659, 0.644, 0.65, 0.653, 0.653, 0.655, 0.659, 0.655, 0.643, 0.645, 0.633, 0.65, 0.65, 0.644, 0.651, 0.644, 0.64, 0.661, 0.643, 0.648, 0.655, 0.638, 0.65, 0.639, 0.654, 0.67, 0.658, 0.661, 0.654, 0.666, 0.628, 0.652, 0.658, 0.646, 0.655, 0.643, 0.663, 0.649, 0.646, 0.642, 0.649, 0.664, 0.66, 0.64, 0.65, 0.653, 0.647, 0.651, 0.661, 0.647, 0.653, 0.659, 0.656, 0.65, 0.663, 0.641, 0.632, 0.652, 0.668, 0.67, 0.64, 0.643, 0.632, 0.65, 0.656, 0.639, 0.644, 0.662, 0.668]"
-1.0,12.5,1.0,3.0,0.6873,-1.1187,0.0188,"[0.69, 0.681, 0.679, 0.662, 0.702, 0.711, 0.685, 0.691, 0.684, 0.687, 0.674, 0.689, 0.704, 0.684, 0.681, 0.696, 0.678, 0.682, 0.681, 0.68, 0.676, 0.693, 0.7, 0.693, 0.705, 0.693, 0.686, 0.683, 0.686, 0.695, 0.688, 0.697, 0.677, 0.682, 0.689, 0.676, 0.689, 0.663, 0.692, 0.68, 0.682, 0.678, 0.685, 0.676, 0.676, 0.688, 0.658, 0.68, 0.692, 0.678, 0.695, 0.671, 0.673, 0.667, 0.668, 0.674, 0.69, 0.673, 0.681, 0.67, 0.687, 0.676, 0.696, 0.687, 0.668, 0.663, 0.683, 0.674, 0.687, 0.687, 0.69, 0.693, 0.68, 0.695, 0.67, 0.692, 0.681, 0.697, 0.701, 0.696, 0.696, 0.685, 0.656, 0.697, 0.686, 0.694, 0.682, 0.691, 0.697, 0.678, 0.69, 0.685, 0.688, 0.688, 0.697, 0.678, 0.686, 0.686, 0.687, 0.672, 0.689, 0.697, 0.681, 0.671, 0.692, 0.678, 0.67, 0.685, 0.672, 0.671, 0.693, 0.685, 0.672, 0.679, 0.71, 0.683, 0.683, 0.673, 0.685, 0.672, 0.669, 0.687, 0.671, 0.687, 0.702, 0.691, 0.669, 0.676, 0.673, 0.684, 0.689, 0.67, 0.685, 0.696, 0.685, 0.679, 0.695, 0.697, 0.685, 0.682, 0.687, 0.7, 0.676, 0.689, 0.699, 0.695, 0.663, 0.686, 0.692, 0.693, 0.699, 0.673, 0.681, 0.689, 0.688, 0.704, 0.673, 0.696, 0.689, 0.681]"
-1.0,12.5,2.0,0.0,0.3668,-1.556,0.0131,"[0.35, 0.355, 0.36, 0.352, 0.356, 0.356, 0.355, 0.353, 0.355, 0.361, 0.345, 0.347, 0.35, 0.35, 0.345, 0.354, 0.355, 0.367, 0.345, 0.35, 0.373, 0.343, 0.357, 0.339, 0.353, 0.349, 0.356, 0.347, 0.355, 0.353, 0.368, 0.339, 0.335, 0.346, 0.352, 0.354, 0.34, 0.364, 0.345, 0.33, 0.347, 0.345, 0.343, 0.348, 0.349, 0.338, 0.337, 0.337, 0.368, 0.345, 0.359, 0.36, 0.345, 0.354, 0.356, 0.342, 0.343, 0.357, 0.351, 0.33, 0.346, 0.344, 0.349, 0.338, 0.354, 0.356, 0.352, 0.349, 0.346, 0.356, 0.338, 0.371, 0.363, 0.328, 0.367, 0.354, 0.354, 0.346, 0.357, 0.345, 0.341, 0.344, 0.343, 0.347, 0.35, 0.323, 0.351, 0.345, 0.353, 0.348, 0.325, 0.347, 0.341, 0.327, 0.339, 0.334, 0.352, 0.359, 0.349, 0.353, 0.337, 0.353, 0.342, 0.33, 0.347, 0.351, 0.36, 0.346, 0.339, 0.354, 0.35, 0.345, 0.354, 0.362, 0.351, 0.381, 0.341, 0.354, 0.358, 0.336, 0.354, 0.338, 0.346, 0.345, 0.344, 0.379, 0.349, 0.358, 0.341, 0.354, 0.337, 0.371, 0.356, 0.353, 0.345, 0.35, 0.366, 0.345, 0.35, 0.334, 0.359, 0.348, 0.35, 0.336, 0.334, 0.342, 0.351, 0.35, 0.347, 0.333, 0.334, 0.347, 0.321, 0.338, 0.351, 0.363, 0.348, 0.357, 0.357, 0.342]"
-1.0,12.5,2.0,3.0,0.3814,-1.2014,0.0021,"[0.381, 0.377, 0.375, 0.352, 0.371, 0.369, 0.367, 0.375, 0.361, 0.377, 0.366, 0.374, 0.353, 0.369, 0.347, 0.381, 0.37, 0.364, 0.372, 0.366, 0.356, 0.365, 0.363, 0.359, 0.361, 0.364, 0.377, 0.378, 0.372, 0.381, 0.383, 0.392, 0.357, 0.375, 0.375, 0.371, 0.362, 0.376, 0.386, 0.383, 0.382, 0.369, 0.344, 0.368, 0.362, 0.39, 0.369, 0.365, 0.368, 0.373, 0.367, 0.367, 0.378, 0.351, 0.374, 0.363, 0.379, 0.367, 0.361, 0.37, 0.362, 0.382, 0.371, 0.357, 0.361, 0.366, 0.366, 0.37, 0.353, 0.386, 0.362, 0.359, 0.357, 0.357, 0.375, 0.363, 0.353, 0.362, 0.37, 0.375, 0.354, 0.343, 0.356, 0.387, 0.344, 0.356, 0.369, 0.391, 0.363, 0.37, 0.38, 0.357, 0.384, 0.358, 0.374, 0.394, 0.361, 0.366, 0.363, 0.366, 0.363, 0.374, 0.368, 0.371, 0.366, 0.366, 0.368, 0.368, 0.364, 0.375, 0.366, 0.373, 0.371, 0.383, 0.355, 0.368, 0.371, 0.375, 0.363, 0.379, 0.348, 0.369, 0.384, 0.367, 0.363, 0.378, 0.366, 0.352, 0.374, 0.359, 0.374, 0.376, 0.381, 0.373, 0.375, 0.366, 0.379, 0.378, 0.377, 0.376, 0.36, 0.38, 0.375, 0.34, 0.382, 0.366, 0.37, 0.365, 0.375, 0.371, 0.366, 0.349, 0.384, 0.365, 0.356, 0.394, 0.379, 0.362, 0.354, 0.367]"
-1.0,15.0,0.5,0.0,1.2784,-1.4549,0.011,"[1.299, 1.267, 1.275, 1.283, 1.282, 1.29, 1.265, 1.292, 1.284, 1.29, 1.275, 1.27, 1.28, 1.285, 1.282, 1.273, 1.275, 1.28, 1.307, 1.296, 1.287, 1.285, 1.298, 1.286, 1.286, 1.274, 1.297, 1.281, 1.278, 1.286, 1.303, 1.288, 1.276, 1.283, 1.294, 1.293, 1.282, 1.268, 1.287, 1.291, 1.289, 1.301, 1.303, 1.301, 1.278, 1.289, 1.279, 1.284, 1.291, 1.276, 1.288, 1.273, 1.287, 1.281, 1.281, 1.286, 1.289, 1.276, 1.289, 1.284, 1.279, 1.289, 1.295, 1.306, 1.273, 1.298, 1.281, 1.289, 1.274, 1.291, 1.278, 1.286, 1.279, 1.279, 1.278, 1.304, 1.277, 1.295, 1.283, 1.279, 1.289, 1.295, 1.276, 1.309, 1.304, 1.286, 1.291, 1.289, 1.287, 1.293, 1.279, 1.298, 1.283, 1.292, 1.285, 1.279, 1.275, 1.283, 1.284, 1.297, 1.28, 1.296, 1.272, 1.28, 1.296, 1.292, 1.287, 1.271, 1.294, 1.28, 1.291, 1.282, 1.283, 1.281, 1.305, 1.281, 1.275, 1.291, 1.266, 1.277, 1.3, 1.284, 1.281, 1.306, 1.286, 1.279, 1.292, 1.282, 1.285, 1.284, 1.268, 1.293, 1.307, 1.265, 1.299, 1.284, 1.279, 1.289, 1.293, 1.288, 1.278, 1.283, 1.287, 1.289, 1.297, 1.271, 1.288, 1.285, 1.286, 1.295, 1.279, 1.278, 1.273, 1.287, 1.277, 1.277, 1.289, 1.281, 1.281, 1.291]"
-1.0,15.0,0.5,3.0,1.3309,-1.0978,0.0015,"[1.315, 1.331, 1.311, 1.341, 1.326, 1.316, 1.332, 1.312, 1.305, 1.311, 1.308, 1.307, 1.328, 1.328, 1.315, 1.336, 1.309, 1.333, 1.312, 1.324, 1.317, 1.32, 1.323, 1.316, 1.32, 1.314, 1.308, 1.303, 1.322, 1.339, 1.313, 1.328, 1.332, 1.317, 1.314, 1.325, 1.329, 1.329, 1.311, 1.341, 1.32, 1.32, 1.323, 1.332, 1.346, 1.323, 1.312, 1.325, 1.327, 1.316, 1.309, 1.335, 1.334, 1.323, 1.335, 1.32, 1.309, 1.332, 1.321, 1.343, 1.305, 1.327, 1.31, 1.331, 1.332, 1.314, 1.339, 1.304, 1.327, 1.326, 1.327, 1.332, 1.325, 1.326, 1.31, 1.313, 1.318, 1.333, 1.327, 1.324, 1.296, 1.308, 1.325, 1.316, 1.319, 1.33, 1.322, 1.306, 1.316, 1.325, 1.329, 1.314, 1.331, 1.299, 1.32, 1.305, 1.312, 1.329, 1.317, 1.312, 1.313, 1.335, 1.33, 1.321, 1.305, 1.303, 1.315, 1.318, 1.348, 1.314, 1.318, 1.319, 1.312, 1.34, 1.318, 1.302, 1.327, 1.326, 1.33, 1.318, 1.308, 1.322, 1.322, 1.315, 1.314, 1.326, 1.314, 1.335, 1.329, 1.333, 1.312, 1.321, 1.316, 1.315, 1.338, 1.332, 1.324, 1.337, 1.333, 1.316, 1.305, 1.297, 1.31, 1.336, 1.319, 1.329, 1.326, 1.32, 1.316, 1.326, 1.341, 1.324, 1.305, 1.302, 1.323, 1.317, 1.307, 1.333, 1.316, 1.327]"
-1.0,15.0,1.0,0.0,0.6881,-1.4906,0.0099,"[0.659, 0.674, 0.681, 0.67, 0.671, 0.665, 0.674, 0.658, 0.648, 0.675, 0.673, 0.677, 0.673, 0.656, 0.657, 0.678, 0.657, 0.666, 0.658, 0.681, 0.654, 0.674, 0.659, 0.674, 0.674, 0.671, 0.682, 0.688, 0.63, 0.666, 0.662, 0.677, 0.678, 0.652, 0.668, 0.661, 0.674, 0.679, 0.657, 0.668, 0.658, 0.652, 0.68, 0.679, 0.658, 0.679, 0.656, 0.676, 0.658, 0.668, 0.667, 0.644, 0.665, 0.667, 0.656, 0.663, 0.679, 0.667, 0.663, 0.654, 0.66, 0.667, 0.665, 0.658, 0.661, 0.659, 0.682, 0.682, 0.668, 0.672, 0.683, 0.678, 0.66, 0.672, 0.665, 0.677, 0.645, 0.64, 0.672, 0.67, 0.673, 0.659, 0.653, 0.663, 0.65, 0.656, 0.676, 0.664, 0.662, 0.658, 0.662, 0.67, 0.673, 0.655, 0.669, 0.687, 0.66, 0.672, 0.665, 0.668, 0.676, 0.671, 0.674, 0.657, 0.662, 0.677, 0.658, 0.671, 0.678, 0.675, 0.662, 0.666, 0.671, 0.66, 0.659, 0.663, 0.68, 0.655, 0.671, 0.671, 0.685, 0.689, 0.658, 0.674, 0.662, 0.673, 0.657, 0.672, 0.686, 0.657, 0.677, 0.674, 0.681, 0.67, 0.67, 0.676, 0.689, 0.668, 0.672, 0.671, 0.656, 0.661, 0.658, 0.674, 0.666, 0.665, 0.673, 0.66, 0.667, 0.677, 0.67, 0.677, 0.651, 0.67, 0.669, 0.673, 0.655, 0.662, 0.656, 0.664]"
-1.0,15.0,1.0,3.0,0.6822,-1.0348,0.007,"[0.672, 0.678, 0.684, 0.692, 0.691, 0.693, 0.697, 0.693, 0.694, 0.712, 0.691, 0.686, 0.686, 0.681, 0.677, 0.671, 0.712, 0.678, 0.694, 0.687, 0.685, 0.689, 0.687, 0.666, 0.688, 0.693, 0.693, 0.677, 0.692, 0.677, 0.656, 0.668, 0.669, 0.702, 0.687, 0.668, 0.694, 0.695, 0.692, 0.686, 0.69, 0.677, 0.691, 0.687, 0.666, 0.679, 0.686, 0.669, 0.682, 0.677, 0.668, 0.697, 0.69, 0.68, 0.695, 0.701, 0.675, 0.699, 0.695, 0.693, 0.701, 0.709, 0.694, 0.693, 0.683, 0.68, 0.695, 0.679, 0.7, 0.68, 0.706, 0.693, 0.685, 0.674, 0.673, 0.692, 0.7, 0.671, 0.695, 0.691, 0.7, 0.694, 0.694, 0.689, 0.69, 0.684, 0.68, 0.685, 0.679, 0.682, 0.695, 0.677, 0.685, 0.672, 0.683, 0.699, 0.686, 0.675, 0.684, 0.683, 0.681, 0.69, 0.682, 0.687, 0.678, 0.693, 0.703, 0.682, 0.685, 0.689, 0.687, 0.692, 0.695, 0.672, 0.689, 0.688, 0.701, 0.687, 0.677, 0.7, 0.699, 0.697, 0.7, 0.678, 0.677, 0.691, 0.685, 0.674, 0.685, 0.696, 0.663, 0.693, 0.669, 0.685, 0.684, 0.68, 0.686, 0.702, 0.682, 0.688, 0.686, 0.686, 0.682, 0.675, 0.682, 0.704, 0.696, 0.681, 0.702, 0.669, 0.687, 0.669, 0.701, 0.677, 0.695, 0.695, 0.696, 0.685, 0.663, 0.687]"
-1.0,15.0,2.0,0.0,0.3606,-1.4985,0.012,"[0.349, 0.347, 0.362, 0.356, 0.35, 0.35, 0.352, 0.342, 0.358, 0.356, 0.345, 0.362, 0.355, 0.365, 0.372, 0.355, 0.373, 0.357, 0.367, 0.366, 0.348, 0.361, 0.362, 0.367, 0.359, 0.359, 0.348, 0.361, 0.347, 0.358, 0.361, 0.374, 0.34, 0.369, 0.371, 0.358, 0.364, 0.354, 0.345, 0.372, 0.359, 0.363, 0.338, 0.36, 0.346, 0.376, 0.363, 0.365, 0.344, 0.368, 0.36, 0.369, 0.367, 0.375, 0.358, 0.368, 0.36, 0.348, 0.363, 0.349, 0.363, 0.352, 0.357, 0.349, 0.377, 0.352, 0.358, 0.357, 0.36, 0.35, 0.359, 0.361, 0.361, 0.373, 0.365, 0.378, 0.359, 0.358, 0.349, 0.354, 0.361, 0.357, 0.373, 0.358, 0.349, 0.347, 0.378, 0.363, 0.35, 0.376, 0.355, 0.342, 0.349, 0.357, 0.356, 0.361, 0.379, 0.355, 0.359, 0.352, 0.36, 0.385, 0.345, 0.338, 0.348, 0.347, 0.362, 0.371, 0.362, 0.366, 0.361, 0.356, 0.362, 0.346, 0.383, 0.358, 0.355, 0.351, 0.359, 0.363, 0.361, 0.36, 0.353, 0.36, 0.378, 0.355, 0.37, 0.355, 0.358, 0.369, 0.334, 0.365, 0.35, 0.358, 0.361, 0.371, 0.36, 0.362, 0.348, 0.347, 0.361, 0.364, 0.37, 0.363, 0.352, 0.36, 0.353, 0.349, 0.352, 0.345, 0.349, 0.344, 0.367, 0.346, 0.352, 0.353, 0.365, 0.362, 0.362, 0.343]"
-1.0,15.0,2.0,3.0,0.3742,-0.9664,0.0037,"[0.365, 0.361, 0.346, 0.372, 0.352, 0.383, 0.349, 0.376, 0.366, 0.385, 0.352, 0.379, 0.377, 0.367, 0.379, 0.358, 0.372, 0.361, 0.367, 0.375, 0.365, 0.362, 0.364, 0.365, 0.367, 0.373, 0.369, 0.375, 0.368, 0.349, 0.366, 0.376, 0.387, 0.345, 0.365, 0.375, 0.364, 0.353, 0.365, 0.369, 0.372, 0.346, 0.374, 0.375, 0.368, 0.36, 0.383, 0.364, 0.369, 0.371, 0.375, 0.368, 0.369, 0.367, 0.354, 0.353, 0.375, 0.368, 0.368, 0.378, 0.366, 0.377, 0.358, 0.387, 0.391, 0.378, 0.38, 0.368, 0.379, 0.364, 0.381, 0.353, 0.358, 0.382, 0.362, 0.369, 0.35, 0.371, 0.358, 0.359, 0.362, 0.361, 0.367, 0.366, 0.354, 0.375, 0.361, 0.369, 0.381, 0.36, 0.377, 0.361, 0.375, 0.355, 0.371, 0.352, 0.363, 0.36, 0.371, 0.369, 0.37, 0.373, 0.366, 0.384, 0.357, 0.365, 0.369, 0.373, 0.371, 0.367, 0.369, 0.369, 0.371, 0.368, 0.368, 0.364, 0.372, 0.376, 0.352, 0.378, 0.369, 0.367, 0.377, 0.379, 0.363, 0.379, 0.37, 0.357, 0.361, 0.376, 0.368, 0.351, 0.382, 0.378, 0.375, 0.365, 0.377, 0.354, 0.355, 0.367, 0.367, 0.369, 0.345, 0.369, 0.347, 0.372, 0.347, 0.379, 0.372, 0.373, 0.368, 0.376, 0.379, 0.353, 0.35, 0.377, 0.362, 0.365, 0.373, 0.381]"
-1.0,17.5,0.5,0.0,1.3158,-1.3166,0.0043,"[1.298, 1.314, 1.286, 1.318, 1.301, 1.314, 1.302, 1.291, 1.31, 1.31, 1.298, 1.313, 1.308, 1.301, 1.31, 1.306, 1.301, 1.308, 1.302, 1.299, 1.292, 1.309, 1.299, 1.31, 1.306, 1.307, 1.315, 1.305, 1.3, 1.307, 1.311, 1.312, 1.301, 1.33, 1.295, 1.302, 1.305, 1.313, 1.311, 1.323, 1.315, 1.306, 1.317, 1.305, 1.294, 1.322, 1.305, 1.296, 1.324, 1.311, 1.312, 1.291, 1.32, 1.291, 1.323, 1.299, 1.293, 1.321, 1.286, 1.311, 1.299, 1.321, 1.301, 1.308, 1.288, 1.307, 1.32, 1.326, 1.32, 1.323, 1.307, 1.305, 1.301, 1.294, 1.311, 1.311, 1.308, 1.314, 1.294, 1.304, 1.315, 1.292, 1.298, 1.314, 1.296, 1.305, 1.291, 1.298, 1.331, 1.297, 1.31, 1.309, 1.3, 1.31, 1.282, 1.324, 1.299, 1.294, 1.296, 1.291, 1.303, 1.31, 1.299, 1.302, 1.32, 1.301, 1.312, 1.286, 1.31, 1.304, 1.305, 1.289, 1.308, 1.307, 1.311, 1.319, 1.291, 1.307, 1.298, 1.324, 1.303, 1.317, 1.298, 1.303, 1.288, 1.313, 1.288, 1.305, 1.314, 1.308, 1.284, 1.302, 1.318, 1.311, 1.303, 1.295, 1.31, 1.301, 1.296, 1.303, 1.312, 1.299, 1.305, 1.302, 1.293, 1.302, 1.306, 1.307, 1.316, 1.308, 1.295, 1.312, 1.299, 1.296, 1.322, 1.309, 1.303, 1.3, 1.314, 1.32]"
-1.0,17.5,0.5,3.0,1.3234,-0.8643,0.0064,"[1.307, 1.318, 1.328, 1.318, 1.315, 1.32, 1.31, 1.304, 1.321, 1.327, 1.324, 1.342, 1.331, 1.327, 1.332, 1.301, 1.305, 1.326, 1.336, 1.305, 1.306, 1.33, 1.322, 1.324, 1.317, 1.313, 1.317, 1.321, 1.308, 1.308, 1.318, 1.34, 1.311, 1.324, 1.32, 1.311, 1.319, 1.322, 1.325, 1.318, 1.331, 1.317, 1.311, 1.342, 1.323, 1.313, 1.336, 1.306, 1.325, 1.305, 1.3, 1.316, 1.308, 1.342, 1.316, 1.318, 1.321, 1.323, 1.323, 1.33, 1.332, 1.321, 1.325, 1.334, 1.32, 1.318, 1.317, 1.314, 1.326, 1.336, 1.318, 1.329, 1.333, 1.336, 1.33, 1.326, 1.318, 1.315, 1.324, 1.327, 1.306, 1.33, 1.311, 1.331, 1.321, 1.327, 1.331, 1.327, 1.317, 1.337, 1.32, 1.315, 1.327, 1.315, 1.309, 1.316, 1.322, 1.315, 1.319, 1.3, 1.335, 1.323, 1.315, 1.336, 1.308, 1.313, 1.317, 1.315, 1.318, 1.328, 1.332, 1.332, 1.336, 1.315, 1.327, 1.315, 1.315, 1.307, 1.338, 1.335, 1.345, 1.331, 1.327, 1.318, 1.334, 1.327, 1.31, 1.324, 1.309, 1.326, 1.332, 1.319, 1.315, 1.342, 1.325, 1.328, 1.326, 1.332, 1.33, 1.32, 1.306, 1.317, 1.323, 1.333, 1.338, 1.32, 1.342, 1.328, 1.325, 1.325, 1.33, 1.323, 1.323, 1.332, 1.334, 1.323, 1.322, 1.315, 1.319, 1.334]"
-1.0,17.5,1.0,0.0,0.6702,-1.2823,0.0099,"[0.681, 0.684, 0.695, 0.659, 0.688, 0.679, 0.679, 0.659, 0.663, 0.683, 0.693, 0.68, 0.693, 0.65, 0.661, 0.66, 0.689, 0.683, 0.678, 0.688, 0.675, 0.691, 0.694, 0.66, 0.685, 0.685, 0.667, 0.663, 0.677, 0.681, 0.685, 0.691, 0.679, 0.68, 0.702, 0.681, 0.672, 0.685, 0.673, 0.673, 0.667, 0.681, 0.692, 0.683, 0.685, 0.685, 0.693, 0.671, 0.672, 0.682, 0.678, 0.67, 0.68, 0.657, 0.688, 0.67, 0.658, 0.688, 0.679, 0.683, 0.696, 0.688, 0.691, 0.682, 0.7, 0.683, 0.664, 0.662, 0.687, 0.669, 0.68, 0.684, 0.675, 0.667, 0.667, 0.675, 0.683, 0.666, 0.699, 0.683, 0.682, 0.677, 0.679, 0.682, 0.679, 0.692, 0.691, 0.68, 0.671, 0.669, 0.678, 0.676, 0.684, 0.695, 0.681, 0.671, 0.666, 0.677, 0.681, 0.668, 0.678, 0.691, 0.674, 0.676, 0.686, 0.694, 0.685, 0.664, 0.693, 0.672, 0.673, 0.665, 0.673, 0.681, 0.666, 0.676, 0.662, 0.684, 0.673, 0.68, 0.672, 0.68, 0.67, 0.667, 0.679, 0.691, 0.661, 0.667, 0.688, 0.678, 0.679, 0.699, 0.674, 0.668, 0.669, 0.689, 0.66, 0.667, 0.673, 0.662, 0.668, 0.689, 0.667, 0.659, 0.677, 0.656, 0.69, 0.672, 0.672, 0.676, 0.685, 0.672, 0.654, 0.669, 0.684, 0.665, 0.673, 0.678, 0.669, 0.681]"
-1.0,17.5,1.0,3.0,0.687,-0.8872,0.013,"[0.685, 0.701, 0.689, 0.689, 0.692, 0.688, 0.693, 0.689, 0.69, 0.704, 0.701, 0.674, 0.686, 0.685, 0.668, 0.703, 0.677, 0.695, 0.671, 0.684, 0.683, 0.694, 0.687, 0.694, 0.687, 0.68, 0.678, 0.694, 0.676, 0.685, 0.674, 0.687, 0.691, 0.684, 0.667, 0.694, 0.682, 0.705, 0.691, 0.695, 0.666, 0.68, 0.692, 0.686, 0.67, 0.675, 0.687, 0.685, 0.666, 0.702, 0.686, 0.695, 0.699, 0.679, 0.688, 0.681, 0.694, 0.695, 0.679, 0.679, 0.676, 0.692, 0.682, 0.674, 0.69, 0.674, 0.677, 0.684, 0.688, 0.688, 0.69, 0.676, 0.695, 0.685, 0.693, 0.681, 0.669, 0.701, 0.673, 0.678, 0.695, 0.695, 0.692, 0.664, 0.679, 0.683, 0.678, 0.677, 0.697, 0.696, 0.678, 0.687, 0.674, 0.698, 0.678, 0.677, 0.702, 0.691, 0.668, 0.682, 0.684, 0.667, 0.67, 0.684, 0.696, 0.699, 0.707, 0.688, 0.683, 0.692, 0.689, 0.678, 0.689, 0.688, 0.704, 0.682, 0.685, 0.673, 0.669, 0.684, 0.701, 0.683, 0.685, 0.694, 0.696, 0.682, 0.689, 0.683, 0.675, 0.674, 0.693, 0.695, 0.671, 0.69, 0.699, 0.695, 0.679, 0.689, 0.688, 0.678, 0.7, 0.691, 0.708, 0.678, 0.688, 0.697, 0.665, 0.689, 0.667, 0.669, 0.682, 0.696, 0.683, 0.677, 0.69, 0.692, 0.691, 0.669, 0.69, 0.697]"
-1.0,17.5,2.0,0.0,0.3709,-1.3119,0.0085,"[0.353, 0.363, 0.353, 0.361, 0.354, 0.364, 0.38, 0.361, 0.365, 0.379, 0.357, 0.36, 0.363, 0.36, 0.377, 0.354, 0.361, 0.376, 0.365, 0.357, 0.359, 0.368, 0.348, 0.377, 0.364, 0.369, 0.361, 0.363, 0.366, 0.368, 0.38, 0.369, 0.368, 0.362, 0.372, 0.36, 0.368, 0.365, 0.352, 0.371, 0.356, 0.388, 0.368, 0.369, 0.347, 0.383, 0.353, 0.342, 0.366, 0.344, 0.365, 0.361, 0.346, 0.36, 0.366, 0.376, 0.356, 0.375, 0.373, 0.36, 0.357, 0.353, 0.366, 0.358, 0.362, 0.368, 0.373, 0.365, 0.355, 0.355, 0.351, 0.377, 0.363, 0.374, 0.379, 0.351, 0.382, 0.373, 0.372, 0.372, 0.373, 0.365, 0.353, 0.365, 0.348, 0.354, 0.353, 0.358, 0.36, 0.345, 0.356, 0.364, 0.349, 0.358, 0.367, 0.345, 0.358, 0.364, 0.374, 0.379, 0.369, 0.381, 0.385, 0.369, 0.357, 0.362, 0.364, 0.37, 0.347, 0.361, 0.367, 0.367, 0.364, 0.352, 0.364, 0.355, 0.353, 0.382, 0.345, 0.364, 0.371, 0.373, 0.366, 0.363, 0.375, 0.364, 0.375, 0.376, 0.362, 0.376, 0.351, 0.372, 0.345, 0.375, 0.388, 0.366, 0.366, 0.381, 0.363, 0.339, 0.367, 0.355, 0.363, 0.353, 0.379, 0.369, 0.36, 0.37, 0.363, 0.38, 0.369, 0.378, 0.358, 0.366, 0.375, 0.366, 0.341, 0.361, 0.354, 0.376]"
-1.0,17.5,2.0,3.0,0.3661,-0.9529,0.0011,"[0.359, 0.355, 0.365, 0.367, 0.378, 0.365, 0.359, 0.378, 0.358, 0.38, 0.394, 0.363, 0.343, 0.37, 0.372, 0.368, 0.377, 0.368, 0.358, 0.359, 0.364, 0.366, 0.363, 0.367, 0.357, 0.386, 0.364, 0.358, 0.371, 0.363, 0.365, 0.37, 0.369, 0.356, 0.375, 0.367, 0.363, 0.383, 0.373, 0.358, 0.362, 0.363, 0.377, 0.361, 0.362, 0.357, 0.376, 0.366, 0.358, 0.348, 0.365, 0.36, 0.364, 0.379, 0.383, 0.359, 0.358, 0.368, 0.374, 0.376, 0.384, 0.369, 0.367, 0.363, 0.359, 0.372, 0.389, 0.369, 0.388, 0.381, 0.346, 0.375, 0.348, 0.375, 0.363, 0.369, 0.36, 0.374, 0.39, 0.393, 0.36, 0.367, 0.378, 0.37, 0.363, 0.378, 0.364, 0.372, 0.375, 0.371, 0.361, 0.368, 0.375, 0.365, 0.371, 0.374, 0.377, 0.367, 0.361, 0.372, 0.365, 0.357, 0.354, 0.372, 0.354, 0.382, 0.362, 0.352, 0.384, 0.367, 0.37, 0.359, 0.38, 0.366, 0.348, 0.365, 0.374, 0.36, 0.354, 0.365, 0.388, 0.382, 0.381, 0.378, 0.366, 0.363, 0.371, 0.376, 0.356, 0.366, 0.382, 0.375, 0.378, 0.343, 0.371, 0.369, 0.356, 0.372, 0.38, 0.365, 0.373, 0.364, 0.372, 0.349, 0.36, 0.361, 0.366, 0.358, 0.375, 0.381, 0.373, 0.372, 0.37, 0.38, 0.356, 0.346, 0.355, 0.362, 0.37, 0.376]"
-1.0,20.0,0.5,0.0,1.3014,-1.2563,0.0191,"[1.324, 1.313, 1.309, 1.325, 1.334, 1.317, 1.307, 1.307, 1.331, 1.322, 1.319, 1.32, 1.311, 1.323, 1.326, 1.317, 1.311, 1.313, 1.314, 1.325, 1.324, 1.317, 1.319, 1.315, 1.289, 1.308, 1.313, 1.316, 1.296, 1.326, 1.304, 1.32, 1.311, 1.319, 1.299, 1.309, 1.328, 1.309, 1.3, 1.317, 1.314, 1.309, 1.323, 1.309, 1.307, 1.321, 1.308, 1.307, 1.344, 1.324, 1.332, 1.315, 1.308, 1.303, 1.313, 1.295, 1.293, 1.31, 1.312, 1.312, 1.321, 1.308, 1.32, 1.315, 1.312, 1.303, 1.336, 1.331, 1.312, 1.326, 1.32, 1.325, 1.308, 1.328, 1.3, 1.294, 1.312, 1.309, 1.321, 1.298, 1.316, 1.308, 1.33, 1.299, 1.329, 1.326, 1.314, 1.32, 1.323, 1.314, 1.324, 1.31, 1.324, 1.31, 1.312, 1.323, 1.302, 1.328, 1.312, 1.32, 1.315, 1.32, 1.31, 1.319, 1.311, 1.342, 1.307, 1.323, 1.305, 1.304, 1.321, 1.282, 1.302, 1.305, 1.32, 1.311, 1.298, 1.312, 1.313, 1.318, 1.297, 1.314, 1.316, 1.318, 1.32, 1.318, 1.324, 1.327, 1.301, 1.317, 1.321, 1.31, 1.31, 1.339, 1.312, 1.325, 1.326, 1.328, 1.329, 1.317, 1.316, 1.314, 1.317, 1.315, 1.313, 1.301, 1.322, 1.308, 1.317, 1.31, 1.304, 1.306, 1.325, 1.3, 1.313, 1.321, 1.31, 1.309, 1.311, 1.308]"
-1.0,20.0,0.5,3.0,1.3182,-0.8542,0.0012,"[1.321, 1.331, 1.323, 1.327, 1.323, 1.319, 1.321, 1.333, 1.33, 1.328, 1.336, 1.332, 1.317, 1.316, 1.329, 1.326, 1.333, 1.323, 1.327, 1.335, 1.311, 1.319, 1.334, 1.322, 1.325, 1.318, 1.327, 1.323, 1.319, 1.329, 1.317, 1.328, 1.327, 1.326, 1.332, 1.346, 1.311, 1.315, 1.32, 1.317, 1.31, 1.313, 1.338, 1.313, 1.33, 1.318, 1.324, 1.319, 1.317, 1.32, 1.336, 1.322, 1.322, 1.326, 1.338, 1.32, 1.317, 1.317, 1.326, 1.313, 1.311, 1.318, 1.325, 1.313, 1.334, 1.33, 1.325, 1.332, 1.323, 1.34, 1.312, 1.305, 1.31, 1.325, 1.33, 1.332, 1.341, 1.318, 1.325, 1.3, 1.312, 1.332, 1.32, 1.323, 1.317, 1.317, 1.319, 1.337, 1.338, 1.317, 1.333, 1.336, 1.32, 1.307, 1.336, 1.311, 1.307, 1.328, 1.317, 1.336, 1.311, 1.318, 1.322, 1.335, 1.315, 1.32, 1.291, 1.323, 1.3, 1.336, 1.324, 1.339, 1.317, 1.324, 1.31, 1.321, 1.325, 1.32, 1.33, 1.313, 1.343, 1.326, 1.309, 1.323, 1.317, 1.328, 1.306, 1.322, 1.341, 1.326, 1.304, 1.325, 1.321, 1.331, 1.327, 1.327, 1.318, 1.304, 1.325, 1.312, 1.331, 1.313, 1.35, 1.312, 1.325, 1.303, 1.342, 1.313, 1.326, 1.328, 1.331, 1.328, 1.321, 1.332, 1.323, 1.306, 1.314, 1.334, 1.331, 1.307]"
-1.0,20.0,1.0,0.0,0.6855,-1.2298,0.0204,"[0.679, 0.683, 0.692, 0.683, 0.677, 0.689, 0.685, 0.675, 0.674, 0.681, 0.675, 0.671, 0.691, 0.698, 0.7, 0.681, 0.687, 0.676, 0.681, 0.673, 0.693, 0.68, 0.692, 0.69, 0.685, 0.686, 0.673, 0.673, 0.663, 0.674, 0.674, 0.69, 0.691, 0.681, 0.687, 0.672, 0.679, 0.667, 0.68, 0.68, 0.67, 0.689, 0.675, 0.662, 0.673, 0.688, 0.666, 0.683, 0.674, 0.675, 0.674, 0.677, 0.676, 0.691, 0.689, 0.691, 0.682, 0.681, 0.684, 0.687, 0.682, 0.681, 0.693, 0.682, 0.684, 0.692, 0.701, 0.675, 0.68, 0.691, 0.686, 0.68, 0.705, 0.691, 0.677, 0.674, 0.685, 0.686, 0.68, 0.683, 0.686, 0.681, 0.682, 0.672, 0.695, 0.673, 0.696, 0.695, 0.679, 0.697, 0.686, 0.676, 0.688, 0.677, 0.679, 0.679, 0.687, 0.685, 0.693, 0.697, 0.687, 0.693, 0.684, 0.676, 0.683, 0.686, 0.697, 0.674, 0.681, 0.684, 0.69, 0.68, 0.678, 0.674, 0.677, 0.704, 0.681, 0.698, 0.685, 0.678, 0.697, 0.693, 0.682, 0.672, 0.686, 0.695, 0.693, 0.685, 0.692, 0.677, 0.69, 0.686, 0.684, 0.705, 0.686, 0.667, 0.691, 0.709, 0.672, 0.685, 0.682, 0.688, 0.678, 0.686, 0.67, 0.694, 0.68, 0.704, 0.695, 0.678, 0.693, 0.694, 0.672, 0.674, 0.678, 0.662, 0.686, 0.694, 0.686, 0.69]"
-1.0,20.0,1.0,3.0,0.6728,-0.8184,0.0015,"[0.695, 0.689, 0.686, 0.68, 0.677, 0.687, 0.69, 0.677, 0.698, 0.679, 0.687, 0.694, 0.677, 0.666, 0.683, 0.688, 0.696, 0.684, 0.69, 0.701, 0.679, 0.691, 0.698, 0.679, 0.68, 0.689, 0.676, 0.674, 0.683, 0.677, 0.682, 0.686, 0.701, 0.692, 0.688, 0.673, 0.668, 0.682, 0.693, 0.705, 0.689, 0.702, 0.678, 0.688, 0.672, 0.68, 0.698, 0.681, 0.678, 0.676, 0.695, 0.693, 0.687, 0.687, 0.672, 0.679, 0.694, 0.688, 0.688, 0.693, 0.682, 0.702, 0.672, 0.694, 0.693, 0.69, 0.662, 0.691, 0.68, 0.701, 0.677, 0.693, 0.681, 0.67, 0.685, 0.693, 0.684, 0.687, 0.69, 0.692, 0.677, 0.703, 0.68, 0.691, 0.7, 0.678, 0.69, 0.68, 0.675, 0.7, 0.687, 0.684, 0.683, 0.682, 0.669, 0.699, 0.693, 0.667, 0.688, 0.692, 0.688, 0.693, 0.696, 0.686, 0.689, 0.68, 0.71, 0.705, 0.679, 0.686, 0.678, 0.7, 0.691, 0.686, 0.695, 0.68, 0.682, 0.679, 0.698, 0.679, 0.677, 0.696, 0.663, 0.688, 0.69, 0.692, 0.674, 0.694, 0.665, 0.682, 0.684, 0.702, 0.685, 0.701, 0.692, 0.712, 0.682, 0.684, 0.699, 0.696, 0.695, 0.693, 0.687, 0.672, 0.673, 0.69, 0.674, 0.693, 0.685, 0.699, 0.693, 0.679, 0.695, 0.693, 0.688, 0.695, 0.679, 0.681, 0.677, 0.666]"
-1.0,20.0,2.0,0.0,0.3771,-1.2922,0.0029,"[0.375, 0.351, 0.357, 0.363, 0.365, 0.373, 0.351, 0.383, 0.363, 0.381, 0.374, 0.354, 0.359, 0.343, 0.355, 0.364, 0.36, 0.354, 0.361, 0.358, 0.357, 0.368, 0.348, 0.374, 0.365, 0.37, 0.363, 0.362, 0.349, 0.393, 0.373, 0.365, 0.371, 0.364, 0.355, 0.355, 0.382, 0.364, 0.375, 0.374, 0.364, 0.365, 0.359, 0.367, 0.375, 0.377, 0.352, 0.363, 0.355, 0.38, 0.366, 0.37, 0.366, 0.359, 0.385, 0.378, 0.37, 0.356, 0.363, 0.368, 0.362, 0.357, 0.365, 0.361, 0.349, 0.349, 0.368, 0.366, 0.372, 0.379, 0.35, 0.358, 0.349, 0.384, 0.365, 0.351, 0.367, 0.355, 0.375, 0.359, 0.363, 0.35, 0.36, 0.363, 0.367, 0.385, 0.335, 0.372, 0.36, 0.363, 0.358, 0.36, 0.35, 0.375, 0.362, 0.384, 0.375, 0.374, 0.391, 0.361, 0.374, 0.348, 0.371, 0.372, 0.375, 0.358, 0.37, 0.361, 0.362, 0.363, 0.367, 0.368, 0.378, 0.377, 0.365, 0.373, 0.368, 0.359, 0.365, 0.371, 0.376, 0.37, 0.375, 0.376, 0.373, 0.365, 0.365, 0.359, 0.371, 0.352, 0.383, 0.365, 0.354, 0.375, 0.36, 0.368, 0.356, 0.359, 0.379, 0.364, 0.371, 0.366, 0.365, 0.36, 0.354, 0.371, 0.367, 0.361, 0.363, 0.378, 0.374, 0.368, 0.358, 0.37, 0.359, 0.362, 0.38, 0.356, 0.36, 0.373]"
-1.0,20.0,2.0,3.0,0.3754,-0.7579,0.0079,"[0.383, 0.383, 0.363, 0.367, 0.371, 0.377, 0.364, 0.365, 0.403, 0.379, 0.374, 0.363, 0.371, 0.367, 0.364, 0.362, 0.361, 0.368, 0.356, 0.348, 0.36, 0.369, 0.355, 0.352, 0.357, 0.371, 0.37, 0.359, 0.36, 0.368, 0.369, 0.364, 0.38, 0.365, 0.378, 0.378, 0.352, 0.376, 0.377, 0.375, 0.354, 0.364, 0.363, 0.383, 0.381, 0.362, 0.365, 0.353, 0.367, 0.386, 0.349, 0.351, 0.36, 0.369, 0.369, 0.36, 0.374, 0.37, 0.381, 0.367, 0.364, 0.377, 0.384, 0.353, 0.379, 0.354, 0.382, 0.351, 0.375, 0.374, 0.367, 0.375, 0.376, 0.373, 0.359, 0.359, 0.375, 0.356, 0.347, 0.362, 0.359, 0.375, 0.371, 0.38, 0.38, 0.376, 0.357, 0.377, 0.391, 0.369, 0.376, 0.365, 0.342, 0.362, 0.382, 0.365, 0.378, 0.383, 0.363, 0.362, 0.363, 0.356, 0.367, 0.351, 0.343, 0.372, 0.363, 0.361, 0.377, 0.37, 0.356, 0.371, 0.38, 0.378, 0.379, 0.369, 0.364, 0.378, 0.387, 0.366, 0.363, 0.385, 0.367, 0.364, 0.363, 0.374, 0.368, 0.364, 0.367, 0.366, 0.364, 0.372, 0.37, 0.372, 0.378, 0.356, 0.353, 0.36, 0.368, 0.37, 0.361, 0.367, 0.361, 0.353, 0.355, 0.374, 0.351, 0.379, 0.369, 0.359, 0.366, 0.358, 0.384, 0.364, 0.357, 0.395, 0.367, 0.375, 0.37, 0.371]"
-1.0,22.5,0.5,0.0,1.311,-1.0801,0.0151,"[1.318, 1.319, 1.316, 1.333, 1.332, 1.295, 1.326, 1.324, 1.325, 1.324, 1.315, 1.335, 1.292, 1.3, 1.307, 1.322, 1.311, 1.32, 1.311, 1.309, 1.323, 1.324, 1.341, 1.322, 1.315, 1.315, 1.299, 1.325, 1.321, 1.318, 1.32, 1.309, 1.297, 1.317, 1.316, 1.322, 1.32, 1.32, 1.313, 1.339, 1.331, 1.31, 1.333, 1.323, 1.304, 1.331, 1.315, 1.315, 1.317, 1.321, 1.317, 1.329, 1.336, 1.316, 1.304, 1.315, 1.31, 1.314, 1.305, 1.324, 1.305, 1.308, 1.335, 1.304, 1.307, 1.334, 1.318, 1.308, 1.309, 1.346, 1.327, 1.322, 1.328, 1.316, 1.321, 1.324, 1.313, 1.32, 1.335, 1.308, 1.314, 1.313, 1.327, 1.33, 1.304, 1.316, 1.312, 1.324, 1.319, 1.328, 1.338, 1.298, 1.298, 1.319, 1.323, 1.311, 1.32, 1.322, 1.306, 1.322, 1.326, 1.319, 1.304, 1.31, 1.324, 1.337, 1.323, 1.316, 1.321, 1.316, 1.323, 1.324, 1.303, 1.332, 1.337, 1.307, 1.312, 1.326, 1.316, 1.308, 1.303, 1.318, 1.306, 1.325, 1.319, 1.337, 1.331, 1.319, 1.331, 1.313, 1.312, 1.332, 1.338, 1.33, 1.307, 1.307, 1.326, 1.31, 1.311, 1.318, 1.313, 1.338, 1.336, 1.336, 1.316, 1.337, 1.318, 1.327, 1.327, 1.313, 1.327, 1.317, 1.325, 1.312, 1.325, 1.326, 1.327, 1.34, 1.333, 1.312]"
-1.0,22.5,0.5,3.0,1.3216,-0.7529,0.0031,"[1.301, 1.327, 1.304, 1.328, 1.333, 1.324, 1.323, 1.321, 1.329, 1.329, 1.333, 1.327, 1.312, 1.305, 1.314, 1.321, 1.339, 1.331, 1.342, 1.33, 1.335, 1.305, 1.308, 1.337, 1.325, 1.322, 1.305, 1.33, 1.321, 1.302, 1.33, 1.322, 1.321, 1.331, 1.316, 1.31, 1.317, 1.332, 1.312, 1.324, 1.334, 1.324, 1.317, 1.329, 1.323, 1.32, 1.317, 1.324, 1.331, 1.318, 1.321, 1.332, 1.322, 1.322, 1.31, 1.324, 1.328, 1.32, 1.325, 1.319, 1.308, 1.303, 1.332, 1.342, 1.337, 1.315, 1.332, 1.317, 1.315, 1.336, 1.316, 1.32, 1.32, 1.316, 1.338, 1.337, 1.308, 1.328, 1.322, 1.316, 1.319, 1.325, 1.324, 1.329, 1.33, 1.308, 1.322, 1.321, 1.332, 1.3, 1.341, 1.323, 1.326, 1.304, 1.32, 1.312, 1.333, 1.318, 1.322, 1.316, 1.313, 1.33, 1.313, 1.325, 1.318, 1.327, 1.332, 1.324, 1.332, 1.332, 1.326, 1.325, 1.315, 1.316, 1.326, 1.315, 1.318, 1.33, 1.333, 1.295, 1.322, 1.331, 1.319, 1.329, 1.328, 1.322, 1.318, 1.312, 1.308, 1.325, 1.307, 1.33, 1.332, 1.332, 1.317, 1.334, 1.296, 1.317, 1.303, 1.326, 1.316, 1.313, 1.306, 1.325, 1.321, 1.315, 1.328, 1.316, 1.328, 1.308, 1.339, 1.34, 1.317, 1.336, 1.317, 1.327, 1.302, 1.316, 1.331, 1.341]"
-1.0,22.5,1.0,0.0,0.6656,-1.2088,0.0096,"[0.67, 0.675, 0.68, 0.689, 0.675, 0.68, 0.686, 0.691, 0.671, 0.679, 0.685, 0.687, 0.687, 0.687, 0.682, 0.694, 0.691, 0.696, 0.678, 0.672, 0.682, 0.685, 0.687, 0.666, 0.675, 0.677, 0.687, 0.671, 0.689, 0.671, 0.676, 0.673, 0.686, 0.691, 0.704, 0.687, 0.682, 0.679, 0.686, 0.706, 0.676, 0.701, 0.691, 0.677, 0.685, 0.667, 0.689, 0.673, 0.685, 0.683, 0.688, 0.68, 0.688, 0.68, 0.681, 0.689, 0.67, 0.686, 0.677, 0.678, 0.67, 0.669, 0.68, 0.683, 0.687, 0.683, 0.688, 0.68, 0.68, 0.699, 0.691, 0.678, 0.681, 0.675, 0.697, 0.684, 0.671, 0.682, 0.671, 0.68, 0.683, 0.68, 0.686, 0.686, 0.688, 0.69, 0.695, 0.688, 0.674, 0.698, 0.705, 0.675, 0.676, 0.695, 0.694, 0.679, 0.669, 0.667, 0.677, 0.697, 0.685, 0.68, 0.699, 0.688, 0.68, 0.672, 0.675, 0.699, 0.682, 0.668, 0.68, 0.687, 0.684, 0.698, 0.694, 0.674, 0.678, 0.686, 0.689, 0.676, 0.691, 0.68, 0.69, 0.684, 0.684, 0.687, 0.687, 0.686, 0.684, 0.693, 0.706, 0.694, 0.679, 0.694, 0.69, 0.694, 0.689, 0.687, 0.662, 0.679, 0.693, 0.696, 0.672, 0.674, 0.692, 0.681, 0.687, 0.688, 0.694, 0.699, 0.675, 0.678, 0.695, 0.684, 0.688, 0.673, 0.682, 0.693, 0.688, 0.684]"
-1.0,22.5,1.0,3.0,0.6986,-0.7433,0.0135,"[0.691, 0.69, 0.697, 0.691, 0.678, 0.689, 0.69, 0.688, 0.691, 0.685, 0.683, 0.686, 0.696, 0.703, 0.687, 0.694, 0.692, 0.707, 0.704, 0.688, 0.683, 0.666, 0.688, 0.689, 0.688, 0.689, 0.693, 0.686, 0.676, 0.692, 0.686, 0.682, 0.707, 0.688, 0.681, 0.691, 0.709, 0.692, 0.682, 0.712, 0.692, 0.691, 0.679, 0.686, 0.695, 0.694, 0.665, 0.683, 0.689, 0.673, 0.67, 0.697, 0.687, 0.683, 0.684, 0.692, 0.692, 0.695, 0.69, 0.694, 0.696, 0.7, 0.689, 0.687, 0.7, 0.678, 0.68, 0.693, 0.695, 0.679, 0.691, 0.685, 0.683, 0.688, 0.695, 0.698, 0.699, 0.69, 0.682, 0.685, 0.685, 0.675, 0.676, 0.663, 0.682, 0.678, 0.689, 0.683, 0.701, 0.693, 0.655, 0.676, 0.683, 0.682, 0.682, 0.671, 0.69, 0.682, 0.676, 0.676, 0.685, 0.709, 0.682, 0.694, 0.697, 0.681, 0.688, 0.675, 0.663, 0.687, 0.686, 0.679, 0.698, 0.69, 0.666, 0.681, 0.688, 0.692, 0.69, 0.689, 0.694, 0.671, 0.685, 0.678, 0.702, 0.691, 0.691, 0.693, 0.685, 0.677, 0.686, 0.691, 0.707, 0.7, 0.678, 0.693, 0.695, 0.674, 0.682, 0.684, 0.674, 0.682, 0.685, 0.695, 0.683, 0.68, 0.682, 0.699, 0.694, 0.672, 0.688, 0.679, 0.671, 0.685, 0.702, 0.691, 0.682, 0.696, 0.693, 0.683]"
-1.0,22.5,2.0,0.0,0.3679,-1.1628,0.011,"[0.373, 0.369, 0.364, 0.347, 0.359, 0.367, 0.36, 0.358, 0.37, 0.354, 0.367, 0.356, 0.356, 0.38, 0.356, 0.345, 0.386, 0.361, 0.357, 0.375, 0.361, 0.363, 0.366, 0.372, 0.372, 0.381, 0.38, 0.368, 0.381, 0.378, 0.362, 0.377, 0.395, 0.363, 0.368, 0.343, 0.371, 0.374, 0.37, 0.372, 0.377, 0.36, 0.358, 0.374, 0.373, 0.362, 0.37, 0.365, 0.377, 0.374, 0.371, 0.361, 0.357, 0.374, 0.394, 0.369, 0.356, 0.385, 0.383, 0.382, 0.364, 0.364, 0.362, 0.363, 0.369, 0.365, 0.368, 0.371, 0.364, 0.354, 0.357, 0.367, 0.369, 0.352, 0.365, 0.372, 0.376, 0.372, 0.377, 0.374, 0.351, 0.365, 0.374, 0.357, 0.374, 0.351, 0.381, 0.369, 0.355, 0.358, 0.37, 0.363, 0.385, 0.364, 0.369, 0.383, 0.372, 0.363, 0.363, 0.378, 0.383, 0.36, 0.361, 0.362, 0.37, 0.386, 0.376, 0.369, 0.37, 0.373, 0.351, 0.371, 0.392, 0.361, 0.344, 0.384, 0.362, 0.369, 0.375, 0.376, 0.384, 0.373, 0.372, 0.378, 0.353, 0.384, 0.333, 0.368, 0.37, 0.374, 0.34, 0.354, 0.374, 0.382, 0.363, 0.362, 0.363, 0.378, 0.383, 0.367, 0.37, 0.362, 0.367, 0.372, 0.377, 0.36, 0.375, 0.357, 0.344, 0.378, 0.371, 0.384, 0.357, 0.377, 0.364, 0.379, 0.369, 0.365, 0.359, 0.372]"
-1.0,22.5,2.0,3.0,0.3715,-0.7523,0.0041,"[0.375, 0.35, 0.362, 0.374, 0.362, 0.357, 0.355, 0.357, 0.373, 0.365, 0.352, 0.36, 0.363, 0.372, 0.356, 0.349, 0.37, 0.371, 0.382, 0.38, 0.361, 0.375, 0.375, 0.359, 0.37, 0.365, 0.367, 0.364, 0.383, 0.378, 0.379, 0.382, 0.362, 0.366, 0.374, 0.359, 0.38, 0.362, 0.348, 0.364, 0.364, 0.372, 0.343, 0.37, 0.37, 0.384, 0.364, 0.371, 0.366, 0.368, 0.362, 0.392, 0.365, 0.368, 0.379, 0.362, 0.385, 0.372, 0.373, 0.37, 0.37, 0.366, 0.378, 0.353, 0.378, 0.373, 0.39, 0.378, 0.358, 0.372, 0.386, 0.368, 0.362, 0.379, 0.369, 0.363, 0.355, 0.374, 0.354, 0.378, 0.373, 0.358, 0.381, 0.367, 0.361, 0.356, 0.358, 0.372, 0.366, 0.367, 0.366, 0.389, 0.381, 0.387, 0.364, 0.377, 0.362, 0.345, 0.358, 0.385, 0.373, 0.381, 0.357, 0.369, 0.367, 0.348, 0.383, 0.376, 0.363, 0.383, 0.354, 0.37, 0.367, 0.365, 0.381, 0.369, 0.358, 0.372, 0.362, 0.366, 0.377, 0.361, 0.372, 0.364, 0.371, 0.373, 0.389, 0.376, 0.383, 0.367, 0.36, 0.361, 0.375, 0.389, 0.368, 0.385, 0.353, 0.373, 0.367, 0.365, 0.368, 0.363, 0.37, 0.371, 0.376, 0.369, 0.369, 0.37, 0.365, 0.362, 0.368, 0.354, 0.361, 0.353, 0.362, 0.37, 0.357, 0.366, 0.371, 0.371]"
-1.0,25.0,0.5,0.0,1.3256,-1.0256,0.008,"[1.32, 1.338, 1.322, 1.328, 1.319, 1.318, 1.314, 1.291, 1.311, 1.332, 1.321, 1.331, 1.335, 1.315, 1.33, 1.307, 1.312, 1.322, 1.324, 1.324, 1.34, 1.337, 1.325, 1.321, 1.335, 1.316, 1.326, 1.306, 1.323, 1.345, 1.333, 1.324, 1.329, 1.305, 1.328, 1.323, 1.334, 1.326, 1.31, 1.338, 1.32, 1.34, 1.32, 1.312, 1.31, 1.307, 1.329, 1.317, 1.329, 1.313, 1.327, 1.319, 1.321, 1.328, 1.333, 1.327, 1.337, 1.305, 1.312, 1.316, 1.327, 1.306, 1.311, 1.325, 1.316, 1.303, 1.325, 1.319, 1.308, 1.323, 1.292, 1.312, 1.339, 1.33, 1.32, 1.326, 1.308, 1.337, 1.323, 1.322, 1.323, 1.322, 1.321, 1.335, 1.326, 1.316, 1.32, 1.334, 1.335, 1.308, 1.323, 1.306, 1.324, 1.315, 1.308, 1.335, 1.333, 1.314, 1.326, 1.32, 1.319, 1.33, 1.325, 1.321, 1.345, 1.321, 1.32, 1.303, 1.344, 1.309, 1.334, 1.311, 1.321, 1.328, 1.345, 1.313, 1.336, 1.315, 1.325, 1.31, 1.323, 1.327, 1.33, 1.33, 1.321, 1.317, 1.332, 1.336, 1.31, 1.32, 1.316, 1.325, 1.315, 1.323, 1.331, 1.304, 1.316, 1.322, 1.313, 1.326, 1.311, 1.325, 1.321, 1.313, 1.308, 1.325, 1.341, 1.329, 1.328, 1.317, 1.321, 1.311, 1.313, 1.327, 1.31, 1.32, 1.313, 1.319, 1.312, 1.302]"
-1.0,25.0,0.5,3.0,1.3242,-0.5039,0.005,"[1.338, 1.328, 1.331, 1.331, 1.341, 1.315, 1.32, 1.318, 1.324, 1.316, 1.313, 1.318, 1.314, 1.316, 1.306, 1.344, 1.315, 1.334, 1.333, 1.324, 1.314, 1.334, 1.333, 1.332, 1.332, 1.328, 1.33, 1.333, 1.317, 1.322, 1.31, 1.338, 1.328, 1.31, 1.3, 1.324, 1.321, 1.318, 1.326, 1.333, 1.335, 1.337, 1.324, 1.34, 1.319, 1.326, 1.328, 1.331, 1.312, 1.331, 1.329, 1.309, 1.325, 1.321, 1.342, 1.327, 1.32, 1.318, 1.333, 1.326, 1.325, 1.33, 1.324, 1.336, 1.321, 1.313, 1.32, 1.323, 1.325, 1.326, 1.326, 1.317, 1.309, 1.304, 1.33, 1.3, 1.326, 1.328, 1.329, 1.328, 1.322, 1.31, 1.317, 1.337, 1.328, 1.312, 1.314, 1.343, 1.311, 1.323, 1.325, 1.333, 1.333, 1.329, 1.324, 1.329, 1.354, 1.358, 1.329, 1.319, 1.323, 1.332, 1.314, 1.33, 1.325, 1.308, 1.327, 1.318, 1.334, 1.321, 1.309, 1.318, 1.325, 1.303, 1.33, 1.315, 1.331, 1.342, 1.335, 1.322, 1.333, 1.329, 1.324, 1.354, 1.333, 1.318, 1.326, 1.329, 1.328, 1.323, 1.327, 1.321, 1.326, 1.342, 1.328, 1.325, 1.337, 1.333, 1.321, 1.312, 1.308, 1.331, 1.351, 1.322, 1.297, 1.336, 1.327, 1.321, 1.311, 1.337, 1.324, 1.334, 1.324, 1.342, 1.326, 1.316, 1.329, 1.324, 1.312, 1.315]"
-1.0,25.0,1.0,0.0,0.6832,-0.9833,0.0148,"[0.696, 0.684, 0.701, 0.706, 0.688, 0.68, 0.68, 0.697, 0.677, 0.669, 0.698, 0.677, 0.673, 0.678, 0.684, 0.674, 0.675, 0.689, 0.681, 0.691, 0.692, 0.68, 0.684, 0.694, 0.698, 0.662, 0.671, 0.688, 0.686, 0.683, 0.682, 0.678, 0.701, 0.676, 0.685, 0.685, 0.695, 0.694, 0.686, 0.684, 0.676, 0.698, 0.668, 0.676, 0.695, 0.676, 0.692, 0.7, 0.698, 0.679, 0.682, 0.675, 0.687, 0.702, 0.686, 0.686, 0.687, 0.685, 0.692, 0.671, 0.687, 0.693, 0.696, 0.701, 0.678, 0.677, 0.682, 0.694, 0.672, 0.688, 0.688, 0.68, 0.693, 0.673, 0.7, 0.692, 0.684, 0.673, 0.686, 0.692, 0.68, 0.667, 0.678, 0.711, 0.69, 0.683, 0.711, 0.695, 0.704, 0.69, 0.695, 0.688, 0.678, 0.684, 0.687, 0.685, 0.679, 0.683, 0.682, 0.681, 0.7, 0.689, 0.673, 0.672, 0.682, 0.677, 0.683, 0.705, 0.679, 0.676, 0.689, 0.678, 0.667, 0.683, 0.67, 0.677, 0.689, 0.672, 0.696, 0.684, 0.702, 0.687, 0.685, 0.687, 0.692, 0.7, 0.676, 0.686, 0.685, 0.698, 0.688, 0.677, 0.687, 0.671, 0.702, 0.68, 0.674, 0.694, 0.692, 0.706, 0.688, 0.692, 0.691, 0.682, 0.684, 0.698, 0.678, 0.687, 0.664, 0.693, 0.693, 0.701, 0.689, 0.676, 0.688, 0.713, 0.672, 0.687, 0.669, 0.7]"
-1.0,25.0,1.0,3.0,0.6971,-0.5618,0.0099,"[0.684, 0.665, 0.68, 0.693, 0.675, 0.7, 0.679, 0.682, 0.676, 0.704, 0.666, 0.69, 0.685, 0.703, 0.682, 0.684, 0.681, 0.687, 0.694, 0.686, 0.677, 0.682, 0.692, 0.693, 0.705, 0.682, 0.687, 0.69, 0.694, 0.693, 0.673, 0.67, 0.69, 0.677, 0.678, 0.683, 0.668, 0.684, 0.683, 0.682, 0.674, 0.703, 0.699, 0.703, 0.675, 0.691, 0.709, 0.689, 0.69, 0.685, 0.686, 0.705, 0.671, 0.684, 0.695, 0.68, 0.693, 0.689, 0.697, 0.683, 0.683, 0.688, 0.686, 0.689, 0.693, 0.689, 0.684, 0.676, 0.69, 0.674, 0.692, 0.684, 0.683, 0.681, 0.688, 0.685, 0.683, 0.691, 0.683, 0.69, 0.697, 0.687, 0.687, 0.666, 0.692, 0.669, 0.69, 0.683, 0.684, 0.676, 0.679, 0.664, 0.698, 0.685, 0.682, 0.664, 0.682, 0.674, 0.664, 0.691, 0.681, 0.712, 0.685, 0.682, 0.702, 0.683, 0.687, 0.699, 0.688, 0.683, 0.7, 0.696, 0.708, 0.697, 0.687, 0.688, 0.686, 0.678, 0.689, 0.699, 0.697, 0.679, 0.68, 0.696, 0.679, 0.679, 0.678, 0.685, 0.699, 0.687, 0.683, 0.699, 0.681, 0.677, 0.684, 0.684, 0.69, 0.708, 0.676, 0.684, 0.694, 0.695, 0.707, 0.697, 0.683, 0.685, 0.678, 0.686, 0.693, 0.686, 0.685, 0.693, 0.696, 0.694, 0.698, 0.689, 0.677, 0.682, 0.683, 0.688]"
-1.0,25.0,2.0,0.0,0.3725,-1.0811,0.0142,"[0.375, 0.372, 0.372, 0.39, 0.392, 0.374, 0.366, 0.376, 0.344, 0.354, 0.38, 0.362, 0.362, 0.379, 0.37, 0.369, 0.372, 0.376, 0.384, 0.354, 0.373, 0.382, 0.347, 0.374, 0.367, 0.355, 0.365, 0.387, 0.349, 0.376, 0.357, 0.389, 0.396, 0.359, 0.367, 0.376, 0.381, 0.374, 0.353, 0.359, 0.369, 0.363, 0.369, 0.355, 0.358, 0.355, 0.374, 0.376, 0.368, 0.351, 0.371, 0.367, 0.381, 0.367, 0.358, 0.369, 0.362, 0.362, 0.363, 0.364, 0.365, 0.363, 0.375, 0.356, 0.369, 0.362, 0.362, 0.377, 0.376, 0.371, 0.377, 0.385, 0.375, 0.369, 0.377, 0.356, 0.362, 0.367, 0.37, 0.356, 0.352, 0.365, 0.371, 0.383, 0.367, 0.372, 0.368, 0.393, 0.372, 0.358, 0.373, 0.369, 0.365, 0.361, 0.368, 0.364, 0.364, 0.371, 0.373, 0.366, 0.363, 0.364, 0.374, 0.369, 0.36, 0.347, 0.377, 0.357, 0.355, 0.374, 0.352, 0.361, 0.376, 0.372, 0.364, 0.364, 0.36, 0.364, 0.364, 0.367, 0.376, 0.372, 0.367, 0.362, 0.376, 0.379, 0.368, 0.372, 0.344, 0.361, 0.354, 0.369, 0.356, 0.397, 0.375, 0.371, 0.363, 0.363, 0.37, 0.388, 0.375, 0.373, 0.365, 0.348, 0.363, 0.363, 0.366, 0.367, 0.369, 0.36, 0.377, 0.384, 0.364, 0.369, 0.357, 0.356, 0.38, 0.376, 0.368, 0.372]"
-1.0,25.0,2.0,3.0,0.3782,-0.5912,0.0207,"[0.352, 0.371, 0.38, 0.374, 0.361, 0.348, 0.377, 0.369, 0.367, 0.371, 0.361, 0.364, 0.364, 0.373, 0.361, 0.364, 0.362, 0.361, 0.364, 0.368, 0.374, 0.378, 0.396, 0.378, 0.376, 0.366, 0.378, 0.385, 0.372, 0.369, 0.374, 0.385, 0.362, 0.383, 0.376, 0.363, 0.366, 0.372, 0.362, 0.382, 0.376, 0.355, 0.375, 0.37, 0.372, 0.376, 0.371, 0.373, 0.362, 0.384, 0.375, 0.357, 0.375, 0.351, 0.353, 0.384, 0.383, 0.367, 0.373, 0.372, 0.367, 0.36, 0.355, 0.378, 0.365, 0.351, 0.366, 0.366, 0.394, 0.363, 0.371, 0.371, 0.369, 0.364, 0.37, 0.361, 0.376, 0.368, 0.361, 0.377, 0.372, 0.365, 0.379, 0.37, 0.377, 0.361, 0.367, 0.376, 0.366, 0.364, 0.379, 0.381, 0.37, 0.354, 0.38, 0.348, 0.37, 0.383, 0.362, 0.375, 0.355, 0.365, 0.378, 0.368, 0.344, 0.364, 0.351, 0.366, 0.362, 0.343, 0.361, 0.357, 0.37, 0.361, 0.371, 0.374, 0.383, 0.37, 0.373, 0.366, 0.359, 0.374, 0.37, 0.369, 0.368, 0.366, 0.362, 0.368, 0.36, 0.381, 0.371, 0.34, 0.381, 0.382, 0.366, 0.365, 0.38, 0.381, 0.352, 0.376, 0.38, 0.362, 0.359, 0.375, 0.389, 0.382, 0.376, 0.367, 0.369, 0.368, 0.366, 0.362, 0.375, 0.355, 0.377, 0.363, 0.373, 0.361, 0.352, 0.383]"
0.0,5.0,0.5,0.0,1.1066,-1.7729,0.0101,"[1.107, 1.097, 1.077, 1.078, 1.093, 1.101, 1.108, 1.094, 1.099, 1.103, 1.074, 1.085, 1.095, 1.097, 1.08, 1.098, 1.099, 1.093, 1.098, 1.094, 1.096, 1.089, 1.083, 1.089, 1.094, 1.07, 1.079, 1.083, 1.076, 1.091, 1.067, 1.095, 1.088, 1.093, 1.102, 1.099, 1.079, 1.082, 1.083, 1.118, 1.073, 1.088, 1.102, 1.09, 1.088, 1.105, 1.073, 1.096, 1.083, 1.093, 1.102, 1.085, 1.09, 1.102, 1.075, 1.098, 1.085, 1.1, 1.089, 1.086, 1.093, 1.103, 1.087, 1.086, 1.103, 1.09, 1.087, 1.088, 1.1, 1.099, 1.081, 1.085, 1.1, 1.096, 1.066, 1.093, 1.089, 1.102, 1.107, 1.087, 1.117, 1.073, 1.089, 1.091, 1.098, 1.1, 1.102, 1.099, 1.094, 1.089, 1.079, 1.088, 1.089, 1.078, 1.099, 1.083, 1.097, 1.094, 1.079, 1.081, 1.084, 1.086, 1.105, 1.093, 1.084, 1.098, 1.106, 1.086, 1.09, 1.085, 1.097, 1.096, 1.094, 1.092, 1.079, 1.076, 1.091, 1.08, 1.093, 1.077, 1.086, 1.086, 1.066, 1.082, 1.094, 1.106, 1.106, 1.093, 1.094, 1.1, 1.081, 1.077, 1.082, 1.087, 1.096, 1.079, 1.095, 1.088, 1.081, 1.102, 1.1, 1.095, 1.104, 1.091, 1.089, 1.088, 1.079, 1.09, 1.088, 1.084, 1.081, 1.098, 1.096, 1.097, 1.082, 1.1, 1.095, 1.084, 1.093, 1.07]"
0.0,5.0,0.5,3.0,1.32,-1.4043,0.0051,"[1.318, 1.296, 1.311, 1.313, 1.315, 1.305, 1.307, 1.322, 1.312, 1.315, 1.3, 1.311, 1.307, 1.292, 1.303, 1.307, 1.316, 1.289, 1.32, 1.331, 1.311, 1.303, 1.304, 1.294, 1.305, 1.291, 1.307, 1.343, 1.316, 1.303, 1.29, 1.305, 1.318, 1.309, 1.316, 1.325, 1.317, 1.313, 1.306, 1.298, 1.314, 1.32, 1.291, 1.32, 1.319, 1.295, 1.308, 1.313, 1.306, 1.325, 1.322, 1.304, 1.303, 1.313, 1.313, 1.301, 1.302, 1.296, 1.309, 1.303, 1.298, 1.31, 1.324, 1.293, 1.307, 1.304, 1.305, 1.314, 1.303, 1.306, 1.307, 1.317, 1.301, 1.314, 1.315, 1.314, 1.297, 1.311, 1.313, 1.302, 1.318, 1.312, 1.31, 1.31, 1.314, 1.301, 1.304, 1.313, 1.319, 1.308, 1.301, 1.31, 1.316, 1.313, 1.323, 1.318, 1.319, 1.313, 1.312, 1.293, 1.31, 1.314, 1.302, 1.304, 1.31, 1.294, 1.321, 1.291, 1.296, 1.313, 1.325, 1.317, 1.32, 1.311, 1.306, 1.3, 1.312, 1.324, 1.295, 1.313, 1.311, 1.33, 1.316, 1.31, 1.321, 1.305, 1.323, 1.293, 1.304, 1.309, 1.327, 1.297, 1.316, 1.312, 1.297, 1.306, 1.315, 1.304, 1.312, 1.311, 1.31, 1.318, 1.29, 1.291, 1.295, 1.308, 1.303, 1.313, 1.308, 1.301, 1.317, 1.311, 1.301, 1.306, 1.31, 1.335, 1.313, 1.297, 1.32, 1.317]"
0.0,5.0,1.0,0.0,0.5717,-1.8112,0.0052,"[0.557, 0.581, 0.563, 0.546, 0.583, 0.578, 0.561, 0.574, 0.575, 0.563, 0.588, 0.579, 0.562, 0.562, 0.569, 0.564, 0.572, 0.562, 0.577, 0.57, 0.563, 0.579, 0.568, 0.582, 0.561, 0.584, 0.57, 0.572, 0.581, 0.551, 0.583, 0.591, 0.553, 0.578, 0.557, 0.57, 0.574, 0.577, 0.566, 0.56, 0.586, 0.548, 0.569, 0.573, 0.574, 0.588, 0.556, 0.568, 0.566, 0.57, 0.577, 0.599, 0.579, 0.583, 0.58, 0.586, 0.555, 0.576, 0.555, 0.591, 0.574, 0.573, 0.575, 0.553, 0.547, 0.567, 0.563, 0.568, 0.566, 0.574, 0.575, 0.575, 0.568, 0.578, 0.561, 0.588, 0.572, 0.564, 0.573, 0.561, 0.561, 0.573, 0.562, 0.586, 0.562, 0.577, 0.562, 0.579, 0.578, 0.549, 0.579, 0.575, 0.574, 0.57, 0.568, 0.549, 0.569, 0.57, 0.568, 0.56, 0.582, 0.573, 0.565, 0.553, 0.562, 0.567, 0.582, 0.57, 0.566, 0.577, 0.577, 0.571, 0.578, 0.577, 0.579, 0.57, 0.562, 0.567, 0.578, 0.585, 0.58, 0.57, 0.58, 0.564, 0.582, 0.587, 0.581, 0.56, 0.561, 0.581, 0.576, 0.563, 0.564, 0.576, 0.561, 0.575, 0.584, 0.572, 0.589, 0.577, 0.571, 0.58, 0.581, 0.563, 0.569, 0.561, 0.554, 0.569, 0.575, 0.568, 0.573, 0.567, 0.562, 0.574, 0.56, 0.569, 0.561, 0.564, 0.563, 0.586]"
0.0,5.0,1.0,3.0,0.68,-1.3108,0.0026,"[0.687, 0.681, 0.686, 0.685, 0.689, 0.664, 0.679, 0.664, 0.698, 0.677, 0.692, 0.686, 0.673, 0.693, 0.678, 0.691, 0.673, 0.684, 0.678, 0.682, 0.672, 0.664, 0.666, 0.693, 0.669, 0.675, 0.676, 0.689, 0.695, 0.694, 0.666, 0.665, 0.67, 0.687, 0.684, 0.692, 0.668, 0.672, 0.683, 0.672, 0.69, 0.664, 0.7, 0.678, 0.662, 0.7, 0.668, 0.688, 0.675, 0.666, 0.675, 0.691, 0.684, 0.665, 0.685, 0.676, 0.689, 0.662, 0.66, 0.663, 0.69, 0.682, 0.704, 0.673, 0.67, 0.662, 0.691, 0.684, 0.684, 0.683, 0.696, 0.671, 0.693, 0.684, 0.674, 0.677, 0.673, 0.687, 0.693, 0.689, 0.693, 0.679, 0.671, 0.681, 0.668, 0.681, 0.684, 0.684, 0.664, 0.68, 0.666, 0.671, 0.682, 0.68, 0.658, 0.676, 0.677, 0.677, 0.676, 0.695, 0.65, 0.675, 0.658, 0.675, 0.69, 0.709, 0.686, 0.68, 0.688, 0.673, 0.686, 0.683, 0.692, 0.679, 0.684, 0.676, 0.68, 0.681, 0.685, 0.681, 0.678, 0.673, 0.678, 0.675, 0.679, 0.668, 0.695, 0.673, 0.695, 0.668, 0.698, 0.687, 0.669, 0.683, 0.684, 0.695, 0.679, 0.69, 0.679, 0.666, 0.685, 0.677, 0.681, 0.688, 0.695, 0.671, 0.675, 0.676, 0.683, 0.68, 0.678, 0.674, 0.669, 0.672, 0.674, 0.686, 0.671, 0.698, 0.66, 0.675]"
0.0,5.0,2.0,0.0,0.3116,-1.8643,0.0036,"[0.309, 0.317, 0.298, 0.322, 0.298, 0.303, 0.309, 0.318, 0.315, 0.323, 0.307, 0.316, 0.3, 0.317, 0.314, 0.306, 0.305, 0.322, 0.313, 0.323, 0.309, 0.319, 0.328, 0.317, 0.324, 0.323, 0.32, 0.313, 0.324, 0.314, 0.31, 0.31, 0.315, 0.313, 0.298, 0.331, 0.31, 0.315, 0.326, 0.299, 0.319, 0.302, 0.311, 0.323, 0.321, 0.305, 0.296, 0.288, 0.327, 0.289, 0.31, 0.302, 0.293, 0.302, 0.307, 0.318, 0.313, 0.302, 0.296, 0.322, 0.306, 0.303, 0.321, 0.305, 0.309, 0.317, 0.315, 0.302, 0.301, 0.315, 0.303, 0.313, 0.3, 0.317, 0.325, 0.315, 0.315, 0.297, 0.292, 0.305, 0.3, 0.311, 0.322, 0.285, 0.315, 0.311, 0.314, 0.325, 0.305, 0.313, 0.307, 0.326, 0.308, 0.314, 0.306, 0.311, 0.315, 0.309, 0.302, 0.302, 0.328, 0.308, 0.327, 0.315, 0.318, 0.305, 0.321, 0.318, 0.328, 0.303, 0.314, 0.327, 0.303, 0.303, 0.316, 0.309, 0.313, 0.302, 0.311, 0.32, 0.31, 0.322, 0.293, 0.315, 0.314, 0.31, 0.328, 0.312, 0.305, 0.314, 0.295, 0.306, 0.302, 0.29, 0.303, 0.316, 0.31, 0.322, 0.305, 0.301, 0.313, 0.319, 0.313, 0.309, 0.317, 0.308, 0.318, 0.302, 0.308, 0.308, 0.326, 0.315, 0.287, 0.328, 0.319, 0.325, 0.321, 0.301, 0.303, 0.3]"
0.0,5.0,2.0,3.0,0.3556,-1.4295,0.0051,"[0.366, 0.357, 0.383, 0.373, 0.334, 0.372, 0.361, 0.363, 0.374, 0.365, 0.362, 0.353, 0.366, 0.36, 0.37, 0.369, 0.387, 0.357, 0.358, 0.37, 0.357, 0.356, 0.353, 0.381, 0.36, 0.365, 0.355, 0.372, 0.369, 0.369, 0.359, 0.367, 0.366, 0.365, 0.374, 0.363, 0.371, 0.357, 0.37, 0.356, 0.401, 0.372, 0.355, 0.365, 0.364, 0.366, 0.357, 0.344, 0.381, 0.364, 0.373, 0.353, 0.373, 0.365, 0.364, 0.352, 0.365, 0.373, 0.364, 0.384, 0.37, 0.383, 0.358, 0.353, 0.36, 0.357, 0.36, 0.367, 0.368, 0.359, 0.367, 0.354, 0.363, 0.359, 0.358, 0.373, 0.361, 0.368, 0.357, 0.366, 0.369, 0.375, 0.36, 0.354, 0.364, 0.349, 0.372, 0.363, 0.352, 0.36, 0.373, 0.354, 0.371, 0.381, 0.375, 0.369, 0.364, 0.357, 0.374, 0.371, 0.382, 0.368, 0.366, 0.376, 0.376, 0.345, 0.377, 0.373, 0.361, 0.367, 0.375, 0.377, 0.372, 0.368, 0.371, 0.372, 0.389, 0.379, 0.371, 0.356, 0.372, 0.362, 0.363, 0.356, 0.366, 0.366, 0.38, 0.362, 0.369, 0.374, 0.371, 0.366, 0.379, 0.336, 0.381, 0.344, 0.377, 0.373, 0.368, 0.379, 0.365, 0.369, 0.358, 0.366, 0.379, 0.371, 0.373, 0.366, 0.365, 0.358, 0.367, 0.352, 0.359, 0.356, 0.376, 0.374, 0.376, 0.367, 0.375, 0.372]"
0.0,7.5,0.5,0.0,1.2054,-1.7179,0.0165,"[1.207, 1.22, 1.21, 1.192, 1.205, 1.209, 1.211, 1.201, 1.193, 1.213, 1.189, 1.208, 1.194, 1.176, 1.201, 1.201, 1.194, 1.214, 1.185, 1.207, 1.208, 1.204, 1.2, 1.192, 1.2, 1.209, 1.191, 1.18, 1.197, 1.197, 1.183, 1.195, 1.219, 1.212, 1.208, 1.205, 1.178, 1.214, 1.188, 1.194, 1.198, 1.203, 1.191, 1.192, 1.211, 1.221, 1.199, 1.209, 1.2, 1.211, 1.207, 1.207, 1.193, 1.197, 1.202, 1.199, 1.208, 1.185, 1.218, 1.217, 1.207, 1.199, 1.199, 1.197, 1.206, 1.197, 1.197, 1.185, 1.203, 1.199, 1.219, 1.202, 1.178, 1.206, 1.204, 1.195, 1.222, 1.205, 1.194, 1.216, 1.204, 1.201, 1.196, 1.199, 1.187, 1.199, 1.192, 1.213, 1.202, 1.217, 1.216, 1.192, 1.203, 1.202, 1.203, 1.213, 1.201, 1.203, 1.202, 1.202, 1.192, 1.196, 1.179, 1.206, 1.203, 1.204, 1.217, 1.208, 1.214, 1.213, 1.219, 1.215, 1.193, 1.208, 1.209, 1.206, 1.222, 1.205, 1.208, 1.201, 1.2, 1.199, 1.193, 1.206, 1.219, 1.2, 1.205, 1.194, 1.184, 1.202, 1.195, 1.192, 1.185, 1.187, 1.203, 1.221, 1.196, 1.207, 1.192, 1.195, 1.187, 1.198, 1.179, 1.192, 1.198, 1.196, 1.206, 1.209, 1.2, 1.213, 1.184, 1.209, 1.2, 1.186, 1.21, 1.205, 1.196, 1.212, 1.202, 1.21]"
0.0,7.5,0.5,3.0,1.3249,-1.2751,0.0149,"[1.306, 1.32, 1.311, 1.32, 1.311, 1.299, 1.321, 1.326, 1.315, 1.314, 1.326, 1.322, 1.329, 1.326, 1.31, 1.313, 1.317, 1.314, 1.312, 1.322, 1.318, 1.311, 1.306, 1.318, 1.31, 1.311, 1.308, 1.313, 1.311, 1.327, 1.314, 1.302, 1.317, 1.329, 1.316, 1.315, 1.3, 1.315, 1.31, 1.299, 1.306, 1.329, 1.326, 1.329, 1.317, 1.296, 1.319, 1.34, 1.304, 1.3, 1.306, 1.323, 1.295, 1.322, 1.312, 1.316, 1.321, 1.313, 1.315, 1.317, 1.327, 1.315, 1.3, 1.319, 1.322, 1.341, 1.318, 1.326, 1.317, 1.318, 1.329, 1.337, 1.322, 1.33, 1.291, 1.305, 1.31, 1.32, 1.306, 1.312, 1.318, 1.327, 1.318, 1.323, 1.314, 1.311, 1.332, 1.318, 1.305, 1.315, 1.327, 1.303, 1.307, 1.306, 1.32, 1.311, 1.304, 1.304, 1.327, 1.316, 1.32, 1.314, 1.302, 1.324, 1.311, 1.321, 1.312, 1.309, 1.321, 1.312, 1.335, 1.328, 1.303, 1.317, 1.314, 1.309, 1.308, 1.312, 1.331, 1.321, 1.317, 1.303, 1.28, 1.306, 1.331, 1.312, 1.311, 1.324, 1.317, 1.309, 1.321, 1.322, 1.339, 1.33, 1.313, 1.316, 1.303, 1.315, 1.321, 1.316, 1.305, 1.31, 1.309, 1.323, 1.322, 1.317, 1.321, 1.314, 1.308, 1.314, 1.317, 1.319, 1.311, 1.299, 1.318, 1.298, 1.313, 1.3, 1.327, 1.324]"
0.0,7.5,1.0,0.0,0.6278,-1.641,0.0064,"[0.647, 0.627, 0.607, 0.621, 0.617, 0.633, 0.614, 0.621, 0.632, 0.628, 0.621, 0.615, 0.628, 0.607, 0.629, 0.626, 0.622, 0.616, 0.629, 0.628, 0.617, 0.602, 0.626, 0.637, 0.622, 0.622, 0.628, 0.617, 0.623, 0.636, 0.628, 0.643, 0.628, 0.632, 0.621, 0.623, 0.628, 0.638, 0.624, 0.635, 0.638, 0.645, 0.628, 0.63, 0.621, 0.629, 0.631, 0.624, 0.613, 0.622, 0.601, 0.625, 0.615, 0.63, 0.649, 0.635, 0.619, 0.637, 0.629, 0.632, 0.624, 0.636, 0.618, 0.608, 0.62, 0.629, 0.62, 0.634, 0.628, 0.621, 0.626, 0.595, 0.632, 0.628, 0.618, 0.636, 0.621, 0.628, 0.622, 0.608, 0.623, 0.608, 0.626, 0.627, 0.63, 0.618, 0.615, 0.629, 0.603, 0.628, 0.637, 0.621, 0.637, 0.629, 0.639, 0.631, 0.623, 0.625, 0.62, 0.618, 0.63, 0.625, 0.618, 0.637, 0.631, 0.599, 0.632, 0.618, 0.636, 0.634, 0.637, 0.633, 0.638, 0.604, 0.61, 0.635, 0.612, 0.622, 0.635, 0.651, 0.629, 0.627, 0.605, 0.63, 0.626, 0.635, 0.632, 0.636, 0.615, 0.634, 0.62, 0.615, 0.623, 0.626, 0.628, 0.613, 0.638, 0.634, 0.637, 0.642, 0.621, 0.64, 0.621, 0.629, 0.634, 0.626, 0.634, 0.618, 0.627, 0.632, 0.629, 0.612, 0.62, 0.622, 0.63, 0.643, 0.612, 0.616, 0.642, 0.635]"
0.0,7.5,1.0,3.0,0.6724,-1.1473,0.0088,"[0.685, 0.684, 0.697, 0.667, 0.696, 0.671, 0.698, 0.682, 0.681, 0.671, 0.692, 0.688, 0.683, 0.674, 0.693, 0.681, 0.679, 0.696, 0.689, 0.708, 0.684, 0.705, 0.689, 0.691, 0.684, 0.689, 0.694, 0.684, 0.677, 0.678, 0.687, 0.681, 0.685, 0.69, 0.688, 0.694, 0.685, 0.675, 0.679, 0.689, 0.696, 0.685, 0.677, 0.689, 0.699, 0.686, 0.674, 0.669, 0.701, 0.685, 0.673, 0.68, 0.704, 0.699, 0.682, 0.674, 0.698, 0.693, 0.685, 0.658, 0.685, 0.691, 0.681, 0.676, 0.672, 0.685, 0.67, 0.688, 0.67, 0.678, 0.674, 0.673, 0.671, 0.696, 0.682, 0.671, 0.69, 0.676, 0.697, 0.678, 0.679, 0.669, 0.697, 0.674, 0.678, 0.673, 0.672, 0.688, 0.703, 0.69, 0.666, 0.693, 0.682, 0.674, 0.687, 0.676, 0.699, 0.689, 0.672, 0.684, 0.658, 0.678, 0.695, 0.698, 0.678, 0.684, 0.685, 0.694, 0.674, 0.695, 0.686, 0.686, 0.687, 0.684, 0.695, 0.675, 0.673, 0.679, 0.704, 0.698, 0.677, 0.681, 0.678, 0.686, 0.68, 0.678, 0.681, 0.685, 0.697, 0.679, 0.685, 0.693, 0.675, 0.685, 0.69, 0.69, 0.698, 0.689, 0.684, 0.688, 0.681, 0.695, 0.682, 0.682, 0.676, 0.679, 0.689, 0.67, 0.679, 0.679, 0.69, 0.692, 0.698, 0.676, 0.691, 0.686, 0.683, 0.691, 0.67, 0.678]"
0.0,7.5,2.0,0.0,0.3367,-1.5327,0.0117,"[0.327, 0.325, 0.344, 0.329, 0.345, 0.356, 0.329, 0.344, 0.336, 0.354, 0.322, 0.325, 0.34, 0.352, 0.335, 0.33, 0.321, 0.342, 0.324, 0.359, 0.339, 0.339, 0.335, 0.329, 0.336, 0.343, 0.347, 0.338, 0.336, 0.339, 0.33, 0.355, 0.332, 0.331, 0.344, 0.334, 0.353, 0.343, 0.328, 0.348, 0.338, 0.352, 0.331, 0.341, 0.346, 0.328, 0.354, 0.338, 0.341, 0.315, 0.327, 0.328, 0.351, 0.319, 0.329, 0.339, 0.343, 0.346, 0.342, 0.333, 0.328, 0.354, 0.346, 0.337, 0.331, 0.337, 0.335, 0.334, 0.33, 0.348, 0.332, 0.334, 0.347, 0.341, 0.353, 0.32, 0.337, 0.338, 0.343, 0.336, 0.341, 0.346, 0.331, 0.346, 0.331, 0.339, 0.321, 0.324, 0.331, 0.324, 0.335, 0.349, 0.336, 0.34, 0.358, 0.34, 0.338, 0.328, 0.341, 0.347, 0.331, 0.34, 0.326, 0.342, 0.335, 0.343, 0.319, 0.338, 0.346, 0.343, 0.336, 0.313, 0.351, 0.328, 0.348, 0.33, 0.328, 0.336, 0.322, 0.326, 0.349, 0.347, 0.329, 0.332, 0.318, 0.334, 0.332, 0.353, 0.339, 0.339, 0.342, 0.333, 0.344, 0.343, 0.34, 0.342, 0.358, 0.314, 0.326, 0.333, 0.347, 0.338, 0.345, 0.337, 0.331, 0.345, 0.334, 0.349, 0.326, 0.352, 0.346, 0.336, 0.325, 0.332, 0.336, 0.349, 0.336, 0.346, 0.332, 0.336]"
0.0,7.5,2.0,3.0,0.3709,-1.2243,0.0179,"[0.373, 0.371, 0.38, 0.351, 0.343, 0.37, 0.363, 0.359, 0.374, 0.345, 0.377, 0.382, 0.355, 0.384, 0.376, 0.364, 0.365, 0.367, 0.369, 0.371, 0.385, 0.361, 0.367, 0.369, 0.352, 0.372, 0.362, 0.371, 0.365, 0.377, 0.351, 0.348, 0.378, 0.364, 0.376, 0.401, 0.363, 0.363, 0.369, 0.352, 0.363, 0.374, 0.363, 0.366, 0.349, 0.374, 0.381, 0.346, 0.372, 0.377, 0.368, 0.37, 0.381, 0.385, 0.369, 0.355, 0.364, 0.368, 0.354, 0.373, 0.358, 0.385, 0.354, 0.391, 0.355, 0.347, 0.379, 0.357, 0.37, 0.369, 0.354, 0.342, 0.363, 0.373, 0.363, 0.366, 0.372, 0.349, 0.361, 0.38, 0.361, 0.368, 0.361, 0.363, 0.367, 0.354, 0.382, 0.374, 0.38, 0.365, 0.35, 0.362, 0.372, 0.374, 0.366, 0.355, 0.377, 0.365, 0.363, 0.368, 0.37, 0.366, 0.375, 0.375, 0.373, 0.361, 0.36, 0.365, 0.374, 0.355, 0.37, 0.369, 0.372, 0.37, 0.371, 0.362, 0.35, 0.362, 0.373, 0.38, 0.367, 0.383, 0.369, 0.363, 0.368, 0.365, 0.386, 0.365, 0.365, 0.358, 0.377, 0.353, 0.353, 0.352, 0.353, 0.37, 0.367, 0.353, 0.366, 0.369, 0.366, 0.34, 0.375, 0.373, 0.366, 0.379, 0.378, 0.351, 0.376, 0.359, 0.354, 0.37, 0.358, 0.377, 0.37, 0.381, 0.365, 0.377, 0.362, 0.378]"
0.0,10.0,0.5,0.0,1.2677,-1.5269,0.0098,"[1.253, 1.261, 1.269, 1.269, 1.252, 1.249, 1.258, 1.264, 1.257, 1.264, 1.277, 1.266, 1.262, 1.269, 1.258, 1.256, 1.258, 1.263, 1.277, 1.272, 1.273, 1.25, 1.257, 1.275, 1.264, 1.254, 1.273, 1.247, 1.268, 1.251, 1.271, 1.262, 1.271, 1.256, 1.246, 1.258, 1.25, 1.261, 1.259, 1.276, 1.254, 1.256, 1.255, 1.27, 1.265, 1.245, 1.285, 1.272, 1.259, 1.242, 1.264, 1.259, 1.258, 1.268, 1.269, 1.284, 1.25, 1.274, 1.252, 1.27, 1.263, 1.269, 1.271, 1.25, 1.248, 1.266, 1.244, 1.269, 1.266, 1.247, 1.269, 1.27, 1.252, 1.27, 1.26, 1.246, 1.275, 1.264, 1.278, 1.254, 1.261, 1.266, 1.274, 1.257, 1.269, 1.255, 1.276, 1.239, 1.275, 1.255, 1.248, 1.283, 1.258, 1.262, 1.271, 1.268, 1.269, 1.266, 1.255, 1.267, 1.285, 1.27, 1.26, 1.259, 1.263, 1.252, 1.275, 1.256, 1.267, 1.291, 1.256, 1.258, 1.267, 1.273, 1.253, 1.268, 1.266, 1.251, 1.258, 1.275, 1.257, 1.245, 1.259, 1.278, 1.241, 1.263, 1.267, 1.262, 1.246, 1.258, 1.255, 1.281, 1.25, 1.268, 1.251, 1.269, 1.258, 1.257, 1.276, 1.256, 1.246, 1.254, 1.262, 1.27, 1.243, 1.259, 1.249, 1.243, 1.279, 1.262, 1.249, 1.258, 1.254, 1.253, 1.268, 1.279, 1.272, 1.251, 1.256, 1.256]"
0.0,10.0,0.5,3.0,1.3123,-1.1173,0.018,"[1.324, 1.327, 1.323, 1.312, 1.328, 1.327, 1.319, 1.329, 1.33, 1.344, 1.322, 1.322, 1.306, 1.327, 1.318, 1.32, 1.305, 1.31, 1.317, 1.306, 1.328, 1.324, 1.327, 1.319, 1.335, 1.345, 1.318, 1.321, 1.319, 1.313, 1.303, 1.316, 1.328, 1.321, 1.314, 1.332, 1.325, 1.35, 1.328, 1.326, 1.317, 1.328, 1.309, 1.321, 1.319, 1.326, 1.324, 1.322, 1.333, 1.336, 1.335, 1.329, 1.325, 1.329, 1.325, 1.33, 1.319, 1.323, 1.335, 1.329, 1.328, 1.321, 1.321, 1.311, 1.321, 1.322, 1.324, 1.309, 1.337, 1.317, 1.306, 1.312, 1.31, 1.313, 1.325, 1.331, 1.317, 1.295, 1.306, 1.325, 1.309, 1.319, 1.308, 1.319, 1.317, 1.318, 1.316, 1.305, 1.33, 1.318, 1.329, 1.321, 1.326, 1.317, 1.319, 1.313, 1.32, 1.323, 1.308, 1.323, 1.327, 1.337, 1.32, 1.317, 1.303, 1.316, 1.327, 1.318, 1.297, 1.317, 1.319, 1.321, 1.334, 1.326, 1.312, 1.319, 1.312, 1.325, 1.319, 1.322, 1.315, 1.303, 1.321, 1.324, 1.333, 1.322, 1.317, 1.337, 1.318, 1.315, 1.32, 1.319, 1.313, 1.309, 1.321, 1.304, 1.316, 1.316, 1.32, 1.322, 1.316, 1.318, 1.322, 1.319, 1.313, 1.32, 1.338, 1.321, 1.323, 1.315, 1.316, 1.313, 1.319, 1.327, 1.319, 1.33, 1.321, 1.311, 1.32, 1.311]"
0.0,10.0,1.0,0.0,0.6469,-1.5725,0.0075,"[0.665, 0.645, 0.655, 0.668, 0.661, 0.656, 0.639, 0.645, 0.655, 0.667, 0.67, 0.651, 0.665, 0.648, 0.662, 0.633, 0.646, 0.645, 0.641, 0.658, 0.647, 0.646, 0.655, 0.643, 0.644, 0.661, 0.661, 0.667, 0.667, 0.645, 0.656, 0.671, 0.664, 0.646, 0.661, 0.649, 0.653, 0.661, 0.661, 0.653, 0.64, 0.653, 0.657, 0.635, 0.652, 0.648, 0.652, 0.651, 0.637, 0.65, 0.65, 0.66, 0.642, 0.656, 0.645, 0.661, 0.666, 0.668, 0.676, 0.627, 0.648, 0.666, 0.646, 0.67, 0.657, 0.658, 0.65, 0.667, 0.664, 0.658, 0.634, 0.646, 0.631, 0.665, 0.667, 0.652, 0.656, 0.654, 0.671, 0.657, 0.651, 0.656, 0.657, 0.66, 0.647, 0.647, 0.638, 0.648, 0.661, 0.659, 0.666, 0.627, 0.661, 0.653, 0.656, 0.653, 0.653, 0.656, 0.665, 0.666, 0.643, 0.66, 0.647, 0.657, 0.657, 0.663, 0.642, 0.661, 0.657, 0.666, 0.651, 0.662, 0.645, 0.648, 0.658, 0.647, 0.66, 0.634, 0.656, 0.656, 0.652, 0.664, 0.659, 0.652, 0.65, 0.657, 0.656, 0.655, 0.664, 0.646, 0.654, 0.674, 0.654, 0.65, 0.655, 0.651, 0.653, 0.662, 0.658, 0.636, 0.669, 0.653, 0.649, 0.661, 0.671, 0.664, 0.654, 0.659, 0.655, 0.643, 0.649, 0.641, 0.679, 0.648, 0.658, 0.663, 0.656, 0.66, 0.651, 0.661]"
0.0,10.0,1.0,3.0,0.6921,-1.0274,0.0041,"[0.679, 0.691, 0.676, 0.701, 0.699, 0.683, 0.695, 0.687, 0.674, 0.698, 0.671, 0.683, 0.677, 0.697, 0.684, 0.683, 0.686, 0.7, 0.695, 0.701, 0.679, 0.695, 0.68, 0.667, 0.679, 0.681, 0.671, 0.704, 0.673, 0.684, 0.674, 0.693, 0.684, 0.686, 0.691, 0.677, 0.695, 0.684, 0.659, 0.676, 0.705, 0.692, 0.679, 0.686, 0.691, 0.69, 0.705, 0.689, 0.695, 0.692, 0.678, 0.693, 0.684, 0.68, 0.691, 0.696, 0.69, 0.703, 0.693, 0.7, 0.682, 0.667, 0.674, 0.688, 0.674, 0.686, 0.688, 0.676, 0.69, 0.689, 0.673, 0.686, 0.704, 0.685, 0.671, 0.671, 0.695, 0.68, 0.691, 0.679, 0.68, 0.691, 0.691, 0.691, 0.685, 0.699, 0.69, 0.676, 0.682, 0.686, 0.673, 0.681, 0.699, 0.675, 0.681, 0.681, 0.688, 0.691, 0.682, 0.694, 0.675, 0.676, 0.704, 0.688, 0.689, 0.674, 0.69, 0.672, 0.682, 0.676, 0.682, 0.681, 0.692, 0.681, 0.682, 0.685, 0.7, 0.703, 0.677, 0.678, 0.687, 0.69, 0.703, 0.681, 0.69, 0.687, 0.681, 0.684, 0.682, 0.672, 0.709, 0.699, 0.701, 0.68, 0.677, 0.698, 0.677, 0.705, 0.686, 0.704, 0.666, 0.681, 0.699, 0.682, 0.686, 0.685, 0.673, 0.679, 0.699, 0.669, 0.682, 0.687, 0.677, 0.69, 0.697, 0.691, 0.692, 0.679, 0.683, 0.681]"
0.0,10.0,2.0,0.0,0.344,-1.4664,0.0038,"[0.345, 0.331, 0.355, 0.361, 0.345, 0.353, 0.341, 0.356, 0.337, 0.359, 0.347, 0.356, 0.352, 0.362, 0.362, 0.351, 0.372, 0.356, 0.334, 0.346, 0.341, 0.342, 0.35, 0.345, 0.354, 0.347, 0.371, 0.357, 0.335, 0.358, 0.353, 0.337, 0.347, 0.352, 0.352, 0.34, 0.363, 0.357, 0.361, 0.353, 0.35, 0.361, 0.354, 0.36, 0.358, 0.353, 0.368, 0.364, 0.364, 0.347, 0.338, 0.35, 0.349, 0.37, 0.329, 0.373, 0.359, 0.36, 0.371, 0.371, 0.359, 0.356, 0.358, 0.358, 0.356, 0.36, 0.347, 0.36, 0.342, 0.353, 0.359, 0.333, 0.333, 0.356, 0.336, 0.354, 0.348, 0.358, 0.363, 0.34, 0.367, 0.353, 0.36, 0.369, 0.358, 0.351, 0.352, 0.356, 0.361, 0.368, 0.36, 0.332, 0.368, 0.356, 0.363, 0.357, 0.336, 0.333, 0.345, 0.355, 0.342, 0.364, 0.347, 0.357, 0.359, 0.353, 0.345, 0.35, 0.348, 0.346, 0.343, 0.361, 0.371, 0.354, 0.357, 0.351, 0.35, 0.343, 0.363, 0.355, 0.358, 0.351, 0.336, 0.345, 0.357, 0.356, 0.354, 0.36, 0.342, 0.362, 0.371, 0.364, 0.35, 0.366, 0.357, 0.352, 0.359, 0.367, 0.329, 0.333, 0.338, 0.349, 0.358, 0.368, 0.341, 0.367, 0.349, 0.36, 0.351, 0.34, 0.365, 0.344, 0.339, 0.365, 0.359, 0.367, 0.369, 0.359, 0.341, 0.339]"
0.0,10.0,2.0,3.0,0.3687,-1.0923,0.0013,"[0.364, 0.376, 0.374, 0.368, 0.375, 0.356, 0.392, 0.344, 0.358, 0.36, 0.363, 0.365, 0.378, 0.371, 0.364, 0.378, 0.362, 0.367, 0.36, 0.352, 0.365, 0.37, 0.387, 0.364, 0.366, 0.36, 0.35, 0.359, 0.361, 0.377, 0.365, 0.366, 0.379, 0.375, 0.374, 0.379, 0.355, 0.347, 0.368, 0.362, 0.379, 0.366, 0.389, 0.381, 0.375, 0.379, 0.358, 0.359, 0.356, 0.364, 0.351, 0.355, 0.362, 0.347, 0.365, 0.351, 0.362, 0.348, 0.379, 0.379, 0.357, 0.366, 0.383, 0.383, 0.364, 0.358, 0.387, 0.356, 0.375, 0.364, 0.363, 0.36, 0.371, 0.368, 0.353, 0.367, 0.36, 0.366, 0.372, 0.362, 0.364, 0.36, 0.372, 0.367, 0.372, 0.368, 0.386, 0.372, 0.368, 0.369, 0.385, 0.381, 0.381, 0.367, 0.375, 0.367, 0.374, 0.367, 0.366, 0.364, 0.37, 0.377, 0.377, 0.362, 0.367, 0.357, 0.363, 0.361, 0.355, 0.365, 0.385, 0.367, 0.377, 0.368, 0.365, 0.38, 0.384, 0.356, 0.38, 0.37, 0.356, 0.364, 0.367, 0.375, 0.372, 0.364, 0.375, 0.362, 0.364, 0.387, 0.352, 0.376, 0.357, 0.372, 0.369, 0.361, 0.367, 0.358, 0.373, 0.375, 0.38, 0.385, 0.365, 0.362, 0.362, 0.381, 0.363, 0.373, 0.355, 0.367, 0.371, 0.366, 0.363, 0.352, 0.385, 0.37, 0.387, 0.374, 0.378, 0.365]"
0.0,12.5,0.5,0.0,1.2965,-1.4194,0.0082,"[1.312, 1.293, 1.295, 1.289, 1.297, 1.288, 1.291, 1.311, 1.293, 1.284, 1.309, 1.293, 1.305, 1.305, 1.299, 1.298, 1.288, 1.295, 1.308, 1.292, 1.286, 1.278, 1.296, 1.287, 1.308, 1.299, 1.296, 1.296, 1.294, 1.296, 1.283, 1.301, 1.292, 1.297, 1.283, 1.282, 1.288, 1.294, 1.308, 1.262, 1.314, 1.284, 1.3, 1.302, 1.288, 1.298, 1.288, 1.292, 1.281, 1.29, 1.306, 1.308, 1.289, 1.289, 1.283, 1.301, 1.295, 1.291, 1.288, 1.3, 1.292, 1.3, 1.293, 1.303, 1.3, 1.287, 1.292, 1.277, 1.297, 1.284, 1.298, 1.283, 1.288, 1.281, 1.307, 1.298, 1.299, 1.278, 1.291, 1.3, 1.303, 1.29, 1.288, 1.285, 1.303, 1.275, 1.295, 1.269, 1.303, 1.286, 1.305, 1.283, 1.297, 1.299, 1.29, 1.277, 1.286, 1.286, 1.301, 1.292, 1.302, 1.31, 1.274, 1.296, 1.29, 1.3, 1.291, 1.295, 1.281, 1.285, 1.295, 1.279, 1.282, 1.296, 1.294, 1.289, 1.292, 1.289, 1.29, 1.286, 1.279, 1.303, 1.299, 1.278, 1.282, 1.312, 1.299, 1.306, 1.284, 1.302, 1.287, 1.283, 1.296, 1.283, 1.29, 1.289, 1.271, 1.276, 1.296, 1.287, 1.301, 1.296, 1.292, 1.31, 1.299, 1.296, 1.3, 1.298, 1.293, 1.296, 1.288, 1.301, 1.291, 1.299, 1.289, 1.272, 1.297, 1.315, 1.285, 1.292]"
0.0,12.5,0.5,3.0,1.3314,-0.9094,0.0009,"[1.317, 1.316, 1.311, 1.326, 1.33, 1.325, 1.323, 1.32, 1.334, 1.338, 1.32, 1.313, 1.309, 1.33, 1.31, 1.317, 1.315, 1.338, 1.33, 1.336, 1.318, 1.332, 1.33, 1.326, 1.315, 1.322, 1.326, 1.32, 1.316, 1.339, 1.326, 1.321, 1.329, 1.333, 1.312, 1.302, 1.325, 1.331, 1.334, 1.327, 1.31, 1.325, 1.328, 1.319, 1.329, 1.309, 1.337, 1.316, 1.306, 1.314, 1.329, 1.329, 1.323, 1.301, 1.312, 1.318, 1.318, 1.31, 1.32, 1.331, 1.322, 1.336, 1.321, 1.336, 1.339, 1.326, 1.323, 1.334, 1.333, 1.319, 1.319, 1.326, 1.309, 1.326, 1.322, 1.311, 1.318, 1.327, 1.32, 1.325, 1.329, 1.337, 1.318, 1.321, 1.323, 1.341, 1.332, 1.313, 1.307, 1.335, 1.324, 1.336, 1.337, 1.317, 1.321, 1.329, 1.314, 1.323, 1.32, 1.317, 1.329, 1.321, 1.314, 1.331, 1.333, 1.332, 1.316, 1.326, 1.323, 1.323, 1.327, 1.328, 1.338, 1.327, 1.326, 1.326, 1.339, 1.308, 1.333, 1.328, 1.323, 1.326, 1.336, 1.327, 1.328, 1.322, 1.331, 1.331, 1.302, 1.325, 1.348, 1.339, 1.334, 1.323, 1.334, 1.325, 1.306, 1.321, 1.308, 1.322, 1.345, 1.316, 1.331, 1.308, 1.325, 1.306, 1.309, 1.329, 1.32, 1.321, 1.322, 1.301, 1.317, 1.322, 1.326, 1.295, 1.332, 1.311, 1.327, 1.323]"
0.0,12.5,1.0,0.0,0.6783,-1.4913,0.007,"[0.675, 0.649, 0.664, 0.662, 0.671, 0.671, 0.671, 0.675, 0.694, 0.68, 0.678, 0.672, 0.673, 0.677, 0.672, 0.69, 0.664, 0.679, 0.665, 0.676, 0.677, 0.676, 0.67, 0.66, 0.669, 0.677, 0.65, 0.676, 0.669, 0.66, 0.674, 0.688, 0.684, 0.664, 0.694, 0.678, 0.68, 0.673, 0.669, 0.656, 0.688, 0.676, 0.67, 0.684, 0.675, 0.66, 0.672, 0.667, 0.668, 0.687, 0.677, 0.68, 0.684, 0.679, 0.679, 0.678, 0.674, 0.674, 0.665, 0.669, 0.676, 0.675, 0.666, 0.671, 0.669, 0.684, 0.672, 0.668, 0.662, 0.661, 0.657, 0.678, 0.661, 0.662, 0.65, 0.666, 0.655, 0.656, 0.679, 0.672, 0.666, 0.681, 0.669, 0.659, 0.68, 0.679, 0.663, 0.666, 0.667, 0.688, 0.667, 0.668, 0.664, 0.664, 0.677, 0.685, 0.663, 0.647, 0.673, 0.645, 0.669, 0.672, 0.657, 0.674, 0.67, 0.654, 0.663, 0.671, 0.681, 0.666, 0.668, 0.661, 0.674, 0.67, 0.677, 0.665, 0.663, 0.668, 0.67, 0.675, 0.677, 0.676, 0.668, 0.682, 0.674, 0.687, 0.678, 0.652, 0.657, 0.687, 0.678, 0.672, 0.693, 0.65, 0.663, 0.674, 0.669, 0.681, 0.692, 0.68, 0.652, 0.689, 0.671, 0.665, 0.654, 0.672, 0.656, 0.664, 0.658, 0.668, 0.668, 0.66, 0.669, 0.677, 0.67, 0.696, 0.667, 0.67, 0.683, 0.663]"
0.0,12.5,1.0,3.0,0.6933,-0.949,0.0082,"[0.689, 0.678, 0.681, 0.666, 0.702, 0.693, 0.689, 0.68, 0.667, 0.69, 0.689, 0.666, 0.671, 0.685, 0.689, 0.684, 0.658, 0.687, 0.684, 0.671, 0.686, 0.679, 0.664, 0.686, 0.695, 0.697, 0.694, 0.683, 0.679, 0.673, 0.663, 0.687, 0.687, 0.681, 0.698, 0.696, 0.691, 0.678, 0.704, 0.699, 0.672, 0.688, 0.691, 0.675, 0.693, 0.698, 0.678, 0.683, 0.691, 0.702, 0.691, 0.68, 0.681, 0.689, 0.687, 0.686, 0.673, 0.688, 0.691, 0.68, 0.691, 0.696, 0.693, 0.699, 0.674, 0.691, 0.702, 0.7, 0.664, 0.681, 0.688, 0.663, 0.689, 0.669, 0.682, 0.679, 0.68, 0.683, 0.665, 0.69, 0.688, 0.69, 0.697, 0.696, 0.686, 0.69, 0.696, 0.675, 0.69, 0.675, 0.673, 0.679, 0.685, 0.69, 0.677, 0.699, 0.688, 0.683, 0.681, 0.681, 0.675, 0.674, 0.683, 0.683, 0.692, 0.707, 0.689, 0.675, 0.682, 0.705, 0.707, 0.687, 0.702, 0.697, 0.69, 0.689, 0.697, 0.696, 0.674, 0.678, 0.687, 0.682, 0.674, 0.669, 0.681, 0.678, 0.695, 0.696, 0.684, 0.692, 0.681, 0.705, 0.691, 0.695, 0.688, 0.695, 0.699, 0.673, 0.692, 0.688, 0.673, 0.685, 0.678, 0.695, 0.679, 0.695, 0.681, 0.676, 0.676, 0.701, 0.689, 0.683, 0.699, 0.706, 0.68, 0.7, 0.684, 0.688, 0.68, 0.69]"
0.0,12.5,2.0,0.0,0.3524,-1.4723,0.0146,"[0.376, 0.382, 0.369, 0.373, 0.346, 0.353, 0.377, 0.374, 0.364, 0.358, 0.363, 0.367, 0.372, 0.36, 0.346, 0.365, 0.348, 0.378, 0.369, 0.375, 0.371, 0.368, 0.351, 0.357, 0.354, 0.357, 0.361, 0.354, 0.349, 0.343, 0.35, 0.366, 0.361, 0.367, 0.358, 0.357, 0.365, 0.363, 0.364, 0.36, 0.365, 0.347, 0.364, 0.355, 0.362, 0.353, 0.345, 0.351, 0.367, 0.357, 0.361, 0.363, 0.35, 0.343, 0.361, 0.357, 0.367, 0.358, 0.332, 0.369, 0.368, 0.354, 0.36, 0.355, 0.36, 0.367, 0.361, 0.366, 0.348, 0.348, 0.371, 0.362, 0.36, 0.378, 0.376, 0.364, 0.355, 0.361, 0.353, 0.362, 0.364, 0.375, 0.359, 0.362, 0.362, 0.37, 0.343, 0.374, 0.367, 0.351, 0.351, 0.348, 0.368, 0.371, 0.364, 0.371, 0.368, 0.347, 0.348, 0.363, 0.346, 0.35, 0.375, 0.369, 0.333, 0.349, 0.356, 0.348, 0.369, 0.344, 0.361, 0.36, 0.375, 0.352, 0.343, 0.361, 0.35, 0.368, 0.352, 0.367, 0.364, 0.364, 0.339, 0.37, 0.363, 0.367, 0.356, 0.357, 0.356, 0.359, 0.35, 0.356, 0.362, 0.352, 0.362, 0.39, 0.361, 0.372, 0.384, 0.376, 0.375, 0.366, 0.354, 0.371, 0.354, 0.384, 0.368, 0.343, 0.361, 0.367, 0.353, 0.365, 0.353, 0.367, 0.35, 0.368, 0.359, 0.356, 0.343, 0.361]"
0.0,12.5,2.0,3.0,0.3514,-1.0305,0.0043,"[0.37, 0.371, 0.373, 0.36, 0.365, 0.365, 0.374, 0.362, 0.356, 0.368, 0.357, 0.359, 0.382, 0.357, 0.367, 0.368, 0.362, 0.372, 0.36, 0.367, 0.363, 0.38, 0.377, 0.361, 0.37, 0.361, 0.36, 0.375, 0.375, 0.359, 0.374, 0.354, 0.377, 0.375, 0.364, 0.365, 0.368, 0.363, 0.38, 0.382, 0.368, 0.373, 0.368, 0.371, 0.365, 0.357, 0.39, 0.391, 0.383, 0.384, 0.362, 0.343, 0.363, 0.357, 0.371, 0.359, 0.375, 0.382, 0.348, 0.357, 0.355, 0.342, 0.375, 0.356, 0.371, 0.356, 0.358, 0.366, 0.367, 0.365, 0.368, 0.375, 0.373, 0.366, 0.366, 0.369, 0.368, 0.361, 0.38, 0.369, 0.369, 0.356, 0.357, 0.355, 0.368, 0.369, 0.362, 0.358, 0.367, 0.379, 0.363, 0.369, 0.366, 0.362, 0.365, 0.382, 0.364, 0.373, 0.367, 0.373, 0.356, 0.372, 0.374, 0.362, 0.357, 0.391, 0.377, 0.376, 0.38, 0.382, 0.362, 0.375, 0.36, 0.362, 0.368, 0.356, 0.387, 0.366, 0.365, 0.375, 0.365, 0.364, 0.363, 0.374, 0.359, 0.361, 0.364, 0.367, 0.368, 0.361, 0.362, 0.375, 0.373, 0.376, 0.366, 0.373, 0.36, 0.366, 0.376, 0.369, 0.377, 0.365, 0.367, 0.379, 0.347, 0.378, 0.371, 0.369, 0.351, 0.36, 0.376, 0.371, 0.362, 0.372, 0.363, 0.363, 0.395, 0.362, 0.339, 0.362]"
0.0,15.0,0.5,0.0,1.3098,-1.3725,0.0278,"[1.297, 1.326, 1.306, 1.313, 1.299, 1.305, 1.309, 1.301, 1.315, 1.302, 1.303, 1.321, 1.322, 1.324, 1.324, 1.305, 1.313, 1.305, 1.316, 1.327, 1.316, 1.324, 1.301, 1.306, 1.318, 1.313, 1.293, 1.326, 1.307, 1.3, 1.302, 1.311, 1.306, 1.32, 1.317, 1.306, 1.304, 1.332, 1.311, 1.323, 1.316, 1.319, 1.299, 1.306, 1.315, 1.296, 1.305, 1.308, 1.301, 1.295, 1.319, 1.311, 1.331, 1.315, 1.313, 1.308, 1.305, 1.324, 1.315, 1.311, 1.315, 1.314, 1.308, 1.307, 1.302, 1.312, 1.31, 1.282, 1.302, 1.325, 1.301, 1.319, 1.302, 1.321, 1.309, 1.312, 1.321, 1.302, 1.319, 1.307, 1.321, 1.297, 1.317, 1.307, 1.306, 1.315, 1.296, 1.307, 1.322, 1.311, 1.308, 1.325, 1.306, 1.316, 1.312, 1.324, 1.317, 1.312, 1.294, 1.309, 1.327, 1.327, 1.305, 1.311, 1.295, 1.317, 1.299, 1.309, 1.318, 1.306, 1.311, 1.321, 1.321, 1.304, 1.299, 1.307, 1.303, 1.294, 1.319, 1.296, 1.31, 1.311, 1.299, 1.309, 1.318, 1.311, 1.302, 1.319, 1.308, 1.316, 1.313, 1.312, 1.306, 1.305, 1.306, 1.303, 1.33, 1.311, 1.302, 1.315, 1.323, 1.302, 1.316, 1.311, 1.29, 1.297, 1.303, 1.303, 1.3, 1.307, 1.318, 1.301, 1.32, 1.32, 1.308, 1.309, 1.318, 1.301, 1.294, 1.292]"
0.0,15.0,0.5,3.0,1.34,-0.8806,0.0068,"[1.338, 1.345, 1.317, 1.349, 1.324, 1.332, 1.328, 1.322, 1.313, 1.324, 1.308, 1.304, 1.312, 1.327, 1.322, 1.313, 1.328, 1.329, 1.312, 1.316, 1.323, 1.321, 1.311, 1.325, 1.321, 1.323, 1.304, 1.33, 1.325, 1.333, 1.329, 1.334, 1.322, 1.309, 1.331, 1.319, 1.327, 1.315, 1.326, 1.309, 1.333, 1.323, 1.329, 1.313, 1.322, 1.328, 1.327, 1.325, 1.316, 1.322, 1.319, 1.307, 1.316, 1.319, 1.317, 1.322, 1.326, 1.322, 1.318, 1.331, 1.311, 1.315, 1.312, 1.327, 1.327, 1.327, 1.34, 1.315, 1.323, 1.328, 1.319, 1.328, 1.331, 1.33, 1.338, 1.339, 1.328, 1.316, 1.355, 1.311, 1.322, 1.331, 1.325, 1.325, 1.327, 1.33, 1.312, 1.331, 1.324, 1.33, 1.323, 1.312, 1.329, 1.309, 1.328, 1.348, 1.317, 1.313, 1.324, 1.319, 1.325, 1.316, 1.311, 1.294, 1.311, 1.324, 1.332, 1.328, 1.329, 1.33, 1.316, 1.303, 1.321, 1.306, 1.324, 1.321, 1.342, 1.335, 1.327, 1.317, 1.308, 1.343, 1.321, 1.326, 1.315, 1.339, 1.313, 1.318, 1.326, 1.332, 1.319, 1.323, 1.316, 1.322, 1.328, 1.337, 1.324, 1.311, 1.339, 1.33, 1.327, 1.341, 1.338, 1.312, 1.321, 1.309, 1.322, 1.325, 1.305, 1.321, 1.318, 1.334, 1.339, 1.334, 1.32, 1.331, 1.318, 1.314, 1.314, 1.334]"
0.0,15.0,1.0,0.0,0.684,-1.3071,0.005,"[0.674, 0.688, 0.664, 0.691, 0.692, 0.673, 0.694, 0.649, 0.676, 0.689, 0.679, 0.662, 0.681, 0.672, 0.693, 0.662, 0.679, 0.664, 0.681, 0.669, 0.678, 0.674, 0.674, 0.681, 0.687, 0.681, 0.678, 0.692, 0.671, 0.685, 0.676, 0.702, 0.671, 0.669, 0.678, 0.677, 0.681, 0.68, 0.679, 0.693, 0.693, 0.68, 0.679, 0.681, 0.684, 0.663, 0.693, 0.689, 0.676, 0.672, 0.667, 0.685, 0.698, 0.654, 0.679, 0.662, 0.675, 0.675, 0.693, 0.681, 0.687, 0.674, 0.682, 0.681, 0.699, 0.678, 0.682, 0.691, 0.673, 0.664, 0.676, 0.686, 0.676, 0.681, 0.674, 0.678, 0.667, 0.687, 0.686, 0.695, 0.669, 0.7, 0.675, 0.659, 0.691, 0.691, 0.675, 0.669, 0.652, 0.666, 0.671, 0.687, 0.682, 0.681, 0.675, 0.679, 0.687, 0.685, 0.682, 0.69, 0.667, 0.669, 0.688, 0.674, 0.677, 0.672, 0.674, 0.673, 0.695, 0.68, 0.683, 0.664, 0.671, 0.671, 0.684, 0.672, 0.684, 0.663, 0.669, 0.664, 0.679, 0.669, 0.677, 0.665, 0.663, 0.672, 0.695, 0.664, 0.677, 0.683, 0.681, 0.671, 0.669, 0.679, 0.69, 0.675, 0.682, 0.679, 0.695, 0.668, 0.69, 0.668, 0.676, 0.69, 0.688, 0.666, 0.68, 0.69, 0.685, 0.668, 0.677, 0.684, 0.677, 0.668, 0.681, 0.699, 0.68, 0.662, 0.667, 0.689]"
0.0,15.0,1.0,3.0,0.695,-0.8624,0.0205,"[0.703, 0.692, 0.683, 0.684, 0.69, 0.666, 0.707, 0.683, 0.676, 0.686, 0.68, 0.706, 0.687, 0.689, 0.694, 0.68, 0.685, 0.689, 0.692, 0.675, 0.679, 0.658, 0.68, 0.688, 0.696, 0.693, 0.678, 0.682, 0.695, 0.683, 0.684, 0.699, 0.694, 0.676, 0.68, 0.703, 0.69, 0.699, 0.675, 0.691, 0.693, 0.699, 0.699, 0.682, 0.689, 0.684, 0.693, 0.671, 0.667, 0.689, 0.686, 0.689, 0.683, 0.697, 0.691, 0.682, 0.685, 0.668, 0.709, 0.684, 0.692, 0.689, 0.686, 0.688, 0.664, 0.693, 0.681, 0.693, 0.692, 0.685, 0.698, 0.705, 0.678, 0.681, 0.668, 0.685, 0.689, 0.678, 0.684, 0.707, 0.69, 0.685, 0.69, 0.69, 0.665, 0.685, 0.682, 0.699, 0.683, 0.703, 0.695, 0.7, 0.679, 0.688, 0.706, 0.671, 0.692, 0.698, 0.685, 0.689, 0.7, 0.703, 0.671, 0.698, 0.675, 0.693, 0.67, 0.671, 0.709, 0.695, 0.664, 0.676, 0.677, 0.682, 0.677, 0.672, 0.68, 0.684, 0.677, 0.695, 0.675, 0.691, 0.69, 0.681, 0.68, 0.696, 0.678, 0.697, 0.686, 0.699, 0.671, 0.685, 0.679, 0.702, 0.688, 0.681, 0.675, 0.677, 0.69, 0.693, 0.703, 0.687, 0.666, 0.69, 0.691, 0.682, 0.692, 0.688, 0.692, 0.672, 0.691, 0.672, 0.676, 0.687, 0.68, 0.681, 0.687, 0.686, 0.671, 0.684]"
0.0,15.0,2.0,0.0,0.3494,-1.3785,0.0119,"[0.37, 0.38, 0.352, 0.364, 0.354, 0.357, 0.382, 0.347, 0.374, 0.37, 0.371, 0.362, 0.379, 0.367, 0.371, 0.345, 0.353, 0.361, 0.37, 0.352, 0.347, 0.365, 0.355, 0.367, 0.361, 0.37, 0.349, 0.358, 0.361, 0.373, 0.359, 0.364, 0.354, 0.369, 0.371, 0.363, 0.358, 0.358, 0.361, 0.37, 0.361, 0.376, 0.363, 0.353, 0.382, 0.357, 0.355, 0.36, 0.376, 0.373, 0.37, 0.369, 0.368, 0.367, 0.369, 0.361, 0.356, 0.372, 0.354, 0.364, 0.358, 0.356, 0.371, 0.367, 0.376, 0.361, 0.369, 0.357, 0.367, 0.353, 0.357, 0.368, 0.348, 0.376, 0.366, 0.36, 0.367, 0.371, 0.384, 0.35, 0.358, 0.376, 0.362, 0.368, 0.345, 0.369, 0.364, 0.365, 0.366, 0.353, 0.356, 0.378, 0.361, 0.384, 0.376, 0.366, 0.365, 0.363, 0.361, 0.362, 0.388, 0.364, 0.376, 0.361, 0.348, 0.358, 0.364, 0.363, 0.367, 0.362, 0.347, 0.371, 0.363, 0.362, 0.367, 0.373, 0.371, 0.366, 0.375, 0.371, 0.356, 0.359, 0.362, 0.383, 0.366, 0.353, 0.374, 0.359, 0.387, 0.368, 0.345, 0.362, 0.363, 0.362, 0.373, 0.37, 0.376, 0.37, 0.369, 0.352, 0.367, 0.37, 0.369, 0.369, 0.349, 0.367, 0.36, 0.37, 0.375, 0.373, 0.362, 0.356, 0.365, 0.363, 0.374, 0.374, 0.372, 0.361, 0.374, 0.369]"
0.0,15.0,2.0,3.0,0.3809,-0.8781,0.007,"[0.362, 0.376, 0.381, 0.365, 0.367, 0.362, 0.37, 0.362, 0.371, 0.38, 0.366, 0.364, 0.367, 0.364, 0.371, 0.377, 0.357, 0.355, 0.361, 0.372, 0.374, 0.385, 0.375, 0.367, 0.357, 0.368, 0.37, 0.367, 0.366, 0.372, 0.37, 0.384, 0.363, 0.372, 0.365, 0.365, 0.369, 0.381, 0.377, 0.357, 0.371, 0.351, 0.364, 0.379, 0.363, 0.363, 0.387, 0.373, 0.379, 0.381, 0.367, 0.378, 0.368, 0.367, 0.372, 0.378, 0.367, 0.375, 0.359, 0.372, 0.35, 0.37, 0.354, 0.378, 0.366, 0.367, 0.37, 0.364, 0.364, 0.367, 0.358, 0.351, 0.363, 0.363, 0.35, 0.372, 0.365, 0.375, 0.368, 0.365, 0.368, 0.352, 0.364, 0.376, 0.39, 0.36, 0.374, 0.364, 0.374, 0.371, 0.354, 0.369, 0.37, 0.367, 0.352, 0.368, 0.366, 0.368, 0.374, 0.362, 0.37, 0.369, 0.357, 0.35, 0.367, 0.366, 0.362, 0.371, 0.371, 0.362, 0.381, 0.361, 0.386, 0.375, 0.368, 0.354, 0.356, 0.371, 0.366, 0.361, 0.373, 0.368, 0.358, 0.364, 0.366, 0.374, 0.368, 0.368, 0.379, 0.351, 0.386, 0.353, 0.354, 0.365, 0.361, 0.387, 0.359, 0.361, 0.367, 0.384, 0.379, 0.37, 0.356, 0.35, 0.358, 0.348, 0.356, 0.349, 0.372, 0.355, 0.378, 0.369, 0.368, 0.375, 0.364, 0.369, 0.359, 0.378, 0.381, 0.363]"
0.0,17.5,0.5,0.0,1.3361,-1.1708,0.0062,"[1.316, 1.314, 1.312, 1.322, 1.304, 1.319, 1.327, 1.306, 1.324, 1.328, 1.308, 1.314, 1.309, 1.318, 1.305, 1.325, 1.31, 1.306, 1.321, 1.306, 1.316, 1.328, 1.325, 1.327, 1.314, 1.316, 1.321, 1.314, 1.322, 1.303, 1.316, 1.328, 1.313, 1.317, 1.339, 1.31, 1.315, 1.298, 1.321, 1.323, 1.322, 1.334, 1.322, 1.316, 1.324, 1.312, 1.323, 1.345, 1.337, 1.333, 1.32, 1.308, 1.313, 1.339, 1.315, 1.329, 1.308, 1.321, 1.323, 1.31, 1.304, 1.31, 1.326, 1.331, 1.31, 1.309, 1.307, 1.329, 1.311, 1.302, 1.314, 1.309, 1.33, 1.325, 1.319, 1.331, 1.319, 1.314, 1.308, 1.313, 1.302, 1.33, 1.31, 1.301, 1.327, 1.315, 1.298, 1.303, 1.304, 1.301, 1.313, 1.325, 1.318, 1.298, 1.31, 1.321, 1.314, 1.321, 1.318, 1.306, 1.304, 1.315, 1.31, 1.318, 1.327, 1.327, 1.304, 1.311, 1.306, 1.323, 1.32, 1.33, 1.311, 1.313, 1.312, 1.321, 1.321, 1.305, 1.299, 1.314, 1.305, 1.313, 1.32, 1.304, 1.306, 1.315, 1.341, 1.31, 1.322, 1.302, 1.331, 1.315, 1.317, 1.31, 1.313, 1.333, 1.309, 1.313, 1.318, 1.317, 1.314, 1.315, 1.328, 1.323, 1.312, 1.318, 1.324, 1.317, 1.302, 1.33, 1.301, 1.337, 1.315, 1.332, 1.311, 1.324, 1.303, 1.319, 1.307, 1.32]"
0.0,17.5,0.5,3.0,1.3312,-0.8149,0.0047,"[1.323, 1.314, 1.345, 1.306, 1.337, 1.328, 1.319, 1.33, 1.326, 1.324, 1.318, 1.309, 1.313, 1.329, 1.319, 1.326, 1.311, 1.313, 1.317, 1.342, 1.318, 1.313, 1.337, 1.342, 1.307, 1.314, 1.344, 1.321, 1.329, 1.321, 1.328, 1.322, 1.319, 1.315, 1.323, 1.323, 1.332, 1.321, 1.314, 1.314, 1.32, 1.307, 1.33, 1.328, 1.343, 1.308, 1.319, 1.315, 1.333, 1.331, 1.325, 1.326, 1.335, 1.32, 1.329, 1.328, 1.315, 1.314, 1.316, 1.336, 1.33, 1.336, 1.316, 1.339, 1.314, 1.307, 1.298, 1.32, 1.321, 1.315, 1.302, 1.332, 1.324, 1.328, 1.337, 1.305, 1.332, 1.326, 1.333, 1.335, 1.321, 1.354, 1.336, 1.32, 1.315, 1.311, 1.317, 1.326, 1.319, 1.334, 1.336, 1.329, 1.321, 1.336, 1.324, 1.343, 1.306, 1.325, 1.328, 1.341, 1.321, 1.331, 1.301, 1.322, 1.331, 1.328, 1.32, 1.313, 1.323, 1.324, 1.323, 1.344, 1.315, 1.334, 1.328, 1.319, 1.331, 1.339, 1.309, 1.346, 1.342, 1.334, 1.32, 1.317, 1.348, 1.333, 1.336, 1.345, 1.34, 1.321, 1.316, 1.316, 1.322, 1.312, 1.325, 1.309, 1.337, 1.341, 1.33, 1.329, 1.333, 1.314, 1.315, 1.328, 1.303, 1.326, 1.335, 1.315, 1.333, 1.328, 1.322, 1.315, 1.323, 1.322, 1.325, 1.32, 1.318, 1.322, 1.327, 1.337]"
0.0,17.5,1.0,0.0,0.6957,-1.0591,0.0022,"[0.693, 0.696, 0.682, 0.712, 0.688, 0.68, 0.669, 0.693, 0.679, 0.67, 0.682, 0.703, 0.682, 0.678, 0.675, 0.705, 0.679, 0.684, 0.69, 0.667, 0.675, 0.682, 0.678, 0.68, 0.707, 0.699, 0.668, 0.681, 0.696, 0.681, 0.674, 0.695, 0.686, 0.673, 0.677, 0.681, 0.677, 0.674, 0.691, 0.677, 0.666, 0.692, 0.685, 0.678, 0.692, 0.684, 0.687, 0.683, 0.685, 0.685, 0.69, 0.675, 0.682, 0.688, 0.67, 0.686, 0.681, 0.69, 0.685, 0.691, 0.694, 0.67, 0.689, 0.699, 0.685, 0.688, 0.682, 0.691, 0.686, 0.699, 0.688, 0.668, 0.688, 0.68, 0.683, 0.67, 0.669, 0.684, 0.702, 0.666, 0.673, 0.683, 0.698, 0.685, 0.668, 0.672, 0.675, 0.683, 0.693, 0.696, 0.677, 0.687, 0.689, 0.702, 0.693, 0.668, 0.706, 0.69, 0.693, 0.687, 0.68, 0.688, 0.687, 0.666, 0.69, 0.68, 0.688, 0.7, 0.669, 0.658, 0.679, 0.676, 0.681, 0.698, 0.677, 0.686, 0.681, 0.692, 0.692, 0.696, 0.672, 0.694, 0.685, 0.677, 0.682, 0.686, 0.686, 0.687, 0.694, 0.699, 0.691, 0.681, 0.678, 0.683, 0.692, 0.695, 0.679, 0.672, 0.681, 0.686, 0.676, 0.675, 0.67, 0.676, 0.688, 0.68, 0.688, 0.682, 0.669, 0.679, 0.69, 0.686, 0.661, 0.693, 0.674, 0.675, 0.699, 0.663, 0.677, 0.702]"
0.0,17.5,1.0,3.0,0.6774,-0.7739,0.0087,"[0.69, 0.697, 0.673, 0.686, 0.68, 0.676, 0.678, 0.691, 0.681, 0.689, 0.687, 0.69, 0.701, 0.677, 0.69, 0.695, 0.681, 0.702, 0.678, 0.7, 0.695, 0.683, 0.706, 0.675, 0.69, 0.673, 0.687, 0.682, 0.68, 0.691, 0.689, 0.692, 0.684, 0.676, 0.694, 0.698, 0.685, 0.698, 0.707, 0.701, 0.69, 0.681, 0.675, 0.694, 0.681, 0.695, 0.677, 0.7, 0.682, 0.676, 0.688, 0.678, 0.678, 0.695, 0.682, 0.695, 0.692, 0.686, 0.685, 0.681, 0.681, 0.69, 0.694, 0.693, 0.701, 0.688, 0.704, 0.687, 0.69, 0.712, 0.697, 0.689, 0.695, 0.69, 0.707, 0.684, 0.674, 0.686, 0.682, 0.683, 0.674, 0.698, 0.694, 0.706, 0.692, 0.697, 0.686, 0.682, 0.678, 0.699, 0.695, 0.693, 0.681, 0.704, 0.684, 0.687, 0.683, 0.69, 0.698, 0.688, 0.686, 0.677, 0.703, 0.673, 0.674, 0.692, 0.685, 0.692, 0.686, 0.672, 0.671, 0.669, 0.709, 0.676, 0.682, 0.697, 0.696, 0.679, 0.681, 0.686, 0.68, 0.693, 0.716, 0.682, 0.68, 0.694, 0.661, 0.689, 0.677, 0.702, 0.678, 0.686, 0.685, 0.69, 0.694, 0.691, 0.676, 0.689, 0.697, 0.68, 0.682, 0.693, 0.675, 0.692, 0.692, 0.674, 0.691, 0.685, 0.681, 0.694, 0.678, 0.688, 0.689, 0.692, 0.7, 0.692, 0.688, 0.681, 0.694, 0.692]"
0.0,17.5,2.0,0.0,0.3955,-1.1711,0.0092,"[0.371, 0.366, 0.372, 0.364, 0.369, 0.37, 0.373, 0.367, 0.356, 0.376, 0.377, 0.381, 0.357, 0.361, 0.357, 0.346, 0.375, 0.352, 0.373, 0.353, 0.35, 0.362, 0.371, 0.349, 0.361, 0.352, 0.374, 0.367, 0.367, 0.375, 0.364, 0.371, 0.383, 0.367, 0.349, 0.371, 0.358, 0.362, 0.36, 0.369, 0.365, 0.365, 0.373, 0.364, 0.368, 0.379, 0.38, 0.386, 0.381, 0.352, 0.359, 0.373, 0.371, 0.365, 0.375, 0.357, 0.374, 0.377, 0.35, 0.368, 0.369, 0.357, 0.354, 0.369, 0.372, 0.365, 0.363, 0.371, 0.352, 0.38, 0.389, 0.368, 0.38, 0.376, 0.392, 0.343, 0.373, 0.341, 0.357, 0.366, 0.363, 0.379, 0.384, 0.371, 0.393, 0.355, 0.357, 0.355, 0.377, 0.379, 0.351, 0.358, 0.364, 0.361, 0.36, 0.364, 0.357, 0.377, 0.383, 0.352, 0.37, 0.373, 0.357, 0.35, 0.365, 0.361, 0.363, 0.373, 0.378, 0.393, 0.371, 0.366, 0.353, 0.372, 0.369, 0.365, 0.368, 0.348, 0.346, 0.378, 0.347, 0.353, 0.356, 0.371, 0.391, 0.366, 0.36, 0.38, 0.356, 0.374, 0.371, 0.36, 0.366, 0.37, 0.362, 0.366, 0.37, 0.374, 0.35, 0.367, 0.36, 0.381, 0.367, 0.365, 0.382, 0.355, 0.368, 0.362, 0.387, 0.358, 0.368, 0.366, 0.366, 0.381, 0.374, 0.368, 0.374, 0.368, 0.353, 0.37]"
0.0,17.5,2.0,3.0,0.3437,-0.7949,0.0048,"[0.35, 0.36, 0.36, 0.37, 0.385, 0.361, 0.365, 0.377, 0.367, 0.377, 0.365, 0.366, 0.369, 0.369, 0.354, 0.368, 0.373, 0.363, 0.373, 0.376, 0.371, 0.364, 0.356, 0.375, 0.376, 0.388, 0.353, 0.383, 0.38, 0.371, 0.38, 0.37, 0.371, 0.358, 0.365, 0.374, 0.368, 0.361, 0.366, 0.368, 0.381, 0.379, 0.366, 0.364, 0.376, 0.361, 0.375, 0.382, 0.384, 0.36, 0.37, 0.369, 0.353, 0.374, 0.368, 0.366, 0.369, 0.365, 0.363, 0.376, 0.368, 0.38, 0.375, 0.376, 0.354, 0.368, 0.377, 0.381, 0.369, 0.357, 0.382, 0.361, 0.351, 0.369, 0.368, 0.381, 0.379, 0.363, 0.358, 0.365, 0.37, 0.375, 0.365, 0.375, 0.362, 0.385, 0.372, 0.356, 0.362, 0.361, 0.365, 0.357, 0.365, 0.364, 0.371, 0.364, 0.377, 0.365, 0.357, 0.345, 0.371, 0.364, 0.354, 0.369, 0.361, 0.379, 0.361, 0.384, 0.367, 0.371, 0.375, 0.374, 0.37, 0.356, 0.395, 0.357, 0.356, 0.372, 0.378, 0.357, 0.382, 0.357, 0.377, 0.372, 0.391, 0.374, 0.373, 0.372, 0.38, 0.361, 0.366, 0.373, 0.383, 0.373, 0.356, 0.377, 0.374, 0.372, 0.373, 0.365, 0.374, 0.355, 0.38, 0.39, 0.385, 0.365, 0.376, 0.379, 0.376, 0.363, 0.365, 0.36, 0.362, 0.389, 0.37, 0.36, 0.376, 0.387, 0.374, 0.37]"
0.0,20.0,0.5,0.0,1.3117,-1.0394,0.0064,"[1.338, 1.32, 1.33, 1.325, 1.32, 1.313, 1.322, 1.343, 1.299, 1.318, 1.318, 1.317, 1.33, 1.327, 1.32, 1.321, 1.326, 1.331, 1.336, 1.321, 1.306, 1.33, 1.32, 1.329, 1.346, 1.321, 1.32, 1.31, 1.338, 1.297, 1.322, 1.33, 1.32, 1.309, 1.308, 1.318, 1.327, 1.323, 1.313, 1.332, 1.331, 1.313, 1.311, 1.331, 1.318, 1.324, 1.33, 1.305, 1.322, 1.322, 1.313, 1.31, 1.315, 1.303, 1.307, 1.332, 1.312, 1.307, 1.32, 1.314, 1.314, 1.332, 1.342, 1.327, 1.306, 1.317, 1.329, 1.318, 1.317, 1.321, 1.335, 1.305, 1.321, 1.301, 1.331, 1.322, 1.315, 1.327, 1.314, 1.308, 1.338, 1.318, 1.321, 1.331, 1.336, 1.321, 1.341, 1.328, 1.338, 1.314, 1.315, 1.323, 1.312, 1.335, 1.315, 1.314, 1.304, 1.313, 1.297, 1.316, 1.299, 1.31, 1.313, 1.318, 1.325, 1.32, 1.325, 1.329, 1.325, 1.32, 1.334, 1.321, 1.308, 1.323, 1.324, 1.315, 1.333, 1.322, 1.311, 1.307, 1.307, 1.342, 1.321, 1.325, 1.314, 1.328, 1.319, 1.318, 1.319, 1.308, 1.327, 1.337, 1.323, 1.319, 1.312, 1.317, 1.312, 1.304, 1.317, 1.319, 1.323, 1.332, 1.324, 1.312, 1.325, 1.312, 1.318, 1.32, 1.324, 1.318, 1.303, 1.317, 1.312, 1.313, 1.312, 1.318, 1.324, 1.327, 1.314, 1.304]"
0.0,20.0,0.5,3.0,1.3132,-0.657,0.0046,"[1.333, 1.324, 1.319, 1.31, 1.332, 1.326, 1.318, 1.305, 1.335, 1.334, 1.319, 1.322, 1.318, 1.321, 1.3, 1.327, 1.318, 1.32, 1.316, 1.32, 1.327, 1.327, 1.323, 1.324, 1.322, 1.335, 1.323, 1.324, 1.341, 1.323, 1.315, 1.333, 1.304, 1.316, 1.321, 1.298, 1.327, 1.328, 1.31, 1.321, 1.349, 1.323, 1.34, 1.32, 1.334, 1.32, 1.321, 1.314, 1.339, 1.319, 1.32, 1.326, 1.305, 1.323, 1.324, 1.315, 1.334, 1.328, 1.317, 1.309, 1.33, 1.312, 1.318, 1.332, 1.325, 1.321, 1.305, 1.306, 1.31, 1.316, 1.319, 1.318, 1.335, 1.325, 1.313, 1.322, 1.32, 1.322, 1.318, 1.312, 1.332, 1.348, 1.333, 1.325, 1.328, 1.319, 1.333, 1.312, 1.319, 1.323, 1.332, 1.32, 1.322, 1.31, 1.296, 1.323, 1.33, 1.333, 1.324, 1.324, 1.303, 1.321, 1.326, 1.33, 1.33, 1.333, 1.319, 1.308, 1.328, 1.32, 1.319, 1.33, 1.329, 1.323, 1.317, 1.335, 1.325, 1.309, 1.32, 1.313, 1.321, 1.321, 1.306, 1.301, 1.324, 1.301, 1.324, 1.344, 1.337, 1.322, 1.33, 1.327, 1.332, 1.315, 1.339, 1.336, 1.321, 1.312, 1.309, 1.336, 1.34, 1.328, 1.324, 1.339, 1.318, 1.323, 1.323, 1.32, 1.327, 1.324, 1.317, 1.312, 1.336, 1.333, 1.345, 1.325, 1.331, 1.321, 1.33, 1.337]"
0.0,20.0,1.0,0.0,0.7071,-1.062,0.011,"[0.676, 0.673, 0.679, 0.684, 0.675, 0.687, 0.703, 0.695, 0.694, 0.668, 0.682, 0.699, 0.68, 0.682, 0.695, 0.689, 0.677, 0.67, 0.681, 0.692, 0.705, 0.673, 0.671, 0.701, 0.679, 0.696, 0.679, 0.706, 0.68, 0.691, 0.677, 0.692, 0.675, 0.669, 0.684, 0.682, 0.689, 0.678, 0.706, 0.688, 0.669, 0.679, 0.686, 0.682, 0.69, 0.682, 0.669, 0.669, 0.691, 0.674, 0.687, 0.677, 0.678, 0.671, 0.692, 0.68, 0.705, 0.664, 0.672, 0.69, 0.675, 0.692, 0.681, 0.68, 0.685, 0.678, 0.692, 0.662, 0.664, 0.689, 0.699, 0.681, 0.695, 0.699, 0.697, 0.663, 0.69, 0.672, 0.685, 0.681, 0.683, 0.696, 0.671, 0.702, 0.687, 0.677, 0.676, 0.698, 0.665, 0.69, 0.689, 0.7, 0.679, 0.704, 0.703, 0.689, 0.69, 0.694, 0.682, 0.701, 0.697, 0.679, 0.692, 0.668, 0.67, 0.676, 0.671, 0.695, 0.691, 0.688, 0.681, 0.695, 0.702, 0.685, 0.691, 0.683, 0.678, 0.677, 0.676, 0.691, 0.696, 0.671, 0.669, 0.682, 0.69, 0.69, 0.692, 0.674, 0.671, 0.688, 0.672, 0.686, 0.693, 0.665, 0.687, 0.67, 0.692, 0.695, 0.68, 0.683, 0.677, 0.681, 0.695, 0.688, 0.698, 0.665, 0.692, 0.687, 0.691, 0.679, 0.667, 0.667, 0.684, 0.692, 0.681, 0.688, 0.691, 0.664, 0.679, 0.692]"
0.0,20.0,1.0,3.0,0.6803,-0.6947,0.0031,"[0.699, 0.684, 0.683, 0.673, 0.705, 0.673, 0.682, 0.682, 0.684, 0.697, 0.683, 0.698, 0.689, 0.689, 0.695, 0.687, 0.688, 0.698, 0.675, 0.691, 0.71, 0.682, 0.696, 0.678, 0.688, 0.678, 0.7, 0.692, 0.666, 0.689, 0.688, 0.691, 0.704, 0.679, 0.69, 0.66, 0.7, 0.671, 0.678, 0.686, 0.691, 0.677, 0.703, 0.684, 0.698, 0.677, 0.718, 0.686, 0.686, 0.69, 0.685, 0.696, 0.689, 0.682, 0.685, 0.679, 0.684, 0.662, 0.672, 0.687, 0.686, 0.7, 0.695, 0.69, 0.679, 0.693, 0.681, 0.685, 0.665, 0.688, 0.685, 0.69, 0.686, 0.669, 0.695, 0.687, 0.699, 0.664, 0.684, 0.699, 0.672, 0.697, 0.699, 0.692, 0.678, 0.677, 0.688, 0.695, 0.707, 0.692, 0.678, 0.699, 0.705, 0.691, 0.693, 0.696, 0.658, 0.689, 0.684, 0.676, 0.691, 0.69, 0.691, 0.691, 0.692, 0.691, 0.685, 0.676, 0.713, 0.697, 0.696, 0.692, 0.697, 0.687, 0.694, 0.666, 0.699, 0.687, 0.682, 0.69, 0.691, 0.696, 0.695, 0.703, 0.681, 0.689, 0.687, 0.67, 0.693, 0.687, 0.695, 0.696, 0.683, 0.707, 0.675, 0.672, 0.679, 0.682, 0.683, 0.694, 0.682, 0.692, 0.672, 0.691, 0.68, 0.689, 0.683, 0.683, 0.688, 0.693, 0.706, 0.692, 0.694, 0.694, 0.676, 0.689, 0.681, 0.709, 0.693, 0.674]"
0.0,20.0,2.0,0.0,0.3624,-1.1156,0.0048,"[0.367, 0.368, 0.362, 0.365, 0.377, 0.373, 0.359, 0.368, 0.354, 0.373, 0.366, 0.362, 0.352, 0.366, 0.373, 0.364, 0.376, 0.355, 0.363, 0.366, 0.375, 0.383, 0.378, 0.377, 0.38, 0.35, 0.346, 0.362, 0.373, 0.376, 0.371, 0.366, 0.371, 0.363, 0.38, 0.375, 0.384, 0.385, 0.371, 0.38, 0.365, 0.371, 0.377, 0.386, 0.375, 0.368, 0.368, 0.383, 0.367, 0.371, 0.364, 0.37, 0.362, 0.373, 0.361, 0.368, 0.37, 0.367, 0.365, 0.365, 0.368, 0.359, 0.36, 0.377, 0.371, 0.366, 0.373, 0.371, 0.374, 0.367, 0.369, 0.367, 0.368, 0.369, 0.366, 0.359, 0.367, 0.374, 0.372, 0.371, 0.373, 0.353, 0.374, 0.368, 0.359, 0.358, 0.355, 0.387, 0.383, 0.369, 0.376, 0.366, 0.358, 0.363, 0.359, 0.364, 0.363, 0.366, 0.374, 0.355, 0.339, 0.376, 0.362, 0.368, 0.35, 0.362, 0.38, 0.367, 0.361, 0.372, 0.382, 0.36, 0.377, 0.352, 0.387, 0.367, 0.364, 0.364, 0.367, 0.372, 0.366, 0.384, 0.379, 0.363, 0.359, 0.369, 0.371, 0.363, 0.366, 0.373, 0.379, 0.36, 0.347, 0.364, 0.349, 0.357, 0.341, 0.382, 0.348, 0.388, 0.349, 0.377, 0.363, 0.376, 0.375, 0.356, 0.384, 0.353, 0.364, 0.386, 0.371, 0.365, 0.367, 0.37, 0.378, 0.373, 0.363, 0.373, 0.347, 0.373]"
0.0,20.0,2.0,3.0,0.3724,-0.6535,0.0118,"[0.376, 0.356, 0.369, 0.354, 0.372, 0.353, 0.357, 0.376, 0.366, 0.369, 0.36, 0.375, 0.354, 0.366, 0.365, 0.37, 0.368, 0.368, 0.357, 0.351, 0.367, 0.367, 0.359, 0.347, 0.383, 0.371, 0.375, 0.367, 0.349, 0.355, 0.372, 0.379, 0.365, 0.376, 0.343, 0.352, 0.37, 0.371, 0.362, 0.382, 0.353, 0.368, 0.366, 0.363, 0.374, 0.366, 0.341, 0.368, 0.374, 0.353, 0.376, 0.367, 0.354, 0.37, 0.355, 0.37, 0.376, 0.394, 0.373, 0.358, 0.347, 0.374, 0.362, 0.339, 0.361, 0.355, 0.389, 0.357, 0.365, 0.367, 0.37, 0.379, 0.372, 0.362, 0.361, 0.36, 0.39, 0.367, 0.37, 0.368, 0.349, 0.384, 0.357, 0.367, 0.371, 0.354, 0.365, 0.371, 0.388, 0.353, 0.376, 0.379, 0.356, 0.371, 0.38, 0.382, 0.357, 0.37, 0.389, 0.358, 0.379, 0.382, 0.387, 0.356, 0.365, 0.376, 0.374, 0.348, 0.386, 0.361, 0.357, 0.381, 0.364, 0.387, 0.366, 0.368, 0.365, 0.356, 0.375, 0.378, 0.376, 0.375, 0.381, 0.364, 0.38, 0.376, 0.367, 0.363, 0.365, 0.356, 0.375, 0.371, 0.368, 0.371, 0.384, 0.37, 0.379, 0.378, 0.362, 0.38, 0.372, 0.373, 0.366, 0.353, 0.347, 0.355, 0.372, 0.362, 0.358, 0.369, 0.362, 0.379, 0.38, 0.379, 0.374, 0.358, 0.37, 0.37, 0.373, 0.367]"
0.0,22.5,0.5,0.0,1.3373,-0.9008,0.0005,"[1.311, 1.323, 1.323, 1.314, 1.315, 1.314, 1.329, 1.312, 1.311, 1.31, 1.322, 1.309, 1.317, 1.326, 1.33, 1.341, 1.319, 1.329, 1.325, 1.318, 1.315, 1.325, 1.328, 1.319, 1.32, 1.336, 1.339, 1.318, 1.325, 1.33, 1.321, 1.316, 1.324, 1.33, 1.325, 1.322, 1.309, 1.325, 1.317, 1.325, 1.315, 1.318, 1.34, 1.324, 1.296, 1.335, 1.308, 1.313, 1.321, 1.332, 1.324, 1.305, 1.326, 1.317, 1.319, 1.316, 1.312, 1.312, 1.329, 1.314, 1.309, 1.315, 1.321, 1.327, 1.325, 1.32, 1.313, 1.311, 1.331, 1.327, 1.327, 1.324, 1.325, 1.323, 1.314, 1.34, 1.307, 1.308, 1.327, 1.325, 1.342, 1.325, 1.323, 1.332, 1.346, 1.328, 1.309, 1.343, 1.323, 1.324, 1.3, 1.314, 1.312, 1.317, 1.33, 1.303, 1.3, 1.337, 1.327, 1.32, 1.328, 1.319, 1.311, 1.309, 1.322, 1.322, 1.313, 1.33, 1.329, 1.306, 1.333, 1.32, 1.316, 1.328, 1.317, 1.302, 1.316, 1.313, 1.318, 1.326, 1.313, 1.334, 1.322, 1.327, 1.316, 1.335, 1.33, 1.308, 1.319, 1.345, 1.339, 1.323, 1.333, 1.318, 1.332, 1.31, 1.307, 1.343, 1.328, 1.315, 1.329, 1.326, 1.305, 1.325, 1.329, 1.339, 1.317, 1.302, 1.313, 1.314, 1.317, 1.322, 1.324, 1.341, 1.301, 1.299, 1.317, 1.308, 1.317, 1.303]"
0.0,22.5,0.5,3.0,1.3188,-0.5112,0.0055,"[1.342, 1.349, 1.322, 1.328, 1.309, 1.317, 1.337, 1.33, 1.323, 1.327, 1.332, 1.335, 1.321, 1.319, 1.325, 1.314, 1.319, 1.331, 1.327, 1.337, 1.319, 1.339, 1.318, 1.317, 1.309, 1.299, 1.329, 1.324, 1.328, 1.322, 1.321, 1.326, 1.336, 1.331, 1.34, 1.329, 1.317, 1.347, 1.337, 1.325, 1.329, 1.329, 1.312, 1.324, 1.324, 1.335, 1.321, 1.328, 1.341, 1.325, 1.331, 1.331, 1.322, 1.324, 1.322, 1.311, 1.321, 1.314, 1.326, 1.335, 1.343, 1.319, 1.325, 1.318, 1.312, 1.324, 1.302, 1.331, 1.318, 1.318, 1.306, 1.312, 1.33, 1.326, 1.32, 1.325, 1.314, 1.303, 1.332, 1.332, 1.321, 1.336, 1.311, 1.332, 1.316, 1.318, 1.311, 1.333, 1.333, 1.32, 1.32, 1.336, 1.324, 1.321, 1.304, 1.336, 1.312, 1.327, 1.31, 1.328, 1.319, 1.315, 1.303, 1.319, 1.305, 1.325, 1.327, 1.325, 1.317, 1.314, 1.33, 1.346, 1.32, 1.33, 1.319, 1.322, 1.316, 1.328, 1.304, 1.297, 1.321, 1.334, 1.33, 1.329, 1.342, 1.338, 1.321, 1.319, 1.306, 1.323, 1.34, 1.335, 1.336, 1.324, 1.319, 1.327, 1.331, 1.322, 1.33, 1.318, 1.324, 1.318, 1.324, 1.326, 1.323, 1.315, 1.309, 1.342, 1.33, 1.321, 1.333, 1.324, 1.337, 1.317, 1.312, 1.311, 1.32, 1.303, 1.322, 1.315]"
0.0,22.5,1.0,0.0,0.6671,-0.9677,0.003,"[0.669, 0.696, 0.679, 0.664, 0.664, 0.696, 0.69, 0.696, 0.708, 0.682, 0.699, 0.679, 0.68, 0.695, 0.672, 0.668, 0.673, 0.676, 0.675, 0.679, 0.695, 0.69, 0.682, 0.691, 0.702, 0.691, 0.696, 0.683, 0.693, 0.695, 0.664, 0.71, 0.681, 0.68, 0.685, 0.704, 0.668, 0.693, 0.683, 0.692, 0.679, 0.684, 0.679, 0.687, 0.678, 0.687, 0.69, 0.707, 0.688, 0.681, 0.679, 0.677, 0.681, 0.679, 0.698, 0.686, 0.683, 0.688, 0.697, 0.677, 0.685, 0.703, 0.674, 0.678, 0.692, 0.681, 0.681, 0.688, 0.677, 0.692, 0.708, 0.672, 0.675, 0.705, 0.679, 0.684, 0.671, 0.701, 0.693, 0.688, 0.686, 0.68, 0.684, 0.692, 0.675, 0.701, 0.701, 0.694, 0.69, 0.695, 0.704, 0.679, 0.696, 0.672, 0.689, 0.689, 0.692, 0.673, 0.683, 0.69, 0.69, 0.686, 0.689, 0.687, 0.679, 0.684, 0.672, 0.683, 0.682, 0.677, 0.685, 0.682, 0.697, 0.698, 0.663, 0.683, 0.685, 0.687, 0.684, 0.679, 0.694, 0.691, 0.699, 0.68, 0.673, 0.697, 0.688, 0.68, 0.68, 0.672, 0.684, 0.683, 0.667, 0.671, 0.684, 0.693, 0.667, 0.679, 0.691, 0.703, 0.686, 0.683, 0.693, 0.682, 0.67, 0.683, 0.694, 0.695, 0.678, 0.663, 0.683, 0.689, 0.696, 0.703, 0.703, 0.686, 0.689, 0.673, 0.697, 0.699]"
0.0,22.5,1.0,3.0,0.6768,-0.5357,0.0001,"[0.701, 0.689, 0.689, 0.692, 0.682, 0.676, 0.684, 0.682, 0.687, 0.716, 0.693, 0.679, 0.68, 0.7, 0.686, 0.696, 0.675, 0.684, 0.684, 0.696, 0.689, 0.691, 0.693, 0.686, 0.693, 0.686, 0.701, 0.68, 0.68, 0.683, 0.676, 0.674, 0.685, 0.703, 0.69, 0.689, 0.683, 0.7, 0.674, 0.675, 0.686, 0.691, 0.677, 0.682, 0.687, 0.702, 0.67, 0.692, 0.696, 0.706, 0.673, 0.675, 0.679, 0.673, 0.698, 0.691, 0.687, 0.691, 0.698, 0.662, 0.691, 0.69, 0.693, 0.671, 0.685, 0.677, 0.699, 0.688, 0.685, 0.69, 0.674, 0.7, 0.7, 0.673, 0.699, 0.703, 0.679, 0.677, 0.677, 0.694, 0.705, 0.681, 0.692, 0.693, 0.681, 0.681, 0.687, 0.688, 0.679, 0.684, 0.69, 0.688, 0.709, 0.678, 0.703, 0.692, 0.686, 0.714, 0.69, 0.675, 0.689, 0.699, 0.692, 0.694, 0.684, 0.686, 0.679, 0.679, 0.691, 0.695, 0.68, 0.682, 0.702, 0.677, 0.679, 0.67, 0.681, 0.686, 0.695, 0.685, 0.694, 0.676, 0.676, 0.672, 0.693, 0.681, 0.708, 0.707, 0.693, 0.669, 0.685, 0.688, 0.688, 0.665, 0.677, 0.675, 0.685, 0.69, 0.691, 0.679, 0.688, 0.688, 0.681, 0.692, 0.698, 0.677, 0.679, 0.686, 0.697, 0.682, 0.703, 0.7, 0.67, 0.69, 0.687, 0.679, 0.686, 0.692, 0.684, 0.698]"
0.0,22.5,2.0,0.0,0.374,-1.0141,0.0017,"[0.358, 0.353, 0.371, 0.362, 0.353, 0.368, 0.363, 0.368, 0.378, 0.365, 0.381, 0.371, 0.371, 0.348, 0.363, 0.373, 0.368, 0.357, 0.362, 0.38, 0.369, 0.373, 0.378, 0.371, 0.371, 0.362, 0.379, 0.362, 0.375, 0.378, 0.375, 0.371, 0.356, 0.383, 0.374, 0.356, 0.365, 0.368, 0.376, 0.35, 0.369, 0.369, 0.359, 0.375, 0.368, 0.374, 0.36, 0.373, 0.374, 0.362, 0.363, 0.357, 0.358, 0.362, 0.368, 0.373, 0.372, 0.377, 0.363, 0.355, 0.357, 0.379, 0.348, 0.378, 0.355, 0.37, 0.382, 0.369, 0.37, 0.359, 0.371, 0.374, 0.388, 0.367, 0.395, 0.357, 0.372, 0.365, 0.366, 0.356, 0.377, 0.381, 0.372, 0.375, 0.359, 0.357, 0.376, 0.371, 0.382, 0.373, 0.349, 0.364, 0.379, 0.361, 0.369, 0.359, 0.378, 0.367, 0.37, 0.37, 0.372, 0.359, 0.379, 0.373, 0.372, 0.374, 0.369, 0.373, 0.364, 0.381, 0.344, 0.372, 0.364, 0.389, 0.369, 0.376, 0.352, 0.359, 0.368, 0.377, 0.366, 0.381, 0.37, 0.391, 0.364, 0.381, 0.373, 0.37, 0.363, 0.372, 0.36, 0.368, 0.355, 0.377, 0.365, 0.378, 0.377, 0.379, 0.362, 0.383, 0.375, 0.356, 0.367, 0.37, 0.371, 0.39, 0.36, 0.368, 0.365, 0.366, 0.387, 0.37, 0.377, 0.375, 0.372, 0.379, 0.375, 0.371, 0.365, 0.37]"
0.0,22.5,2.0,3.0,0.3808,-0.5531,0.0044,"[0.365, 0.366, 0.37, 0.382, 0.371, 0.378, 0.377, 0.383, 0.363, 0.366, 0.376, 0.376, 0.377, 0.369, 0.39, 0.378, 0.377, 0.356, 0.363, 0.353, 0.361, 0.379, 0.36, 0.372, 0.362, 0.372, 0.362, 0.373, 0.359, 0.364, 0.356, 0.357, 0.368, 0.364, 0.358, 0.364, 0.349, 0.362, 0.369, 0.363, 0.361, 0.361, 0.376, 0.355, 0.359, 0.36, 0.379, 0.385, 0.378, 0.364, 0.374, 0.37, 0.365, 0.378, 0.352, 0.376, 0.375, 0.36, 0.362, 0.362, 0.378, 0.371, 0.359, 0.374, 0.363, 0.357, 0.377, 0.372, 0.368, 0.386, 0.366, 0.357, 0.373, 0.38, 0.377, 0.374, 0.36, 0.354, 0.368, 0.358, 0.363, 0.366, 0.379, 0.378, 0.352, 0.378, 0.367, 0.362, 0.369, 0.364, 0.361, 0.372, 0.374, 0.377, 0.367, 0.39, 0.374, 0.366, 0.38, 0.358, 0.357, 0.37, 0.348, 0.364, 0.373, 0.381, 0.367, 0.381, 0.355, 0.371, 0.378, 0.383, 0.363, 0.378, 0.385, 0.361, 0.376, 0.362, 0.367, 0.383, 0.358, 0.372, 0.36, 0.393, 0.365, 0.37, 0.377, 0.364, 0.363, 0.374, 0.378, 0.362, 0.367, 0.371, 0.377, 0.367, 0.36, 0.355, 0.361, 0.374, 0.369, 0.367, 0.368, 0.371, 0.375, 0.358, 0.347, 0.364, 0.359, 0.355, 0.367, 0.356, 0.387, 0.364, 0.364, 0.389, 0.378, 0.369, 0.362, 0.366]"
0.0,25.0,0.5,0.0,1.3251,-0.9387,0.0087,"[1.327, 1.331, 1.318, 1.338, 1.317, 1.336, 1.325, 1.324, 1.325, 1.328, 1.331, 1.344, 1.31, 1.322, 1.324, 1.336, 1.317, 1.322, 1.34, 1.32, 1.312, 1.343, 1.302, 1.317, 1.331, 1.326, 1.321, 1.309, 1.324, 1.313, 1.321, 1.316, 1.319, 1.318, 1.337, 1.347, 1.318, 1.337, 1.311, 1.333, 1.326, 1.307, 1.315, 1.318, 1.326, 1.325, 1.318, 1.311, 1.303, 1.318, 1.321, 1.339, 1.324, 1.316, 1.337, 1.328, 1.321, 1.305, 1.315, 1.323, 1.319, 1.328, 1.325, 1.299, 1.32, 1.326, 1.337, 1.307, 1.314, 1.326, 1.312, 1.328, 1.324, 1.33, 1.347, 1.319, 1.318, 1.333, 1.342, 1.33, 1.334, 1.321, 1.327, 1.32, 1.308, 1.322, 1.324, 1.32, 1.334, 1.329, 1.327, 1.316, 1.323, 1.318, 1.32, 1.32, 1.325, 1.323, 1.314, 1.323, 1.329, 1.329, 1.312, 1.322, 1.307, 1.317, 1.322, 1.329, 1.331, 1.315, 1.326, 1.319, 1.325, 1.318, 1.314, 1.334, 1.328, 1.33, 1.331, 1.319, 1.323, 1.316, 1.33, 1.339, 1.333, 1.326, 1.313, 1.318, 1.326, 1.336, 1.326, 1.323, 1.315, 1.323, 1.328, 1.33, 1.324, 1.313, 1.336, 1.33, 1.317, 1.337, 1.335, 1.326, 1.319, 1.319, 1.322, 1.302, 1.327, 1.323, 1.319, 1.317, 1.331, 1.313, 1.329, 1.32, 1.33, 1.314, 1.335, 1.321]"
0.0,25.0,0.5,3.0,1.3296,-0.3439,0.013,"[1.322, 1.316, 1.35, 1.341, 1.306, 1.321, 1.304, 1.315, 1.308, 1.323, 1.307, 1.334, 1.316, 1.333, 1.333, 1.348, 1.327, 1.325, 1.311, 1.324, 1.317, 1.326, 1.323, 1.322, 1.308, 1.335, 1.332, 1.327, 1.323, 1.331, 1.323, 1.34, 1.324, 1.332, 1.323, 1.321, 1.324, 1.325, 1.308, 1.334, 1.315, 1.315, 1.319, 1.325, 1.322, 1.327, 1.319, 1.339, 1.32, 1.328, 1.304, 1.308, 1.314, 1.317, 1.322, 1.334, 1.303, 1.328, 1.316, 1.318, 1.344, 1.324, 1.319, 1.312, 1.329, 1.313, 1.308, 1.31, 1.317, 1.336, 1.33, 1.315, 1.329, 1.31, 1.305, 1.339, 1.341, 1.316, 1.311, 1.327, 1.327, 1.319, 1.315, 1.333, 1.327, 1.319, 1.314, 1.325, 1.312, 1.33, 1.334, 1.339, 1.315, 1.316, 1.326, 1.337, 1.322, 1.32, 1.301, 1.33, 1.31, 1.323, 1.317, 1.335, 1.319, 1.324, 1.323, 1.318, 1.339, 1.37, 1.313, 1.32, 1.316, 1.326, 1.325, 1.332, 1.31, 1.333, 1.304, 1.329, 1.316, 1.31, 1.326, 1.317, 1.338, 1.329, 1.32, 1.319, 1.322, 1.343, 1.306, 1.31, 1.338, 1.312, 1.326, 1.331, 1.32, 1.331, 1.303, 1.327, 1.341, 1.325, 1.331, 1.348, 1.322, 1.31, 1.301, 1.325, 1.311, 1.332, 1.334, 1.319, 1.307, 1.332, 1.32, 1.331, 1.324, 1.327, 1.328, 1.321]"
0.0,25.0,1.0,0.0,0.6905,-0.9401,0.015,"[0.675, 0.685, 0.675, 0.669, 0.696, 0.691, 0.679, 0.7, 0.71, 0.693, 0.7, 0.687, 0.688, 0.676, 0.685, 0.693, 0.686, 0.69, 0.7, 0.695, 0.697, 0.691, 0.679, 0.671, 0.679, 0.682, 0.682, 0.69, 0.709, 0.697, 0.687, 0.678, 0.689, 0.7, 0.707, 0.676, 0.701, 0.684, 0.684, 0.685, 0.694, 0.685, 0.695, 0.691, 0.69, 0.689, 0.686, 0.681, 0.703, 0.682, 0.696, 0.703, 0.689, 0.69, 0.675, 0.673, 0.671, 0.688, 0.678, 0.681, 0.689, 0.691, 0.681, 0.69, 0.675, 0.672, 0.684, 0.703, 0.677, 0.697, 0.683, 0.693, 0.704, 0.672, 0.682, 0.69, 0.696, 0.686, 0.693, 0.688, 0.695, 0.689, 0.672, 0.693, 0.701, 0.687, 0.692, 0.708, 0.685, 0.689, 0.692, 0.671, 0.681, 0.694, 0.67, 0.686, 0.698, 0.682, 0.673, 0.68, 0.687, 0.699, 0.687, 0.673, 0.679, 0.682, 0.695, 0.684, 0.678, 0.687, 0.692, 0.68, 0.693, 0.7, 0.68, 0.695, 0.685, 0.684, 0.687, 0.695, 0.677, 0.682, 0.69, 0.69, 0.705, 0.697, 0.693, 0.713, 0.667, 0.688, 0.683, 0.668, 0.693, 0.676, 0.673, 0.693, 0.68, 0.698, 0.682, 0.689, 0.703, 0.701, 0.684, 0.679, 0.688, 0.689, 0.681, 0.7, 0.676, 0.685, 0.684, 0.678, 0.679, 0.679, 0.692, 0.69, 0.676, 0.667, 0.688, 0.693]"
0.0,25.0,1.0,3.0,0.6862,-0.3889,0.0082,"[0.685, 0.689, 0.684, 0.688, 0.679, 0.675, 0.704, 0.678, 0.699, 0.683, 0.712, 0.698, 0.688, 0.681, 0.682, 0.698, 0.679, 0.707, 0.682, 0.706, 0.686, 0.689, 0.695, 0.69, 0.681, 0.679, 0.682, 0.674, 0.681, 0.689, 0.672, 0.676, 0.685, 0.674, 0.665, 0.674, 0.676, 0.707, 0.692, 0.686, 0.684, 0.677, 0.683, 0.689, 0.694, 0.679, 0.686, 0.695, 0.682, 0.677, 0.692, 0.692, 0.681, 0.675, 0.672, 0.684, 0.682, 0.697, 0.684, 0.708, 0.693, 0.68, 0.688, 0.701, 0.697, 0.682, 0.673, 0.686, 0.714, 0.689, 0.698, 0.683, 0.687, 0.69, 0.679, 0.693, 0.681, 0.698, 0.697, 0.701, 0.684, 0.698, 0.681, 0.698, 0.691, 0.688, 0.698, 0.678, 0.688, 0.695, 0.671, 0.681, 0.683, 0.675, 0.684, 0.704, 0.694, 0.681, 0.695, 0.698, 0.677, 0.69, 0.688, 0.686, 0.688, 0.693, 0.682, 0.688, 0.666, 0.682, 0.668, 0.683, 0.675, 0.687, 0.678, 0.679, 0.688, 0.683, 0.688, 0.675, 0.682, 0.693, 0.689, 0.685, 0.675, 0.675, 0.68, 0.677, 0.679, 0.681, 0.682, 0.688, 0.677, 0.679, 0.673, 0.686, 0.696, 0.689, 0.671, 0.668, 0.711, 0.694, 0.687, 0.695, 0.685, 0.686, 0.678, 0.684, 0.688, 0.684, 0.685, 0.67, 0.695, 0.692, 0.671, 0.68, 0.671, 0.7, 0.701, 0.688]"
0.0,25.0,2.0,0.0,0.3938,-0.8594,0.0009,"[0.383, 0.381, 0.374, 0.368, 0.363, 0.376, 0.362, 0.37, 0.362, 0.353, 0.371, 0.377, 0.358, 0.36, 0.372, 0.364, 0.37, 0.371, 0.384, 0.379, 0.379, 0.379, 0.372, 0.378, 0.377, 0.348, 0.373, 0.383, 0.372, 0.36, 0.377, 0.357, 0.37, 0.374, 0.389, 0.38, 0.369, 0.373, 0.354, 0.367, 0.357, 0.39, 0.363, 0.36, 0.366, 0.379, 0.366, 0.364, 0.368, 0.373, 0.358, 0.377, 0.376, 0.379, 0.363, 0.368, 0.376, 0.381, 0.383, 0.361, 0.368, 0.366, 0.379, 0.367, 0.377, 0.363, 0.352, 0.365, 0.363, 0.36, 0.36, 0.354, 0.362, 0.36, 0.377, 0.362, 0.37, 0.371, 0.361, 0.391, 0.374, 0.371, 0.372, 0.367, 0.361, 0.364, 0.362, 0.362, 0.37, 0.349, 0.369, 0.366, 0.371, 0.391, 0.354, 0.356, 0.367, 0.388, 0.352, 0.367, 0.361, 0.367, 0.355, 0.365, 0.373, 0.362, 0.375, 0.387, 0.375, 0.379, 0.376, 0.365, 0.348, 0.359, 0.378, 0.356, 0.367, 0.368, 0.358, 0.384, 0.373, 0.384, 0.381, 0.377, 0.35, 0.357, 0.368, 0.366, 0.363, 0.368, 0.395, 0.367, 0.366, 0.368, 0.373, 0.373, 0.369, 0.362, 0.361, 0.367, 0.364, 0.357, 0.355, 0.375, 0.356, 0.371, 0.386, 0.349, 0.367, 0.361, 0.366, 0.356, 0.36, 0.378, 0.379, 0.369, 0.357, 0.365, 0.387, 0.363]"
0.0,25.0,2.0,3.0,0.3815,-0.3861,0.009,"[0.367, 0.363, 0.365, 0.378, 0.384, 0.359, 0.37, 0.348, 0.358, 0.372, 0.37, 0.377, 0.369, 0.367, 0.348, 0.369, 0.369, 0.355, 0.367, 0.37, 0.377, 0.387, 0.353, 0.354, 0.354, 0.371, 0.356, 0.368, 0.373, 0.354, 0.369, 0.372, 0.352, 0.362, 0.357, 0.368, 0.358, 0.4, 0.373, 0.365, 0.369, 0.364, 0.364, 0.363, 0.366, 0.371, 0.357, 0.354, 0.376, 0.383, 0.366, 0.369, 0.367, 0.367, 0.378, 0.363, 0.377, 0.363, 0.365, 0.363, 0.355, 0.371, 0.373, 0.358, 0.371, 0.365, 0.366, 0.365, 0.37, 0.367, 0.368, 0.373, 0.373, 0.358, 0.377, 0.379, 0.363, 0.351, 0.357, 0.372, 0.364, 0.372, 0.386, 0.358, 0.367, 0.382, 0.363, 0.353, 0.369, 0.384, 0.376, 0.357, 0.36, 0.35, 0.373, 0.376, 0.37, 0.362, 0.37, 0.353, 0.364, 0.374, 0.375, 0.371, 0.35, 0.356, 0.362, 0.378, 0.365, 0.366, 0.372, 0.367, 0.368, 0.359, 0.361, 0.37, 0.384, 0.359, 0.365, 0.371, 0.384, 0.377, 0.355, 0.364, 0.363, 0.357, 0.368, 0.383, 0.37, 0.37, 0.357, 0.378, 0.372, 0.371, 0.377, 0.362, 0.354, 0.371, 0.366, 0.364, 0.384, 0.379, 0.371, 0.358, 0.406, 0.373, 0.368, 0.362, 0.366, 0.359, 0.356, 0.366, 0.378, 0.368, 0.341, 0.384, 0.354, 0.359, 0.378, 0.374]"
