K,omega,sigma,fc_corr,criticality,mean_firing_rate,mean_signal,fc_matrix
0.01,0.01,0.01,-0.0042,0.1928,0.8437,"[0.015, 0.011, 0.164, 0.236, 0.154, 0.247, 0.378, 0.414, 0.486, 0.499, 0.638, 0.683, 0.695, 0.793, 0.802, 0.774, 0.871, 0.837, 0.958, 0.937, 0.951, 0.944, 1.053, 0.994, 0.987, 0.992, 1.035, 1.02, 1.013, 1.0, 1.068, 0.919, 0.888, 0.844, 0.884, 0.874, 0.773, 0.694, 0.65, 0.676, 0.631, 0.568, 0.453, 0.442, 0.378, 0.323, 0.295, 0.2, 0.161, 0.067, 0.014, -0.032, -0.199, -0.205, -0.275, -0.344, -0.386, -0.355, -0.53, -0.493, -0.678, -0.661, -0.683, -0.707, -0.743, -0.777, -0.87, -0.908, -0.871, -0.949, -1.024, -1.035, -1.038, -0.977, -1.001, -0.975, -1.029, -0.994, -0.961, -0.994, -0.938, -0.972, -0.932, -0.904, -0.913, -0.793, -0.802, -0.736, -0.667, -0.621, -0.56, -0.546, -0.508, -0.434, -0.456, -0.384, -0.317, -0.239, -0.107, -0.109]","[[1.0, 0.007, 0.008, -0.001, 0.003, 0.016, -0.004, 0.006], [0.007, 0.994, -0.002, 0.007, 0.009, 0.007, 0.002, 0.013], [0.008, -0.002, 1.0, 0.006, 0.021, 0.012, 0.009, 0.014], [-0.001, 0.007, 0.006, 0.996, 0.013, 0.01, 0.009, 0.013], [0.003, 0.009, 0.021, 0.013, 1.0, 0.011, 0.014, -0.005], [0.016, 0.007, 0.012, 0.01, 0.011, 1.0, 0.011, 0.013], [-0.004, 0.002, 0.009, 0.009, 0.014, 0.011, 1.0, 0.003], [0.006, 0.013, 0.014, 0.013, -0.005, 0.013, 0.003, 1.0]]"
0.01,0.01,0.05,0.0176,0.1305,1.2001,"[0.096, 0.024, 0.116, 0.026, 0.363, 0.198, 0.065, 0.111, 0.53, 0.936, 0.634, 0.614, 0.763, 1.063, 0.833, 0.714, 1.129, 0.992, 1.298, 0.985, 0.654, 0.636, 1.405, 1.433, 0.963, 0.914, 1.373, 0.725, 0.768, 1.139, 0.862, 0.938, 0.873, 0.969, 1.205, 0.84, 0.939, 0.224, 0.679, 0.433, 0.289, 0.322, 0.403, 0.659, 0.04, 0.32, 0.13, 0.107, 0.377, 0.198, 0.334, -0.102, -0.301, -0.245, -0.191, -0.268, -0.643, -0.407, -0.43, 0.088, -0.124, -0.857, -0.763, -1.102, -0.926, -0.738, -0.551, -1.067, -1.077, -1.476, -1.001, -1.244, -1.124, -1.221, -1.032, -1.449, -1.375, -0.47, -1.314, -1.252, -0.501, -0.213, -1.207, -0.977, -0.767, -0.385, -1.025, -0.798, -0.497, -0.535, -0.688, -0.575, -0.83, -0.49, -0.438, -0.254, -0.39, -0.071, 0.127, -0.025]","[[0.964, 0.048, 0.014, 0.056, 0.071, 0.049, 0.016, -0.057], [0.048, 1.0, 0.023, -0.029, 0.025, 0.032, -0.047, -0.003], [0.014, 0.023, 0.985, 0.015, 0.002, 0.057, 0.066, -0.083], [0.056, -0.029, 0.015, 0.981, -0.06, 0.029, 0.048, -0.041], [0.071, 0.025, 0.002, -0.06, 0.983, 0.063, 0.054, 0.091], [0.049, 0.032, 0.057, 0.029, 0.063, 0.985, 0.03, 0.009], [0.016, -0.047, 0.066, 0.048, 0.054, 0.03, 1.0, 0.011], [-0.057, -0.003, -0.083, -0.041, 0.091, 0.009, 0.011, 0.949]]"
0.01,0.01,0.1,0.0349,0.0976,0.6661,"[0.016, -0.545, -0.209, 0.345, 0.829, 0.616, -0.774, 0.582, 0.523, 0.748, 1.402, -0.388, 0.396, 1.032, -0.013, 1.555, 1.037, 1.308, 0.628, 1.346, 1.495, 1.095, 1.109, 1.137, 0.576, 0.936, 0.932, 1.194, 1.492, 0.449, 0.898, 1.68, 0.542, 0.474, 0.954, 1.239, 0.784, 1.401, 1.12, 1.065, 0.871, 1.705, 0.384, -0.572, 1.174, 0.083, 0.305, 0.844, -0.675, -0.562, -0.801, -0.46, 0.093, 0.073, -0.113, -1.018, -1.527, -0.403, -0.722, -0.311, -0.243, -0.575, -0.311, -0.622, -0.513, -1.169, -0.943, -0.787, -0.504, -1.136, -0.7, -1.111, -1.051, -0.587, -2.005, -1.658, -1.749, -2.169, -1.331, -0.604, -1.103, -0.84, -0.369, -0.221, -0.887, -0.14, -0.732, -1.155, -0.989, -1.384, -1.038, -0.72, -0.085, 0.43, -1.063, -0.116, -0.771, 0.048, -0.192, -0.979]","[[0.893, -0.097, 0.135, -0.041, -0.022, -0.029, 0.068, 0.016], [-0.097, 1.0, -0.003, -0.014, 0.047, 0.004, -0.012, 0.092], [0.135, -0.003, 1.0, -0.04, -0.053, 0.157, 0.03, 0.072], [-0.041, -0.014, -0.04, 0.888, -0.027, 0.006, 0.064, -0.026], [-0.022, 0.047, -0.053, -0.027, 1.0, 0.113, 0.026, 0.046], [-0.029, 0.004, 0.157, 0.006, 0.113, 1.0, 0.093, -0.092], [0.068, -0.012, 0.03, 0.064, 0.026, 0.093, 1.0, -0.079], [0.016, 0.092, 0.072, -0.026, 0.046, -0.092, -0.079, 1.0]]"
0.01,0.0256,0.01,0.0014,0.1916,2.128,"[0.045, 0.126, 0.244, 0.32, 0.578, 0.848, 0.851, 0.883, 0.992, 0.924, 0.995, 0.996, 0.942, 0.918, 0.804, 0.709, 0.513, 0.449, 0.333, 0.043, -0.115, -0.164, -0.394, -0.459, -0.682, -0.701, -0.861, -0.926, -0.908, -1.027, -1.052, -0.997, -0.897, -0.92, -0.709, -0.649, -0.429, -0.459, -0.222, -0.105, 0.099, 0.311, 0.44, 0.575, 0.704, 0.827, 0.851, 0.998, 1.032, 1.029, 1.022, 0.969, 0.99, 0.796, 0.676, 0.527, 0.372, 0.209, 0.068, -0.053, -0.193, -0.363, -0.549, -0.599, -0.723, -0.865, -0.964, -0.954, -0.998, -1.079, -0.983, -0.915, -0.898, -0.746, -0.711, -0.438, -0.296, -0.216, -0.024, -0.001, 0.221, 0.415, 0.517, 0.732, 0.904, 0.833, 0.914, 1.008, 1.091, 0.937, 0.973, 0.989, 0.73, 0.643, 0.561, 0.417, 0.333, 0.146, -0.117, -0.163]","[[0.994, 0.006, 0.012, 0.007, 0.001, 0.011, 0.013, 0.003], [0.006, 1.0, 0.006, -0.008, 0.008, 0.01, 0.001, 0.017], [0.012, 0.006, 1.0, 0.015, 0.015, 0.01, 0.011, 0.012], [0.007, -0.008, 0.015, 1.0, 0.011, -0.008, 0.01, 0.007], [0.001, 0.008, 0.015, 0.011, 0.985, 0.014, 0.016, 0.01], [0.011, 0.01, 0.01, -0.008, 0.014, 0.996, 0.02, 0.001], [0.013, 0.001, 0.011, 0.01, 0.016, 0.02, 1.0, 0.0], [0.003, 0.017, 0.012, 0.007, 0.01, 0.001, 0.0, 1.0]]"
0.01,0.0256,0.05,-0.0197,0.212,4.4846,"[-0.131, -0.48, 0.515, 0.536, 0.427, 0.397, 1.038, 0.998, 1.565, 1.107, 1.106, 0.949, 1.151, 1.034, 1.1, 0.545, 0.438, 0.285, 0.449, 0.466, -0.185, -0.337, -0.306, -0.591, -0.422, -1.337, -1.074, -1.135, -1.567, -1.249, -1.233, -1.025, -0.642, -0.903, -0.999, -0.636, -0.224, -0.583, -0.41, 0.118, 0.085, 0.461, 0.446, 0.763, 0.453, 0.814, 0.849, 0.659, 0.608, 1.181, 0.907, 0.698, 0.864, 1.082, 0.121, 0.191, 0.193, 0.637, 0.183, 0.142, -0.495, -0.645, -0.399, -0.629, -0.623, -0.903, -0.862, -0.942, -0.813, -0.805, -1.385, -1.49, -0.602, -0.458, -0.894, -0.97, -0.334, 0.03, 0.407, 0.249, 0.185, 0.207, 0.573, 0.622, 0.551, 1.404, 1.402, 1.28, 0.78, 1.212, 1.12, 1.009, 1.125, 0.866, 0.767, 0.602, 0.377, -0.312, -0.007, -0.328]","[[1.0, -0.016, 0.039, 0.007, 0.025, -0.032, -0.009, 0.009], [-0.016, 0.997, -0.019, 0.08, 0.065, 0.017, 0.004, 0.041], [0.039, -0.019, 0.992, 0.018, 0.006, 0.01, 0.056, -0.101], [0.007, 0.08, 0.018, 1.0, 0.008, -0.027, -0.046, 0.029], [0.025, 0.065, 0.006, 0.008, 0.938, 0.01, -0.037, 0.044], [-0.032, 0.017, 0.01, -0.027, 0.01, 0.98, -0.03, -0.011], [-0.009, 0.004, 0.056, -0.046, -0.037, -0.03, 1.0, 0.001], [0.009, 0.041, -0.101, 0.029, 0.044, -0.011, 0.001, 0.962]]"
0.01,0.0256,0.1,0.0364,0.0703,2.6677,"[-0.447, -0.002, 1.033, 1.387, 0.437, 1.679, 0.847, 1.788, 0.922, 1.068, 1.192, 2.58, 1.372, 0.525, 1.272, 0.495, 0.302, 0.859, 0.267, 0.231, -0.063, -0.062, -0.172, -1.498, -0.327, -1.265, -1.589, -0.968, -0.944, -1.355, -0.589, -1.646, -1.123, -1.134, -0.764, -0.482, -0.991, 0.023, -0.151, -0.967, -0.839, 0.293, 0.339, 0.536, 0.698, 0.93, 1.375, 0.407, 0.413, 0.463, 1.139, 1.576, 0.673, -0.451, -0.161, 0.148, 0.145, 0.067, 0.132, -0.205, 0.315, -0.703, -0.942, -0.404, -1.528, -0.662, -0.88, -1.055, -0.213, -1.318, 0.05, -1.041, -1.491, -0.72, -1.176, -0.881, -0.16, 0.075, -0.353, 0.613, 0.857, 1.148, 0.835, 1.378, -0.136, 0.733, 0.523, 1.055, 0.724, 0.915, 1.902, 0.813, 1.02, 0.591, 0.62, 0.446, 0.516, 0.716, 0.795, -0.034]","[[1.0, 0.07, -0.015, 0.004, 0.02, -0.001, -0.046, -0.013], [0.07, 0.707, 0.098, -0.178, -0.081, 0.055, 0.05, -0.03], [-0.015, 0.098, 0.952, 0.12, 0.021, 0.054, 0.076, 0.055], [0.004, -0.178, 0.12, 0.864, 0.028, -0.104, 0.032, 0.018], [0.02, -0.081, 0.021, 0.028, 0.9, -0.031, 0.109, -0.004], [-0.001, 0.055, 0.054, -0.104, -0.031, 1.0, 0.103, 0.083], [-0.046, 0.05, 0.076, 0.032, 0.109, 0.103, 1.0, 0.073], [-0.013, -0.03, 0.055, 0.018, -0.004, 0.083, 0.073, 0.927]]"
0.01,0.0411,0.01,0.0566,0.1538,3.2138,"[-0.021, 0.29, 0.499, 0.724, 0.901, 0.952, 1.048, 1.001, 0.827, 0.808, 0.51, 0.216, -0.01, -0.268, -0.459, -0.69, -0.862, -0.927, -0.991, -0.975, -0.887, -0.734, -0.676, -0.357, -0.194, 0.177, 0.423, 0.696, 0.881, 0.954, 0.979, 1.022, 0.899, 0.791, 0.654, 0.35, 0.167, -0.1, -0.433, -0.562, -0.761, -0.923, -1.037, -1.047, -0.969, -0.79, -0.686, -0.395, -0.231, 0.081, 0.351, 0.699, 0.7, 0.984, 1.0, 1.028, 0.962, 0.863, 0.663, 0.528, 0.187, 0.007, -0.338, -0.544, -0.795, -0.869, -0.911, -1.013, -0.979, -0.92, -0.713, -0.572, -0.297, 0.018, 0.331, 0.645, 0.682, 0.943, 0.985, 1.002, 1.002, 0.888, 0.737, 0.509, 0.222, -0.042, -0.191, -0.482, -0.711, -0.849, -0.921, -0.999, -1.022, -0.843, -0.681, -0.54, -0.283, -0.015, 0.239, 0.461]","[[1.0, 0.002, 0.006, 0.006, 0.014, 0.021, 0.006, 0.002], [0.002, 1.0, 0.007, 0.011, 0.008, 0.014, 0.009, 0.011], [0.006, 0.007, 0.998, 0.008, 0.009, 0.017, 0.01, 0.001], [0.006, 0.011, 0.008, 0.993, 0.026, 0.014, 0.016, 0.005], [0.014, 0.008, 0.009, 0.026, 0.977, 0.005, 0.015, 0.006], [0.021, 0.014, 0.017, 0.014, 0.005, 1.0, 0.003, 0.024], [0.006, 0.009, 0.01, 0.016, 0.015, 0.003, 0.986, 0.013], [0.002, 0.011, 0.001, 0.005, 0.006, 0.024, 0.013, 0.996]]"
0.01,0.0411,0.05,0.0564,0.2047,5.7605,"[-0.091, -0.029, 0.022, 0.677, 0.618, 0.95, 0.61, 0.791, 0.926, 0.828, 0.64, -0.031, 0.256, -0.417, -0.303, -0.678, -1.189, -1.037, -0.917, -0.838, -0.943, -0.382, -0.319, -0.403, 0.103, 0.659, 0.914, 0.337, 0.59, 1.315, 0.74, 0.667, 0.804, 0.897, 0.579, 0.216, -0.042, -0.312, -0.605, -0.04, -0.722, -0.707, -1.121, -1.05, -1.12, -1.48, -0.983, -0.87, -0.731, -0.207, 0.677, 0.565, 1.092, 1.014, 1.188, 0.782, 1.087, 1.023, 0.526, 0.595, 0.352, -0.187, -0.586, -0.837, -0.719, -0.81, -1.181, -1.003, -0.826, -0.709, -0.314, -0.173, -0.501, 0.428, 0.132, 0.766, 0.729, 0.768, 0.521, 0.967, 0.59, 1.127, 1.111, 0.33, 0.367, -0.146, -0.381, -0.274, -0.691, -0.414, -1.081, -0.759, -0.965, -0.706, -0.872, -0.577, -0.361, -0.287, 0.348, 0.593]","[[0.981, 0.049, 0.044, -0.029, -0.011, 0.034, 0.0, 0.001], [0.049, 0.891, -0.02, 0.013, -0.051, 0.026, -0.037, 0.028], [0.044, -0.02, 1.0, -0.03, -0.025, -0.029, 0.016, -0.016], [-0.029, 0.013, -0.03, 0.952, 0.042, 0.004, -0.014, 0.002], [-0.011, -0.051, -0.025, 0.042, 0.861, -0.004, -0.014, 0.052], [0.034, 0.026, -0.029, 0.004, -0.004, 1.0, -0.003, 0.047], [0.0, -0.037, 0.016, -0.014, -0.014, -0.003, 1.0, -0.019], [0.001, 0.028, -0.016, 0.002, 0.052, 0.047, -0.019, 1.0]]"
0.01,0.0411,0.1,0.0254,-0.0199,3.0638,"[0.234, 0.587, 1.854, 0.6, 0.469, 1.185, 1.229, 0.718, 0.372, 1.891, 0.699, -0.067, 0.5, -0.271, -0.588, -0.395, -1.491, -0.782, -0.052, -0.758, -1.096, -1.018, -0.776, -0.466, -0.273, 0.634, -0.443, 1.075, 0.631, 1.133, 0.441, 1.662, 1.548, 1.271, -0.152, 0.793, 0.329, -0.936, -0.397, -0.428, -0.518, -0.84, -0.854, -0.267, -0.329, -2.251, -0.797, -0.5, -1.044, 0.139, 0.97, 0.033, 0.937, 0.453, 0.656, 1.746, 0.685, 1.072, -0.265, 1.387, 0.511, -0.141, -0.018, -1.246, -0.15, -1.054, -1.085, -1.255, -1.259, -0.517, -0.574, -0.167, -0.256, 0.264, 0.055, 1.62, -0.072, 1.502, 1.657, 0.584, 2.095, 1.383, 1.217, 0.543, 0.183, -0.069, -0.028, 0.233, -0.59, -1.305, -0.548, -0.548, -0.662, -0.532, -0.895, -1.029, -0.766, -0.895, 0.301, 0.388]","[[1.0, 0.053, 0.022, -0.037, 0.138, 0.088, -0.044, 0.071], [0.053, 0.969, 0.095, 0.043, 0.035, 0.027, 0.007, 0.099], [0.022, 0.095, 1.0, 0.101, -0.085, 0.086, -0.017, -0.09], [-0.037, 0.043, 0.101, 0.871, -0.068, -0.056, -0.109, 0.051], [0.138, 0.035, -0.085, -0.068, 0.984, 0.131, -0.064, -0.069], [0.088, 0.027, 0.086, -0.056, 0.131, 1.0, -0.062, 0.026], [-0.044, 0.007, -0.017, -0.109, -0.064, -0.062, 0.893, -0.039], [0.071, 0.099, -0.09, 0.051, -0.069, 0.026, -0.039, 1.0]]"
0.01,0.0567,0.01,0.02,0.1122,7.2248,"[0.017, 0.341, 0.685, 0.78, 0.997, 1.088, 0.859, 0.614, 0.319, -0.019, -0.511, -0.791, -0.903, -1.042, -0.907, -0.833, -0.656, -0.294, -0.011, 0.456, 0.741, 0.918, 1.064, 1.014, 0.77, 0.398, 0.199, -0.161, -0.508, -0.742, -1.019, -0.909, -0.979, -0.699, -0.533, -0.152, 0.327, 0.563, 0.871, 0.99, 0.999, 0.973, 0.68, 0.302, 0.002, -0.285, -0.608, -0.942, -1.028, -1.025, -0.893, -0.713, -0.364, -0.015, 0.41, 0.716, 0.888, 0.982, 0.99, 0.8, 0.536, 0.225, -0.116, -0.488, -0.714, -0.886, -1.087, -0.966, -0.815, -0.524, -0.211, 0.075, 0.423, 0.766, 0.998, 0.899, 0.964, 0.824, 0.479, 0.175, -0.245, -0.547, -0.886, -1.084, -0.961, -0.972, -0.744, -0.499, -0.155, 0.263, 0.557, 0.86, 1.006, 1.018, 0.907, 0.755, 0.318, 0.018, -0.276, -0.581]","[[1.0, 0.008, 0.013, 0.002, 0.011, 0.008, 0.009, 0.01], [0.008, 1.0, 0.03, -0.003, 0.011, 0.012, 0.005, 0.019], [0.013, 0.03, 1.0, 0.016, -0.009, 0.017, 0.014, 0.021], [0.002, -0.003, 0.016, 1.0, 0.014, 0.012, -0.008, 0.011], [0.011, 0.011, -0.009, 0.014, 0.976, 0.011, 0.006, 0.011], [0.008, 0.012, 0.017, 0.012, 0.011, 1.0, 0.013, 0.008], [0.009, 0.005, 0.014, -0.008, 0.006, 0.013, 1.0, 0.006], [0.01, 0.019, 0.021, 0.011, 0.011, 0.008, 0.006, 0.993]]"
0.01,0.0567,0.05,0.0491,0.1315,4.5713,"[-0.022, -0.047, 0.694, 0.998, 0.942, 0.584, 1.1, 0.702, 0.11, -0.134, -0.786, -0.963, -1.048, -0.699, -1.133, -0.657, -0.694, -0.169, 0.091, 0.686, 0.617, 0.546, 0.664, 0.821, 0.466, 0.608, 0.052, 0.404, -0.958, -0.741, -1.243, -1.132, -0.896, -1.318, -0.39, 0.37, 0.138, 0.641, 1.086, 0.937, 0.859, 0.336, 0.852, 0.363, -0.211, -0.28, -0.773, -0.996, -0.841, -1.33, -0.613, -0.993, -0.498, 0.502, 0.654, 0.7, 0.66, 0.87, 1.002, 0.851, 0.571, 0.264, -0.138, -0.791, -0.851, -0.694, -1.35, -1.014, -1.009, -0.513, -0.307, 0.517, 0.613, 0.437, 1.114, 0.816, 0.802, 0.843, 0.364, 0.371, -0.404, -0.696, -0.969, -1.108, -0.733, -0.765, -0.294, 0.137, -0.342, 0.289, 0.3, 0.647, 0.826, 0.738, 0.632, 0.64, 0.068, 0.232, -0.562, 0.059]","[[1.0, 0.04, 0.043, -0.027, -0.033, -0.018, 0.066, 0.025], [0.04, 0.878, -0.056, 0.013, 0.052, 0.042, 0.001, 0.036], [0.043, -0.056, 1.0, 0.006, 0.002, -0.048, 0.018, 0.003], [-0.027, 0.013, 0.006, 0.998, 0.022, 0.019, -0.022, -0.016], [-0.033, 0.052, 0.002, 0.022, 1.0, -0.016, -0.023, 0.027], [-0.018, 0.042, -0.048, 0.019, -0.016, 1.0, 0.025, -0.028], [0.066, 0.001, 0.018, -0.022, -0.023, 0.025, 1.0, -0.01], [0.025, 0.036, 0.003, -0.016, 0.027, -0.028, -0.01, 1.0]]"
0.01,0.0567,0.1,0.0278,0.094,5.065,"[-0.129, 1.091, 0.21, 0.591, 1.005, 1.427, 0.104, -0.045, -0.727, -0.047, -0.97, -0.899, -0.583, -1.327, -0.857, -0.967, -0.223, 0.007, -0.219, 0.384, 1.272, 1.136, 0.311, 1.282, 0.236, 1.211, 0.68, -0.044, -0.445, -0.896, -0.621, -1.195, -0.813, -0.3, -0.73, -0.414, -0.346, 0.044, -0.085, 1.343, 1.909, 1.617, -0.122, 0.754, 0.753, -0.541, -0.577, -1.868, -0.859, -1.528, -0.775, -1.424, -0.061, 0.533, -0.02, 0.107, -0.183, 0.869, 0.693, 0.066, 0.82, 0.047, -0.622, -0.707, -0.186, -0.621, -1.073, -0.657, -1.385, -0.525, -0.136, -0.087, 0.704, 0.374, 1.202, 1.286, -0.512, 1.36, -1.037, -0.16, 0.303, -0.7, -1.538, -1.514, -0.495, -1.883, -0.157, -0.458, -0.681, -0.02, 0.085, 1.274, 1.35, 0.142, 0.693, 0.244, 1.019, -0.654, 0.47, -0.66]","[[0.873, -0.029, -0.006, -0.136, -0.004, -0.072, -0.068, -0.02], [-0.029, 1.0, -0.047, 0.047, 0.006, -0.051, -0.047, -0.046], [-0.006, -0.047, 0.971, -0.007, -0.049, -0.02, 0.016, -0.028], [-0.136, 0.047, -0.007, 0.991, 0.027, 0.037, 0.025, 0.105], [-0.004, 0.006, -0.049, 0.027, 0.811, -0.018, 0.1, 0.012], [-0.072, -0.051, -0.02, 0.037, -0.018, 0.971, 0.068, -0.062], [-0.068, -0.047, 0.016, 0.025, 0.1, 0.068, 1.0, 0.051], [-0.02, -0.046, -0.028, 0.105, 0.012, -0.062, 0.051, 1.0]]"
0.01,0.0722,0.01,0.0714,0.1023,8.8231,"[-0.07, 0.499, 0.791, 0.932, 1.039, 0.805, 0.348, 0.054, -0.441, -0.818, -0.915, -0.963, -0.752, -0.411, 0.1, 0.529, 0.838, 0.961, 0.967, 0.723, 0.279, -0.179, -0.507, -0.987, -0.994, -0.973, -0.636, -0.337, 0.174, 0.545, 0.88, 1.044, 0.913, 0.726, 0.229, -0.161, -0.548, -0.859, -0.914, -0.961, -0.718, -0.294, 0.243, 0.647, 0.913, 0.954, 0.946, 0.561, 0.268, -0.101, -0.631, -0.894, -1.034, -0.982, -0.624, -0.23, 0.206, 0.762, 0.95, 1.027, 0.859, 0.556, 0.189, -0.314, -0.675, -0.959, -1.022, -0.927, -0.634, -0.119, 0.348, 0.662, 0.959, 1.003, 0.73, 0.459, 0.091, -0.359, -0.808, -0.963, -0.944, -0.778, -0.479, -0.059, 0.379, 0.797, 0.99, 1.019, 0.802, 0.484, 0.005, -0.404, -0.752, -1.028, -1.07, -0.697, -0.398, -0.05, 0.438, 0.856]","[[0.99, 0.005, 0.011, 0.024, 0.019, 0.019, 0.014, 0.016], [0.005, 1.0, 0.01, 0.009, 0.013, 0.011, 0.012, 0.009], [0.011, 0.01, 1.0, 0.023, 0.006, 0.013, 0.011, 0.017], [0.024, 0.009, 0.023, 0.992, 0.022, 0.011, 0.018, 0.026], [0.019, 0.013, 0.006, 0.022, 1.0, 0.01, 0.003, -0.003], [0.019, 0.011, 0.013, 0.011, 0.01, 0.992, 0.002, 0.007], [0.014, 0.012, 0.011, 0.018, 0.003, 0.002, 0.991, 0.013], [0.016, 0.009, 0.017, 0.026, -0.003, 0.007, 0.013, 0.991]]"
0.01,0.0722,0.05,0.0471,0.1594,8.3306,"[-0.269, 0.368, 0.492, 1.072, 0.993, 0.894, 0.538, 0.116, -0.568, -0.287, -0.936, -1.436, -1.001, -0.813, 0.075, 0.475, 0.72, 1.503, 1.098, 0.908, 0.113, -0.355, -0.526, -0.813, -1.469, -0.994, -0.698, -0.366, -0.063, 0.43, 0.83, 1.03, 1.088, 0.946, 0.205, -0.289, -0.484, -0.739, -1.118, -0.725, -0.404, 0.079, 0.655, 0.405, 0.911, 1.013, 0.883, 0.46, -0.161, -0.221, -0.841, -0.901, -1.208, -1.167, -0.535, -0.138, 0.423, 1.222, 1.006, 1.129, 0.605, 0.243, 0.536, -0.543, -0.963, -0.959, -1.027, -1.082, -0.611, 0.202, 0.144, 0.378, 1.196, 1.123, 0.682, 0.109, -0.116, -0.392, -0.459, -1.23, -1.016, -0.648, -1.069, 0.223, 0.115, 0.857, 1.042, 1.259, 0.934, -0.152, -0.196, -0.408, -0.845, -0.869, -0.783, -0.622, -0.464, -0.426, 0.36, 0.921]","[[1.0, -0.039, -0.011, 0.044, 0.045, -0.027, 0.069, -0.012], [-0.039, 1.0, 0.05, 0.011, 0.028, 0.076, 0.035, -0.068], [-0.011, 0.05, 1.0, -0.013, 0.071, 0.026, 0.015, -0.002], [0.044, 0.011, -0.013, 0.955, -0.053, 0.009, 0.032, -0.003], [0.045, 0.028, 0.071, -0.053, 1.0, 0.073, -0.011, -0.001], [-0.027, 0.076, 0.026, 0.009, 0.073, 0.986, 0.057, 0.044], [0.069, 0.035, 0.015, 0.032, -0.011, 0.057, 1.0, 0.104], [-0.012, -0.068, -0.002, -0.003, -0.001, 0.044, 0.104, 1.0]]"
0.01,0.0722,0.1,0.1097,0.1214,7.4923,"[0.525, 0.865, 1.536, 0.893, -0.047, 0.679, 0.817, -0.52, -0.562, -1.163, -0.244, -0.596, -0.425, -0.068, 0.052, 0.604, 0.245, -0.093, 1.036, 0.889, 0.95, 0.68, 0.25, -1.356, -1.181, -0.709, 0.564, 0.428, 0.7, 0.371, 0.433, 1.402, 0.386, 0.557, 0.221, 0.621, -0.771, -2.111, -0.757, -1.272, -0.628, -0.288, 0.073, 1.017, 0.141, 0.751, 1.25, 0.315, -0.594, 0.09, -0.088, -0.945, -1.99, -0.539, -1.424, -0.021, -0.165, 0.096, 0.716, 0.916, 0.553, 0.859, -0.082, 0.178, -0.561, -1.298, -1.437, -1.68, -0.39, -0.283, -0.841, 0.459, 0.51, 1.788, -0.014, -0.216, 0.625, 0.3, -1.123, -1.287, -0.687, -1.981, -1.405, -0.176, 1.186, 0.556, 1.03, 1.555, 1.849, 0.154, -0.008, 0.468, -1.557, -0.474, -1.489, -0.722, -0.532, -0.444, -0.017, 0.955]","[[1.0, 0.002, 0.017, 0.012, 0.169, -0.053, -0.013, -0.061], [0.002, 0.946, -0.102, 0.015, -0.077, 0.0, 0.055, 0.032], [0.017, -0.102, 0.808, 0.013, -0.054, 0.0, -0.085, 0.036], [0.012, 0.015, 0.013, 1.0, -0.091, -0.018, 0.027, 0.054], [0.169, -0.077, -0.054, -0.091, 1.0, 0.042, -0.042, 0.113], [-0.053, 0.0, 0.0, -0.018, 0.042, 1.0, 0.107, 0.129], [-0.013, 0.055, -0.085, 0.027, -0.042, 0.107, 1.0, 0.028], [-0.061, 0.032, 0.036, 0.054, 0.113, 0.129, 0.028, 1.0]]"
0.01,0.0878,0.01,0.0529,0.0782,8.7813,"[0.046, 0.605, 0.919, 1.052, 0.798, 0.348, -0.083, -0.654, -0.925, -0.972, -0.731, -0.216, 0.404, 0.81, 0.916, 0.912, 0.66, 0.039, -0.577, -0.784, -0.975, -0.845, -0.442, 0.174, 0.6, 1.007, 1.016, 0.748, 0.272, -0.294, -0.698, -1.037, -1.023, -0.58, -0.067, 0.467, 0.873, 0.994, 0.907, 0.466, -0.095, -0.604, -0.83, -1.085, -0.744, -0.396, 0.232, 0.695, 0.879, 0.978, 0.63, 0.043, -0.356, -0.754, -0.934, -0.874, -0.509, 0.088, 0.631, 0.968, 0.957, 0.81, 0.381, -0.28, -0.658, -0.857, -0.941, -0.613, -0.187, 0.348, 0.815, 0.963, 0.866, 0.616, 0.097, -0.555, -0.84, -1.013, -0.812, -0.381, 0.19, 0.648, 1.027, 1.0, 0.753, 0.203, -0.197, -0.741, -0.961, -1.014, -0.635, -0.016, 0.476, 0.768, 1.062, 0.829, 0.52, -0.096, -0.595, -0.88]","[[1.0, 0.003, -0.001, 0.014, 0.01, 0.009, 0.002, 0.004], [0.003, 1.0, 0.005, 0.018, 0.006, 0.019, 0.013, 0.012], [-0.001, 0.005, 1.0, 0.023, 0.001, 0.005, 0.01, 0.003], [0.014, 0.018, 0.023, 1.0, 0.004, -0.001, 0.016, 0.006], [0.01, 0.006, 0.001, 0.004, 1.0, 0.016, 0.013, 0.007], [0.009, 0.019, 0.005, -0.001, 0.016, 0.992, 0.006, 0.004], [0.002, 0.013, 0.01, 0.016, 0.013, 0.006, 0.997, 0.006], [0.004, 0.012, 0.003, 0.006, 0.007, 0.004, 0.006, 1.0]]"
0.01,0.0878,0.05,0.0725,0.1197,8.5502,"[-0.116, 0.651, 0.842, 1.098, 1.204, 0.506, -0.612, -0.552, -0.657, -1.034, -0.453, -0.389, -0.039, 0.818, 0.562, 0.863, 0.892, -0.428, -0.806, -1.136, -1.025, -0.933, -0.074, 0.358, 0.751, 0.985, 1.088, 0.521, 0.479, -0.563, -0.542, -0.697, -0.889, -0.655, 0.002, -0.273, 0.928, 0.982, 0.855, 0.645, -0.089, -0.873, -0.966, -0.981, -0.74, -0.272, 0.497, 0.445, 1.027, 1.281, 0.216, 0.192, -0.544, -0.918, -1.234, -0.934, -0.051, -0.295, 0.255, 0.585, 1.436, 0.685, 0.352, -0.29, -0.917, -1.03, -0.358, -0.338, -0.409, 0.514, 0.588, 0.56, 1.169, 0.843, 0.29, -0.622, -0.93, -0.821, -0.731, -0.503, -0.264, 0.672, 1.226, 0.686, 0.881, 0.327, -0.118, -0.547, -1.171, -1.338, -0.727, 0.145, 0.326, 0.69, 0.555, 1.295, 0.656, 0.101, -0.363, -0.795]","[[1.0, 0.051, -0.004, 0.006, -0.063, 0.034, -0.032, 0.047], [0.051, 1.0, -0.007, 0.004, 0.016, -0.041, -0.001, 0.071], [-0.004, -0.007, 0.974, 0.062, -0.008, 0.044, 0.001, -0.001], [0.006, 0.004, 0.062, 1.0, -0.03, 0.007, 0.059, 0.065], [-0.063, 0.016, -0.008, -0.03, 0.982, 0.021, 0.045, 0.007], [0.034, -0.041, 0.044, 0.007, 0.021, 0.923, -0.024, 0.041], [-0.032, -0.001, 0.001, 0.059, 0.045, -0.024, 1.0, -0.007], [0.047, 0.071, -0.001, 0.065, 0.007, 0.041, -0.007, 1.0]]"
0.01,0.0878,0.1,0.0573,0.21,10.2429,"[0.038, 0.445, 1.45, 1.297, 1.179, 0.046, -0.691, -0.949, -1.275, -0.585, -0.214, -0.294, 1.048, 1.467, 1.123, 0.512, 1.358, 0.019, -0.423, -1.048, -1.454, -1.576, -0.107, -0.272, 2.157, 0.406, 0.361, 0.991, 1.029, -0.253, -0.464, -1.915, -1.28, -1.147, -1.046, 0.501, -0.269, 0.349, 0.599, 0.052, 0.128, -0.435, -0.484, -0.622, -0.199, -0.313, 0.389, 0.972, 1.054, 0.76, 0.483, -0.261, -0.187, -0.872, -1.34, -1.223, -1.116, 0.511, 0.586, 0.479, 1.409, 0.52, -0.345, 0.321, -0.95, -1.175, -0.952, -0.115, -0.186, -0.248, 1.068, 0.761, 1.858, 0.552, -1.089, -0.326, 0.084, -0.22, 0.086, -0.914, 0.597, 0.283, 1.068, 0.348, 0.399, -0.094, 0.144, -0.364, -0.859, -1.609, -0.749, -0.451, 0.897, 1.453, 1.538, 0.479, -0.921, -0.975, 0.106, -1.14]","[[1.0, -0.063, 0.013, 0.092, 0.096, 0.021, 0.078, 0.109], [-0.063, 1.0, 0.093, -0.15, -0.081, -0.028, 0.118, -0.001], [0.013, 0.093, 0.873, 0.11, -0.014, -0.093, 0.008, -0.008], [0.092, -0.15, 0.11, 0.997, 0.055, -0.015, 0.128, 0.015], [0.096, -0.081, -0.014, 0.055, 0.939, 0.136, -0.019, 0.186], [0.021, -0.028, -0.093, -0.015, 0.136, 1.0, -0.017, 0.002], [0.078, 0.118, 0.008, 0.128, -0.019, -0.017, 0.879, 0.113], [0.109, -0.001, -0.008, 0.015, 0.186, 0.002, 0.113, 0.954]]"
0.01,0.1033,0.01,0.0854,0.1345,9.2398,"[-0.099, 0.664, 0.959, 0.976, 0.641, -0.123, -0.712, -0.99, -0.846, -0.458, 0.178, 0.817, 1.027, 0.739, 0.271, -0.237, -0.809, -1.047, -0.787, -0.23, 0.448, 0.817, 0.957, 0.72, 0.122, -0.476, -0.993, -0.96, -0.573, 0.003, 0.601, 0.962, 0.905, 0.538, -0.022, -0.682, -1.037, -0.929, -0.439, 0.171, 0.775, 1.033, 0.897, 0.423, -0.242, -0.864, -1.055, -0.795, -0.274, 0.334, 0.853, 0.978, 0.688, 0.132, -0.428, -0.913, -0.86, -0.635, -0.057, 0.577, 0.973, 0.976, 0.663, -0.106, -0.617, -0.978, -0.992, -0.429, 0.232, 0.693, 1.004, 0.778, 0.309, -0.219, -0.828, -1.065, -0.793, -0.298, 0.348, 0.901, 0.946, 0.691, 0.176, -0.419, -0.852, -1.021, -0.613, -0.103, 0.65, 0.897, 1.027, 0.544, 0.058, -0.614, -1.034, -0.949, -0.448, 0.2, 0.718, 1.004]","[[0.992, 0.01, 0.019, 0.015, 0.029, 0.013, 0.012, 0.008], [0.01, 0.992, 0.004, 0.009, 0.01, 0.015, 0.005, 0.007], [0.019, 0.004, 1.0, 0.001, 0.013, 0.009, 0.003, 0.007], [0.015, 0.009, 0.001, 1.0, 0.013, 0.015, 0.02, 0.004], [0.029, 0.01, 0.013, 0.013, 1.0, 0.014, 0.012, 0.013], [0.013, 0.015, 0.009, 0.015, 0.014, 0.994, 0.009, 0.029], [0.012, 0.005, 0.003, 0.02, 0.012, 0.009, 1.0, 0.01], [0.008, 0.007, 0.007, 0.004, 0.013, 0.029, 0.01, 1.0]]"
0.01,0.1033,0.05,0.0513,0.032,9.4013,"[0.01, 0.805, 0.532, 1.155, 0.567, 0.051, -0.596, -1.243, -1.27, -0.608, 0.351, 0.937, 0.666, 0.596, 0.151, -0.401, -1.17, -1.365, -0.984, -0.209, 0.116, 0.856, 1.264, 0.381, 0.075, -0.249, -1.036, -1.122, -0.336, -0.098, 0.87, 1.074, 0.861, 0.661, -0.004, -0.421, -1.129, -0.894, -0.464, 0.365, 0.494, 1.261, 0.969, 0.023, 0.01, -0.259, -0.759, -0.435, -0.23, -0.024, 0.414, 1.066, 0.574, -0.081, -0.502, -0.769, -1.347, -0.756, 0.335, 0.308, 1.178, 0.833, 0.695, 0.211, -0.475, -0.761, -1.202, -0.19, -0.045, 0.801, 1.069, 0.985, 0.456, -0.483, -1.142, -0.792, -0.758, 0.016, 0.361, 0.513, 1.246, 0.644, 0.254, -0.63, -0.503, -1.207, -0.744, -0.037, 0.286, 1.036, 1.364, 0.454, 0.056, -1.331, -0.993, -1.001, -0.691, 0.418, 0.64, 0.958]","[[1.0, -0.061, -0.022, 0.014, 0.028, 0.025, 0.019, -0.005], [-0.061, 1.0, -0.01, 0.088, -0.011, -0.032, 0.012, 0.007], [-0.022, -0.01, 0.971, 0.049, 0.008, 0.037, 0.014, 0.015], [0.014, 0.088, 0.049, 1.0, 0.103, 0.042, 0.024, 0.021], [0.028, -0.011, 0.008, 0.103, 0.991, -0.027, 0.02, 0.025], [0.025, -0.032, 0.037, 0.042, -0.027, 0.984, 0.008, 0.042], [0.019, 0.012, 0.014, 0.024, 0.02, 0.008, 1.0, -0.018], [-0.005, 0.007, 0.015, 0.021, 0.025, 0.042, -0.018, 0.919]]"
0.01,0.1033,0.1,0.1221,0.1302,10.5973,"[-0.174, 0.993, 1.817, 1.33, -0.211, -0.222, -0.563, -0.907, -0.625, -0.889, 0.242, 0.975, 1.421, 0.438, 0.16, -1.664, -1.14, -1.271, -1.288, -0.148, 0.383, -0.245, 1.107, 0.242, 0.369, -1.146, -0.916, -1.12, -0.476, 0.041, 0.466, 0.199, 0.208, 0.249, -0.089, -0.98, -0.68, -1.044, -0.932, 0.05, 0.864, 1.169, 1.792, 0.018, -0.329, -0.604, -1.021, -1.042, -1.026, 0.136, 0.338, 0.139, 0.324, -0.376, -0.195, -0.622, -1.435, -0.774, -0.971, 0.329, 1.16, 1.366, 0.202, 0.463, -1.418, -1.612, -0.559, 0.368, 0.415, 0.716, -0.093, -0.147, 0.437, -0.451, -1.357, -0.977, -0.747, 0.201, 0.44, 1.478, 1.008, 0.679, 0.701, -0.957, 0.493, -0.8, -0.47, 0.199, 1.497, 1.35, 0.158, 1.278, -0.213, -0.59, -1.623, -0.66, -0.812, 0.198, 0.58, 1.965]","[[0.963, 0.101, 0.032, -0.106, 0.089, 0.049, -0.04, -0.039], [0.101, 1.0, 0.051, 0.154, -0.139, 0.066, -0.051, -0.014], [0.032, 0.051, 0.859, -0.009, -0.07, 0.089, 0.125, 0.144], [-0.106, 0.154, -0.009, 0.845, 0.052, 0.101, 0.11, -0.024], [0.089, -0.139, -0.07, 0.052, 1.0, -0.002, 0.052, -0.001], [0.049, 0.066, 0.089, 0.101, -0.002, 1.0, 0.048, -0.043], [-0.04, -0.051, 0.125, 0.11, 0.052, 0.048, 1.0, 0.081], [-0.039, -0.014, 0.144, -0.024, -0.001, -0.043, 0.081, 0.982]]"
0.01,0.1189,0.01,0.0826,0.1672,12.05,"[0.022, 0.714, 0.955, 0.817, 0.085, -0.596, -0.93, -0.86, -0.321, 0.452, 0.933, 0.945, 0.482, -0.322, -0.866, -1.004, -0.661, 0.088, 0.857, 1.028, 0.635, -0.056, -0.676, -0.927, -0.814, -0.11, 0.565, 1.002, 0.822, 0.372, -0.428, -0.885, -0.992, -0.459, 0.282, 0.849, 1.012, 0.586, -0.145, -0.684, -0.957, -0.755, -0.014, 0.617, 0.944, 0.869, 0.111, -0.483, -0.985, -0.909, -0.325, 0.42, 0.878, 0.994, 0.492, -0.307, -0.854, -0.927, -0.532, 0.127, 0.691, 1.034, 0.774, 0.1, -0.599, -0.982, -0.833, -0.247, 0.416, 0.984, 0.917, 0.393, -0.439, -0.879, -0.862, -0.501, 0.221, 0.849, 1.101, 0.582, -0.06, -0.776, -1.037, -0.748, -0.017, 0.712, 1.019, 0.822, 0.362, -0.514, -0.989, -1.006, -0.315, 0.4, 1.022, 0.901, 0.596, -0.2, -0.781, -1.084]","[[1.0, 0.008, 0.007, 0.007, 0.0, 0.021, 0.011, 0.007], [0.008, 0.997, 0.007, 0.0, 0.002, 0.017, 0.01, 0.015], [0.007, 0.007, 1.0, 0.012, 0.012, 0.02, 0.007, 0.001], [0.007, 0.0, 0.012, 1.0, 0.004, 0.007, 0.004, 0.019], [0.0, 0.002, 0.012, 0.004, 1.0, 0.011, 0.015, 0.013], [0.021, 0.017, 0.02, 0.007, 0.011, 1.0, 0.01, 0.022], [0.011, 0.01, 0.007, 0.004, 0.015, 0.01, 0.998, 0.005], [0.007, 0.015, 0.001, 0.019, 0.013, 0.022, 0.005, 0.981]]"
0.01,0.1189,0.05,0.0713,0.081,11.1825,"[-0.34, 1.18, 0.745, 0.944, -0.017, -0.545, -1.142, -0.738, -0.271, 0.318, 0.674, 1.011, 0.146, -0.178, -0.211, -0.65, -0.403, 0.112, 0.294, 0.678, 1.022, -0.176, -0.845, -1.047, -1.07, -0.482, 0.535, 0.755, 0.703, 0.13, -0.28, -0.986, -0.996, -0.319, 0.229, 0.787, 1.11, 0.766, -0.149, -0.744, -1.205, -0.932, 0.15, 0.766, 1.117, 0.887, 0.208, -0.355, -0.739, -0.671, -0.371, 0.738, 0.977, 1.116, 0.557, -0.183, -1.029, -0.821, 0.095, -0.002, 0.768, 0.898, 0.609, 0.45, -0.807, -1.119, -1.226, -0.406, 0.084, 1.125, 1.608, 0.274, -0.788, -0.686, -1.147, -0.18, 0.153, 0.675, 0.955, 0.822, -0.127, -0.86, -1.06, -1.064, 0.015, 0.175, 0.886, 1.031, 0.313, -0.345, -0.977, -0.624, -0.154, 0.464, 1.133, 1.158, 0.413, -0.539, -0.716, -0.866]","[[1.0, -0.022, -0.019, 0.001, -0.026, -0.009, 0.037, 0.036], [-0.022, 0.984, -0.026, 0.049, 0.004, 0.037, 0.07, 0.036], [-0.019, -0.026, 0.991, -0.024, -0.024, 0.023, 0.015, 0.009], [0.001, 0.049, -0.024, 1.0, -0.069, 0.013, 0.02, 0.022], [-0.026, 0.004, -0.024, -0.069, 0.988, 0.07, -0.036, 0.005], [-0.009, 0.037, 0.023, 0.013, 0.07, 0.997, -0.019, -0.006], [0.037, 0.07, 0.015, 0.02, -0.036, -0.019, 1.0, 0.001], [0.036, 0.036, 0.009, 0.022, 0.005, -0.006, 0.001, 0.931]]"
0.01,0.1189,0.1,0.0295,0.086,12.7919,"[-0.044, 0.834, 1.932, 0.835, -1.013, -0.612, 0.386, -0.445, -0.711, 0.726, 0.565, 0.267, 0.275, -0.239, -1.804, -1.563, -0.577, -0.071, 0.976, 0.401, 1.059, -0.571, 0.151, -1.863, -1.351, 0.033, 1.379, 1.136, 1.17, 0.334, -0.924, -1.173, -1.557, -1.107, 0.466, 0.295, 1.152, -0.052, 0.036, -1.009, -0.306, -0.555, 0.576, 0.277, 1.031, 0.327, -0.011, -0.66, -1.336, -1.506, -1.052, -0.778, 0.392, 1.272, -0.313, -0.928, 0.05, -1.314, -0.456, 0.413, 1.082, 0.249, 0.616, -0.746, 0.585, -1.798, -1.353, -0.737, -0.237, 1.643, 2.119, 0.127, -1.032, -2.029, -1.087, -0.663, -0.102, 0.944, 1.197, 0.794, -0.229, -1.287, -0.677, -0.74, 0.36, 1.017, 0.286, 0.124, -0.14, -1.021, -0.583, -0.741, 0.165, 0.55, 1.006, 1.571, 0.758, -0.169, -0.081, -0.944]","[[1.0, 0.004, 0.141, -0.119, 0.023, -0.032, -0.042, 0.142], [0.004, 0.959, 0.078, -0.142, -0.041, 0.028, -0.056, 0.013], [0.141, 0.078, 1.0, -0.091, 0.035, -0.086, -0.01, -0.029], [-0.119, -0.142, -0.091, 1.0, 0.06, 0.117, -0.057, 0.137], [0.023, -0.041, 0.035, 0.06, 1.0, 0.057, 0.043, 0.013], [-0.032, 0.028, -0.086, 0.117, 0.057, 0.909, 0.012, -0.057], [-0.042, -0.056, -0.01, -0.057, 0.043, 0.012, 0.935, -0.069], [0.142, 0.013, -0.029, 0.137, 0.013, -0.057, -0.069, 1.0]]"
0.01,0.1344,0.01,0.0627,0.1294,14.2032,"[-0.042, 0.814, 1.021, 0.589, -0.203, -0.806, -0.938, -0.371, 0.537, 1.027, 0.821, 0.134, -0.65, -0.992, -0.749, 0.028, 0.777, 0.937, 0.454, -0.307, -0.945, -0.895, -0.326, 0.53, 1.029, 0.803, -0.008, -0.728, -0.896, -0.6, 0.175, 0.87, 0.961, 0.384, -0.438, -1.043, -0.901, -0.169, 0.63, 0.981, 0.693, -0.074, -0.76, -0.996, -0.491, 0.285, 0.954, 0.936, 0.335, -0.494, -0.965, -0.796, -0.044, 0.77, 0.975, 0.59, -0.173, -0.843, -1.006, -0.421, 0.406, 0.852, 0.857, 0.181, -0.624, -0.937, -0.782, 0.008, 0.657, 0.972, 0.515, -0.311, -0.858, -0.885, -0.315, 0.486, 1.041, 0.808, 0.044, -0.782, -1.031, -0.606, 0.268, 0.852, 0.935, 0.384, -0.357, -1.042, -0.854, -0.176, 0.615, 0.994, 0.769, -0.013, -0.808, -0.908, -0.577, 0.297, 0.781, 1.003]","[[1.0, 0.003, 0.011, 0.003, 0.005, 0.023, 0.017, 0.001], [0.003, 0.994, 0.013, 0.012, 0.019, 0.016, 0.003, 0.015], [0.011, 0.013, 0.99, 0.016, -0.003, 0.008, 0.003, 0.007], [0.003, 0.012, 0.016, 0.99, 0.012, 0.006, 0.03, 0.017], [0.005, 0.019, -0.003, 0.012, 1.0, 0.007, -0.005, 0.011], [0.023, 0.016, 0.008, 0.006, 0.007, 1.0, 0.016, 0.016], [0.017, 0.003, 0.003, 0.03, -0.005, 0.016, 1.0, 0.001], [0.001, 0.015, 0.007, 0.017, 0.011, 0.016, 0.001, 0.989]]"
0.01,0.1344,0.05,0.0071,0.1662,13.4049,"[-0.128, 0.858, 1.087, 0.051, -0.434, -0.591, -0.927, -0.719, 1.051, 0.971, 0.933, 0.233, -0.752, -1.192, -0.151, 0.356, 1.027, 1.129, 0.236, -0.019, -1.147, -0.834, -0.675, 0.043, 1.079, 0.571, -0.469, -0.601, -0.476, -0.252, 0.146, 0.88, 1.178, 0.672, -0.522, -0.962, -0.778, -0.023, 0.605, 0.979, 1.047, 0.225, -0.685, -0.561, -0.608, 0.718, 1.061, 1.735, -0.006, -0.702, -0.89, -0.692, 0.431, 0.55, 1.234, 0.912, -0.006, -1.104, -0.613, -0.11, 0.561, 1.014, 0.924, 0.17, -0.456, -1.0, -0.934, -0.213, 0.599, 1.051, 0.528, -0.231, -0.789, -1.085, 0.048, 0.438, 0.881, 0.929, -0.375, -0.894, -0.764, -1.078, 0.434, 1.227, 0.88, 0.516, -0.105, -1.071, -0.665, -0.385, 0.474, 0.805, 0.827, 0.268, -0.815, -1.318, -0.83, 0.357, 1.363, 1.038]","[[0.981, -0.032, 0.047, -0.072, 0.038, -0.025, 0.026, 0.067], [-0.032, 0.966, 0.018, 0.005, -0.0, 0.046, 0.0, 0.021], [0.047, 0.018, 0.987, -0.006, 0.053, -0.013, 0.013, 0.041], [-0.072, 0.005, -0.006, 1.0, 0.023, 0.065, -0.026, -0.061], [0.038, -0.0, 0.053, 0.023, 0.999, -0.029, 0.071, -0.003], [-0.025, 0.046, -0.013, 0.065, -0.029, 1.0, -0.043, -0.007], [0.026, 0.0, 0.013, -0.026, 0.071, -0.043, 1.0, -0.015], [0.067, 0.021, 0.041, -0.061, -0.003, -0.007, -0.015, 1.0]]"
0.01,0.1344,0.1,0.0176,0.0768,13.7458,"[-0.041, 0.513, 0.723, 0.756, -0.684, -2.019, -0.743, -0.106, 0.362, 0.404, 0.882, -0.599, -1.174, -1.385, -0.259, -0.076, 0.597, 1.962, 0.663, -0.169, -1.121, -1.203, -1.358, 1.037, 1.223, 0.684, -0.04, -0.368, -1.783, -0.894, -0.358, 1.764, 1.394, -0.71, -1.193, -1.037, -1.089, -0.824, 1.611, 1.165, 0.939, -0.423, -0.443, -1.181, -0.653, 0.618, 0.111, 1.715, 0.383, 0.111, -1.532, -1.253, -0.637, 0.842, 1.041, 0.39, -0.689, -1.497, -0.989, -0.65, 0.068, 1.736, 0.826, 0.824, -0.883, -0.885, -0.749, -0.799, 1.501, 0.928, 0.908, -0.661, -0.996, -1.362, 0.299, 0.661, 1.173, 1.488, 0.663, -0.314, -1.72, -0.992, -0.347, 1.213, 1.058, -0.253, -0.479, -1.701, -0.908, -1.045, 0.858, 1.194, 1.695, 0.403, -0.981, -0.591, -1.258, -0.223, 1.068, -0.14]","[[0.892, 0.052, 0.008, 0.039, -0.015, -0.06, -0.051, -0.003], [0.052, 1.0, 0.188, -0.006, 0.035, 0.066, 0.037, -0.036], [0.008, 0.188, 0.938, 0.022, 0.056, -0.043, -0.074, 0.171], [0.039, -0.006, 0.022, 1.0, 0.065, -0.003, 0.012, -0.012], [-0.015, 0.035, 0.056, 0.065, 0.996, 0.016, -0.086, 0.093], [-0.06, 0.066, -0.043, -0.003, 0.016, 1.0, -0.023, 0.011], [-0.051, 0.037, -0.074, 0.012, -0.086, -0.023, 0.95, -0.115], [-0.003, -0.036, 0.171, -0.012, 0.093, 0.011, -0.115, 0.908]]"
0.01,0.15,0.01,-0.0059,0.1327,17.191,"[0.03, 0.804, 0.952, 0.376, -0.631, -1.005, -0.546, 0.353, 0.953, 0.803, -0.087, -0.87, -0.945, -0.319, 0.597, 1.062, 0.534, -0.324, -0.951, -0.852, 0.072, 0.863, 0.975, 0.402, -0.669, -1.01, -0.575, 0.266, 0.976, 0.762, 0.035, -0.764, -0.947, -0.405, 0.545, 1.038, 0.595, -0.447, -0.898, -0.81, -0.041, 0.867, 0.927, 0.278, -0.576, -0.921, -0.512, 0.33, 0.984, 0.857, -0.063, -0.785, -0.997, -0.296, 0.582, 1.035, 0.6, -0.466, -0.952, -0.785, 0.022, 0.812, 1.043, 0.328, -0.572, -0.958, -0.576, 0.267, 0.839, 0.793, 0.038, -0.835, -0.921, -0.305, 0.658, 0.995, 0.617, -0.287, -0.885, -0.902, -0.023, 0.86, 1.038, 0.324, -0.608, -0.972, -0.55, 0.294, 0.977, 0.876, 0.095, -0.78, -0.958, -0.315, 0.622, 1.004, 0.603, -0.365, -0.896, -0.874]","[[0.996, 0.001, 0.004, 0.003, -0.004, 0.007, 0.016, 0.022], [0.001, 1.0, 0.005, 0.009, 0.015, 0.01, 0.006, 0.01], [0.004, 0.005, 0.982, -0.0, 0.005, 0.005, 0.014, -0.009], [0.003, 0.009, -0.0, 0.994, 0.014, 0.007, 0.011, 0.008], [-0.004, 0.015, 0.005, 0.014, 1.0, 0.004, 0.018, 0.018], [0.007, 0.01, 0.005, 0.007, 0.004, 1.0, 0.011, 0.006], [0.016, 0.006, 0.014, 0.011, 0.018, 0.011, 1.0, 0.015], [0.022, 0.01, -0.009, 0.008, 0.018, 0.006, 0.015, 1.0]]"
0.01,0.15,0.05,-0.0184,0.0626,15.1286,"[0.096, 1.017, 0.726, 0.038, -0.19, -0.985, -0.749, 0.157, 0.798, 0.64, -0.321, -1.192, -1.009, -0.46, 0.87, 1.083, 0.66, -0.498, -0.991, -0.727, 0.179, 0.794, 1.23, 0.314, -0.395, -1.132, -1.047, 0.379, 1.142, 0.961, 0.106, -0.904, -1.162, -0.174, 0.7, 0.87, 0.871, -0.533, -1.106, -0.408, 0.217, 0.728, 1.032, 0.351, -1.28, -1.237, -0.606, 0.223, 1.022, 1.099, -0.08, -1.082, -0.879, -0.394, 0.555, 0.937, 1.154, -0.872, -1.058, -0.818, -0.195, 1.042, 1.164, 0.3, -0.661, -1.038, -0.62, 0.293, 0.914, 0.88, 0.188, -1.125, -1.223, -0.749, 0.81, 1.073, 0.72, -0.669, -0.514, -0.969, 0.042, 1.031, 0.714, 0.176, -0.549, -0.296, -0.518, 0.714, 1.262, 0.909, -0.247, -0.552, -1.335, 0.088, 0.644, 0.347, 0.509, -0.149, -1.02, -0.638]","[[1.0, 0.002, 0.019, 0.013, 0.008, -0.023, -0.035, -0.041], [0.002, 1.0, 0.033, -0.045, -0.068, 0.017, 0.04, -0.012], [0.019, 0.033, 1.0, -0.034, -0.002, -0.006, -0.024, -0.016], [0.013, -0.045, -0.034, 1.0, -0.001, 0.033, -0.025, 0.042], [0.008, -0.068, -0.002, -0.001, 0.882, 0.042, -0.042, 0.035], [-0.023, 0.017, -0.006, 0.033, 0.042, 1.0, -0.033, 0.003], [-0.035, 0.04, -0.024, -0.025, -0.042, -0.033, 0.959, -0.055], [-0.041, -0.012, -0.016, 0.042, 0.035, 0.003, -0.055, 0.923]]"
0.01,0.15,0.1,-0.0156,0.1198,17.0894,"[-0.57, 0.796, 1.395, 0.763, -0.278, -1.379, -0.581, 0.151, 0.86, 1.836, -0.881, -0.934, -0.355, -1.045, 0.272, 0.745, 0.482, -1.11, -0.663, -0.484, 0.254, 0.382, 1.004, -0.138, -0.76, 0.067, -0.546, -0.282, 1.051, 0.141, -0.6, -1.338, -1.183, 0.156, 0.883, 1.271, 0.044, -0.583, -0.825, -1.131, -0.139, 1.038, 0.786, 0.425, 0.203, -1.096, -0.004, 0.592, 0.227, 0.266, -0.417, -1.245, -1.006, -0.005, 1.221, 1.164, 0.371, -1.353, -0.925, -0.804, 0.091, 1.87, 1.581, 0.705, -1.075, -1.266, -0.641, -0.076, 1.211, 0.996, -0.544, -0.219, -0.909, -1.177, 0.568, 1.151, 1.08, -0.481, -0.547, -0.724, -0.658, 0.11, 1.522, 0.91, -0.432, -0.262, -0.065, 0.654, 0.505, 1.683, 0.268, -1.01, -1.295, -0.184, -0.242, 1.36, 0.117, -0.127, -1.221, -0.949]","[[1.0, 0.084, 0.021, 0.043, 0.123, -0.012, 0.028, -0.116], [0.084, 1.0, -0.01, -0.167, 0.005, -0.021, 0.031, 0.063], [0.021, -0.01, 0.935, 0.066, 0.019, -0.07, -0.024, 0.039], [0.043, -0.167, 0.066, 0.726, -0.003, 0.02, 0.056, -0.041], [0.123, 0.005, 0.019, -0.003, 0.829, 0.027, -0.059, -0.052], [-0.012, -0.021, -0.07, 0.02, 0.027, 0.993, -0.063, -0.003], [0.028, 0.031, -0.024, 0.056, -0.059, -0.063, 0.974, -0.046], [-0.116, 0.063, 0.039, -0.041, -0.052, -0.003, -0.046, 1.0]]"
0.0545,0.01,0.01,0.0093,0.1614,2.1015,"[0.039, 0.003, 0.062, 0.281, 0.28, 0.305, 0.342, 0.423, 0.449, 0.609, 0.581, 0.727, 0.702, 0.717, 0.791, 0.722, 0.884, 0.916, 0.995, 0.886, 1.061, 1.062, 1.098, 1.044, 1.103, 0.981, 1.088, 1.008, 0.953, 0.965, 1.003, 0.939, 0.973, 0.834, 0.784, 0.922, 0.858, 0.716, 0.722, 0.723, 0.641, 0.572, 0.563, 0.412, 0.39, 0.325, 0.249, 0.178, 0.136, 0.068, -0.052, -0.026, -0.181, -0.209, -0.277, -0.308, -0.494, -0.404, -0.542, -0.504, -0.644, -0.675, -0.626, -0.783, -0.751, -0.851, -0.87, -0.921, -0.912, -1.015, -1.052, -1.053, -1.031, -1.057, -1.017, -0.989, -1.101, -1.083, -1.108, -0.92, -0.988, -0.957, -1.021, -0.924, -0.865, -0.866, -0.759, -0.653, -0.769, -0.723, -0.664, -0.485, -0.456, -0.456, -0.386, -0.367, -0.218, -0.217, -0.145, -0.036]","[[1.0, 0.056, 0.058, 0.061, 0.054, 0.058, 0.05, 0.067], [0.056, 0.997, 0.049, 0.049, 0.07, 0.06, 0.069, 0.059], [0.058, 0.049, 1.0, 0.057, 0.044, 0.047, 0.054, 0.056], [0.061, 0.049, 0.057, 0.998, 0.04, 0.049, 0.055, 0.044], [0.054, 0.07, 0.044, 0.04, 0.987, 0.065, 0.051, 0.05], [0.058, 0.06, 0.047, 0.049, 0.065, 0.994, 0.035, 0.065], [0.05, 0.069, 0.054, 0.055, 0.051, 0.035, 0.989, 0.059], [0.067, 0.059, 0.056, 0.044, 0.05, 0.065, 0.059, 1.0]]"
0.0545,0.01,0.05,0.0009,0.1511,4.0663,"[0.348, -0.369, -0.034, 0.03, 0.242, 0.311, 1.137, 0.18, 0.565, 0.719, 0.619, 0.7, 0.461, 0.795, 0.94, 0.935, 1.033, 1.277, 1.188, 0.998, 0.71, 0.871, 0.981, 1.109, 0.933, 0.821, 0.755, 0.633, 0.977, 0.654, 0.753, 0.882, 0.62, 1.019, 1.075, 0.716, 0.703, 0.903, 0.543, 0.477, 0.919, 0.786, 0.658, 0.68, -0.106, 0.664, 0.36, 0.45, 0.229, 0.078, -0.069, 0.026, -0.21, 0.019, -0.659, -0.461, 0.123, -0.606, -0.568, -0.786, -0.536, -0.856, -0.768, -0.557, -0.987, -0.656, -0.685, -0.66, -0.919, -0.17, -0.739, -0.94, -1.255, -1.07, -0.696, -0.627, -0.683, -0.85, -1.35, -0.9, -1.313, -1.352, -0.894, -0.793, -0.665, -0.729, -0.68, -1.015, -0.748, -1.049, -1.121, -0.38, -0.696, -0.231, -0.111, -0.481, -0.115, -0.363, -0.594, -0.035]","[[0.924, 0.087, 0.011, 0.115, 0.074, 0.081, 0.044, 0.055], [0.087, 1.0, 0.066, 0.077, 0.059, 0.077, 0.071, 0.113], [0.011, 0.066, 1.0, 0.068, 0.035, 0.018, 0.089, 0.092], [0.115, 0.077, 0.068, 0.984, 0.115, 0.051, 0.04, 0.057], [0.074, 0.059, 0.035, 0.115, 1.0, 0.088, 0.014, 0.066], [0.081, 0.077, 0.018, 0.051, 0.088, 1.0, 0.147, 0.039], [0.044, 0.071, 0.089, 0.04, 0.014, 0.147, 1.0, 0.031], [0.055, 0.113, 0.092, 0.057, 0.066, 0.039, 0.031, 0.899]]"
0.0545,0.01,0.1,0.0498,0.1377,0.4886,"[-0.04, -0.268, -0.461, 0.915, 0.514, 0.311, 0.106, 0.597, 1.004, 0.152, 0.617, 1.106, -0.246, 0.74, 0.598, 0.786, 0.64, 0.993, 1.916, 0.819, 1.149, 2.019, 0.761, 1.954, 1.055, 1.945, 1.428, 1.2, 1.003, 0.709, 1.041, 1.429, 0.948, 0.766, 0.765, 1.349, 1.425, 0.435, 0.388, 0.862, 1.384, 1.138, -0.118, 0.317, -0.077, 0.192, 1.064, -0.514, -0.677, -0.348, 0.144, 0.244, 0.087, 0.39, -1.144, 0.268, -0.544, -0.083, -1.17, -0.563, -0.502, -0.094, -1.515, -0.753, -1.355, -0.6, -0.502, -0.281, -1.222, -0.517, -0.322, -1.843, -0.73, -0.567, -1.182, -1.66, -0.581, -1.646, -1.125, -1.041, -0.645, -1.294, -1.296, -0.875, -0.387, 0.291, -1.566, -0.611, -1.265, -0.163, -1.089, -0.902, -0.803, -0.487, -0.227, -0.084, -0.265, -0.863, 0.232, -0.093]","[[0.997, 0.148, 0.056, 0.021, -0.038, 0.107, 0.021, -0.019], [0.148, 0.814, 0.07, 0.109, 0.133, 0.033, 0.016, 0.005], [0.056, 0.07, 1.0, 0.076, 0.102, 0.037, 0.13, -0.008], [0.021, 0.109, 0.076, 1.0, 0.002, -0.002, 0.122, 0.073], [-0.038, 0.133, 0.102, 0.002, 1.0, -0.023, 0.056, 0.089], [0.107, 0.033, 0.037, -0.002, -0.023, 0.979, 0.003, 0.102], [0.021, 0.016, 0.13, 0.122, 0.056, 0.003, 0.777, 0.021], [-0.019, 0.005, -0.008, 0.073, 0.089, 0.102, 0.021, 1.0]]"
0.0545,0.0256,0.01,0.0187,0.139,5.0973,"[0.001, 0.092, 0.302, 0.468, 0.612, 0.762, 0.937, 0.992, 0.962, 1.08, 1.086, 0.994, 1.031, 0.909, 0.751, 0.728, 0.582, 0.411, 0.26, 0.06, -0.043, -0.243, -0.394, -0.535, -0.747, -0.853, -1.016, -0.952, -1.091, -1.046, -1.03, -0.988, -1.021, -0.882, -0.69, -0.564, -0.459, -0.337, -0.241, 0.014, 0.139, 0.34, 0.437, 0.605, 0.751, 0.865, 0.966, 0.976, 0.976, 1.136, 1.163, 1.018, 0.861, 0.797, 0.747, 0.657, 0.382, 0.277, 0.127, -0.008, -0.236, -0.46, -0.503, -0.616, -0.798, -0.874, -0.996, -1.067, -1.0, -1.031, -0.999, -0.894, -0.943, -0.816, -0.659, -0.555, -0.335, -0.221, -0.094, 0.128, 0.299, 0.496, 0.615, 0.75, 0.856, 0.922, 0.962, 1.054, 1.038, 1.127, 1.07, 0.97, 0.868, 0.733, 0.545, 0.451, 0.31, 0.151, -0.006, -0.152]","[[1.0, 0.056, 0.044, 0.056, 0.047, 0.054, 0.066, 0.053], [0.056, 0.983, 0.06, 0.064, 0.052, 0.032, 0.059, 0.066], [0.044, 0.06, 0.972, 0.057, 0.047, 0.033, 0.062, 0.06], [0.056, 0.064, 0.057, 0.981, 0.058, 0.062, 0.06, 0.043], [0.047, 0.052, 0.047, 0.058, 1.0, 0.047, 0.06, 0.056], [0.054, 0.032, 0.033, 0.062, 0.047, 1.0, 0.056, 0.053], [0.066, 0.059, 0.062, 0.06, 0.06, 0.056, 0.994, 0.049], [0.053, 0.066, 0.06, 0.043, 0.056, 0.053, 0.049, 1.0]]"
0.0545,0.0256,0.05,0.0787,0.1432,3.3681,"[0.058, 0.381, 0.2, 0.962, 0.537, 0.54, 0.618, 0.518, 1.395, 1.389, 1.204, 0.81, 1.441, 0.829, 0.755, 1.065, 0.736, 0.972, 0.324, -0.004, -0.227, -0.703, -0.472, -0.266, -0.539, -0.803, -1.155, -0.924, -0.777, -0.945, -1.007, -1.217, -0.744, -1.661, -0.678, -0.007, -0.885, -0.414, -0.192, -0.138, 0.406, 0.43, 0.507, 0.813, 0.747, 1.648, 0.979, 1.054, 0.616, 0.919, 1.325, 0.662, 0.388, 0.844, 1.065, 0.6, 0.358, -0.181, 0.231, 0.114, -0.665, -0.098, -0.342, -0.389, -0.648, -0.731, -0.842, -0.808, -1.506, -1.426, -1.207, -1.002, -0.793, -0.707, -0.387, -0.24, -0.593, -0.152, -0.256, 0.078, 0.371, -0.403, 1.199, 0.869, 0.691, 1.413, 0.911, 1.073, 0.933, 1.455, 0.977, 0.975, 1.15, 0.884, 0.594, 0.74, 0.939, 0.219, -0.0, -0.155]","[[0.923, 0.059, 0.047, 0.044, 0.121, 0.035, 0.018, 0.017], [0.059, 1.0, 0.036, 0.019, 0.102, 0.033, 0.037, 0.11], [0.047, 0.036, 1.0, 0.039, 0.009, 0.067, 0.088, 0.011], [0.044, 0.019, 0.039, 0.972, 0.036, 0.055, 0.071, 0.054], [0.121, 0.102, 0.009, 0.036, 0.987, 0.078, 0.043, 0.038], [0.035, 0.033, 0.067, 0.055, 0.078, 1.0, 0.113, 0.044], [0.018, 0.037, 0.088, 0.071, 0.043, 0.113, 0.901, 0.09], [0.017, 0.11, 0.011, 0.054, 0.038, 0.044, 0.09, 1.0]]"
0.0545,0.0256,0.1,-0.0153,0.2153,2.7579,"[0.366, 0.65, 1.056, 0.773, 0.613, 1.263, 1.402, 1.275, 0.284, 0.625, 0.916, 1.424, 0.978, 1.485, 1.479, 1.305, 1.174, -0.096, 0.504, -0.208, -0.898, -0.385, 0.261, -0.322, 0.32, -0.719, 0.318, -0.892, -1.019, -1.693, -0.493, -1.269, -1.284, -0.238, -0.195, -0.083, -0.689, -0.379, -0.22, 0.369, 0.924, 0.496, 1.456, 1.062, 0.626, 1.268, 1.794, 2.004, 1.637, 1.067, 0.93, 1.284, 1.765, 1.052, 0.949, 0.615, 0.278, 0.203, 0.185, 0.808, -0.339, -0.355, -0.966, -0.314, -0.11, -0.082, -0.87, -0.738, -1.128, -0.787, -0.866, -0.94, -0.822, -0.563, -0.814, -0.649, 0.479, 1.143, -0.646, -0.505, -0.188, 0.397, 1.044, 1.023, 0.926, 1.196, 0.652, 0.918, 1.044, 0.25, 0.422, 0.377, 1.231, 0.861, 0.913, -0.458, -0.437, 0.471, -1.419, 0.415]","[[1.0, 0.169, 0.036, 0.079, -0.073, 0.085, 0.055, -0.088], [0.169, 1.0, 0.043, 0.114, 0.109, -0.04, 0.215, 0.078], [0.036, 0.043, 0.92, 0.116, 0.05, 0.025, 0.087, 0.013], [0.079, 0.114, 0.116, 1.0, 0.07, 0.072, -0.042, -0.087], [-0.073, 0.109, 0.05, 0.07, 0.752, 0.095, 0.058, 0.021], [0.085, -0.04, 0.025, 0.072, 0.095, 0.969, 0.004, 0.002], [0.055, 0.215, 0.087, -0.042, 0.058, 0.004, 1.0, 0.003], [-0.088, 0.078, 0.013, -0.087, 0.021, 0.002, 0.003, 1.0]]"
0.0545,0.0411,0.01,0.0859,0.1381,5.6408,"[0.038, 0.272, 0.478, 0.689, 0.957, 0.938, 1.108, 1.017, 0.923, 0.683, 0.551, 0.343, -0.023, -0.202, -0.478, -0.738, -0.84, -1.111, -1.035, -0.953, -0.876, -0.779, -0.611, -0.386, -0.103, 0.21, 0.402, 0.71, 0.964, 0.983, 0.982, 0.975, 1.005, 0.823, 0.676, 0.368, 0.174, -0.147, -0.438, -0.658, -0.891, -0.87, -1.048, -1.016, -1.01, -0.906, -0.678, -0.381, -0.202, 0.052, 0.368, 0.627, 0.885, 0.969, 1.068, 1.088, 0.941, 0.83, 0.646, 0.409, 0.259, -0.037, -0.315, -0.695, -0.671, -0.976, -0.924, -1.127, -1.052, -1.012, -0.714, -0.57, -0.316, -0.061, 0.315, 0.563, 0.834, 0.875, 1.027, 0.99, 1.006, 0.898, 0.787, 0.603, 0.354, -0.005, -0.184, -0.491, -0.727, -0.922, -1.031, -0.966, -1.018, -0.936, -0.807, -0.467, -0.282, -0.117, 0.177, 0.438]","[[1.0, 0.047, 0.05, 0.059, 0.049, 0.075, 0.057, 0.05], [0.047, 0.997, 0.052, 0.067, 0.047, 0.053, 0.062, 0.052], [0.05, 0.052, 0.985, 0.06, 0.061, 0.047, 0.047, 0.048], [0.059, 0.067, 0.06, 1.0, 0.051, 0.054, 0.056, 0.061], [0.049, 0.047, 0.061, 0.051, 0.992, 0.054, 0.04, 0.065], [0.075, 0.053, 0.047, 0.054, 0.054, 1.0, 0.051, 0.051], [0.057, 0.062, 0.047, 0.056, 0.04, 0.051, 1.0, 0.061], [0.05, 0.052, 0.048, 0.061, 0.065, 0.051, 0.061, 0.974]]"
0.0545,0.0411,0.05,0.0168,0.2013,7.774,"[-0.271, 0.278, 0.732, 0.252, 0.811, 1.266, 0.691, 1.082, 0.944, 1.197, 0.501, 0.269, 0.258, -0.558, -0.537, -0.82, -0.917, -0.789, -0.914, -1.222, -0.914, -0.426, -0.804, -0.317, -0.137, 0.167, 0.035, 1.025, 0.664, 1.242, 0.893, 0.886, 1.27, 1.075, 0.684, 0.585, 0.06, -0.142, -0.567, -0.412, -1.004, -0.598, -1.122, -1.043, -0.793, -0.847, -0.741, -0.443, 0.048, -0.07, 0.329, 0.604, 1.019, 0.926, 1.488, 1.013, 0.939, 0.836, 0.371, 0.216, 0.087, 0.232, -0.327, -0.686, -0.467, -0.543, -0.713, -1.267, -1.135, -0.449, -0.672, -0.581, -0.083, 0.259, 0.134, 0.582, 0.975, 0.619, 1.019, 0.776, 0.777, 0.783, 0.883, 0.472, 0.143, 0.05, -0.52, -0.381, -0.428, -0.906, -1.054, -0.96, -1.54, -0.81, -0.018, -0.62, -0.377, 0.105, 0.602, 0.693]","[[1.0, 0.012, 0.086, -0.022, 0.129, 0.033, 0.092, 0.064], [0.012, 1.0, 0.043, 0.032, 0.075, -0.005, 0.027, 0.058], [0.086, 0.043, 1.0, 0.068, 0.047, 0.035, 0.073, 0.101], [-0.022, 0.032, 0.068, 0.928, 0.055, 0.149, 0.012, 0.047], [0.129, 0.075, 0.047, 0.055, 0.954, 0.076, -0.02, 0.064], [0.033, -0.005, 0.035, 0.149, 0.076, 0.978, 0.034, 0.04], [0.092, 0.027, 0.073, 0.012, -0.02, 0.034, 1.0, -0.004], [0.064, 0.058, 0.101, 0.047, 0.064, 0.04, -0.004, 1.0]]"
0.0545,0.0411,0.1,0.1302,0.1727,4.7485,"[0.177, 0.152, 0.842, 0.742, 1.097, 0.605, 2.09, 0.735, 1.706, 0.674, 0.962, 0.679, 0.618, -0.647, 0.056, 0.218, -1.012, -0.983, -1.314, -1.208, -0.092, -1.3, -1.067, 0.452, 0.224, 1.243, 0.217, 0.735, 0.527, 1.057, 0.162, 1.385, 1.128, 0.798, 0.437, -0.052, 0.496, -0.725, -0.146, 0.4, -0.088, -1.722, -1.312, -0.837, -1.018, -1.553, -0.474, -0.441, 0.781, -0.031, 0.945, -0.032, 0.289, 1.312, 1.578, 0.573, 1.01, 0.188, 0.61, 0.894, 0.002, -0.176, -0.884, -0.889, 0.105, -0.895, -1.528, -1.212, -1.81, -1.409, -0.052, -0.586, 0.683, -0.04, 0.259, 0.848, -0.593, 1.012, 0.991, 1.797, 1.506, 0.357, 1.385, 0.421, -0.147, 0.135, -0.335, 0.281, -0.541, -0.784, -0.553, -0.506, -0.641, -0.235, -0.489, -0.506, 0.273, -0.126, 0.207, 1.31]","[[1.0, 0.108, 0.009, -0.012, 0.038, 0.015, 0.065, 0.11], [0.108, 0.962, 0.133, 0.032, 0.086, 0.091, 0.115, 0.03], [0.009, 0.133, 1.0, 0.141, 0.214, 0.069, 0.178, 0.068], [-0.012, 0.032, 0.141, 0.995, -0.018, -0.027, 0.105, 0.011], [0.038, 0.086, 0.214, -0.018, 0.944, 0.049, 0.126, 0.036], [0.015, 0.091, 0.069, -0.027, 0.049, 1.0, 0.096, 0.02], [0.065, 0.115, 0.178, 0.105, 0.126, 0.096, 1.0, 0.028], [0.11, 0.03, 0.068, 0.011, 0.036, 0.02, 0.028, 1.0]]"
0.0545,0.0567,0.01,0.1341,0.2573,7.3403,"[-0.007, 0.271, 0.616, 0.867, 0.999, 1.052, 0.901, 0.691, 0.342, -0.013, -0.399, -0.727, -0.899, -1.005, -0.997, -0.79, -0.701, -0.255, 0.117, 0.546, 0.862, 0.908, 1.125, 0.937, 0.755, 0.516, 0.16, -0.276, -0.514, -0.792, -0.95, -1.075, -0.974, -0.77, -0.384, -0.252, 0.214, 0.602, 0.812, 1.008, 1.042, 0.912, 0.725, 0.44, 0.032, -0.349, -0.663, -0.902, -1.123, -1.017, -0.936, -0.609, -0.317, 0.081, 0.338, 0.687, 0.872, 1.011, 1.089, 0.953, 0.562, 0.261, -0.092, -0.42, -0.841, -1.044, -1.028, -1.107, -0.862, -0.557, -0.198, 0.147, 0.49, 0.841, 1.003, 1.022, 0.99, 0.817, 0.594, 0.193, -0.159, -0.596, -0.866, -1.021, -1.06, -1.014, -0.69, -0.405, -0.104, 0.316, 0.631, 0.914, 0.959, 1.039, 0.932, 0.737, 0.357, -0.103, -0.401, -0.675]","[[1.0, 0.051, 0.058, 0.054, 0.049, 0.047, 0.058, 0.051], [0.051, 0.999, 0.05, 0.052, 0.044, 0.05, 0.055, 0.045], [0.058, 0.05, 1.0, 0.051, 0.057, 0.061, 0.056, 0.068], [0.054, 0.052, 0.051, 0.99, 0.049, 0.046, 0.055, 0.052], [0.049, 0.044, 0.057, 0.049, 0.992, 0.059, 0.056, 0.061], [0.047, 0.05, 0.061, 0.046, 0.059, 1.0, 0.036, 0.052], [0.058, 0.055, 0.056, 0.055, 0.056, 0.036, 0.998, 0.06], [0.051, 0.045, 0.068, 0.052, 0.061, 0.052, 0.06, 1.0]]"
0.0545,0.0567,0.05,0.1669,0.1715,5.6034,"[0.145, -0.012, 0.343, 0.824, 0.976, 0.601, 1.095, 0.366, 0.678, 0.389, -0.491, -0.628, -1.262, -0.895, -1.14, -1.125, -0.656, -0.357, 0.051, 0.726, 0.587, 1.414, 0.723, 1.4, 0.558, 0.527, 0.053, -0.284, -0.346, -0.451, -0.705, -1.155, -0.926, -0.964, -0.717, -0.397, 0.153, 0.664, 0.388, 1.01, 1.428, 1.225, 0.576, 0.059, 0.159, -0.905, -0.377, -0.955, -0.578, -1.472, -0.684, -0.697, -0.43, -0.32, 0.537, 0.875, 1.381, 1.298, 0.878, 0.627, 0.278, 0.652, -0.283, -0.079, -0.622, -0.881, -1.129, -0.844, -0.844, -0.657, -0.045, 0.118, 0.308, 0.948, 0.972, 1.177, 0.875, 0.496, 0.942, 0.541, 0.002, -0.662, -0.915, -0.664, -1.141, -1.122, -0.285, -0.461, 0.354, -0.066, 0.749, 1.396, 1.034, 0.98, 0.643, 0.976, 0.196, -0.002, -0.655, -0.283]","[[1.0, 0.036, 0.065, -0.008, 0.04, 0.045, 0.044, 0.071], [0.036, 1.0, 0.025, 0.076, 0.089, 0.053, 0.087, 0.06], [0.065, 0.025, 1.0, 0.042, 0.068, 0.101, 0.015, 0.062], [-0.008, 0.076, 0.042, 1.0, 0.046, 0.006, 0.038, 0.079], [0.04, 0.089, 0.068, 0.046, 0.969, -0.013, 0.03, 0.112], [0.045, 0.053, 0.101, 0.006, -0.013, 0.98, 0.029, 0.04], [0.044, 0.087, 0.015, 0.038, 0.03, 0.029, 0.974, 0.105], [0.071, 0.06, 0.062, 0.079, 0.112, 0.04, 0.105, 0.985]]"
0.0545,0.0567,0.1,0.155,0.2423,7.5244,"[-1.331, -1.164, 1.325, 1.539, 1.987, 1.023, 0.244, 0.428, 0.311, -0.57, 0.395, 0.382, -0.715, -1.056, -1.663, -0.08, -0.545, -0.385, 0.373, 0.196, 0.857, 0.259, 1.598, 0.944, 1.392, 0.427, 0.108, -0.804, -0.166, -1.264, -1.246, -1.053, -0.912, -1.622, -0.584, 0.287, 0.073, 0.489, 0.947, 0.958, 0.534, 0.926, 1.219, -0.117, -0.143, -1.017, -0.184, -0.948, -1.461, -0.994, -1.515, -1.189, -1.077, -0.511, 1.067, 0.339, 1.168, 0.628, 1.406, 0.365, 0.639, 0.31, 1.076, -0.134, -1.05, -0.621, 0.017, -1.824, -1.261, -0.684, -0.428, -0.012, -0.144, 1.5, 0.277, 0.954, 1.511, 0.783, 0.018, -0.52, -0.334, -0.944, -0.737, -1.71, -0.646, -0.906, -0.659, 0.272, -0.307, -0.079, 0.346, 0.782, 0.981, 0.631, -0.077, 0.425, 0.568, 0.09, 0.253, 0.306]","[[1.0, 0.111, 0.174, 0.162, 0.022, 0.026, 0.041, 0.005], [0.111, 0.981, -0.125, 0.047, -0.018, 0.094, 0.151, -0.009], [0.174, -0.125, 1.0, 0.137, 0.011, 0.112, -0.077, 0.023], [0.162, 0.047, 0.137, 1.0, 0.173, -0.023, 0.09, 0.018], [0.022, -0.018, 0.011, 0.173, 0.889, 0.126, -0.015, -0.079], [0.026, 0.094, 0.112, -0.023, 0.126, 1.0, 0.029, -0.028], [0.041, 0.151, -0.077, 0.09, -0.015, 0.029, 0.924, 0.07], [0.005, -0.009, 0.023, 0.018, -0.079, -0.028, 0.07, 0.961]]"
0.0545,0.0722,0.01,0.1236,0.1674,8.5075,"[0.008, 0.429, 0.905, 1.056, 0.983, 0.813, 0.435, 0.024, -0.525, -0.815, -1.036, -0.939, -0.719, -0.385, 0.06, 0.553, 0.865, 1.128, 1.007, 0.738, 0.338, -0.171, -0.531, -0.935, -0.994, -1.056, -0.726, -0.268, 0.039, 0.691, 0.892, 1.059, 1.006, 0.742, 0.304, -0.133, -0.594, -0.843, -1.028, -0.865, -0.633, -0.345, 0.35, 0.621, 1.023, 1.056, 1.001, 0.615, 0.251, -0.268, -0.599, -0.941, -1.007, -1.039, -0.624, -0.163, 0.302, 0.754, 0.959, 1.054, 0.972, 0.476, 0.176, -0.343, -0.778, -0.974, -0.987, -0.842, -0.566, -0.066, 0.404, 0.754, 0.968, 1.013, 0.916, 0.525, 0.021, -0.479, -0.742, -1.041, -1.022, -0.791, -0.561, -0.039, 0.42, 0.827, 1.085, 0.965, 0.859, 0.514, -0.009, -0.469, -0.81, -1.014, -0.994, -0.78, -0.478, 0.086, 0.553, 0.862]","[[0.989, 0.055, 0.045, 0.062, 0.058, 0.048, 0.06, 0.052], [0.055, 0.996, 0.049, 0.046, 0.05, 0.055, 0.059, 0.061], [0.045, 0.049, 1.0, 0.055, 0.055, 0.065, 0.057, 0.055], [0.062, 0.046, 0.055, 0.998, 0.058, 0.062, 0.051, 0.062], [0.058, 0.05, 0.055, 0.058, 1.0, 0.065, 0.068, 0.055], [0.048, 0.055, 0.065, 0.062, 0.065, 0.996, 0.056, 0.058], [0.06, 0.059, 0.057, 0.051, 0.068, 0.056, 0.999, 0.053], [0.052, 0.061, 0.055, 0.062, 0.055, 0.058, 0.053, 0.998]]"
0.0545,0.0722,0.05,0.155,0.2356,8.3559,"[0.085, 0.352, 0.894, 1.083, 1.174, 0.653, 0.606, -0.263, -0.638, -0.985, -1.307, -0.76, -1.026, -0.57, 0.387, 0.385, 0.827, 0.791, 1.211, 0.97, 0.545, 0.024, -0.54, -1.025, -1.253, -0.668, -0.541, -0.499, 0.157, 0.515, 0.631, 1.096, 0.874, 0.467, -0.079, -0.574, -0.713, -0.952, -1.273, -0.801, -0.694, -0.111, 0.174, 0.452, 0.976, 0.739, 1.083, 0.415, 0.449, -0.34, -0.412, -1.244, -1.223, -0.836, -0.327, 0.234, 0.301, 1.165, 0.905, 1.327, 0.678, 0.695, -0.439, -0.606, -0.616, -1.319, -0.942, -0.668, -0.684, -0.352, 0.242, 0.517, 0.978, 1.07, 0.798, 0.946, -0.106, -0.047, -1.044, -0.995, -0.743, -0.57, -0.6, 0.102, 0.534, 0.673, 1.177, 1.497, 0.949, 0.604, 0.168, -0.828, -0.716, -1.286, -1.171, -0.267, -0.492, -0.148, 0.783, 0.616]","[[0.922, 0.063, 0.049, 0.075, 0.009, 0.114, 0.09, 0.003], [0.063, 1.0, 0.018, 0.054, 0.045, 0.083, 0.105, 0.073], [0.049, 0.018, 0.972, 0.03, 0.03, 0.06, 0.059, 0.004], [0.075, 0.054, 0.03, 1.0, 0.048, 0.048, 0.076, 0.055], [0.009, 0.045, 0.03, 0.048, 0.872, 0.0, 0.134, 0.089], [0.114, 0.083, 0.06, 0.048, 0.0, 1.0, 0.031, 0.07], [0.09, 0.105, 0.059, 0.076, 0.134, 0.031, 0.976, 0.061], [0.003, 0.073, 0.004, 0.055, 0.089, 0.07, 0.061, 0.983]]"
0.0545,0.0722,0.1,0.2024,0.1735,5.9764,"[0.266, 0.773, 1.516, 0.979, -0.039, 0.836, 0.529, -0.554, -0.421, -1.034, -1.71, -0.678, -1.066, -0.598, -0.158, 1.145, 0.854, 1.084, 0.783, 0.99, 1.035, 0.214, -0.215, -0.591, -1.739, -1.429, -0.835, -0.689, -0.386, -0.346, 0.24, 0.924, 0.943, 0.309, 0.33, -0.4, -0.075, -1.012, -0.706, -0.862, -1.379, -0.3, -0.399, 0.595, 0.575, 1.246, 0.277, 0.657, 0.505, 0.199, -1.06, -0.954, -0.962, -0.158, -1.361, -0.639, 1.693, 0.569, 0.032, 0.761, -0.471, 0.71, 0.552, -0.782, -0.968, -0.529, -1.924, -1.555, -0.673, -0.486, 0.214, 0.127, 1.11, 0.97, 1.149, 0.627, 0.177, -1.118, -0.537, -1.179, -1.122, -0.329, -0.855, 0.639, 1.151, 1.184, 0.533, -0.062, 1.37, 0.518, -0.373, 0.124, -1.262, -1.244, -0.761, -1.365, -0.484, 0.581, 0.601, 1.477]","[[0.889, 0.09, 0.019, 0.07, -0.079, 0.118, -0.064, -0.018], [0.09, 1.0, 0.054, 0.056, -0.005, -0.003, 0.124, -0.003], [0.019, 0.054, 1.0, 0.073, 0.09, -0.069, -0.086, 0.077], [0.07, 0.056, 0.073, 0.763, 0.049, 0.048, 0.021, 0.109], [-0.079, -0.005, 0.09, 0.049, 1.0, 0.119, 0.044, -0.073], [0.118, -0.003, -0.069, 0.048, 0.119, 0.973, 0.077, 0.044], [-0.064, 0.124, -0.086, 0.021, 0.044, 0.077, 0.927, -0.029], [-0.018, -0.003, 0.077, 0.109, -0.073, 0.044, -0.029, 1.0]]"
0.0545,0.0878,0.01,0.1481,0.2395,10.7008,"[-0.007, 0.592, 0.933, 1.073, 0.774, 0.263, -0.157, -0.673, -0.984, -1.048, -0.658, -0.249, 0.368, 0.847, 1.131, 0.948, 0.563, -0.023, -0.43, -0.896, -1.031, -0.723, -0.426, 0.06, 0.645, 0.942, 1.013, 0.749, 0.247, -0.367, -0.704, -1.022, -0.994, -0.6, -0.079, 0.476, 0.925, 1.061, 0.939, 0.526, -0.065, -0.625, -0.896, -1.066, -0.784, -0.305, 0.217, 0.708, 1.009, 0.976, 0.605, 0.121, -0.402, -0.798, -1.025, -1.061, -0.502, -0.006, 0.594, 0.95, 1.039, 0.83, 0.373, -0.13, -0.712, -0.959, -0.969, -0.683, -0.294, 0.423, 0.808, 1.084, 0.906, 0.518, 0.128, -0.575, -0.87, -1.047, -0.887, -0.424, 0.082, 0.672, 0.944, 1.009, 0.8, 0.268, -0.393, -0.756, -1.041, -1.002, -0.583, -0.089, 0.424, 0.994, 1.054, 0.89, 0.449, -0.037, -0.658, -1.058]","[[0.997, 0.063, 0.063, 0.047, 0.039, 0.056, 0.05, 0.055], [0.063, 0.983, 0.053, 0.049, 0.052, 0.046, 0.049, 0.046], [0.063, 0.053, 1.0, 0.06, 0.052, 0.052, 0.057, 0.058], [0.047, 0.049, 0.06, 1.0, 0.043, 0.066, 0.065, 0.042], [0.039, 0.052, 0.052, 0.043, 1.0, 0.049, 0.05, 0.05], [0.056, 0.046, 0.052, 0.066, 0.049, 0.991, 0.058, 0.056], [0.05, 0.049, 0.057, 0.065, 0.05, 0.058, 1.0, 0.05], [0.055, 0.046, 0.058, 0.042, 0.05, 0.056, 0.05, 1.0]]"
0.0545,0.0878,0.05,0.1629,0.1614,8.7528,"[-0.03, 0.086, 0.755, 0.671, 0.91, 0.521, -0.112, -0.891, -0.946, -1.139, -1.017, -0.041, 0.551, 1.054, 0.893, 1.258, 0.472, 0.215, -0.636, -0.973, -1.659, -0.954, -0.42, 0.022, 1.094, 0.7, 0.892, 0.543, 0.136, -0.04, -0.414, -1.212, -1.164, -0.927, 0.224, 0.743, 0.864, 0.705, 0.579, 0.531, 0.064, -1.13, -1.052, -0.638, -0.857, 0.047, 0.41, 0.477, 0.954, 0.968, 0.44, -0.088, -0.039, -1.106, -0.783, -1.04, -0.54, 0.163, 0.422, 1.093, 0.537, 0.945, -0.243, -0.254, -0.498, -0.858, -1.34, -1.009, -0.377, 0.414, 0.323, 1.045, 1.032, 0.507, 0.161, -0.471, -1.063, -1.537, -0.833, -0.66, 0.002, 0.792, 1.353, 1.019, 0.892, -0.106, -0.257, -0.813, -0.734, -1.11, -0.68, 0.184, 0.459, 0.625, 1.692, 0.625, 0.453, -0.009, -0.565, -1.028]","[[1.0, 0.039, 0.094, 0.056, 0.02, 0.043, 0.03, -0.009], [0.039, 1.0, 0.021, 0.052, 0.044, 0.107, 0.063, 0.064], [0.094, 0.021, 0.931, -0.003, 0.111, 0.018, 0.035, 0.039], [0.056, 0.052, -0.003, 0.951, 0.073, 0.068, -0.047, 0.094], [0.02, 0.044, 0.111, 0.073, 1.0, 0.048, 0.126, 0.053], [0.043, 0.107, 0.018, 0.068, 0.048, 1.0, 0.114, 0.076], [0.03, 0.063, 0.035, -0.047, 0.126, 0.114, 0.989, 0.065], [-0.009, 0.064, 0.039, 0.094, 0.053, 0.076, 0.065, 0.925]]"
0.0545,0.0878,0.1,0.2068,0.1017,11.5127,"[0.295, 0.867, 1.564, 2.11, 0.003, 0.201, -0.547, -0.608, -1.001, -1.138, -0.219, -0.777, -0.174, 0.305, 0.865, 0.349, 0.571, -0.031, -0.901, -0.48, -1.084, -0.347, -0.54, 0.113, 0.374, 0.987, 1.389, 0.563, 0.536, -0.704, -0.404, -1.327, -0.557, -0.607, 0.658, -0.115, 0.152, 0.746, 0.214, -0.203, 0.237, -0.616, -1.212, -1.236, -1.102, 0.499, -0.12, 0.087, 1.425, 0.893, 1.697, -0.109, 0.008, -0.321, -1.313, -1.303, -0.163, 0.31, -0.134, 0.387, -0.219, 1.133, 0.244, -0.279, -1.557, -1.563, -1.255, -1.053, -0.146, 0.659, 1.966, 1.038, 1.512, 0.162, -0.808, -0.703, -1.726, -1.046, -1.256, -1.399, 1.015, 0.403, 0.179, 1.477, 0.389, 0.8, -0.686, -1.069, -0.869, -0.678, -0.236, -0.126, 0.746, 1.275, 1.155, 0.823, -0.254, 0.204, -0.611, -1.187]","[[0.998, -0.039, -0.006, 0.058, 0.065, 0.204, 0.105, 0.035], [-0.039, 0.846, 0.237, -0.031, 0.133, -0.063, 0.107, 0.002], [-0.006, 0.237, 1.0, 0.116, 0.038, 0.058, 0.194, 0.068], [0.058, -0.031, 0.116, 1.0, -0.002, 0.04, 0.032, -0.073], [0.065, 0.133, 0.038, -0.002, 0.991, 0.138, 0.071, 0.03], [0.204, -0.063, 0.058, 0.04, 0.138, 0.868, -0.017, 0.006], [0.105, 0.107, 0.194, 0.032, 0.071, -0.017, 1.0, -0.028], [0.035, 0.002, 0.068, -0.073, 0.03, 0.006, -0.028, 1.0]]"
0.0545,0.1033,0.01,0.1485,0.1175,10.0719,"[0.029, 0.695, 1.094, 0.942, 0.621, -0.184, -0.685, -1.064, -0.981, -0.418, 0.266, 0.844, 1.063, 0.885, 0.373, -0.311, -0.839, -1.043, -0.77, -0.322, 0.422, 0.855, 1.057, 0.82, 0.108, -0.521, -0.934, -1.125, -0.681, -0.004, 0.475, 0.961, 1.043, 0.615, -0.07, -0.662, -1.025, -0.917, -0.485, 0.203, 0.752, 1.114, 0.966, 0.437, -0.325, -0.901, -0.99, -0.799, -0.246, 0.377, 0.935, 0.992, 0.785, 0.223, -0.426, -0.928, -1.096, -0.662, 0.063, 0.558, 1.0, 1.067, 0.614, 0.058, -0.726, -1.081, -0.893, -0.548, 0.166, 0.765, 1.101, 0.933, 0.411, -0.304, -0.779, -0.853, -0.805, -0.279, 0.323, 0.87, 1.038, 0.742, 0.175, -0.4, -0.892, -1.039, -0.749, 0.001, 0.581, 0.91, 1.039, 0.653, -0.165, -0.713, -1.032, -0.927, -0.534, 0.112, 0.79, 1.023]","[[1.0, 0.062, 0.062, 0.057, 0.05, 0.06, 0.041, 0.055], [0.062, 1.0, 0.046, 0.044, 0.05, 0.045, 0.043, 0.054], [0.062, 0.046, 1.0, 0.056, 0.068, 0.065, 0.058, 0.056], [0.057, 0.044, 0.056, 1.0, 0.055, 0.051, 0.054, 0.056], [0.05, 0.05, 0.068, 0.055, 0.99, 0.057, 0.042, 0.064], [0.06, 0.045, 0.065, 0.051, 0.057, 1.0, 0.058, 0.056], [0.041, 0.043, 0.058, 0.054, 0.042, 0.058, 0.999, 0.049], [0.055, 0.054, 0.056, 0.056, 0.064, 0.056, 0.049, 1.0]]"
0.0545,0.1033,0.05,0.1268,0.2093,12.265,"[0.136, 0.606, 0.712, 1.42, 0.279, 0.055, -0.672, -0.89, -0.508, -0.309, 0.08, 1.075, 0.895, 0.919, 0.024, -0.584, -0.853, -0.962, -1.238, -0.116, 0.224, 1.244, 0.955, 0.457, 0.151, -0.756, -0.655, -1.021, -0.693, 0.126, 0.369, 0.687, 1.09, 0.29, -0.363, -0.496, -0.905, -1.258, -0.624, -0.028, 1.228, 1.277, 0.785, 0.512, -0.644, -1.021, -1.028, -0.713, -0.287, 0.471, 0.933, 1.005, 0.679, 0.047, -0.45, -0.861, -0.977, -0.967, -0.294, 0.702, 1.371, 1.034, 0.481, -0.01, -0.973, -0.704, -0.908, -0.656, 0.134, 0.637, 1.377, 0.851, 0.427, -0.14, -1.025, -1.006, -0.771, -0.672, 0.451, 0.891, 1.081, 0.778, 0.241, -0.154, -1.249, -1.117, -0.522, 0.054, 0.698, 1.684, 1.156, 0.885, -0.121, -0.92, -1.105, -0.785, -0.406, 0.255, 0.7, 0.953]","[[0.95, 0.089, 0.052, 0.034, 0.1, 0.088, 0.076, 0.028], [0.089, 0.956, 0.061, 0.051, 0.055, 0.05, 0.08, 0.025], [0.052, 0.061, 0.93, 0.091, 0.037, 0.051, 0.071, 0.009], [0.034, 0.051, 0.091, 0.96, 0.036, 0.088, 0.064, 0.017], [0.1, 0.055, 0.037, 0.036, 0.907, 0.042, 0.002, 0.028], [0.088, 0.05, 0.051, 0.088, 0.042, 1.0, 0.148, 0.103], [0.076, 0.08, 0.071, 0.064, 0.002, 0.148, 1.0, 0.033], [0.028, 0.025, 0.009, 0.017, 0.028, 0.103, 0.033, 0.929]]"
0.0545,0.1033,0.1,0.1642,0.1476,10.3946,"[0.119, 0.471, 1.435, 0.347, 0.168, -1.304, -1.814, -0.141, 0.107, -0.403, -0.193, 0.649, 1.489, 0.621, 0.466, -0.332, -1.15, -1.317, -0.666, -0.729, 0.655, 0.688, 1.107, 1.43, 0.048, -0.067, -1.868, -1.257, -0.641, 0.94, -0.36, 0.961, 1.717, 0.173, -0.195, -0.54, -0.944, -0.162, -0.245, 0.861, 0.604, 0.681, 0.778, -0.212, -0.063, -1.046, -1.39, -0.577, -0.834, 0.794, 0.674, 1.626, 0.557, 0.47, -0.418, -0.591, -0.972, -1.504, 0.46, 0.558, 1.398, 1.341, 0.197, -0.524, -0.361, -1.183, -0.486, -0.578, 0.688, 0.98, 1.193, 0.715, 0.504, 0.313, -0.867, -0.789, -0.817, -0.221, 1.25, 1.503, 1.088, 0.876, -0.175, -0.575, -0.799, -0.606, -0.314, -0.621, 1.072, 0.952, 0.509, 1.27, 0.687, -0.54, -0.672, -0.58, 0.19, 0.518, 0.09, 2.051]","[[1.0, 0.048, 0.099, 0.194, 0.09, 0.033, 0.084, 0.012], [0.048, 0.866, 0.062, 0.026, 0.079, -0.006, -0.042, -0.003], [0.099, 0.062, 0.949, 0.071, 0.112, 0.053, -0.1, 0.046], [0.194, 0.026, 0.071, 0.977, 0.026, 0.113, 0.055, 0.043], [0.09, 0.079, 0.112, 0.026, 0.818, 0.169, 0.16, 0.047], [0.033, -0.006, 0.053, 0.113, 0.169, 1.0, 0.08, 0.103], [0.084, -0.042, -0.1, 0.055, 0.16, 0.08, 0.853, -0.042], [0.012, -0.003, 0.046, 0.043, 0.047, 0.103, -0.042, 0.801]]"
0.0545,0.1189,0.01,-0.0244,0.176,12.9976,"[0.0, 0.721, 1.072, 0.799, 0.115, -0.59, -1.049, -0.839, -0.335, 0.446, 1.102, 0.976, 0.497, -0.265, -0.869, -1.017, -0.598, 0.144, 0.784, 1.069, 0.834, 0.083, -0.685, -1.007, -0.883, -0.196, 0.619, 1.096, 0.889, 0.316, -0.32, -0.964, -0.902, -0.478, 0.289, 0.879, 1.083, 0.694, -0.169, -0.816, -1.008, -0.755, -0.069, 0.734, 1.102, 0.831, 0.215, -0.613, -1.06, -0.932, -0.359, 0.36, 0.925, 0.947, 0.531, -0.353, -0.933, -1.133, -0.622, 0.005, 0.785, 1.136, 0.847, -0.024, -0.652, -1.094, -0.926, -0.232, 0.595, 1.04, 0.912, 0.417, -0.5, -0.989, -1.049, -0.523, 0.223, 0.863, 1.034, 0.662, -0.047, -0.761, -1.069, -0.759, -0.047, 0.621, 1.038, 0.936, 0.193, -0.424, -1.07, -0.975, -0.449, 0.477, 0.916, 0.989, 0.528, -0.207, -0.874, -1.053]","[[1.0, 0.06, 0.055, 0.061, 0.049, 0.057, 0.05, 0.034], [0.06, 1.0, 0.059, 0.06, 0.045, 0.061, 0.051, 0.054], [0.055, 0.059, 1.0, 0.05, 0.053, 0.064, 0.055, 0.039], [0.061, 0.06, 0.05, 1.0, 0.053, 0.056, 0.054, 0.063], [0.049, 0.045, 0.053, 0.053, 0.989, 0.05, 0.065, 0.059], [0.057, 0.061, 0.064, 0.056, 0.05, 0.974, 0.059, 0.061], [0.05, 0.051, 0.055, 0.054, 0.065, 0.059, 0.999, 0.061], [0.034, 0.054, 0.039, 0.063, 0.059, 0.061, 0.061, 1.0]]"
0.0545,0.1189,0.05,0.0718,0.1944,14.6201,"[0.57, 0.775, 0.724, 0.686, 0.068, -0.442, -1.263, -0.991, -0.359, 0.337, 1.181, 1.146, 0.761, -0.38, -0.605, -1.373, -0.955, -0.164, 0.815, 1.353, 0.582, -0.097, -0.754, -0.906, -0.959, -0.316, 0.235, 0.878, 1.222, 0.363, -0.614, -0.66, -1.14, -0.134, 0.627, 0.908, 0.661, 1.198, -0.021, -0.879, -0.815, -0.573, 0.284, 0.518, 1.127, 0.557, 0.371, -0.558, -0.945, -0.975, -0.423, 0.192, 1.158, 1.373, 0.369, -0.117, -0.774, -1.038, -1.025, -0.23, 0.588, 0.52, 1.116, 0.158, -0.674, -1.592, -1.322, -0.227, 1.026, 0.835, 1.164, 0.261, -0.374, -0.647, -1.094, -0.7, 0.588, 0.882, 1.316, 0.489, 0.278, -0.7, -0.946, -0.746, -0.215, 0.649, 0.93, 1.118, 0.197, -0.889, -1.423, -1.389, -0.247, 0.08, 1.016, 1.048, 0.53, -0.102, -0.818, -1.724]","[[1.0, 0.055, 0.037, 0.062, 0.055, 0.097, 0.022, 0.079], [0.055, 1.0, 0.112, 0.077, 0.065, 0.029, 0.078, 0.082], [0.037, 0.112, 1.0, 0.049, 0.058, 0.08, 0.056, 0.069], [0.062, 0.077, 0.049, 1.0, 0.036, 0.01, -0.014, 0.046], [0.055, 0.065, 0.058, 0.036, 0.995, 0.071, 0.039, -0.001], [0.097, 0.029, 0.08, 0.01, 0.071, 0.942, 0.041, 0.035], [0.022, 0.078, 0.056, -0.014, 0.039, 0.041, 0.948, 0.077], [0.079, 0.082, 0.069, 0.046, -0.001, 0.035, 0.077, 1.0]]"
0.0545,0.1189,0.1,0.1101,0.1056,13.8424,"[0.231, 0.122, 0.789, 1.793, -0.547, -1.164, -0.555, -1.133, -0.91, 1.213, 1.208, 0.795, -0.104, 0.726, -0.918, -0.333, -0.161, -0.121, 0.556, 1.776, 1.464, -0.916, -0.425, -1.11, -1.357, -0.052, -0.104, 0.788, 0.528, 0.09, -0.465, -1.477, -0.207, -0.242, 1.174, 0.814, 0.761, 1.505, -0.407, -0.887, -0.694, -1.367, 0.311, 0.975, 1.682, 1.298, 0.855, -0.608, -1.447, 0.117, -1.124, -0.305, 1.243, 1.813, 0.603, 0.245, -1.88, -1.29, -1.58, 0.486, 0.01, 0.416, 1.021, 0.597, -0.746, -0.759, -0.597, -0.334, -0.014, 1.292, 1.254, 0.828, -0.232, -1.535, -0.662, -0.528, -0.008, 0.723, 0.698, 1.105, -0.783, -1.265, -1.219, 0.028, 0.439, -0.171, 1.717, 1.553, -0.339, -1.775, -1.039, -0.396, 0.394, -0.068, 1.817, -0.1, 0.362, -0.421, -0.281, -0.397]","[[1.0, -0.033, -0.033, 0.006, 0.013, -0.009, 0.049, 0.15], [-0.033, 0.845, 0.082, 0.075, -0.074, 0.085, 0.015, -0.053], [-0.033, 0.082, 0.993, 0.019, -0.051, 0.055, 0.117, 0.046], [0.006, 0.075, 0.019, 1.0, -0.108, -0.015, 0.209, 0.151], [0.013, -0.074, -0.051, -0.108, 1.0, -0.009, 0.056, 0.2], [-0.009, 0.085, 0.055, -0.015, -0.009, 1.0, 0.028, -0.011], [0.049, 0.015, 0.117, 0.209, 0.056, 0.028, 0.747, -0.05], [0.15, -0.053, 0.046, 0.151, 0.2, -0.011, -0.05, 1.0]]"
0.0545,0.1344,0.01,0.0373,0.132,14.9331,"[-0.031, 0.76, 1.068, 0.611, -0.141, -0.909, -0.931, -0.435, 0.508, 0.985, 0.894, 0.174, -0.687, -0.934, -0.64, 0.169, 0.896, 1.117, 0.436, -0.285, -1.027, -0.973, -0.248, 0.639, 0.986, 0.782, 0.034, -0.778, -1.008, -0.454, 0.24, 0.88, 0.933, 0.392, -0.503, -0.99, -0.868, -0.192, 0.766, 1.017, 0.727, -0.049, -0.795, -0.971, -0.512, 0.378, 0.933, 1.003, 0.35, -0.477, -1.122, -0.872, -0.018, 0.616, 1.077, 0.702, -0.219, -0.924, -1.061, -0.462, 0.404, 0.971, 0.869, 0.184, -0.658, -0.958, -0.773, 0.069, 0.793, 1.01, 0.474, -0.376, -1.015, -0.96, -0.279, 0.438, 1.006, 0.776, 0.075, -0.673, -1.076, -0.675, 0.234, 0.909, 0.978, 0.47, -0.443, -0.975, -0.895, -0.295, 0.629, 1.044, 0.801, 0.019, -0.779, -1.059, -0.537, 0.226, 0.875, 0.821]","[[0.98, 0.056, 0.056, 0.052, 0.059, 0.057, 0.059, 0.063], [0.056, 1.0, 0.045, 0.05, 0.06, 0.056, 0.048, 0.051], [0.056, 0.045, 0.981, 0.052, 0.06, 0.044, 0.056, 0.065], [0.052, 0.05, 0.052, 1.0, 0.056, 0.063, 0.055, 0.041], [0.059, 0.06, 0.06, 0.056, 1.0, 0.054, 0.058, 0.049], [0.057, 0.056, 0.044, 0.063, 0.054, 0.991, 0.064, 0.065], [0.059, 0.048, 0.056, 0.055, 0.058, 0.064, 1.0, 0.062], [0.063, 0.051, 0.065, 0.041, 0.049, 0.065, 0.062, 0.992]]"
0.0545,0.1344,0.05,0.0442,0.1709,13.5006,"[-0.222, 0.93, 0.891, 0.535, -0.029, -1.067, -1.48, -0.707, 0.485, 0.556, 0.8, -0.209, -0.279, -0.513, -0.976, 0.174, 0.617, 0.951, 0.959, -0.47, -1.049, -1.18, 0.01, -0.238, 0.933, 0.796, -0.136, -0.553, -0.75, -0.979, 0.743, 0.561, 1.32, 0.446, -0.582, -1.116, -0.899, -0.116, 0.436, 0.995, 0.54, -0.385, -1.044, -1.322, -0.639, 0.434, 0.997, 1.451, -0.248, -0.435, -1.037, -0.623, 0.12, 0.707, 1.096, 0.463, -0.037, -1.372, -0.813, -0.441, 0.307, 0.947, 0.866, 0.522, 0.165, -0.747, -0.895, 0.209, 0.99, 0.808, 0.244, -0.314, -0.752, -1.372, -0.513, 0.67, 1.043, 1.198, -0.265, -0.139, -1.438, -1.179, 0.147, 0.603, 1.006, 0.444, -0.451, -1.206, -0.812, -0.306, 0.896, 1.004, 0.533, -0.444, -0.846, -1.362, -0.921, 0.401, 0.497, 1.334]","[[1.0, 0.054, 0.022, 0.034, 0.032, -0.033, 0.028, 0.052], [0.054, 1.0, 0.033, 0.063, 0.005, 0.035, 0.042, 0.049], [0.022, 0.033, 0.994, 0.069, 0.009, 0.008, 0.046, 0.015], [0.034, 0.063, 0.069, 1.0, 0.028, 0.02, 0.078, -0.005], [0.032, 0.005, 0.009, 0.028, 1.0, 0.1, 0.044, 0.057], [-0.033, 0.035, 0.008, 0.02, 0.1, 0.976, 0.08, -0.009], [0.028, 0.042, 0.046, 0.078, 0.044, 0.08, 0.989, 0.078], [0.052, 0.049, 0.015, -0.005, 0.057, -0.009, 0.078, 1.0]]"
0.0545,0.1344,0.1,0.1019,0.2356,15.8448,"[-0.191, 0.862, 0.534, 0.383, -0.408, -1.555, -0.795, -0.634, 0.304, 0.737, 2.354, -0.192, -1.723, -1.854, -0.331, 0.778, 0.517, 1.668, 0.879, -0.448, -1.108, -0.854, 0.162, 0.776, 0.705, 0.721, 1.02, -0.643, -0.616, -0.356, 0.356, 0.971, 1.447, 0.768, -0.324, -1.361, -0.698, -0.202, 0.512, 2.393, -0.037, 0.398, -1.271, -0.969, 0.751, -0.155, 0.604, 0.949, -0.119, -0.111, -1.306, -0.499, -0.723, -0.155, 0.938, -0.135, 0.569, -1.667, -1.526, -0.229, 0.136, 0.246, 1.926, -0.303, -0.742, -1.157, -0.398, 0.283, 0.408, 0.877, 0.445, 0.077, -1.538, 0.04, -0.712, 0.523, 0.453, 0.195, -0.349, -1.212, -1.261, -1.162, 0.509, 0.495, 0.569, 0.266, 0.095, -0.888, -0.97, -0.943, 0.048, 0.41, 1.427, 0.243, -1.234, -1.326, -0.996, -0.174, 1.171, 0.837]","[[1.0, 0.12, 0.033, 0.076, 0.088, 0.109, 0.159, 0.008], [0.12, 0.857, 0.155, 0.032, 0.003, 0.004, -0.029, 0.168], [0.033, 0.155, 1.0, -0.01, -0.017, 0.082, 0.082, 0.169], [0.076, 0.032, -0.01, 0.996, 0.097, 0.087, 0.067, -0.016], [0.088, 0.003, -0.017, 0.097, 0.999, -0.09, 0.051, -0.171], [0.109, 0.004, 0.082, 0.087, -0.09, 0.798, 0.015, 0.025], [0.159, -0.029, 0.082, 0.067, 0.051, 0.015, 1.0, 0.075], [0.008, 0.168, 0.169, -0.016, -0.171, 0.025, 0.075, 1.0]]"
0.0545,0.15,0.01,0.0242,0.1455,16.3024,"[-0.02, 0.824, 0.984, 0.349, -0.588, -1.066, -0.572, 0.322, 0.978, 0.863, -0.068, -0.842, -1.08, -0.377, 0.519, 1.046, 0.7, -0.332, -0.971, -0.736, 0.02, 0.815, 0.972, 0.326, -0.651, -1.082, -0.571, 0.377, 0.921, 0.812, -0.023, -0.823, -0.946, -0.191, 0.597, 1.034, 0.649, -0.36, -1.01, -0.874, -0.131, 0.859, 0.994, 0.389, -0.62, -1.117, -0.633, 0.221, 0.942, 0.885, -0.012, -0.807, -1.101, -0.338, 0.596, 1.102, 0.653, -0.294, -0.926, -0.872, 0.067, 0.801, 0.949, 0.364, -0.695, -1.026, -0.615, 0.379, 1.0, 0.856, 0.025, -0.886, -1.038, -0.302, 0.618, 1.034, 0.616, -0.246, -1.025, -0.877, -0.085, 0.851, 1.036, 0.368, -0.614, -1.007, -0.583, 0.382, 1.052, 0.932, -0.008, -0.919, -0.97, -0.287, 0.698, 1.119, 0.717, -0.295, -0.991, -0.922]","[[1.0, 0.061, 0.048, 0.053, 0.052, 0.054, 0.055, 0.057], [0.061, 1.0, 0.058, 0.059, 0.046, 0.052, 0.042, 0.059], [0.048, 0.058, 1.0, 0.046, 0.049, 0.054, 0.058, 0.048], [0.053, 0.059, 0.046, 1.0, 0.067, 0.064, 0.073, 0.058], [0.052, 0.046, 0.049, 0.067, 0.997, 0.057, 0.061, 0.055], [0.054, 0.052, 0.054, 0.064, 0.057, 1.0, 0.055, 0.066], [0.055, 0.042, 0.058, 0.073, 0.061, 0.055, 1.0, 0.054], [0.057, 0.059, 0.048, 0.058, 0.055, 0.066, 0.054, 0.983]]"
0.0545,0.15,0.05,0.022,0.183,17.0938,"[0.081, 0.342, 0.928, 0.623, -0.475, -0.794, -0.465, 0.928, 0.856, 0.953, -0.11, -0.614, -1.018, 0.104, 0.487, 1.406, 0.768, -0.334, -0.867, -0.788, 0.089, 0.801, 0.828, 0.242, -1.041, -0.844, -0.929, 0.271, 1.165, 1.063, -0.444, -0.876, -0.888, -0.313, 0.956, 0.849, 0.108, -0.123, -1.137, -1.293, -0.04, 1.161, 0.687, 0.91, -0.829, -1.033, -0.925, 0.336, 0.969, 0.481, 0.706, -0.977, -1.127, -0.084, 1.073, 1.336, 0.32, -0.272, -1.473, -0.628, -0.409, 0.652, 1.002, 0.437, -0.685, -0.675, -0.439, 0.487, 0.696, 1.278, -0.201, -0.419, -0.497, -0.198, 0.878, 0.284, 0.571, -0.05, -0.772, -1.158, -0.073, 0.219, 1.106, -0.145, -0.337, -0.759, -0.738, 0.456, 0.949, 0.914, -0.287, -0.698, -1.413, -0.783, 0.589, 1.002, 0.688, -0.488, -0.532, -0.813]","[[1.0, 0.066, 0.036, 0.012, -0.023, 0.043, 0.04, 0.088], [0.066, 1.0, 0.014, 0.068, -0.0, 0.056, 0.009, 0.096], [0.036, 0.014, 1.0, 0.071, 0.016, 0.059, 0.031, 0.007], [0.012, 0.068, 0.071, 1.0, 0.051, 0.036, 0.022, 0.018], [-0.023, -0.0, 0.016, 0.051, 1.0, 0.016, 0.045, 0.019], [0.043, 0.056, 0.059, 0.036, 0.016, 0.978, -0.024, 0.047], [0.04, 0.009, 0.031, 0.022, 0.045, -0.024, 1.0, 0.029], [0.088, 0.096, 0.007, 0.018, 0.019, 0.047, 0.029, 0.972]]"
0.0545,0.15,0.1,0.0456,0.0345,17.8244,"[0.282, 1.102, 0.83, -0.501, -0.392, -1.438, -0.513, 0.401, 0.058, 0.894, 0.257, -0.535, -0.944, -1.314, 1.258, 1.26, 0.018, -0.72, -0.887, -0.513, -0.244, 1.266, 0.107, -0.195, -1.652, -1.503, 0.134, 1.355, 1.12, 0.534, -0.111, -0.616, -1.784, -0.612, 1.337, 0.532, 0.245, -0.319, -0.861, -1.166, 0.038, 1.157, 1.984, 0.263, -0.64, -0.291, -0.894, -0.336, 1.128, 1.391, 0.181, -0.902, -1.727, -0.355, 1.236, 0.437, 0.497, -0.52, -1.352, -0.729, 0.222, 1.07, 0.515, -0.497, -0.489, -1.308, 0.299, 1.268, 1.998, 0.383, 0.285, -0.418, -0.624, -0.503, 1.259, 1.055, 0.684, -1.095, -0.681, -0.983, 0.232, 0.971, 1.093, 0.303, -0.227, -1.154, -1.347, 0.61, 0.598, 0.191, -0.511, -0.711, -1.051, -1.392, 0.428, 1.639, 0.394, -0.409, -0.481, -0.455]","[[1.0, 0.173, 0.007, -0.098, 0.091, 0.038, 0.129, 0.128], [0.173, 0.976, -0.026, 0.103, 0.106, 0.111, 0.121, 0.146], [0.007, -0.026, 0.985, -0.032, 0.069, 0.077, 0.127, -0.038], [-0.098, 0.103, -0.032, 1.0, 0.01, 0.091, 0.015, 0.034], [0.091, 0.106, 0.069, 0.01, 0.947, 0.098, -0.061, 0.145], [0.038, 0.111, 0.077, 0.091, 0.098, 1.0, 0.019, 0.085], [0.129, 0.121, 0.127, 0.015, -0.061, 0.019, 1.0, -0.013], [0.128, 0.146, -0.038, 0.034, 0.145, 0.085, -0.013, 0.98]]"
0.0991,0.01,0.01,-0.0044,0.2118,2.18,"[-0.012, 0.09, 0.137, 0.179, 0.336, 0.313, 0.39, 0.388, 0.494, 0.615, 0.662, 0.731, 0.78, 0.906, 0.809, 0.808, 0.875, 0.928, 0.946, 1.027, 1.108, 1.142, 1.105, 1.197, 1.079, 1.017, 1.15, 0.998, 1.042, 1.091, 1.04, 1.012, 0.935, 0.963, 0.978, 0.89, 0.805, 0.739, 0.712, 0.72, 0.663, 0.549, 0.419, 0.489, 0.36, 0.374, 0.236, 0.157, 0.145, 0.187, 0.037, -0.062, -0.12, -0.294, -0.329, -0.465, -0.318, -0.392, -0.51, -0.582, -0.724, -0.712, -0.663, -0.795, -0.875, -0.977, -0.859, -0.967, -1.082, -1.068, -1.109, -1.071, -1.069, -1.116, -1.058, -1.095, -1.044, -1.108, -0.927, -1.093, -1.09, -1.073, -1.005, -1.049, -0.913, -0.984, -0.839, -0.869, -0.771, -0.67, -0.531, -0.643, -0.537, -0.504, -0.448, -0.375, -0.232, -0.23, -0.025, -0.048]","[[1.0, 0.09, 0.094, 0.109, 0.108, 0.097, 0.106, 0.094], [0.09, 1.0, 0.098, 0.091, 0.108, 0.098, 0.097, 0.097], [0.094, 0.098, 1.0, 0.102, 0.098, 0.095, 0.092, 0.098], [0.109, 0.091, 0.102, 0.993, 0.104, 0.101, 0.108, 0.106], [0.108, 0.108, 0.098, 0.104, 1.0, 0.094, 0.085, 0.1], [0.097, 0.098, 0.095, 0.101, 0.094, 1.0, 0.096, 0.093], [0.106, 0.097, 0.092, 0.108, 0.085, 0.096, 0.995, 0.099], [0.094, 0.097, 0.098, 0.106, 0.1, 0.093, 0.099, 1.0]]"
0.0991,0.01,0.05,0.0408,0.2147,2.5915,"[-0.3, 0.049, 0.135, 0.11, 0.947, 0.236, 0.517, 0.276, 0.661, 0.807, 0.499, 0.687, 0.529, 0.515, 1.106, 0.751, 0.325, 1.404, 0.794, 0.96, 1.456, 1.029, 1.039, 0.783, 0.688, 1.057, 1.188, 1.167, 0.959, 1.07, 0.586, 1.137, 1.035, 1.457, 0.93, 0.654, 0.834, 0.719, 0.861, 0.707, 0.331, 0.18, 0.595, 0.814, 0.424, 0.543, 0.527, 0.273, -0.066, 0.118, 0.302, 0.063, 0.049, -0.322, -0.324, -0.369, -0.417, -0.176, -1.116, -0.581, -0.666, -1.043, -0.584, -0.982, -0.936, -0.427, -0.675, -0.82, -0.899, -1.063, -0.545, -0.864, -1.267, -1.44, -0.955, -1.113, -1.454, -0.983, -1.147, -0.932, -0.935, -1.174, -0.836, -1.088, -1.036, -1.022, -0.564, -0.871, -0.409, -0.255, -0.831, -1.319, -0.268, -0.553, -0.621, -0.487, -0.377, 0.118, -0.098, 0.252]","[[1.0, 0.099, 0.111, 0.067, 0.124, 0.134, 0.087, 0.046], [0.099, 0.988, 0.105, 0.11, 0.094, 0.098, 0.056, 0.107], [0.111, 0.105, 0.929, 0.142, 0.122, 0.076, 0.114, 0.172], [0.067, 0.11, 0.142, 1.0, 0.086, 0.13, 0.086, 0.094], [0.124, 0.094, 0.122, 0.086, 1.0, 0.094, 0.12, 0.075], [0.134, 0.098, 0.076, 0.13, 0.094, 0.971, 0.046, 0.064], [0.087, 0.056, 0.114, 0.086, 0.12, 0.046, 0.991, 0.039], [0.046, 0.107, 0.172, 0.094, 0.075, 0.064, 0.039, 0.973]]"
0.0991,0.01,0.1,0.0187,0.2046,3.9068,"[-0.317, -0.043, -0.998, 0.16, 0.787, 1.151, -0.543, 0.067, 0.102, 0.662, 0.036, 1.542, 0.774, 0.74, 1.643, 0.881, 1.128, 0.588, 0.309, 0.717, 2.139, 1.381, 1.217, 0.602, 1.553, 0.42, 0.313, 0.811, 2.057, 2.014, 0.82, 0.685, 0.174, 1.002, 1.009, 1.284, 1.302, 0.702, 1.03, 0.35, 0.915, 0.335, 0.759, 0.657, 0.439, 0.737, -0.512, -0.327, 0.003, -0.653, -0.203, -0.256, 0.517, -0.135, 0.241, -0.189, -0.672, -0.401, -0.165, 0.008, -0.712, -1.524, -1.611, -0.964, -2.016, 0.008, -0.63, -1.281, -1.549, -0.508, -1.602, -1.574, -1.463, -1.033, -0.787, -0.503, -0.574, -1.09, -0.569, -1.4, -1.956, -1.357, -1.398, -1.279, -1.408, -1.12, -0.537, 0.056, -1.615, -1.344, -1.042, -0.206, -0.632, -0.83, -0.046, 0.139, -0.283, -0.614, -0.003, -0.186]","[[1.0, 0.166, 0.181, 0.137, 0.053, 0.142, 0.159, 0.188], [0.166, 1.0, 0.09, 0.088, 0.107, 0.219, 0.134, 0.078], [0.181, 0.09, 0.967, -0.006, 0.184, -0.02, 0.202, 0.012], [0.137, 0.088, -0.006, 0.903, 0.128, 0.13, 0.219, 0.172], [0.053, 0.107, 0.184, 0.128, 0.981, 0.116, 0.115, 0.098], [0.142, 0.219, -0.02, 0.13, 0.116, 0.936, 0.058, 0.073], [0.159, 0.134, 0.202, 0.219, 0.115, 0.058, 1.0, 0.176], [0.188, 0.078, 0.012, 0.172, 0.098, 0.073, 0.176, 1.0]]"
0.0991,0.0256,0.01,0.0645,0.2845,5.4717,"[0.067, 0.194, 0.294, 0.532, 0.692, 0.763, 0.83, 0.996, 1.004, 1.146, 1.078, 1.164, 0.924, 0.962, 0.928, 0.691, 0.587, 0.42, 0.239, 0.112, -0.141, -0.257, -0.393, -0.587, -0.768, -0.79, -0.908, -1.074, -1.138, -1.145, -1.066, -1.047, -0.961, -0.932, -0.853, -0.631, -0.557, -0.359, -0.276, -0.052, 0.203, 0.289, 0.529, 0.523, 0.746, 0.881, 1.068, 0.989, 1.121, 1.152, 1.046, 1.019, 0.974, 0.797, 0.73, 0.678, 0.487, 0.288, 0.128, -0.025, -0.19, -0.425, -0.479, -0.635, -0.793, -0.974, -1.064, -1.085, -1.093, -1.184, -1.042, -0.946, -0.899, -0.856, -0.734, -0.535, -0.398, -0.199, -0.016, 0.185, 0.246, 0.479, 0.603, 0.753, 0.919, 1.019, 1.11, 1.105, 1.094, 1.074, 0.959, 1.045, 0.869, 0.794, 0.668, 0.42, 0.272, 0.223, -0.016, -0.235]","[[0.985, 0.106, 0.105, 0.099, 0.096, 0.101, 0.095, 0.09], [0.106, 1.0, 0.105, 0.087, 0.104, 0.108, 0.107, 0.116], [0.105, 0.105, 0.992, 0.088, 0.103, 0.102, 0.099, 0.096], [0.099, 0.087, 0.088, 1.0, 0.099, 0.096, 0.093, 0.11], [0.096, 0.104, 0.103, 0.099, 1.0, 0.102, 0.104, 0.084], [0.101, 0.108, 0.102, 0.096, 0.102, 1.0, 0.098, 0.1], [0.095, 0.107, 0.099, 0.093, 0.104, 0.098, 1.0, 0.091], [0.09, 0.116, 0.096, 0.11, 0.084, 0.1, 0.091, 0.995]]"
0.0991,0.0256,0.05,0.0584,0.2347,5.3002,"[-0.302, 0.024, 0.66, 0.356, 0.838, 1.17, 0.896, 1.24, 1.187, 1.12, 1.286, 1.538, 0.871, 0.716, 0.602, 0.984, 0.878, 0.306, -0.261, -0.069, 0.06, -0.268, -0.374, -0.707, -0.465, -0.756, -0.797, -0.982, -0.942, -0.983, -1.325, -0.967, -0.803, -0.627, -0.702, -0.918, -0.732, -0.477, -0.151, -0.054, -0.128, 0.043, -0.036, -0.14, 0.742, 1.469, 1.43, 0.803, 1.125, 0.733, 0.754, 0.739, 0.91, 0.825, 0.816, 0.78, 0.377, 0.305, -0.151, -0.39, -0.603, -0.235, -0.641, -1.168, -0.843, -1.244, -0.598, -1.213, -0.925, -0.823, -1.305, -0.991, -0.79, -0.793, -0.604, -0.882, -0.252, -0.343, 0.041, 0.36, 0.47, 0.555, 0.781, 0.93, 1.249, 0.962, 1.081, 1.317, 0.976, 0.752, 1.169, 0.926, 0.583, 0.894, 0.991, 0.074, 0.573, -0.489, -0.131, 0.254]","[[0.914, 0.129, 0.092, 0.119, 0.086, 0.062, 0.058, 0.081], [0.129, 1.0, 0.066, 0.063, 0.098, 0.064, 0.056, 0.098], [0.092, 0.066, 1.0, 0.079, 0.07, 0.085, 0.147, 0.184], [0.119, 0.063, 0.079, 1.0, 0.116, 0.044, 0.186, 0.125], [0.086, 0.098, 0.07, 0.116, 0.958, 0.127, 0.064, 0.147], [0.062, 0.064, 0.085, 0.044, 0.127, 0.975, 0.101, 0.108], [0.058, 0.056, 0.147, 0.186, 0.064, 0.101, 0.944, 0.056], [0.081, 0.098, 0.184, 0.125, 0.147, 0.108, 0.056, 0.935]]"
0.0991,0.0256,0.1,0.1161,0.2324,4.5871,"[0.348, 0.235, 0.673, -0.06, 0.834, 0.893, 0.972, 0.65, 1.649, 2.116, 0.543, 1.438, -0.409, 1.29, -0.079, 0.473, -0.061, 0.332, 0.693, -0.829, -0.256, -0.508, 0.372, -0.36, -1.307, -1.078, -0.166, -0.665, -1.533, -1.231, -1.211, -1.33, -1.856, -1.254, -0.112, -0.867, -0.581, -0.298, 0.911, -0.019, 0.7, 0.026, 0.359, 0.646, 0.387, 0.787, 1.425, 0.647, 1.087, 1.453, 0.67, 1.586, 1.003, 0.788, -0.252, 0.428, 0.647, 1.168, 0.406, 0.509, -0.833, -0.461, 0.054, -1.144, -0.344, -0.565, -0.876, -1.233, -1.589, -0.208, -0.751, -0.84, -1.134, -0.803, -0.612, -0.35, -0.023, -0.612, -0.779, 0.172, -0.571, 0.306, 0.366, 1.004, 1.867, -0.002, 2.178, 0.967, 1.273, 0.379, 1.544, 0.998, 0.854, -0.2, 0.67, 0.905, 0.2, 0.732, 0.536, -0.526]","[[1.0, 0.091, 0.051, 0.081, 0.063, 0.169, 0.155, 0.219], [0.091, 0.899, 0.118, 0.148, 0.152, 0.015, 0.128, 0.166], [0.051, 0.118, 1.0, 0.052, -0.081, 0.105, 0.088, 0.094], [0.081, 0.148, 0.052, 1.0, 0.216, 0.067, 0.129, 0.041], [0.063, 0.152, -0.081, 0.216, 1.0, 0.139, 0.202, 0.258], [0.169, 0.015, 0.105, 0.067, 0.139, 1.0, 0.159, 0.114], [0.155, 0.128, 0.088, 0.129, 0.202, 0.159, 0.914, 0.126], [0.219, 0.166, 0.094, 0.041, 0.258, 0.114, 0.126, 1.0]]"
0.0991,0.0411,0.01,0.1319,0.194,6.1461,"[-0.044, 0.377, 0.586, 0.746, 1.015, 1.03, 1.169, 1.142, 0.921, 0.83, 0.622, 0.456, 0.009, -0.164, -0.502, -0.798, -0.926, -1.043, -1.15, -1.063, -0.94, -0.82, -0.648, -0.376, -0.092, 0.202, 0.517, 0.714, 0.824, 0.999, 1.101, 1.142, 1.072, 0.95, 0.665, 0.45, 0.065, -0.124, -0.473, -0.668, -0.715, -0.995, -1.13, -1.072, -1.051, -0.937, -0.59, -0.401, -0.166, 0.08, 0.36, 0.704, 0.852, 0.837, 1.201, 1.106, 1.058, 0.97, 0.753, 0.533, 0.207, -0.115, -0.318, -0.517, -0.839, -1.007, -1.009, -1.122, -1.075, -0.959, -0.767, -0.615, -0.3, 0.019, 0.299, 0.607, 0.866, 1.024, 1.104, 1.092, 1.035, 0.964, 0.825, 0.617, 0.349, 0.032, -0.204, -0.446, -0.697, -0.925, -1.087, -1.14, -1.111, -0.972, -0.801, -0.685, -0.387, -0.072, 0.153, 0.49]","[[1.0, 0.088, 0.097, 0.099, 0.093, 0.09, 0.096, 0.093], [0.088, 0.997, 0.11, 0.088, 0.109, 0.103, 0.094, 0.099], [0.097, 0.11, 1.0, 0.102, 0.1, 0.093, 0.096, 0.091], [0.099, 0.088, 0.102, 0.995, 0.1, 0.091, 0.1, 0.092], [0.093, 0.109, 0.1, 0.1, 1.0, 0.093, 0.108, 0.091], [0.09, 0.103, 0.093, 0.091, 0.093, 1.0, 0.103, 0.103], [0.096, 0.094, 0.096, 0.1, 0.108, 0.103, 0.998, 0.095], [0.093, 0.099, 0.091, 0.092, 0.091, 0.103, 0.095, 0.992]]"
0.0991,0.0411,0.05,0.0922,0.3253,4.5205,"[0.108, -0.476, 0.392, 0.481, 1.245, 0.946, 0.959, 1.056, 0.818, 0.701, 0.607, 0.219, -0.061, -0.489, -0.791, -0.72, -0.843, -1.4, -0.907, -0.887, -0.744, -0.757, -0.462, 0.178, -0.167, -0.071, 0.078, 1.14, 1.336, 0.796, 0.911, 1.005, 1.313, 0.54, 0.167, 0.954, 0.216, -0.032, -0.47, -0.548, -1.245, -1.22, -1.061, -1.66, -1.1, -0.98, -0.77, -0.592, -0.432, -0.356, 0.412, 0.552, 0.493, 1.007, 1.006, 0.981, 0.501, 1.086, 0.421, 0.511, 0.026, -0.151, -0.044, -0.456, -0.524, -0.888, -0.971, -1.544, -1.134, -0.996, -0.458, -0.663, -0.207, 0.064, 0.578, 0.516, 0.981, 0.522, 0.655, 0.528, 1.263, 1.132, 1.02, 0.407, 0.177, 0.008, 0.117, -0.086, -0.543, -0.841, -0.711, -1.161, -1.174, -1.017, -1.072, -0.658, -0.641, 0.172, 0.334, 0.825]","[[0.94, 0.104, 0.104, 0.042, 0.098, 0.102, 0.043, 0.141], [0.104, 1.0, 0.133, -0.006, 0.086, 0.112, 0.089, 0.08], [0.104, 0.133, 1.0, 0.104, 0.075, 0.098, 0.031, 0.089], [0.042, -0.006, 0.104, 1.0, 0.041, 0.027, 0.107, 0.191], [0.098, 0.086, 0.075, 0.041, 1.0, 0.058, 0.126, 0.035], [0.102, 0.112, 0.098, 0.027, 0.058, 1.0, 0.102, 0.133], [0.043, 0.089, 0.031, 0.107, 0.126, 0.102, 0.955, 0.062], [0.141, 0.08, 0.089, 0.191, 0.035, 0.133, 0.062, 1.0]]"
0.0991,0.0411,0.1,0.1223,0.3009,6.6724,"[0.354, 0.026, -0.066, -0.216, 0.637, 1.32, 0.56, 1.117, 0.229, 0.684, 0.009, 0.286, -0.205, -0.831, -0.832, -1.203, -1.577, -0.502, -1.277, -2.179, -1.299, -0.375, -1.002, 0.38, -0.52, 0.443, 0.979, 0.926, 0.206, 0.556, 1.678, 0.684, 1.495, 0.646, 0.729, -0.281, -0.166, -0.583, -0.306, -0.618, -0.635, -1.255, -1.552, -1.001, -1.54, -0.35, -0.752, -0.617, 0.048, 0.061, -0.453, 0.097, 1.366, 1.033, 0.239, 1.272, 0.761, 0.478, 0.157, 0.996, -0.754, -0.472, -0.272, 0.2, -0.53, -1.393, -0.305, -1.776, -0.922, -0.696, -1.204, -0.187, -0.53, 0.355, -0.632, 0.717, 0.568, 1.523, 1.037, 1.724, 1.32, 0.899, 1.19, 0.973, 0.554, -1.108, -0.735, 0.183, -1.369, -0.483, -0.692, -1.46, -2.074, -1.269, 0.212, -1.046, -0.759, -0.583, 0.806, 0.347]","[[0.908, -0.064, 0.145, 0.06, 0.04, 0.009, 0.083, 0.04], [-0.064, 0.89, 0.073, 0.098, 0.192, 0.09, 0.061, 0.08], [0.145, 0.073, 1.0, 0.036, 0.212, 0.169, 0.081, 0.146], [0.06, 0.098, 0.036, 0.889, 0.157, 0.144, 0.14, 0.163], [0.04, 0.192, 0.212, 0.157, 1.0, 0.055, 0.159, 0.243], [0.009, 0.09, 0.169, 0.144, 0.055, 1.0, 0.071, 0.191], [0.083, 0.061, 0.081, 0.14, 0.159, 0.071, 1.0, 0.074], [0.04, 0.08, 0.146, 0.163, 0.243, 0.191, 0.074, 1.0]]"
0.0991,0.0567,0.01,0.2662,0.2835,6.6043,"[-0.04, 0.437, 0.772, 1.026, 1.106, 1.051, 0.933, 0.684, 0.29, -0.002, -0.418, -0.814, -0.9, -1.09, -1.113, -0.931, -0.534, -0.16, 0.188, 0.575, 0.878, 1.05, 1.115, 1.065, 0.884, 0.512, 0.22, -0.133, -0.58, -0.877, -1.021, -1.131, -1.079, -0.744, -0.511, -0.114, 0.243, 0.691, 0.945, 1.053, 1.034, 0.967, 0.781, 0.435, 0.051, -0.329, -0.645, -0.942, -1.057, -1.133, -0.824, -0.715, -0.351, 0.051, 0.384, 0.736, 0.974, 1.045, 1.092, 0.833, 0.734, 0.335, -0.06, -0.555, -0.825, -0.935, -0.889, -0.992, -0.824, -0.563, -0.271, 0.21, 0.474, 0.771, 0.966, 1.148, 1.027, 0.837, 0.529, 0.104, -0.262, -0.62, -0.946, -1.077, -1.151, -0.975, -0.752, -0.533, -0.107, 0.388, 0.597, 0.937, 1.075, 1.145, 0.989, 0.714, 0.408, 0.027, -0.366, -0.767]","[[0.997, 0.104, 0.089, 0.084, 0.097, 0.098, 0.091, 0.094], [0.104, 1.0, 0.084, 0.092, 0.102, 0.098, 0.101, 0.109], [0.089, 0.084, 0.989, 0.099, 0.094, 0.098, 0.092, 0.088], [0.084, 0.092, 0.099, 0.994, 0.092, 0.099, 0.1, 0.097], [0.097, 0.102, 0.094, 0.092, 0.996, 0.108, 0.088, 0.094], [0.098, 0.098, 0.098, 0.099, 0.108, 1.0, 0.113, 0.108], [0.091, 0.101, 0.092, 0.1, 0.088, 0.113, 1.0, 0.108], [0.094, 0.109, 0.088, 0.097, 0.094, 0.108, 0.108, 1.0]]"
0.0991,0.0567,0.05,0.2113,0.145,7.3345,"[0.362, 0.544, 0.999, 1.427, 0.904, 0.876, 1.095, 0.664, 0.373, -0.131, -0.596, -0.364, -1.269, -0.924, -0.928, -1.284, -0.816, -0.417, 0.279, 0.417, 0.795, 0.657, 1.68, 1.056, 0.972, 0.414, 0.02, 0.272, -1.049, -0.792, -1.348, -1.199, -1.173, -1.048, -0.48, -0.757, 0.194, 0.605, 0.563, 1.443, 0.944, 0.925, 0.604, 0.406, 0.373, 0.279, -0.496, -0.668, -0.651, -1.021, -0.559, -0.502, -0.325, 0.111, -0.051, 0.808, 0.588, 0.684, 1.118, 0.637, 0.644, 0.33, -0.046, -0.694, -0.561, -1.026, -0.987, -1.351, -0.92, -0.315, 0.014, -0.039, 0.393, 0.585, 0.866, 0.749, 0.996, 0.99, 0.333, 0.138, -0.284, -0.325, -1.028, -1.196, -1.308, -1.288, -0.653, -0.502, -0.078, 0.614, 0.979, 0.504, 1.232, 1.147, 0.859, 0.817, -0.027, 0.389, -0.233, -0.917]","[[0.976, 0.039, 0.119, 0.169, 0.068, 0.089, 0.137, 0.08], [0.039, 0.967, 0.155, 0.076, 0.131, 0.096, 0.04, 0.146], [0.119, 0.155, 0.981, 0.118, 0.157, 0.101, 0.134, 0.057], [0.169, 0.076, 0.118, 0.976, 0.103, 0.023, 0.156, 0.07], [0.068, 0.131, 0.157, 0.103, 1.0, 0.116, 0.033, 0.122], [0.089, 0.096, 0.101, 0.023, 0.116, 0.932, 0.064, 0.086], [0.137, 0.04, 0.134, 0.156, 0.033, 0.064, 0.928, 0.106], [0.08, 0.146, 0.057, 0.07, 0.122, 0.086, 0.106, 1.0]]"
0.0991,0.0567,0.1,0.215,0.3733,7.8043,"[0.059, 0.444, 0.821, 0.117, 1.283, 1.155, 1.374, 0.967, 0.217, 0.447, -0.593, -0.645, -1.15, -0.864, -1.247, -0.065, 0.4, 0.186, 0.908, -0.26, 0.106, 0.861, 1.119, 0.939, 0.026, 1.125, 1.26, 0.435, -0.027, -0.748, -1.467, -1.062, 0.04, -0.977, -0.716, 0.439, 0.86, 0.203, 0.772, 0.814, 1.128, 1.536, 0.35, 0.971, 0.097, 0.823, -0.523, -0.989, -0.792, -1.252, -1.849, -0.821, -0.49, -0.773, 0.368, -0.298, 0.8, 1.212, 1.119, 0.71, 0.603, -0.096, -0.087, -0.439, -1.235, -0.87, -0.966, -1.135, 0.335, -0.659, -0.368, -0.051, 0.044, 1.175, 0.687, 0.815, 0.761, 0.34, -0.346, -0.071, 0.208, -0.49, -0.095, -0.677, -0.835, -0.063, -0.834, -0.436, -0.098, 1.067, 0.647, 0.591, 1.364, 0.682, 1.241, 0.942, 0.31, 0.306, -1.105, -0.619]","[[0.94, 0.031, 0.157, 0.062, 0.099, 0.1, 0.1, 0.149], [0.031, 1.0, 0.148, 0.103, 0.099, 0.157, 0.159, -0.031], [0.157, 0.148, 0.821, 0.025, 0.124, 0.113, 0.037, 0.101], [0.062, 0.103, 0.025, 0.871, 0.058, 0.015, 0.107, -0.013], [0.099, 0.099, 0.124, 0.058, 0.987, 0.15, 0.042, 0.041], [0.1, 0.157, 0.113, 0.015, 0.15, 0.924, -0.106, 0.146], [0.1, 0.159, 0.037, 0.107, 0.042, -0.106, 0.886, 0.13], [0.149, -0.031, 0.101, -0.013, 0.041, 0.146, 0.13, 1.0]]"
0.0991,0.0722,0.01,0.2833,0.2343,10.9473,"[0.023, 0.525, 0.849, 1.216, 1.006, 0.816, 0.492, -0.001, -0.492, -0.855, -1.187, -0.977, -0.827, -0.349, -0.025, 0.562, 0.883, 1.117, 1.061, 0.809, 0.323, -0.118, -0.591, -0.907, -1.044, -1.025, -0.827, -0.334, 0.284, 0.697, 0.803, 1.1, 1.066, 0.726, 0.28, -0.204, -0.618, -1.028, -1.039, -1.007, -0.753, -0.21, 0.151, 0.649, 0.959, 1.206, 0.954, 0.569, 0.199, -0.243, -0.667, -0.89, -1.028, -0.961, -0.691, -0.11, 0.285, 0.703, 0.998, 1.034, 0.929, 0.603, 0.189, -0.359, -0.827, -1.113, -1.083, -0.928, -0.61, -0.138, 0.395, 0.86, 1.006, 1.093, 0.959, 0.511, 0.076, -0.414, -0.882, -1.048, -1.081, -0.861, -0.575, -0.038, 0.516, 0.946, 1.13, 1.016, 0.889, 0.458, 0.014, -0.52, -0.952, -1.092, -1.03, -0.828, -0.427, 0.049, 0.536, 0.916]","[[1.0, 0.095, 0.103, 0.094, 0.101, 0.101, 0.098, 0.097], [0.095, 1.0, 0.095, 0.097, 0.083, 0.098, 0.097, 0.102], [0.103, 0.095, 1.0, 0.096, 0.088, 0.1, 0.091, 0.099], [0.094, 0.097, 0.096, 0.981, 0.103, 0.102, 0.102, 0.095], [0.101, 0.083, 0.088, 0.103, 0.995, 0.085, 0.101, 0.094], [0.101, 0.098, 0.1, 0.102, 0.085, 1.0, 0.085, 0.096], [0.098, 0.097, 0.091, 0.102, 0.101, 0.085, 0.985, 0.096], [0.097, 0.102, 0.099, 0.095, 0.094, 0.096, 0.096, 1.0]]"
0.0991,0.0722,0.05,0.3153,0.2901,9.1913,"[0.106, 0.276, 1.067, 1.635, 1.012, 0.98, 0.339, -0.017, -0.893, -0.889, -1.071, -0.607, -1.266, -0.482, 0.399, 0.489, 0.868, 0.88, 0.812, 0.334, 0.219, -0.362, -0.553, -1.129, -1.213, -1.146, -0.776, -0.472, -0.112, 0.636, 1.219, 1.129, 0.867, 0.705, -0.21, -0.226, -0.746, -1.204, -1.286, -1.107, -0.458, 0.007, -0.004, 0.547, 0.865, 1.301, 1.024, 0.7, 0.363, -0.415, -0.366, -1.005, -1.312, -1.028, -0.338, -0.297, 0.54, 0.579, 0.828, 1.261, 0.733, 0.82, 0.241, -0.558, -0.781, -1.17, -1.006, -0.46, -0.675, 0.019, 0.382, 0.797, 1.004, 0.874, 0.995, 0.477, -0.15, -0.158, -0.792, -1.114, -0.747, -1.348, -0.198, -0.258, 0.5, 0.695, 0.836, 1.404, 1.33, 0.427, 0.084, -0.468, -0.433, -1.603, -0.972, -1.024, -1.036, -0.052, 0.978, 0.725]","[[1.0, 0.045, 0.112, 0.098, 0.11, 0.127, 0.122, 0.124], [0.045, 1.0, 0.112, 0.171, 0.117, 0.07, 0.054, 0.096], [0.112, 0.112, 1.0, 0.073, 0.085, 0.106, 0.05, 0.063], [0.098, 0.171, 0.073, 1.0, 0.122, 0.111, 0.136, 0.086], [0.11, 0.117, 0.085, 0.122, 1.0, 0.097, 0.108, 0.101], [0.127, 0.07, 0.106, 0.111, 0.097, 1.0, 0.093, 0.069], [0.122, 0.054, 0.05, 0.136, 0.108, 0.093, 0.978, 0.068], [0.124, 0.096, 0.063, 0.086, 0.101, 0.069, 0.068, 1.0]]"
0.0991,0.0722,0.1,0.2903,0.1854,8.8412,"[0.25, 0.31, 0.958, 1.193, -0.148, 1.165, 0.522, 0.244, -1.159, -1.047, -1.628, -0.684, -1.519, -0.876, 0.344, 0.235, 0.447, 1.542, 1.519, 1.152, 0.8, -0.231, -0.685, -1.256, -1.009, -1.297, -0.98, -0.04, 0.745, 0.814, 1.849, 0.744, 0.1, 1.093, -0.083, -0.328, -1.531, -1.42, -1.85, -1.221, -0.904, -0.221, 0.848, 1.015, 0.177, 1.403, 1.044, 0.628, 0.217, -0.164, -1.052, -1.095, -0.506, -1.322, -1.161, -0.222, -0.262, -0.126, 0.847, 1.821, 0.933, 0.704, -0.912, -0.121, -0.717, -1.365, -1.003, -0.847, -1.112, 0.051, 0.974, 0.677, 0.612, 1.0, 1.338, -0.064, 0.366, -0.751, -0.696, -1.339, -1.366, -0.128, -1.221, 0.204, 1.313, 1.185, 0.401, 0.434, 0.49, 0.561, 0.113, -1.118, -1.302, -1.481, -1.157, 0.15, -0.914, -0.45, -0.051, 1.207]","[[0.921, 0.148, 0.226, 0.115, 0.107, 0.069, 0.039, 0.163], [0.148, 0.953, 0.202, 0.147, 0.108, 0.168, 0.176, 0.042], [0.226, 0.202, 0.949, 0.058, 0.053, 0.167, 0.141, 0.075], [0.115, 0.147, 0.058, 0.893, 0.073, 0.203, 0.022, 0.044], [0.107, 0.108, 0.053, 0.073, 0.964, -0.015, 0.026, 0.224], [0.069, 0.168, 0.167, 0.203, -0.015, 0.951, 0.015, 0.03], [0.039, 0.176, 0.141, 0.022, 0.026, 0.015, 1.0, 0.128], [0.163, 0.042, 0.075, 0.044, 0.224, 0.03, 0.128, 0.973]]"
0.0991,0.0878,0.01,0.2943,0.2578,12.0941,"[-0.006, 0.564, 0.994, 1.118, 0.938, 0.482, -0.167, -0.638, -1.045, -1.011, -0.742, -0.263, 0.371, 0.877, 1.088, 1.025, 0.664, 0.053, -0.677, -0.872, -1.113, -0.957, -0.517, 0.113, 0.655, 0.996, 1.043, 0.828, 0.39, -0.269, -0.761, -1.1, -1.019, -0.643, -0.14, 0.461, 0.971, 1.153, 0.947, 0.449, -0.091, -0.712, -1.009, -1.073, -0.851, -0.328, 0.279, 0.793, 1.01, 1.03, 0.727, 0.239, -0.447, -0.871, -1.053, -0.98, -0.499, 0.083, 0.664, 1.014, 1.211, 0.84, 0.496, -0.168, -0.674, -1.073, -1.016, -0.675, -0.268, 0.375, 0.759, 1.083, 0.954, 0.591, 0.177, -0.464, -1.039, -1.07, -0.863, -0.457, 0.162, 0.714, 0.973, 1.02, 0.794, 0.271, -0.368, -0.872, -1.089, -0.972, -0.65, -0.003, 0.468, 0.95, 1.081, 0.961, 0.45, -0.003, -0.743, -0.936]","[[1.0, 0.091, 0.099, 0.107, 0.102, 0.109, 0.106, 0.103], [0.091, 0.998, 0.088, 0.1, 0.099, 0.092, 0.094, 0.09], [0.099, 0.088, 1.0, 0.102, 0.094, 0.096, 0.093, 0.097], [0.107, 0.1, 0.102, 0.998, 0.11, 0.107, 0.093, 0.097], [0.102, 0.099, 0.094, 0.11, 0.997, 0.112, 0.103, 0.099], [0.109, 0.092, 0.096, 0.107, 0.112, 1.0, 0.095, 0.092], [0.106, 0.094, 0.093, 0.093, 0.103, 0.095, 1.0, 0.099], [0.103, 0.09, 0.097, 0.097, 0.099, 0.092, 0.099, 0.999]]"
0.0991,0.0878,0.05,0.3057,0.2253,11.1946,"[-0.251, 0.256, 0.836, 1.128, 0.695, 0.329, -0.655, -0.817, -0.794, -0.888, -0.785, -0.175, 0.154, 1.258, 1.606, 1.045, 1.269, -0.116, -0.842, -1.133, -1.153, -0.337, -0.531, -0.085, 0.458, 1.318, 1.326, 0.68, -0.181, -0.592, -0.386, -0.909, -1.008, -0.197, 0.382, 0.473, 0.924, 0.953, 0.873, 0.138, -0.449, -1.07, -0.742, -1.477, -0.35, -0.522, 0.693, 0.689, 0.679, 1.364, 1.057, -0.066, -0.516, -1.125, -1.127, -0.943, -0.644, -0.432, 0.45, 1.167, 1.041, 0.789, 0.158, -0.358, -0.389, -1.341, -0.878, -0.735, -0.152, 0.2, 0.778, 1.091, 0.864, 0.685, 0.145, -0.006, -0.897, -1.575, -0.612, -0.491, 0.656, 1.068, 0.914, 1.252, 0.637, 0.267, -0.163, -0.554, -0.861, -0.997, -0.025, -0.176, 0.101, 0.586, 1.468, 0.913, 0.528, -0.235, -0.772, -1.219]","[[1.0, 0.089, 0.081, 0.032, 0.168, 0.135, 0.092, 0.108], [0.089, 0.959, 0.052, 0.045, 0.173, 0.107, 0.1, 0.094], [0.081, 0.052, 1.0, 0.106, 0.123, 0.106, 0.078, 0.098], [0.032, 0.045, 0.106, 1.0, 0.018, 0.092, 0.123, 0.063], [0.168, 0.173, 0.123, 0.018, 1.0, 0.075, 0.135, 0.113], [0.135, 0.107, 0.106, 0.092, 0.075, 0.941, 0.12, 0.122], [0.092, 0.1, 0.078, 0.123, 0.135, 0.12, 1.0, 0.081], [0.108, 0.094, 0.098, 0.063, 0.113, 0.122, 0.081, 0.968]]"
0.0991,0.0878,0.1,0.3123,0.1968,10.2914,"[-0.025, 0.196, 0.455, 0.031, 0.11, 1.404, -0.512, 0.228, -0.848, -1.089, -1.514, -0.234, 1.308, 1.631, 1.227, 0.43, 0.142, -0.373, 0.11, -0.14, -1.0, -1.067, 0.313, -0.359, 0.709, 1.264, 0.645, 0.483, -0.069, 0.398, 0.14, -1.024, -1.159, -0.964, -0.106, 0.207, 0.879, 1.306, 0.741, 0.414, -0.169, -0.799, -1.234, -0.705, -1.722, 0.448, 0.326, 1.085, 1.433, 0.689, 0.249, -0.356, -0.557, -0.549, -1.389, -0.666, -1.74, -0.17, 1.179, 0.906, 0.678, 0.542, -1.124, -0.712, -0.212, -1.348, -1.291, -1.913, -1.029, 0.978, 1.175, 0.444, 0.679, 0.587, -0.567, -1.552, -1.046, -0.811, -0.607, -0.002, -0.624, 0.73, 0.906, 1.028, 0.679, -0.064, -1.841, -0.251, -0.92, -1.758, -0.409, -0.308, 0.293, 0.556, 1.368, 0.532, -0.06, 0.466, -0.748, -1.096]","[[1.0, 0.017, 0.065, 0.043, 0.173, 0.17, 0.13, 0.023], [0.017, 0.882, 0.043, -0.008, 0.076, 0.13, 0.133, 0.085], [0.065, 0.043, 1.0, 0.063, 0.146, 0.134, 0.036, -0.011], [0.043, -0.008, 0.063, 0.951, 0.105, 0.226, 0.13, 0.185], [0.173, 0.076, 0.146, 0.105, 0.98, 0.16, 0.076, 0.067], [0.17, 0.13, 0.134, 0.226, 0.16, 1.0, 0.113, 0.169], [0.13, 0.133, 0.036, 0.13, 0.076, 0.113, 1.0, 0.057], [0.023, 0.085, -0.011, 0.185, 0.067, 0.169, 0.057, 0.883]]"
0.0991,0.1033,0.01,0.2333,0.2119,11.2562,"[-0.049, 0.722, 1.038, 0.954, 0.612, -0.136, -0.72, -1.037, -0.96, -0.348, 0.142, 0.791, 1.084, 1.029, 0.451, -0.275, -0.942, -1.132, -0.888, -0.29, 0.522, 0.951, 1.082, 0.808, 0.055, -0.547, -1.068, -1.079, -0.712, -0.055, 0.657, 1.063, 1.019, 0.607, -0.135, -0.701, -1.09, -1.009, -0.528, 0.194, 0.91, 1.092, 0.871, 0.429, -0.341, -0.875, -1.129, -0.797, -0.303, 0.496, 0.899, 1.076, 0.855, 0.169, -0.416, -1.018, -1.057, -0.605, -0.122, 0.545, 1.006, 1.079, 0.528, -0.039, -0.692, -0.974, -0.942, -0.491, 0.251, 0.828, 1.07, 0.883, 0.376, -0.298, -0.867, -1.206, -0.886, -0.294, 0.432, 1.021, 1.102, 0.756, 0.092, -0.475, -1.038, -1.032, -0.648, -0.146, 0.636, 1.103, 1.096, 0.522, -0.089, -0.765, -1.044, -0.983, -0.664, 0.146, 0.825, 1.098]","[[1.0, 0.102, 0.108, 0.103, 0.102, 0.112, 0.099, 0.089], [0.102, 1.0, 0.096, 0.097, 0.107, 0.108, 0.096, 0.095], [0.108, 0.096, 1.0, 0.099, 0.109, 0.1, 0.102, 0.099], [0.103, 0.097, 0.099, 1.0, 0.097, 0.096, 0.101, 0.094], [0.102, 0.107, 0.109, 0.097, 0.992, 0.094, 0.097, 0.103], [0.112, 0.108, 0.1, 0.096, 0.094, 1.0, 0.09, 0.093], [0.099, 0.096, 0.102, 0.101, 0.097, 0.09, 1.0, 0.105], [0.089, 0.095, 0.099, 0.094, 0.103, 0.093, 0.105, 1.0]]"
0.0991,0.1033,0.05,0.2613,0.3242,12.1509,"[-0.012, 0.491, 0.752, 0.605, 0.379, 0.032, -0.993, -1.471, -1.201, -0.564, 0.142, 0.8, 1.355, 1.228, 0.863, -0.746, -1.116, -0.924, -0.96, -0.036, 0.499, 1.358, 1.348, 1.034, 0.035, -0.574, -1.09, -1.441, -0.315, 0.163, 0.56, 1.378, 0.873, 0.129, 0.16, -1.055, -1.129, -0.933, -0.392, 0.418, 0.962, 1.233, 0.73, 0.457, -0.694, -0.499, -1.449, -0.948, -0.603, 0.243, 0.955, 0.958, 1.071, 0.217, -0.645, -1.037, -0.765, -0.473, -0.331, 0.457, 1.164, 1.126, 0.346, 0.118, -0.941, -0.749, -0.862, -0.792, 0.051, 0.665, 1.133, 0.889, 0.118, -0.644, -0.738, -1.028, -0.849, -0.228, 0.25, 0.986, 1.728, 1.095, 0.111, -0.64, -1.71, -0.808, -0.522, -0.205, 0.25, 0.749, 1.156, 0.605, 0.127, -0.679, -0.828, -0.912, -0.322, -0.362, 0.477, 0.999]","[[0.969, 0.025, 0.091, 0.078, 0.165, 0.051, 0.12, 0.089], [0.025, 1.0, 0.116, 0.142, 0.094, 0.074, 0.114, 0.056], [0.091, 0.116, 1.0, 0.058, 0.105, 0.112, 0.097, 0.055], [0.078, 0.142, 0.058, 1.0, 0.123, 0.035, 0.115, 0.059], [0.165, 0.094, 0.105, 0.123, 1.0, 0.127, 0.122, 0.042], [0.051, 0.074, 0.112, 0.035, 0.127, 0.989, 0.055, 0.032], [0.12, 0.114, 0.097, 0.115, 0.122, 0.055, 1.0, 0.085], [0.089, 0.056, 0.055, 0.059, 0.042, 0.032, 0.085, 0.988]]"
0.0991,0.1033,0.1,0.273,0.2847,13.9012,"[1.111, -0.188, 1.139, 1.109, 0.054, -0.067, -0.368, -1.035, -0.282, -1.557, -0.193, 1.57, 1.553, 1.186, 0.978, -1.298, -0.505, -0.566, -1.176, 1.064, 0.545, -0.133, 1.278, 0.409, 0.72, -0.276, -1.312, -0.313, -0.213, -0.437, 0.57, 1.311, 0.848, 0.422, -0.074, -1.268, -2.196, -0.865, -1.483, -0.291, -0.069, 0.271, 1.141, 0.272, -0.447, -1.547, -1.427, -0.673, -0.299, 0.837, 1.434, 0.964, -0.141, -0.218, -0.578, -1.392, -1.597, -0.666, 1.169, 0.383, 1.044, 0.382, 1.23, 0.368, -0.315, -0.395, -1.208, -0.66, 1.038, 1.118, -0.017, 1.168, 0.114, 0.154, -0.671, -1.969, -0.741, -0.19, 0.586, 1.228, 1.841, 1.008, 0.195, 0.065, 0.127, -0.618, -0.615, 0.147, 0.736, 1.047, 2.128, 0.253, 0.531, -0.764, -1.81, -1.098, -0.803, 0.449, 0.831, 0.579]","[[1.0, 0.075, 0.105, 0.131, 0.004, 0.098, 0.003, 0.183], [0.075, 0.976, 0.107, 0.179, 0.083, 0.075, 0.035, 0.049], [0.105, 0.107, 1.0, 0.107, 0.028, 0.248, 0.149, 0.119], [0.131, 0.179, 0.107, 1.0, 0.137, 0.091, 0.046, 0.081], [0.004, 0.083, 0.028, 0.137, 1.0, 0.066, 0.038, 0.189], [0.098, 0.075, 0.248, 0.091, 0.066, 0.876, 0.158, 0.047], [0.003, 0.035, 0.149, 0.046, 0.038, 0.158, 0.789, 0.024], [0.183, 0.049, 0.119, 0.081, 0.189, 0.047, 0.024, 0.992]]"
0.0991,0.1189,0.01,0.1341,0.2292,14.1567,"[0.085, 0.774, 1.07, 0.878, 0.217, -0.619, -0.939, -0.982, -0.282, 0.506, 0.984, 1.006, 0.54, -0.303, -0.927, -1.157, -0.601, 0.16, 0.844, 1.115, 0.743, -0.007, -0.742, -1.117, -0.766, -0.145, 0.547, 1.166, 0.945, 0.356, -0.402, -1.109, -1.047, -0.538, 0.298, 0.951, 1.076, 0.646, -0.069, -0.817, -1.096, -0.772, 0.046, 0.721, 1.066, 0.794, 0.142, -0.599, -1.064, -1.005, -0.358, 0.397, 0.955, 1.074, 0.598, -0.321, -0.907, -1.179, -0.744, 0.07, 0.874, 1.06, 0.755, 0.071, -0.693, -1.128, -0.803, -0.249, 0.562, 1.032, 1.01, 0.459, -0.321, -1.029, -0.995, -0.522, 0.292, 0.902, 1.078, 0.735, -0.029, -0.723, -1.089, -0.817, -0.215, 0.596, 1.065, 0.86, 0.299, -0.602, -1.07, -1.021, -0.359, 0.353, 1.004, 1.066, 0.615, -0.178, -0.895, -1.175]","[[0.993, 0.1, 0.098, 0.09, 0.106, 0.116, 0.103, 0.106], [0.1, 0.993, 0.101, 0.1, 0.099, 0.099, 0.096, 0.101], [0.098, 0.101, 0.985, 0.096, 0.111, 0.093, 0.102, 0.109], [0.09, 0.1, 0.096, 0.981, 0.1, 0.094, 0.103, 0.101], [0.106, 0.099, 0.111, 0.1, 0.996, 0.1, 0.099, 0.094], [0.116, 0.099, 0.093, 0.094, 0.1, 1.0, 0.099, 0.093], [0.103, 0.096, 0.102, 0.103, 0.099, 0.099, 0.998, 0.091], [0.106, 0.101, 0.109, 0.101, 0.094, 0.093, 0.091, 0.999]]"
0.0991,0.1189,0.05,0.1576,0.3088,14.8678,"[0.461, 0.319, 1.09, 0.847, 0.24, -0.855, -1.426, -1.3, 0.0, 0.222, 0.894, 1.554, 0.305, -0.225, -0.678, -0.821, -0.966, -0.033, 0.922, 1.58, 0.573, -0.1, -0.625, -0.939, -0.705, -0.402, 0.462, 1.118, 1.282, 0.295, -0.453, -1.267, -0.57, -0.471, 0.558, 0.94, 1.101, 0.277, -0.66, -0.519, -1.079, -0.728, -0.358, 0.487, 1.357, 1.324, 0.058, -0.408, -1.011, -1.008, 0.087, 0.313, 1.311, 1.138, 0.525, 0.077, -0.847, -1.108, -0.326, 0.412, 1.117, 0.127, 0.906, 0.122, -0.703, -0.936, -0.837, -0.067, 0.489, 1.427, 1.183, 0.533, -0.281, -0.702, -0.795, -0.578, 0.491, 0.95, 1.567, 0.963, -0.233, -0.219, -1.625, -0.652, -0.266, 1.147, 1.148, 0.717, 0.192, -0.715, -1.122, -1.08, -0.607, 0.451, 1.079, 0.807, 0.155, -0.143, -0.761, -0.908]","[[1.0, 0.17, 0.05, 0.092, 0.097, 0.071, 0.121, 0.11], [0.17, 0.965, 0.113, 0.078, 0.1, 0.08, 0.112, 0.123], [0.05, 0.113, 0.954, 0.108, 0.101, 0.096, 0.07, 0.135], [0.092, 0.078, 0.108, 0.881, 0.172, 0.116, 0.11, 0.087], [0.097, 0.1, 0.101, 0.172, 0.995, 0.156, 0.107, 0.103], [0.071, 0.08, 0.096, 0.116, 0.156, 0.896, 0.038, 0.089], [0.121, 0.112, 0.07, 0.11, 0.107, 0.038, 1.0, 0.134], [0.11, 0.123, 0.135, 0.087, 0.103, 0.089, 0.134, 1.0]]"
0.0991,0.1189,0.1,0.1564,0.3215,14.545,"[0.301, 0.692, 1.542, 0.894, -0.406, -0.204, -1.887, -0.814, -0.524, 0.244, 1.105, 0.673, 0.745, -0.282, -1.253, -0.406, -0.531, 0.461, 1.555, 1.797, 1.053, -0.128, -1.445, -0.991, -0.328, -0.014, -1.127, 1.5, 1.433, 0.204, 0.047, -0.696, -1.378, 0.126, -0.346, 0.903, 1.001, 0.24, 0.029, -0.177, -0.475, -0.418, -0.894, 0.044, 1.174, 0.872, -0.036, 0.377, -1.006, -0.706, 0.118, 0.453, 2.296, 0.573, 0.226, -0.737, -0.138, -0.683, -0.943, -0.332, 1.509, 1.28, 1.501, 0.039, -0.439, -0.938, -1.215, -0.308, -0.036, 1.299, 1.368, 0.893, -0.071, -1.055, -0.274, -0.103, 0.938, 1.633, 1.025, 0.883, 0.311, -1.376, -1.663, -1.461, -0.146, 0.51, 0.367, 0.99, 0.211, 0.055, -0.039, -0.77, -0.767, 0.706, 0.986, 0.936, 0.139, -0.453, -0.983, -0.688]","[[1.0, 0.102, 0.027, 0.019, 0.076, -0.029, 0.0, 0.197], [0.102, 0.962, 0.183, -0.021, 0.127, 0.176, 0.111, 0.035], [0.027, 0.183, 1.0, 0.06, 0.212, 0.004, 0.099, 0.062], [0.019, -0.021, 0.06, 1.0, 0.085, 0.087, 0.171, 0.12], [0.076, 0.127, 0.212, 0.085, 0.982, 0.175, 0.252, 0.158], [-0.029, 0.176, 0.004, 0.087, 0.175, 0.958, 0.139, 0.066], [0.0, 0.111, 0.099, 0.171, 0.252, 0.139, 0.953, 0.223], [0.197, 0.035, 0.062, 0.12, 0.158, 0.066, 0.223, 1.0]]"
0.0991,0.1344,0.01,0.0859,0.2048,14.8332,"[-0.056, 0.831, 1.13, 0.61, -0.333, -1.022, -1.003, -0.485, 0.43, 1.091, 0.9, 0.111, -0.743, -1.173, -0.717, 0.075, 0.867, 1.089, 0.517, -0.404, -1.119, -0.966, -0.284, 0.576, 1.035, 0.843, 0.055, -0.796, -1.013, -0.617, 0.223, 0.993, 1.043, 0.428, -0.41, -1.101, -0.927, -0.116, 0.71, 1.08, 0.678, -0.198, -0.772, -1.063, -0.585, 0.357, 0.96, 0.981, 0.271, -0.647, -1.188, -0.941, -0.01, 0.731, 1.124, 0.725, -0.198, -0.955, -1.043, -0.475, 0.507, 1.141, 1.017, 0.098, -0.692, -1.096, -0.762, -0.033, 0.769, 1.149, 0.554, -0.385, -1.05, -0.991, -0.388, 0.562, 1.028, 0.793, 0.163, -0.738, -1.115, -0.727, 0.241, 0.953, 1.116, 0.453, -0.416, -1.018, -0.987, -0.241, 0.617, 1.114, 0.74, 0.006, -0.821, -1.099, -0.586, 0.263, 0.948, 1.049]","[[0.998, 0.093, 0.098, 0.11, 0.101, 0.097, 0.105, 0.093], [0.093, 1.0, 0.087, 0.085, 0.098, 0.095, 0.092, 0.096], [0.098, 0.087, 0.99, 0.1, 0.081, 0.097, 0.084, 0.097], [0.11, 0.085, 0.1, 1.0, 0.104, 0.095, 0.105, 0.1], [0.101, 0.098, 0.081, 0.104, 0.997, 0.105, 0.096, 0.113], [0.097, 0.095, 0.097, 0.095, 0.105, 0.995, 0.095, 0.109], [0.105, 0.092, 0.084, 0.105, 0.096, 0.095, 1.0, 0.103], [0.093, 0.096, 0.097, 0.1, 0.113, 0.109, 0.103, 1.0]]"
0.0991,0.1344,0.05,0.0444,0.2037,13.7674,"[0.206, 0.836, 1.192, 0.776, -0.137, -1.165, -1.2, -0.47, 0.326, 0.696, 1.08, 0.232, -1.053, -1.159, -0.787, 0.16, 0.623, 0.733, 0.659, -0.752, -1.077, -1.066, -0.319, 0.665, 1.487, 0.442, 0.25, -1.429, -0.746, -1.163, 0.838, 0.858, 1.363, 0.697, -0.584, -1.146, -1.137, 0.021, 0.589, 0.893, 0.898, -0.309, -0.958, -1.051, -0.717, 0.217, 1.391, 0.947, 0.228, -0.62, -0.969, -1.12, 0.045, 0.844, 0.65, 1.125, 0.167, -1.14, -1.331, -0.397, 0.091, 1.389, 0.827, 0.611, -0.877, -1.124, -0.468, -0.027, 0.925, 1.357, 0.443, -0.626, -1.359, -0.864, -0.25, 0.815, 1.008, 0.522, -0.496, -0.041, -0.967, -0.666, 0.238, 0.566, 0.86, 0.918, -0.254, -1.229, -1.266, -0.365, 0.567, 1.606, 0.759, -0.32, -0.852, -1.022, -0.928, 0.381, 1.283, 1.057]","[[0.993, 0.146, 0.071, 0.169, 0.154, 0.059, 0.027, 0.048], [0.146, 1.0, 0.18, 0.087, 0.111, 0.104, 0.116, 0.123], [0.071, 0.18, 0.994, 0.153, 0.058, 0.188, 0.108, 0.127], [0.169, 0.087, 0.153, 1.0, 0.096, 0.069, 0.092, 0.121], [0.154, 0.111, 0.058, 0.096, 0.898, 0.08, 0.093, 0.146], [0.059, 0.104, 0.188, 0.069, 0.08, 1.0, 0.086, 0.192], [0.027, 0.116, 0.108, 0.092, 0.093, 0.086, 1.0, 0.114], [0.048, 0.123, 0.127, 0.121, 0.146, 0.192, 0.114, 0.964]]"
0.0991,0.1344,0.1,0.0197,0.2647,14.3661,"[0.235, 0.543, 0.864, -0.079, -0.401, -0.698, -1.063, -0.947, -0.259, 2.12, 1.074, -0.267, -0.487, -0.004, -0.431, -1.279, 2.22, 0.147, 0.426, -0.935, -1.389, -0.842, -1.324, 0.557, 1.661, 0.42, -0.664, -0.871, -1.264, -0.95, -0.366, 1.215, 1.338, -0.107, -0.939, -0.988, -1.41, -0.086, 1.429, 1.068, 0.157, 0.112, -0.964, -1.153, -0.319, 0.685, 1.025, 0.967, 1.349, 0.024, -0.666, -0.796, -0.564, 1.344, 1.169, 0.388, -0.32, -1.423, -0.521, -0.113, 0.538, 1.026, 0.604, -0.859, -1.377, -1.468, -1.232, 0.198, 1.262, 1.019, 1.287, -0.702, -1.062, -1.036, 0.199, 0.602, 1.143, 0.053, -0.358, -0.21, -2.136, -0.029, 0.418, 0.55, 0.643, 1.43, 0.287, -1.098, -0.892, -0.559, 0.713, 0.757, 0.767, 0.882, -0.885, -1.612, -1.291, 0.344, 0.601, 1.145]","[[1.0, 0.099, 0.155, 0.186, 0.148, 0.177, 0.14, 0.037], [0.099, 1.0, 0.107, 0.053, 0.004, 0.114, 0.12, 0.158], [0.155, 0.107, 0.91, 0.224, 0.173, 0.121, 0.179, 0.076], [0.186, 0.053, 0.224, 1.0, -0.051, 0.18, 0.186, 0.072], [0.148, 0.004, 0.173, -0.051, 0.874, 0.09, -0.029, 0.027], [0.177, 0.114, 0.121, 0.18, 0.09, 0.994, 0.001, 0.128], [0.14, 0.12, 0.179, 0.186, -0.029, 0.001, 0.984, 0.23], [0.037, 0.158, 0.076, 0.072, 0.027, 0.128, 0.23, 1.0]]"
0.0991,0.15,0.01,-0.0216,0.3178,17.4559,"[0.029, 0.934, 1.125, 0.406, -0.53, -1.038, -0.68, 0.382, 1.081, 0.985, -0.048, -0.861, -1.079, -0.314, 0.635, 1.123, 0.576, -0.3, -1.035, -0.882, 0.098, 0.87, 1.062, 0.345, -0.636, -0.988, -0.643, 0.311, 1.139, 0.874, -0.08, -0.926, -1.108, -0.43, 0.628, 1.096, 0.705, -0.308, -1.016, -0.934, 0.044, 0.959, 1.065, 0.361, -0.709, -1.046, -0.557, 0.356, 1.016, 0.881, -0.021, -0.907, -1.013, -0.326, 0.696, 1.118, 0.603, -0.365, -1.073, -0.899, 0.09, 0.987, 1.087, 0.346, -0.714, -1.088, -0.686, 0.421, 0.965, 0.908, -0.044, -0.89, -1.012, -0.289, 0.643, 1.137, 0.613, -0.327, -0.995, -0.873, -0.026, 0.875, 1.096, 0.285, -0.693, -1.069, -0.668, 0.267, 1.113, 0.834, -0.01, -0.92, -1.06, -0.384, 0.682, 1.105, 0.695, -0.37, -0.939, -0.984]","[[1.0, 0.11, 0.106, 0.11, 0.104, 0.099, 0.097, 0.112], [0.11, 1.0, 0.094, 0.107, 0.094, 0.108, 0.103, 0.104], [0.106, 0.094, 1.0, 0.084, 0.09, 0.095, 0.099, 0.092], [0.11, 0.107, 0.084, 1.0, 0.103, 0.09, 0.099, 0.093], [0.104, 0.094, 0.09, 0.103, 1.0, 0.102, 0.096, 0.098], [0.099, 0.108, 0.095, 0.09, 0.102, 1.0, 0.098, 0.103], [0.097, 0.103, 0.099, 0.099, 0.096, 0.098, 0.995, 0.107], [0.112, 0.104, 0.092, 0.093, 0.098, 0.103, 0.107, 0.992]]"
0.0991,0.15,0.05,-0.0449,0.2337,16.2719,"[0.319, 0.904, 1.306, 0.537, -0.962, -0.962, -0.395, 0.335, 0.984, 0.496, 0.171, -0.837, -1.276, -0.421, 0.685, 0.959, 0.647, -0.777, -0.708, -0.885, -0.275, 0.274, 1.303, 0.479, -0.593, -0.883, -0.431, 0.388, 0.982, 0.785, 0.105, -0.54, -1.071, 0.029, 0.739, 1.194, 1.247, 0.074, -0.626, -1.089, 0.548, 0.869, 0.988, -0.2, -0.564, -1.37, -0.544, 0.049, 1.495, 1.027, 0.57, -1.145, -0.658, -0.79, 0.698, 0.941, 0.534, -0.469, -1.274, -1.204, -0.111, 0.918, 1.336, 0.413, -0.354, -1.469, -0.754, 0.517, 1.131, 0.674, 0.234, -1.022, -1.24, -0.218, 0.648, 0.968, 0.507, -0.607, -1.144, -0.614, 0.061, 1.129, 1.174, 0.187, -1.058, -1.331, -0.814, 0.152, 1.291, 1.132, 0.553, -1.08, -0.646, 0.058, 0.588, 1.217, 0.956, -0.354, -1.079, -1.046]","[[0.946, 0.128, 0.049, 0.156, 0.108, 0.066, 0.091, 0.075], [0.128, 1.0, 0.116, 0.093, 0.145, 0.061, 0.114, 0.11], [0.049, 0.116, 1.0, 0.113, 0.056, 0.062, 0.066, 0.116], [0.156, 0.093, 0.113, 0.969, 0.126, 0.059, 0.067, 0.134], [0.108, 0.145, 0.056, 0.126, 1.0, 0.146, 0.109, 0.072], [0.066, 0.061, 0.062, 0.059, 0.146, 0.987, 0.106, 0.079], [0.091, 0.114, 0.066, 0.067, 0.109, 0.106, 1.0, 0.096], [0.075, 0.11, 0.116, 0.134, 0.072, 0.079, 0.096, 1.0]]"
0.0991,0.15,0.1,0.0003,0.2238,15.6696,"[-0.028, 0.61, 1.428, 0.754, 0.246, -1.401, -0.313, -0.615, 1.46, 0.161, -0.492, -0.723, -1.356, -0.719, 0.404, 1.464, 0.18, -0.367, -1.235, -0.479, 0.424, -0.028, 1.568, 0.034, -0.528, -1.569, -0.46, 1.615, 1.109, 0.659, -0.116, -1.624, -0.321, -0.183, 0.122, 0.591, 0.654, 0.126, -1.621, -0.332, -0.046, 0.424, 0.811, 1.214, -1.34, -1.465, -0.17, 0.448, 0.65, 1.372, 0.506, -0.723, -1.351, -0.569, 0.788, 0.443, 1.31, 0.51, -1.163, -0.711, 0.593, 1.867, 1.824, -0.528, -0.804, -0.849, -0.893, 1.231, 1.86, 0.481, -0.081, -1.264, -1.143, -0.452, 1.123, 0.655, -0.662, -1.142, -1.559, -1.217, 0.094, 0.349, 0.44, -0.125, -1.204, -1.376, -0.945, 0.684, 0.551, 0.71, -0.273, -0.485, -1.122, 0.186, 0.07, 1.074, 0.358, -0.953, -1.079, -0.023]","[[0.854, -0.008, 0.079, 0.131, 0.038, 0.037, 0.146, 0.15], [-0.008, 0.964, 0.17, 0.056, 0.084, 0.047, 0.148, 0.107], [0.079, 0.17, 0.967, 0.098, 0.214, 0.121, 0.115, 0.126], [0.131, 0.056, 0.098, 1.0, 0.119, 0.081, 0.124, 0.035], [0.038, 0.084, 0.214, 0.119, 1.0, 0.07, 0.192, 0.083], [0.037, 0.047, 0.121, 0.081, 0.07, 1.0, 0.192, -0.064], [0.146, 0.148, 0.115, 0.124, 0.192, 0.192, 0.864, 0.074], [0.15, 0.107, 0.126, 0.035, 0.083, -0.064, 0.074, 1.0]]"
0.1436,0.01,0.01,0.0564,0.3525,4.9745,"[-0.098, 0.033, 0.044, 0.183, 0.344, 0.294, 0.456, 0.629, 0.624, 0.619, 0.715, 0.66, 0.704, 0.835, 0.901, 0.98, 0.937, 1.012, 1.043, 1.057, 1.084, 1.065, 1.137, 1.144, 1.119, 1.177, 1.193, 1.168, 1.071, 1.113, 1.042, 1.068, 0.989, 1.066, 1.005, 0.983, 0.934, 0.82, 0.762, 0.816, 0.664, 0.545, 0.601, 0.494, 0.496, 0.366, 0.283, 0.291, 0.066, 0.043, -0.044, -0.182, -0.1, -0.242, -0.239, -0.334, -0.391, -0.51, -0.589, -0.608, -0.626, -0.732, -0.818, -0.894, -0.871, -0.953, -0.969, -1.014, -1.057, -1.049, -1.06, -1.009, -1.085, -1.055, -1.182, -1.224, -1.142, -1.092, -1.088, -1.047, -1.214, -1.001, -1.018, -1.079, -0.929, -0.917, -0.862, -0.784, -0.761, -0.803, -0.679, -0.694, -0.518, -0.417, -0.483, -0.387, -0.329, -0.237, -0.123, -0.094]","[[0.989, 0.151, 0.153, 0.149, 0.14, 0.14, 0.145, 0.137], [0.151, 1.0, 0.151, 0.142, 0.138, 0.147, 0.147, 0.141], [0.153, 0.151, 1.0, 0.148, 0.138, 0.139, 0.15, 0.145], [0.149, 0.142, 0.148, 1.0, 0.142, 0.147, 0.132, 0.141], [0.14, 0.138, 0.138, 0.142, 1.0, 0.134, 0.136, 0.155], [0.14, 0.147, 0.139, 0.147, 0.134, 0.976, 0.145, 0.15], [0.145, 0.147, 0.15, 0.132, 0.136, 0.145, 1.0, 0.151], [0.137, 0.141, 0.145, 0.141, 0.155, 0.15, 0.151, 1.0]]"
0.1436,0.01,0.05,0.0278,0.1885,5.045,"[0.1, 0.228, -0.038, -0.05, 0.627, -0.057, 0.83, 0.009, 0.405, 0.856, 0.672, 0.4, 0.889, 0.85, 0.827, 0.769, 0.957, 0.857, 1.643, 1.003, 0.994, 0.972, 1.568, 0.725, 1.231, 1.084, 0.786, 0.93, 1.203, 0.892, 1.153, 1.496, 1.077, 0.639, 0.754, 0.854, 0.793, 0.872, 0.861, 1.162, 0.671, 0.325, 0.839, 0.803, 0.479, 0.292, 0.44, 0.162, -0.371, 0.213, 0.223, 0.288, -0.326, -0.158, -0.222, -0.332, -0.392, -0.478, -0.498, -0.428, -0.367, -0.918, -0.826, -0.939, -1.023, -1.329, -0.96, -0.882, -1.074, -1.066, -0.983, -0.755, -1.228, -1.428, -1.164, -0.673, -1.432, -0.972, -0.834, -1.699, -0.985, -0.912, -1.102, -1.164, -1.113, -1.007, -0.957, -0.956, -0.869, -0.431, -0.976, -1.05, -0.249, -0.535, -0.518, -0.381, -0.232, -0.345, -0.017, -0.312]","[[0.991, 0.158, 0.162, 0.156, 0.157, 0.217, 0.091, 0.156], [0.158, 0.966, 0.181, 0.187, 0.091, 0.127, 0.212, 0.128], [0.162, 0.181, 0.93, 0.119, 0.182, 0.122, 0.147, 0.121], [0.156, 0.187, 0.119, 1.0, 0.094, 0.145, 0.171, 0.121], [0.157, 0.091, 0.182, 0.094, 0.9, 0.112, 0.075, 0.14], [0.217, 0.127, 0.122, 0.145, 0.112, 1.0, 0.108, 0.144], [0.091, 0.212, 0.147, 0.171, 0.075, 0.108, 0.962, 0.121], [0.156, 0.128, 0.121, 0.121, 0.14, 0.144, 0.121, 1.0]]"
0.1436,0.01,0.1,-0.0211,0.2388,3.1933,"[-0.389, 0.388, -0.191, 0.502, 0.089, 0.233, 0.831, 0.861, 0.468, 0.377, 1.472, 1.024, 0.587, 0.507, 1.394, 0.983, 0.884, 1.06, 1.204, 1.035, 1.69, 1.737, 1.389, 1.822, 1.146, 1.489, 1.644, 1.644, 1.581, 1.423, 2.066, 0.793, 0.957, 0.895, 0.782, -0.069, 1.569, 0.321, 0.868, 0.018, 0.983, 0.22, -0.017, 0.584, 0.071, 0.066, 0.37, 0.614, -0.266, -0.424, 0.012, 0.198, 0.588, -0.75, -0.443, 0.234, 0.566, -0.983, -0.92, -0.422, -0.961, -1.109, -0.661, -0.059, -1.536, -0.176, -1.253, -0.829, -0.239, -0.901, -1.236, -0.749, -1.21, -0.874, -1.244, -0.713, -1.838, -1.641, -1.828, -1.136, -1.852, -1.409, -1.589, -0.262, -1.461, -1.568, -0.757, 0.01, -0.841, -0.748, -0.027, -0.174, -0.338, -0.778, -0.193, -1.034, -0.596, 0.501, 0.508, 0.147]","[[0.983, 0.02, 0.17, 0.214, 0.198, 0.15, 0.011, 0.035], [0.02, 0.832, 0.139, 0.179, 0.148, 0.105, 0.21, 0.241], [0.17, 0.139, 1.0, 0.156, 0.093, 0.205, 0.074, 0.168], [0.214, 0.179, 0.156, 0.972, 0.191, 0.138, 0.1, 0.201], [0.198, 0.148, 0.093, 0.191, 1.0, 0.213, 0.246, 0.212], [0.15, 0.105, 0.205, 0.138, 0.213, 0.93, 0.165, 0.085], [0.011, 0.21, 0.074, 0.1, 0.246, 0.165, 1.0, 0.103], [0.035, 0.241, 0.168, 0.201, 0.212, 0.085, 0.103, 1.0]]"
0.1436,0.0256,0.01,0.0612,0.3743,7.3106,"[0.02, 0.249, 0.267, 0.518, 0.702, 0.821, 0.892, 0.966, 1.137, 1.097, 1.055, 1.165, 1.095, 0.989, 0.846, 0.76, 0.68, 0.377, 0.206, 0.072, -0.081, -0.286, -0.404, -0.545, -0.733, -0.848, -0.969, -1.063, -1.182, -1.193, -1.205, -1.111, -1.03, -1.025, -0.835, -0.748, -0.604, -0.415, -0.262, 0.006, 0.151, 0.379, 0.486, 0.645, 0.9, 0.844, 1.085, 1.173, 1.17, 1.127, 1.198, 1.064, 0.971, 0.887, 0.754, 0.592, 0.535, 0.269, 0.126, -0.128, -0.236, -0.471, -0.638, -0.734, -0.808, -0.948, -1.029, -1.118, -1.157, -1.1, -1.138, -1.009, -0.904, -0.897, -0.758, -0.599, -0.479, -0.253, 0.017, 0.083, 0.381, 0.465, 0.752, 0.755, 0.904, 0.964, 1.048, 1.195, 1.167, 1.182, 1.022, 1.05, 0.872, 0.733, 0.671, 0.513, 0.333, 0.187, 0.012, -0.141]","[[0.996, 0.129, 0.132, 0.143, 0.157, 0.139, 0.134, 0.136], [0.129, 1.0, 0.136, 0.153, 0.156, 0.152, 0.152, 0.14], [0.132, 0.136, 1.0, 0.146, 0.15, 0.146, 0.138, 0.134], [0.143, 0.153, 0.146, 0.993, 0.15, 0.156, 0.14, 0.158], [0.157, 0.156, 0.15, 0.15, 1.0, 0.137, 0.136, 0.151], [0.139, 0.152, 0.146, 0.156, 0.137, 0.992, 0.152, 0.139], [0.134, 0.152, 0.138, 0.14, 0.136, 0.152, 0.978, 0.148], [0.136, 0.14, 0.134, 0.158, 0.151, 0.139, 0.148, 1.0]]"
0.1436,0.0256,0.05,0.1126,0.2593,4.8248,"[0.044, 0.293, 0.361, 0.186, 0.6, 0.974, 0.772, 1.2, 1.105, 1.08, 1.441, 0.687, 0.903, 1.302, 1.349, 1.337, 0.632, 0.572, 0.489, 0.422, -0.002, -0.03, -0.321, -0.469, -0.977, -0.958, -1.113, -1.361, -1.53, -1.248, -1.203, -1.077, -0.903, -0.906, -0.903, -0.933, -0.332, -0.409, -0.315, -0.071, -0.024, 0.206, 0.368, 0.594, 0.97, 1.027, 1.407, 1.393, 1.62, 1.283, 1.262, 0.958, 1.213, 0.742, 0.415, 1.021, 0.167, 0.417, -0.093, 0.226, 0.078, -0.281, -0.267, -0.727, -0.302, -0.783, -1.279, -1.094, -1.178, -1.202, -1.524, -0.954, -1.312, -1.487, -0.809, -0.761, -0.621, -1.006, -0.261, 0.092, 0.157, 0.584, 0.994, 0.918, 1.168, 1.287, 0.828, 1.237, 1.392, 1.021, 0.89, 1.15, 0.55, 0.528, 0.493, 0.614, 0.385, 0.409, -0.262, -0.458]","[[0.907, 0.127, 0.185, 0.122, 0.151, 0.178, 0.116, 0.118], [0.127, 0.984, 0.154, 0.177, 0.126, 0.151, 0.124, 0.141], [0.185, 0.154, 0.909, 0.146, 0.135, 0.189, 0.145, 0.171], [0.122, 0.177, 0.146, 1.0, 0.158, 0.195, 0.147, 0.081], [0.151, 0.126, 0.135, 0.158, 1.0, 0.124, 0.142, 0.148], [0.178, 0.151, 0.189, 0.195, 0.124, 0.936, 0.092, 0.197], [0.116, 0.124, 0.145, 0.147, 0.142, 0.092, 1.0, 0.172], [0.118, 0.141, 0.171, 0.081, 0.148, 0.197, 0.172, 1.0]]"
0.1436,0.0256,0.1,0.0938,0.2863,7.1926,"[0.829, -0.634, 0.982, 0.292, 1.233, 0.883, 0.318, 0.783, 1.608, 1.03, 0.832, 0.808, 1.393, 1.87, -0.179, 2.166, 0.721, 0.748, 0.066, 0.102, 0.016, -0.786, -0.839, -0.007, -1.523, -0.656, -1.168, -1.544, -0.131, -1.619, -1.702, -1.197, -1.426, -0.949, -0.761, -0.587, -0.613, -0.735, 0.115, -0.08, -0.089, 1.078, 0.448, 1.212, 1.419, 1.569, 1.366, 1.09, 1.099, 1.021, 0.043, 1.439, 1.128, 1.319, 0.724, 0.972, -0.209, -0.277, -1.111, -0.123, -0.624, -0.865, -0.411, -0.942, -1.577, 0.303, -1.073, -1.653, -1.475, -1.226, -1.197, -0.4, -1.005, 0.072, -0.939, -0.359, 0.105, 0.368, 0.608, -0.001, 0.312, -0.753, 0.548, 1.334, 1.359, 0.967, 1.932, 0.936, 0.786, 0.896, 0.526, 1.328, 1.065, 1.105, 0.452, 0.472, -0.759, 0.339, 0.017, -0.765]","[[0.894, 0.136, 0.113, 0.075, 0.091, 0.148, 0.133, 0.123], [0.136, 1.0, 0.112, 0.198, 0.231, 0.126, 0.179, 0.163], [0.113, 0.112, 0.893, -0.038, 0.043, 0.153, 0.009, 0.321], [0.075, 0.198, -0.038, 0.976, 0.213, 0.158, 0.175, 0.087], [0.091, 0.231, 0.043, 0.213, 1.0, 0.111, 0.179, 0.203], [0.148, 0.126, 0.153, 0.158, 0.111, 1.0, 0.117, 0.162], [0.133, 0.179, 0.009, 0.175, 0.179, 0.117, 0.851, 0.252], [0.123, 0.163, 0.321, 0.087, 0.203, 0.162, 0.252, 1.0]]"
0.1436,0.0411,0.01,0.1586,0.2265,6.1778,"[0.018, 0.393, 0.551, 0.801, 0.937, 1.144, 1.115, 1.163, 0.924, 0.861, 0.574, 0.375, 0.047, -0.272, -0.542, -0.808, -0.915, -1.138, -1.155, -1.105, -0.947, -0.866, -0.658, -0.37, -0.199, 0.139, 0.461, 0.693, 0.85, 1.112, 1.15, 1.137, 1.013, 0.9, 0.711, 0.415, 0.166, -0.191, -0.431, -0.634, -0.84, -0.985, -1.117, -1.135, -1.089, -1.016, -0.79, -0.481, -0.196, 0.174, 0.457, 0.618, 0.912, 1.008, 1.158, 1.181, 1.145, 0.928, 0.81, 0.422, 0.303, -0.057, -0.346, -0.715, -0.859, -0.942, -1.135, -1.108, -1.095, -0.925, -0.785, -0.605, -0.282, 0.088, 0.325, 0.566, 0.919, 1.044, 1.142, 1.159, 1.146, 1.04, 0.719, 0.619, 0.323, 0.015, -0.263, -0.608, -0.861, -0.899, -1.065, -1.263, -1.149, -0.98, -0.874, -0.577, -0.324, -0.156, 0.199, 0.465]","[[0.994, 0.143, 0.144, 0.148, 0.15, 0.144, 0.154, 0.143], [0.143, 1.0, 0.136, 0.135, 0.143, 0.145, 0.136, 0.139], [0.144, 0.136, 1.0, 0.153, 0.137, 0.142, 0.139, 0.142], [0.148, 0.135, 0.153, 0.999, 0.137, 0.143, 0.134, 0.135], [0.15, 0.143, 0.137, 0.137, 1.0, 0.148, 0.137, 0.147], [0.144, 0.145, 0.142, 0.143, 0.148, 0.983, 0.139, 0.143], [0.154, 0.136, 0.139, 0.134, 0.137, 0.139, 1.0, 0.129], [0.143, 0.139, 0.142, 0.135, 0.147, 0.143, 0.129, 0.994]]"
0.1436,0.0411,0.05,0.2248,0.2974,7.9735,"[0.255, 0.439, 0.869, 0.554, 1.303, 1.088, 1.541, 1.112, 0.494, 1.046, 0.495, 0.244, -0.315, 0.16, -0.653, -0.371, -1.065, -1.317, -0.811, -1.14, -1.044, -1.186, -0.761, -0.276, -0.42, 0.064, 0.375, 0.746, 1.3, 0.994, 0.965, 1.817, 0.94, 0.849, 0.596, 0.359, 0.163, 0.079, -0.335, -0.422, -0.64, -0.999, -1.037, -0.859, -1.344, -0.301, -0.851, -0.56, -0.494, -0.192, 0.635, 1.22, 0.729, 1.118, 1.178, 1.391, 1.637, 1.333, 0.7, 0.648, 0.395, -0.061, -0.62, -0.812, -0.552, -0.697, -1.165, -1.078, -0.798, -1.404, -0.906, -0.053, -0.21, -0.274, 0.329, 0.827, 0.169, 1.03, 1.008, 0.733, 1.13, 0.968, 0.822, 0.512, 0.075, -0.324, -0.426, -0.315, -0.713, -0.979, -1.348, -1.235, -0.936, -0.898, -0.98, -1.292, -0.545, -0.208, -0.02, 0.384]","[[0.925, 0.125, 0.094, 0.112, 0.123, 0.173, 0.125, 0.222], [0.125, 0.949, 0.168, 0.176, 0.162, 0.181, 0.128, 0.144], [0.094, 0.168, 1.0, 0.151, 0.139, 0.133, 0.184, 0.132], [0.112, 0.176, 0.151, 1.0, 0.224, 0.12, 0.132, 0.245], [0.123, 0.162, 0.139, 0.224, 0.935, 0.09, 0.155, 0.154], [0.173, 0.181, 0.133, 0.12, 0.09, 1.0, 0.12, 0.112], [0.125, 0.128, 0.184, 0.132, 0.155, 0.12, 0.982, 0.21], [0.222, 0.144, 0.132, 0.245, 0.154, 0.112, 0.21, 0.999]]"
0.1436,0.0411,0.1,0.1706,0.3279,8.335,"[0.118, 0.568, 0.738, 1.563, 0.687, 1.491, 1.226, 1.603, 0.899, 0.658, 0.972, 0.517, -0.362, 0.427, -0.156, -0.802, -1.191, -0.903, -0.811, -1.919, -0.84, -0.539, -1.822, -0.286, 0.252, 0.489, 0.881, 0.565, 0.41, 0.169, 1.683, 1.482, 1.632, 0.534, 1.087, -0.323, -0.291, -0.088, -0.104, 0.148, -1.021, -1.484, -1.59, -1.48, 0.044, -0.547, -0.167, -0.592, -0.192, 0.453, 0.138, 0.507, 0.534, 0.808, 1.148, 0.73, 1.226, 1.095, 0.67, 0.102, 0.29, -0.308, -0.323, -0.064, -1.466, 0.077, -1.15, -0.937, -1.473, -0.407, -0.857, -0.755, -0.572, -0.126, 0.509, 0.658, 0.786, 0.631, 0.717, 0.913, 1.34, 1.333, 1.227, 0.599, 0.522, -0.044, -1.125, -0.638, -0.959, -1.481, -1.371, -1.074, -1.687, -1.38, -0.087, -1.441, -0.468, -0.671, -0.169, 0.388]","[[1.0, 0.24, 0.048, 0.051, 0.237, 0.173, 0.205, 0.217], [0.24, 1.0, 0.143, 0.098, 0.207, 0.095, 0.098, 0.036], [0.048, 0.143, 1.0, 0.252, 0.089, 0.207, 0.214, 0.222], [0.051, 0.098, 0.252, 1.0, 0.227, 0.169, 0.18, 0.037], [0.237, 0.207, 0.089, 0.227, 0.874, 0.105, 0.334, 0.158], [0.173, 0.095, 0.207, 0.169, 0.105, 1.0, 0.118, 0.197], [0.205, 0.098, 0.214, 0.18, 0.334, 0.118, 0.973, 0.098], [0.217, 0.036, 0.222, 0.037, 0.158, 0.197, 0.098, 0.976]]"
0.1436,0.0567,0.01,0.3097,0.2966,8.0455,"[0.03, 0.475, 0.683, 0.934, 1.084, 1.042, 0.892, 0.643, 0.392, -0.087, -0.464, -0.848, -1.003, -1.046, -1.146, -0.839, -0.615, -0.26, 0.163, 0.549, 0.943, 1.089, 1.17, 1.059, 0.923, 0.524, 0.196, -0.07, -0.718, -0.885, -1.074, -1.154, -1.065, -0.829, -0.521, -0.108, 0.26, 0.754, 0.926, 1.136, 1.104, 1.071, 0.82, 0.464, -0.003, -0.391, -0.626, -1.016, -1.091, -1.175, -0.94, -0.763, -0.424, -0.012, 0.393, 0.785, 1.017, 1.08, 1.112, 0.895, 0.704, 0.349, -0.097, -0.473, -0.729, -1.053, -1.189, -1.066, -0.968, -0.623, -0.268, 0.132, 0.538, 0.911, 1.127, 1.19, 1.089, 0.853, 0.433, 0.185, -0.352, -0.709, -0.919, -1.082, -1.164, -0.968, -0.794, -0.499, -0.026, 0.386, 0.698, 0.914, 1.086, 1.062, 1.011, 0.713, 0.405, 0.037, -0.475, -0.792]","[[0.997, 0.144, 0.145, 0.142, 0.138, 0.141, 0.146, 0.142], [0.144, 0.994, 0.137, 0.145, 0.147, 0.139, 0.149, 0.152], [0.145, 0.137, 1.0, 0.131, 0.138, 0.151, 0.133, 0.145], [0.142, 0.145, 0.131, 1.0, 0.144, 0.147, 0.152, 0.156], [0.138, 0.147, 0.138, 0.144, 0.994, 0.129, 0.15, 0.132], [0.141, 0.139, 0.151, 0.147, 0.129, 1.0, 0.149, 0.146], [0.146, 0.149, 0.133, 0.152, 0.15, 0.149, 0.986, 0.139], [0.142, 0.152, 0.145, 0.156, 0.132, 0.146, 0.139, 1.0]]"
0.1436,0.0567,0.05,0.3515,0.2406,8.6025,"[-0.106, 0.683, 0.641, 1.287, 0.875, 1.048, 0.9, 0.815, 0.423, 0.109, -0.398, -0.635, -1.259, -1.042, -0.699, -1.345, -0.511, -0.092, 0.509, 0.711, 0.875, 1.171, 0.96, 0.983, 0.547, 0.944, 0.303, -0.443, -0.525, -0.606, -0.839, -1.375, -1.838, -0.735, -0.73, 0.036, 0.522, 0.931, 1.375, 1.417, 1.575, 1.369, 1.149, 0.433, -0.274, 0.267, -0.695, -0.671, -1.261, -0.887, -1.602, -0.832, -0.401, 0.14, 0.689, 0.492, 1.178, 1.441, 1.7, 1.129, 0.557, -0.01, 0.362, -0.303, -0.823, -1.45, -1.374, -0.937, -0.822, -1.099, -0.08, -0.225, 0.889, 0.918, 0.956, 1.391, 1.16, 1.197, 0.571, 0.202, -0.309, -0.547, -0.486, -1.221, -0.979, -1.265, -1.334, -0.435, -0.003, 0.28, 0.298, 1.029, 1.18, 0.912, 0.675, 0.702, 0.584, 0.128, -0.596, -0.695]","[[1.0, 0.053, 0.134, 0.155, 0.15, 0.186, 0.209, 0.143], [0.053, 0.995, 0.186, 0.102, 0.157, 0.17, 0.185, 0.127], [0.134, 0.186, 0.989, 0.209, 0.111, 0.18, 0.154, 0.174], [0.155, 0.102, 0.209, 1.0, 0.22, 0.189, 0.17, 0.085], [0.15, 0.157, 0.111, 0.22, 0.925, 0.08, 0.18, 0.134], [0.186, 0.17, 0.18, 0.189, 0.08, 0.917, 0.176, 0.125], [0.209, 0.185, 0.154, 0.17, 0.18, 0.176, 1.0, 0.158], [0.143, 0.127, 0.174, 0.085, 0.134, 0.125, 0.158, 1.0]]"
0.1436,0.0567,0.1,0.2826,0.3268,7.131,"[-0.013, 0.126, 1.229, 0.459, 1.566, 0.127, 1.108, 0.713, 0.061, 0.123, -0.505, -0.273, -0.755, -0.913, -0.956, -1.161, -0.784, -0.137, 0.057, 1.086, 0.897, 1.251, 0.442, 1.552, 0.591, 0.05, 1.014, 0.135, -0.104, -0.669, -1.134, -1.282, -0.665, -0.267, -0.543, 0.917, 0.186, -0.044, 0.078, 0.264, 0.93, 0.908, 1.124, 0.429, 0.47, -0.331, -0.704, -1.267, -0.412, -1.893, -0.84, -0.82, 0.015, 0.014, 0.425, 0.632, 1.71, 1.136, 2.098, 1.089, 0.683, 0.235, 0.186, -0.781, -0.744, -1.041, -0.979, -0.92, -0.71, -0.565, 0.547, 0.378, 1.854, 0.891, 1.551, 0.781, 1.772, 0.514, 0.779, 0.035, -0.012, -0.73, -1.306, -1.231, -0.371, -0.811, -1.462, 0.061, -0.541, 0.679, 0.949, 1.261, 2.04, 0.72, 1.319, 1.395, 0.099, -0.349, -0.52, -0.567]","[[1.0, 0.229, 0.175, 0.228, 0.134, 0.089, 0.178, 0.023], [0.229, 0.907, 0.337, 0.202, 0.184, 0.26, 0.103, 0.186], [0.175, 0.337, 0.835, 0.093, 0.102, 0.26, 0.226, 0.205], [0.228, 0.202, 0.093, 1.0, 0.138, 0.144, 0.264, 0.24], [0.134, 0.184, 0.102, 0.138, 1.0, 0.194, 0.295, 0.196], [0.089, 0.26, 0.26, 0.144, 0.194, 0.85, 0.067, 0.2], [0.178, 0.103, 0.226, 0.264, 0.295, 0.067, 0.911, 0.078], [0.023, 0.186, 0.205, 0.24, 0.196, 0.2, 0.078, 0.917]]"
0.1436,0.0722,0.01,0.399,0.3001,8.123,"[-0.008, 0.452, 0.989, 1.054, 1.1, 0.779, 0.48, -0.04, -0.555, -0.972, -1.126, -1.127, -0.857, -0.331, 0.088, 0.598, 0.925, 1.093, 1.087, 0.948, 0.377, -0.101, -0.647, -1.108, -1.177, -0.956, -0.765, -0.271, 0.142, 0.522, 0.935, 1.161, 1.072, 0.765, 0.289, -0.152, -0.697, -0.994, -1.133, -1.063, -0.779, -0.298, 0.331, 0.76, 1.079, 1.104, 0.956, 0.759, 0.283, -0.27, -0.754, -1.118, -1.1, -0.95, -0.706, -0.237, 0.377, 0.733, 1.149, 1.135, 0.971, 0.642, 0.14, -0.297, -0.75, -1.02, -1.128, -0.993, -0.606, -0.141, 0.464, 0.873, 1.083, 1.086, 1.025, 0.579, 0.073, -0.351, -0.875, -1.115, -1.138, -0.991, -0.521, -0.078, 0.437, 0.841, 1.08, 1.077, 0.914, 0.494, 0.002, -0.384, -0.909, -1.088, -1.074, -0.879, -0.451, 0.041, 0.547, 0.896]","[[1.0, 0.166, 0.147, 0.153, 0.148, 0.14, 0.152, 0.147], [0.166, 0.998, 0.149, 0.147, 0.15, 0.141, 0.147, 0.149], [0.147, 0.149, 0.993, 0.118, 0.147, 0.139, 0.151, 0.155], [0.153, 0.147, 0.118, 1.0, 0.133, 0.145, 0.151, 0.155], [0.148, 0.15, 0.147, 0.133, 0.994, 0.135, 0.138, 0.146], [0.14, 0.141, 0.139, 0.145, 0.135, 0.992, 0.147, 0.135], [0.152, 0.147, 0.151, 0.151, 0.138, 0.147, 0.979, 0.136], [0.147, 0.149, 0.155, 0.155, 0.146, 0.135, 0.136, 0.995]]"
0.1436,0.0722,0.05,0.4478,0.2893,9.3765,"[-0.102, 0.353, 0.672, 1.219, 1.534, 1.109, 0.385, 0.214, -0.45, -0.935, -1.152, -1.149, -0.687, -0.393, -0.102, 0.378, 1.025, 1.24, 1.009, 0.54, 0.704, 0.14, -1.103, -0.635, -1.19, -1.027, -0.51, 0.06, 0.41, 0.7, 0.647, 0.634, 1.28, 1.101, 0.112, -0.266, -0.812, -1.156, -0.874, -0.99, -0.792, 0.388, -0.121, 0.841, 0.766, 1.104, 1.065, 0.915, 0.172, -0.368, -0.805, -1.315, -0.985, -0.939, -0.563, -0.216, 0.267, 1.059, 1.316, 1.495, 1.084, 0.978, 0.055, -0.404, -0.496, -0.864, -1.21, -1.231, -0.657, -0.291, 0.822, 1.013, 0.896, 0.871, 0.754, 0.432, 0.038, -0.15, -1.092, -0.527, -1.362, -1.277, -0.115, 0.29, 0.42, 0.971, 1.211, 1.153, 0.577, -0.119, -0.211, -0.047, -0.437, -1.184, -1.349, -0.807, -0.355, 0.19, -0.095, 1.715]","[[1.0, 0.163, 0.142, 0.125, 0.179, 0.156, 0.193, 0.119], [0.163, 1.0, 0.058, 0.113, 0.161, 0.122, 0.156, 0.195], [0.142, 0.058, 0.979, 0.13, 0.147, 0.136, 0.131, 0.135], [0.125, 0.113, 0.13, 0.986, 0.176, 0.105, 0.193, 0.149], [0.179, 0.161, 0.147, 0.176, 0.966, 0.127, 0.125, 0.17], [0.156, 0.122, 0.136, 0.105, 0.127, 0.99, 0.118, 0.141], [0.193, 0.156, 0.131, 0.193, 0.125, 0.118, 0.985, 0.073], [0.119, 0.195, 0.135, 0.149, 0.17, 0.141, 0.073, 0.957]]"
0.1436,0.0722,0.1,0.4662,0.3015,8.3915,"[0.285, -0.136, 1.088, 0.423, 1.118, 1.681, 0.852, -0.965, -0.113, -0.014, 0.272, -0.862, -1.532, -0.211, 0.878, 0.478, 1.47, 0.713, 1.274, -0.422, -0.084, -0.123, -0.788, -1.62, -1.387, -0.91, -0.838, -0.323, 0.525, 0.468, 1.67, 0.646, 2.024, 1.322, 0.137, -0.343, -0.569, -0.71, -0.596, -1.715, -0.516, -1.335, 0.149, 1.431, 0.319, 0.344, 1.138, 1.398, 0.4, -1.229, -1.577, -0.996, -1.733, -0.941, -0.574, -0.443, 1.223, 1.06, 1.666, 1.601, 0.915, 0.542, 0.01, -0.013, -1.12, -0.212, -1.51, -0.863, -0.721, -0.345, 1.477, 0.603, 0.935, 0.8, 0.969, 0.521, -0.48, -0.641, -0.545, -0.586, -1.114, -0.896, -0.717, -0.291, 0.005, 0.098, 0.758, 1.571, 0.689, 0.328, -0.183, 0.121, -1.365, -0.98, -1.144, -0.842, -0.343, 0.068, 0.933, 0.911]","[[1.0, 0.212, 0.111, 0.122, 0.063, 0.105, 0.201, 0.069], [0.212, 0.84, 0.032, 0.203, 0.042, 0.151, 0.176, 0.131], [0.111, 0.032, 1.0, 0.22, 0.093, 0.035, 0.121, 0.16], [0.122, 0.203, 0.22, 0.989, 0.239, 0.135, 0.246, 0.19], [0.063, 0.042, 0.093, 0.239, 1.0, 0.178, 0.207, 0.205], [0.105, 0.151, 0.035, 0.135, 0.178, 1.0, 0.184, 0.177], [0.201, 0.176, 0.121, 0.246, 0.207, 0.184, 1.0, 0.16], [0.069, 0.131, 0.16, 0.19, 0.205, 0.177, 0.16, 1.0]]"
0.1436,0.0878,0.01,0.4329,0.267,12.1697,"[-0.066, 0.541, 1.006, 1.144, 0.909, 0.401, -0.206, -0.729, -1.159, -0.991, -0.793, -0.193, 0.347, 0.915, 1.139, 1.088, 0.636, 0.133, -0.626, -0.947, -1.137, -1.003, -0.382, 0.228, 0.607, 1.084, 1.156, 0.856, 0.376, -0.258, -0.837, -1.011, -1.019, -0.709, -0.139, 0.564, 0.926, 1.123, 0.97, 0.548, -0.089, -0.732, -0.996, -1.15, -0.77, -0.338, 0.332, 0.843, 1.179, 1.114, 0.747, 0.222, -0.326, -0.948, -1.102, -1.01, -0.553, 0.026, 0.512, 1.021, 1.187, 0.868, 0.452, -0.205, -0.781, -1.054, -1.067, -0.756, -0.171, 0.409, 0.819, 1.118, 0.945, 0.659, 0.077, -0.525, -0.982, -1.093, -1.018, -0.463, 0.088, 0.711, 1.163, 1.17, 0.85, 0.268, -0.395, -0.856, -1.073, -1.037, -0.751, -0.083, 0.427, 1.018, 1.109, 0.909, 0.549, -0.076, -0.673, -0.954]","[[0.997, 0.149, 0.143, 0.152, 0.137, 0.144, 0.148, 0.132], [0.149, 1.0, 0.141, 0.144, 0.152, 0.144, 0.151, 0.146], [0.143, 0.141, 1.0, 0.143, 0.138, 0.15, 0.151, 0.156], [0.152, 0.144, 0.143, 1.0, 0.146, 0.152, 0.142, 0.143], [0.137, 0.152, 0.138, 0.146, 0.982, 0.146, 0.159, 0.146], [0.144, 0.144, 0.15, 0.152, 0.146, 0.992, 0.14, 0.144], [0.148, 0.151, 0.151, 0.142, 0.159, 0.14, 0.994, 0.138], [0.132, 0.146, 0.156, 0.143, 0.146, 0.144, 0.138, 1.0]]"
0.1436,0.0878,0.05,0.4384,0.2664,10.5559,"[-0.251, 0.279, 1.074, 1.207, 1.087, 0.929, -0.385, -0.898, -0.69, -0.873, -0.594, -0.393, 0.658, 1.087, 1.181, 0.899, 0.673, 0.468, -0.824, -1.194, -1.3, -1.055, -0.484, 0.375, 0.826, 1.09, 1.19, 0.99, -0.121, -0.055, -1.056, -1.236, -0.981, -0.71, 0.01, 0.537, 0.893, 1.526, 1.159, 0.605, 0.093, -0.842, -0.511, -1.402, -0.843, -0.425, 0.188, 0.698, 0.92, 1.382, 0.434, 0.413, -0.288, -1.03, -1.008, -1.049, -0.854, -0.249, 0.783, 1.182, 1.198, 0.808, 0.359, -0.296, -1.208, -1.084, -0.971, -0.76, 0.22, 0.147, 0.736, 1.17, 1.096, 0.151, 0.183, -0.51, -1.536, -1.171, -1.141, -0.571, -0.175, 0.833, 1.523, 1.181, 0.277, 0.348, -0.394, -1.141, -1.041, -0.837, -0.839, -0.499, 0.02, 0.812, 1.105, 0.841, 0.338, 0.038, -0.569, -1.013]","[[0.974, 0.165, 0.071, 0.155, 0.132, 0.211, 0.136, 0.153], [0.165, 0.947, 0.098, 0.175, 0.115, 0.116, 0.158, 0.145], [0.071, 0.098, 1.0, 0.11, 0.188, 0.132, 0.17, 0.226], [0.155, 0.175, 0.11, 0.959, 0.13, 0.124, 0.121, 0.15], [0.132, 0.115, 0.188, 0.13, 0.871, 0.116, 0.092, 0.196], [0.211, 0.116, 0.132, 0.124, 0.116, 1.0, 0.166, 0.167], [0.136, 0.158, 0.17, 0.121, 0.092, 0.166, 0.986, 0.111], [0.153, 0.145, 0.226, 0.15, 0.196, 0.167, 0.111, 0.95]]"
0.1436,0.0878,0.1,0.4027,0.3547,11.4838,"[-0.532, 0.648, 1.066, 0.86, 1.566, 0.228, -1.138, -0.865, -0.852, -0.937, -0.627, 0.501, -0.181, 0.674, 1.906, 0.061, 0.619, 0.67, 0.056, -0.664, -0.8, -1.473, 0.207, -0.465, 0.14, 1.269, 0.874, 0.937, 0.515, 0.566, -0.633, -1.434, -0.728, -1.107, 0.345, 0.534, 1.166, 0.253, -0.143, -0.221, 0.793, -1.24, -0.688, -1.451, -0.991, -0.376, 1.091, 1.104, 1.306, 1.734, 0.419, 0.701, 0.0, -0.49, -1.219, -1.228, -1.014, -0.38, 0.161, 1.215, 1.023, 1.122, 0.65, -0.744, -1.316, -1.214, -1.489, -1.217, 0.626, -0.368, 1.913, 1.281, 1.528, 1.06, 0.34, 0.259, -1.547, -1.22, -1.366, -1.306, -0.171, 1.665, 0.996, 2.107, 1.86, 1.774, 0.607, 0.313, -0.966, -0.943, -0.525, -0.088, 0.598, 1.354, 0.911, 0.281, 0.69, -0.45, -0.98, -1.135]","[[1.0, 0.086, 0.102, 0.169, 0.069, 0.246, 0.253, 0.267], [0.086, 0.848, 0.164, 0.221, 0.169, 0.035, 0.088, 0.091], [0.102, 0.164, 1.0, 0.006, 0.186, 0.162, 0.126, 0.234], [0.169, 0.221, 0.006, 1.0, 0.206, 0.159, 0.146, 0.046], [0.069, 0.169, 0.186, 0.206, 0.887, 0.171, -0.037, 0.082], [0.246, 0.035, 0.162, 0.159, 0.171, 1.0, 0.148, 0.176], [0.253, 0.088, 0.126, 0.146, -0.037, 0.148, 0.892, 0.085], [0.267, 0.091, 0.234, 0.046, 0.082, 0.176, 0.085, 1.0]]"
0.1436,0.1033,0.01,0.2986,0.2841,10.9127,"[-0.006, 0.684, 1.086, 1.072, 0.625, -0.039, -0.793, -1.147, -1.04, -0.413, 0.272, 0.771, 1.044, 0.911, 0.388, -0.355, -0.913, -1.151, -0.811, -0.223, 0.469, 1.059, 1.049, 0.796, 0.15, -0.542, -1.14, -1.121, -0.69, -0.0, 0.732, 1.133, 1.069, 0.647, -0.106, -0.758, -1.084, -1.027, -0.49, 0.262, 0.885, 1.201, 1.082, 0.434, -0.354, -0.9, -1.12, -0.866, -0.21, 0.359, 1.066, 1.227, 0.846, 0.197, -0.563, -1.044, -1.079, -0.697, -0.012, 0.684, 1.133, 1.119, 0.582, -0.03, -0.654, -1.12, -0.96, -0.576, 0.189, 0.802, 1.206, 1.06, 0.416, -0.249, -0.828, -1.145, -0.904, -0.271, 0.379, 0.984, 1.245, 0.809, 0.233, -0.504, -1.043, -1.108, -0.66, -0.044, 0.668, 1.16, 1.073, 0.6, 0.041, -0.722, -1.069, -1.083, -0.532, 0.112, 0.82, 1.102]","[[0.988, 0.146, 0.142, 0.14, 0.145, 0.139, 0.151, 0.146], [0.146, 0.999, 0.16, 0.141, 0.138, 0.145, 0.142, 0.139], [0.142, 0.16, 0.997, 0.146, 0.145, 0.141, 0.13, 0.132], [0.14, 0.141, 0.146, 0.989, 0.135, 0.133, 0.144, 0.147], [0.145, 0.138, 0.145, 0.135, 0.987, 0.151, 0.128, 0.145], [0.139, 0.145, 0.141, 0.133, 0.151, 0.993, 0.14, 0.133], [0.151, 0.142, 0.13, 0.144, 0.128, 0.14, 0.999, 0.139], [0.146, 0.139, 0.132, 0.147, 0.145, 0.133, 0.139, 1.0]]"
0.1436,0.1033,0.05,0.3151,0.3066,12.2142,"[-0.377, 0.606, 0.953, 1.565, 0.458, -0.239, -1.041, -1.125, -0.946, -0.708, 0.485, 0.933, 1.354, 0.871, 0.437, -0.407, -0.575, -1.114, -0.879, -0.376, 0.336, 1.062, 1.336, 0.629, 0.175, -0.526, -0.965, -1.535, -0.942, -0.365, 0.68, 0.87, 0.948, 0.314, -0.197, -1.046, -0.934, -0.905, -0.471, 0.139, 0.34, 1.025, 0.775, 0.46, -0.176, -0.844, -0.828, -1.038, -0.437, 0.703, 1.032, 1.073, 1.279, 0.311, -0.599, -1.216, -0.782, -0.677, -0.042, 0.822, 1.308, 1.217, 0.854, 0.041, -0.609, -1.302, -0.582, -0.838, 0.268, 0.499, 1.113, 0.835, 0.455, -0.222, -1.15, -1.151, -0.563, -0.636, 0.207, 1.193, 1.157, 0.871, 0.446, -0.728, -1.165, -1.279, -0.834, 0.263, 0.208, 0.781, 0.746, 1.003, -0.201, -0.811, -1.517, -1.11, -0.334, 0.23, 0.79, 0.743]","[[1.0, 0.185, 0.151, 0.161, 0.097, 0.187, 0.191, 0.098], [0.185, 1.0, 0.072, 0.104, 0.14, 0.144, 0.145, 0.145], [0.151, 0.072, 0.951, 0.182, 0.133, 0.125, 0.185, 0.179], [0.161, 0.104, 0.182, 1.0, 0.09, 0.154, 0.179, 0.193], [0.097, 0.14, 0.133, 0.09, 0.914, 0.177, 0.102, 0.164], [0.187, 0.144, 0.125, 0.154, 0.177, 0.962, 0.068, 0.189], [0.191, 0.145, 0.185, 0.179, 0.102, 0.068, 0.962, 0.128], [0.098, 0.145, 0.179, 0.193, 0.164, 0.189, 0.128, 1.0]]"
0.1436,0.1033,0.1,0.2962,0.3634,14.3364,"[-0.179, 0.154, 0.877, 1.057, 0.278, -0.62, -0.574, -1.63, -1.78, -1.048, 0.121, 0.37, 1.027, 1.253, 0.663, -0.684, -1.591, -1.43, -0.553, 0.183, 0.642, 1.603, 1.996, 0.559, 0.887, -0.702, -0.544, -0.753, -1.699, -0.507, 0.062, 0.204, 1.512, 1.647, -0.225, -0.338, -0.381, -0.92, -0.521, 0.091, 1.119, 1.577, 1.197, 0.612, -0.356, -1.722, -0.695, -1.539, 0.025, 0.821, 0.42, 0.831, 1.878, 0.127, -1.161, -0.644, -1.5, -1.689, 0.212, 0.194, 1.248, 0.674, 0.986, 0.02, -2.042, -0.928, -1.18, 0.179, 0.388, 1.212, 0.782, 0.583, 0.408, -0.488, -0.242, -1.22, -1.523, -0.721, 0.904, 0.895, 1.027, 1.364, -0.267, -1.647, -1.461, -0.998, -0.872, -0.852, 1.141, 1.162, 1.282, 0.862, -0.697, -0.578, -0.66, -0.475, -0.19, 0.424, -0.052, 1.127]","[[0.905, 0.149, 0.17, 0.142, -0.02, 0.115, 0.08, 0.026], [0.149, 1.0, 0.175, 0.121, 0.122, 0.08, 0.055, 0.163], [0.17, 0.175, 1.0, 0.092, 0.18, 0.103, 0.155, 0.136], [0.142, 0.121, 0.092, 1.0, 0.199, 0.052, 0.191, -0.008], [-0.02, 0.122, 0.18, 0.199, 1.0, 0.179, 0.216, 0.152], [0.115, 0.08, 0.103, 0.052, 0.179, 0.957, 0.209, 0.133], [0.08, 0.055, 0.155, 0.191, 0.216, 0.209, 0.899, 0.133], [0.026, 0.163, 0.136, -0.008, 0.152, 0.133, 0.133, 1.0]]"
0.1436,0.1189,0.01,0.2098,0.2889,13.8365,"[-0.063, 0.791, 1.18, 0.905, 0.094, -0.572, -1.124, -1.021, -0.361, 0.468, 1.001, 1.077, 0.479, -0.289, -0.956, -1.037, -0.67, 0.111, 0.808, 1.252, 0.828, -0.011, -0.675, -1.07, -0.979, -0.236, 0.613, 1.054, 1.001, 0.404, -0.534, -1.037, -1.019, -0.51, 0.296, 0.936, 1.165, 0.62, -0.115, -0.864, -1.087, -0.841, -0.073, 0.679, 1.157, 0.904, 0.179, -0.638, -1.075, -1.072, -0.442, 0.488, 1.033, 1.133, 0.533, -0.277, -0.949, -1.058, -0.632, 0.161, 0.818, 1.094, 0.866, 0.141, -0.665, -1.132, -0.903, -0.208, 0.586, 1.104, 1.033, 0.374, -0.455, -1.066, -1.172, -0.565, 0.251, 0.982, 1.194, 0.783, -0.009, -0.872, -1.215, -0.798, -0.027, 0.782, 1.153, 0.853, 0.287, -0.53, -1.025, -0.967, -0.39, 0.369, 0.969, 1.126, 0.553, -0.156, -1.015, -1.106]","[[0.979, 0.13, 0.138, 0.15, 0.148, 0.147, 0.143, 0.137], [0.13, 1.0, 0.139, 0.131, 0.142, 0.136, 0.145, 0.136], [0.138, 0.139, 0.988, 0.147, 0.159, 0.147, 0.143, 0.14], [0.15, 0.131, 0.147, 1.0, 0.151, 0.139, 0.149, 0.146], [0.148, 0.142, 0.159, 0.151, 1.0, 0.144, 0.149, 0.148], [0.147, 0.136, 0.147, 0.139, 0.144, 0.99, 0.147, 0.152], [0.143, 0.145, 0.143, 0.149, 0.149, 0.147, 1.0, 0.144], [0.137, 0.136, 0.14, 0.146, 0.148, 0.152, 0.144, 0.992]]"
0.1436,0.1189,0.05,0.1868,0.3619,13.3906,"[0.149, 0.819, 0.996, 1.014, 0.195, -0.791, -1.158, -0.641, -0.001, 0.534, 1.075, 0.711, 0.938, -0.064, -0.794, -1.687, -0.649, 0.119, 1.052, 1.029, 0.737, 0.179, -0.953, -1.282, -0.863, 0.136, 0.822, 1.377, 1.022, 0.742, -0.9, -0.546, -0.539, -0.416, 0.508, 0.96, 1.071, 0.526, -0.14, -0.727, -1.038, -0.315, -0.023, 0.369, 1.547, 0.62, 0.082, -0.531, -0.997, -1.379, -0.578, 0.073, 1.197, 1.381, 0.245, -0.028, -0.724, -1.292, -1.193, -0.164, 0.701, 1.529, 0.799, -0.18, -0.686, -1.456, -0.811, -0.49, 0.371, 1.189, 1.465, 0.963, -0.681, -1.181, -0.964, -0.28, -0.288, 0.965, 1.01, 0.236, -0.414, -0.976, -1.129, -0.592, -0.007, 0.941, 1.136, 0.776, 0.223, -0.384, -0.83, -1.075, -0.668, 0.483, 1.14, 1.408, 0.423, -0.397, -0.741, -1.236]","[[1.0, 0.114, 0.175, 0.145, 0.197, 0.123, 0.142, 0.105], [0.114, 1.0, 0.148, 0.12, 0.14, 0.189, 0.097, 0.251], [0.175, 0.148, 1.0, 0.204, 0.11, 0.163, 0.113, 0.173], [0.145, 0.12, 0.204, 0.999, 0.132, 0.174, 0.193, 0.139], [0.197, 0.14, 0.11, 0.132, 1.0, 0.17, 0.215, 0.142], [0.123, 0.189, 0.163, 0.174, 0.17, 0.972, 0.181, 0.111], [0.142, 0.097, 0.113, 0.193, 0.215, 0.181, 1.0, 0.126], [0.105, 0.251, 0.173, 0.139, 0.142, 0.111, 0.126, 1.0]]"
0.1436,0.1189,0.1,0.2463,0.2645,14.5201,"[0.155, 0.606, 0.413, 1.962, 0.294, -0.411, -1.325, -1.775, -0.387, 0.325, 1.415, 1.522, 0.891, 0.171, -0.081, -0.924, -0.11, 0.398, -0.069, 1.065, 0.361, 0.14, -1.155, -0.835, -0.42, 0.403, 1.429, 0.27, 0.406, 1.832, 0.04, -0.939, -1.061, -0.558, -0.667, 0.584, 1.067, 0.321, -0.42, 0.414, -1.269, -0.672, 0.073, 1.036, 0.897, 1.549, 0.444, -1.243, -1.155, -1.103, -0.5, 0.698, 1.359, 1.343, 0.72, -0.234, -2.033, -0.739, -0.454, -0.389, 0.99, 1.467, 1.414, 0.327, -0.562, -0.659, -1.092, -0.04, 0.268, 1.65, 0.223, 0.822, -0.412, -0.549, -1.483, -0.527, 0.284, 1.161, 0.608, 1.035, -1.003, -1.168, -1.925, -0.43, 0.104, 0.932, 1.866, 0.795, 0.574, -0.525, -1.131, -0.385, 0.605, 0.183, 1.438, 1.259, 0.758, -0.106, -1.096, -2.927]","[[0.978, 0.037, 0.145, 0.035, 0.158, 0.101, 0.129, 0.14], [0.037, 0.919, 0.128, 0.152, 0.14, 0.038, 0.179, 0.181], [0.145, 0.128, 1.0, 0.292, 0.134, -0.006, 0.15, 0.225], [0.035, 0.152, 0.292, 0.914, 0.295, 0.088, 0.177, 0.128], [0.158, 0.14, 0.134, 0.295, 0.999, 0.368, 0.226, 0.111], [0.101, 0.038, -0.006, 0.088, 0.368, 1.0, 0.071, 0.177], [0.129, 0.179, 0.15, 0.177, 0.226, 0.071, 1.0, 0.237], [0.14, 0.181, 0.225, 0.128, 0.111, 0.177, 0.237, 0.874]]"
0.1436,0.1344,0.01,0.089,0.3895,16.5826,"[0.018, 0.816, 1.27, 0.715, -0.255, -1.071, -1.121, -0.376, 0.455, 1.041, 0.949, 0.158, -0.728, -1.166, -0.725, 0.076, 0.961, 1.126, 0.581, -0.325, -1.083, -1.057, -0.384, 0.525, 1.123, 0.871, -0.022, -0.877, -1.063, -0.635, 0.175, 0.972, 1.103, 0.412, -0.535, -1.116, -0.911, -0.124, 0.686, 1.166, 0.794, -0.138, -0.926, -1.185, -0.521, 0.431, 1.027, 1.006, 0.383, -0.538, -1.182, -0.904, -0.067, 0.773, 1.161, 0.669, -0.233, -0.983, -1.167, -0.575, 0.511, 1.053, 1.089, 0.313, -0.723, -1.024, -0.77, 0.024, 0.762, 1.162, 0.608, -0.301, -1.046, -1.108, -0.382, 0.607, 1.103, 0.898, 0.02, -0.784, -1.199, -0.683, 0.138, 0.947, 1.21, 0.486, -0.458, -1.051, -1.088, -0.183, 0.722, 1.164, 0.67, -0.037, -0.935, -1.076, -0.58, 0.312, 0.961, 1.138]","[[1.0, 0.149, 0.144, 0.148, 0.132, 0.151, 0.144, 0.149], [0.149, 1.0, 0.146, 0.137, 0.144, 0.137, 0.154, 0.143], [0.144, 0.146, 1.0, 0.149, 0.147, 0.151, 0.15, 0.133], [0.148, 0.137, 0.149, 1.0, 0.127, 0.134, 0.14, 0.14], [0.132, 0.144, 0.147, 0.127, 0.99, 0.143, 0.149, 0.138], [0.151, 0.137, 0.151, 0.134, 0.143, 1.0, 0.143, 0.139], [0.144, 0.154, 0.15, 0.14, 0.149, 0.143, 0.996, 0.136], [0.149, 0.143, 0.133, 0.14, 0.138, 0.139, 0.136, 1.0]]"
0.1436,0.1344,0.05,0.0763,0.3435,15.3221,"[0.302, 1.092, 1.203, 0.802, -0.244, -1.286, -1.298, -0.565, 0.873, 1.377, 0.678, 0.165, -0.848, -1.182, -0.905, 0.471, 0.925, 1.169, 0.607, -0.641, -1.033, -0.759, 0.068, 0.339, 0.752, 0.892, 0.309, -0.744, -0.969, -1.019, 0.095, 0.445, 1.047, -0.098, -0.161, -0.711, -0.93, -0.561, 0.817, 1.607, 0.913, 0.209, -1.032, -1.34, -0.596, -0.128, 1.614, 1.073, 0.547, -0.715, -1.512, -0.54, -0.345, 0.899, 1.252, 0.723, -0.403, -1.016, -1.33, -0.27, 0.608, 1.085, 0.84, 0.741, -1.023, -1.527, -0.838, -0.009, 1.166, 1.289, 0.613, -0.198, -0.914, -0.525, -0.298, 0.402, 1.17, 0.261, 0.088, -0.515, -0.992, -0.654, 0.337, 1.237, 1.458, 0.613, -0.515, -1.658, -0.754, -0.117, 0.71, 0.966, 1.08, -0.088, -0.88, -1.147, -0.52, 0.005, 1.161, 0.883]","[[1.0, 0.151, 0.076, 0.172, 0.128, 0.169, 0.171, 0.176], [0.151, 1.0, 0.18, 0.147, 0.062, 0.172, 0.163, 0.139], [0.076, 0.18, 0.985, 0.152, 0.162, 0.11, 0.163, 0.14], [0.172, 0.147, 0.152, 1.0, 0.151, 0.192, 0.144, 0.146], [0.128, 0.062, 0.162, 0.151, 1.0, 0.147, 0.179, 0.091], [0.169, 0.172, 0.11, 0.192, 0.147, 1.0, 0.182, 0.231], [0.171, 0.163, 0.163, 0.144, 0.179, 0.182, 1.0, 0.185], [0.176, 0.139, 0.14, 0.146, 0.091, 0.231, 0.185, 0.995]]"
0.1436,0.1344,0.1,0.1281,0.3047,14.8631,"[0.861, 0.204, 1.067, 1.653, -0.341, 0.214, -0.679, 0.239, 1.19, 1.109, 0.704, 0.094, -1.241, -1.177, -0.773, 0.964, 1.227, 2.297, -0.529, -0.992, -1.238, -0.278, -0.355, -0.108, 1.009, 0.277, -0.665, 0.166, -1.315, -0.592, 0.191, 0.869, 0.662, 0.288, -0.326, -0.39, -0.492, -0.792, 1.217, 1.38, 0.482, 0.003, -0.625, -1.098, -0.339, -0.078, 2.044, 0.074, 0.619, -0.416, -0.805, -1.25, 0.521, 0.758, 0.548, 0.157, -0.144, -1.776, -0.192, 0.052, 1.379, 1.951, 0.806, -0.22, -2.037, -1.344, 0.066, -0.358, 0.786, 0.85, 0.794, 0.32, -1.804, -1.725, 0.382, 0.938, 0.991, 1.769, -0.587, -0.323, -1.177, -0.426, -1.019, 0.831, 1.47, 0.47, 0.192, -0.469, -1.478, 0.166, 0.176, 1.165, 1.167, -0.442, -0.477, -1.385, -0.923, 0.645, 0.603, 0.62]","[[1.0, 0.164, 0.071, 0.059, 0.179, 0.135, 0.093, 0.206], [0.164, 0.921, 0.211, 0.194, 0.218, 0.167, 0.068, 0.17], [0.071, 0.211, 0.874, 0.071, 0.1, 0.201, 0.128, 0.033], [0.059, 0.194, 0.071, 1.0, 0.206, 0.038, 0.068, 0.17], [0.179, 0.218, 0.1, 0.206, 1.0, 0.068, 0.265, 0.233], [0.135, 0.167, 0.201, 0.038, 0.068, 0.972, 0.091, 0.126], [0.093, 0.068, 0.128, 0.068, 0.265, 0.091, 1.0, 0.149], [0.206, 0.17, 0.033, 0.17, 0.233, 0.126, 0.149, 0.69]]"
0.1436,0.15,0.01,0.0755,0.3525,18.5278,"[-0.062, 0.951, 1.148, 0.39, -0.676, -1.047, -0.622, 0.334, 1.197, 0.87, -0.074, -0.946, -1.126, -0.372, 0.712, 1.142, 0.672, -0.35, -1.203, -1.001, -0.019, 0.883, 1.076, 0.424, -0.676, -1.21, -0.712, 0.439, 1.164, 0.955, -0.078, -0.91, -1.068, -0.352, 0.644, 1.126, 0.64, -0.411, -1.019, -0.881, -0.014, 0.943, 1.107, 0.471, -0.629, -1.102, -0.67, 0.332, 1.157, 0.958, -0.041, -0.903, -1.046, -0.458, 0.626, 1.162, 0.576, -0.442, -1.101, -0.901, 0.027, 1.004, 1.092, 0.335, -0.738, -1.163, -0.637, 0.391, 1.101, 0.953, 0.064, -0.921, -1.019, -0.39, 0.669, 1.12, 0.712, -0.404, -1.104, -1.018, 0.03, 0.988, 1.133, 0.394, -0.63, -1.109, -0.641, 0.387, 1.055, 0.915, 0.004, -0.942, -1.166, -0.415, 0.684, 1.189, 0.673, -0.215, -1.134, -0.903]","[[1.0, 0.145, 0.162, 0.146, 0.146, 0.146, 0.134, 0.157], [0.145, 1.0, 0.142, 0.132, 0.163, 0.144, 0.14, 0.15], [0.162, 0.142, 0.999, 0.15, 0.137, 0.141, 0.149, 0.142], [0.146, 0.132, 0.15, 0.98, 0.15, 0.158, 0.159, 0.15], [0.146, 0.163, 0.137, 0.15, 1.0, 0.143, 0.149, 0.149], [0.146, 0.144, 0.141, 0.158, 0.143, 1.0, 0.148, 0.133], [0.134, 0.14, 0.149, 0.159, 0.149, 0.148, 0.994, 0.146], [0.157, 0.15, 0.142, 0.15, 0.149, 0.133, 0.146, 0.996]]"
0.1436,0.15,0.05,0.059,0.3226,17.9229,"[0.425, 0.592, 1.167, 0.307, -1.166, -0.979, -1.153, 0.28, 1.364, 0.793, -0.226, -0.725, -1.15, -0.455, 0.991, 0.852, 0.557, -0.137, -1.396, -0.481, -0.054, 1.144, 1.306, 0.315, -0.792, -1.154, -0.494, 0.107, 0.787, 1.296, -0.184, -0.837, -1.138, -0.393, 1.03, 1.122, 0.583, -0.421, -1.214, -1.093, -0.125, 1.341, 1.266, 0.267, -0.427, -1.54, -0.328, 0.677, 1.647, 1.178, 0.109, -0.602, -1.244, -0.452, 0.656, 1.486, 0.458, -0.594, -1.029, -0.746, -0.176, 1.093, 1.43, 0.654, -0.584, -1.166, -0.238, 0.357, 1.323, 1.415, 0.209, -1.174, -1.397, -0.428, 0.85, 1.255, 1.224, -0.245, -1.17, -1.209, 0.295, 0.924, 0.711, 0.359, -0.921, -1.25, -0.671, 0.127, 0.966, 0.739, -0.179, -1.177, -1.208, -0.577, 0.819, 1.194, 0.971, 0.118, -0.918, -0.813]","[[0.999, 0.054, 0.156, 0.136, 0.143, 0.201, 0.122, 0.225], [0.054, 1.0, 0.105, 0.167, 0.17, 0.172, 0.184, 0.14], [0.156, 0.105, 0.898, 0.139, 0.127, 0.159, 0.164, 0.149], [0.136, 0.167, 0.139, 0.919, 0.16, 0.173, 0.166, 0.173], [0.143, 0.17, 0.127, 0.16, 0.986, 0.087, 0.196, 0.136], [0.201, 0.172, 0.159, 0.173, 0.087, 0.968, 0.121, 0.106], [0.122, 0.184, 0.164, 0.166, 0.196, 0.121, 1.0, 0.145], [0.225, 0.14, 0.149, 0.173, 0.136, 0.106, 0.145, 0.95]]"
0.1436,0.15,0.1,0.0254,0.3208,19.8605,"[0.251, 0.455, 1.176, 1.021, -0.479, -1.324, -0.402, -0.35, 0.668, 0.71, 0.393, -0.722, -0.82, -0.367, 0.278, 1.888, 0.323, -0.144, -1.144, -0.644, -0.303, 1.452, 1.777, 0.849, -0.593, -1.361, 0.739, -0.142, 1.528, 1.092, -0.031, -0.833, -1.343, -0.14, 0.831, 2.482, 1.208, -0.095, -0.8, -0.005, -0.485, 0.834, 0.134, 0.633, -0.248, -1.641, 0.045, -0.006, 0.916, 0.985, 0.797, -1.354, -0.942, 0.034, 0.956, 1.446, 1.053, -0.631, -0.244, -0.981, -0.122, 1.599, 0.772, 0.514, -1.034, 0.116, 0.482, 0.298, 1.348, 0.928, -0.174, -0.865, -1.108, -1.114, 0.804, 1.122, 0.828, -0.392, -1.268, -0.488, 0.267, 1.623, 1.335, 0.255, -0.364, -2.134, 0.38, 0.491, 2.18, 0.491, -0.559, -0.742, -0.906, -0.184, 0.765, 0.83, -0.07, -0.212, -1.729, -1.614]","[[1.0, 0.26, 0.203, 0.079, 0.212, 0.024, 0.142, 0.061], [0.26, 0.902, 0.145, 0.217, 0.131, 0.122, 0.181, 0.123], [0.203, 0.145, 0.904, 0.229, 0.141, 0.215, 0.227, 0.298], [0.079, 0.217, 0.229, 0.94, 0.067, 0.181, 0.207, 0.134], [0.212, 0.131, 0.141, 0.067, 0.988, 0.336, 0.124, 0.195], [0.024, 0.122, 0.215, 0.181, 0.336, 1.0, 0.311, 0.176], [0.142, 0.181, 0.227, 0.207, 0.124, 0.311, 1.0, 0.15], [0.061, 0.123, 0.298, 0.134, 0.195, 0.176, 0.15, 0.916]]"
0.1882,0.01,0.01,0.0584,0.34,4.4707,"[-0.011, 0.14, 0.205, 0.264, 0.294, 0.429, 0.435, 0.54, 0.623, 0.727, 0.701, 0.744, 0.883, 0.94, 0.893, 0.911, 1.069, 0.964, 0.995, 1.096, 1.135, 1.098, 1.178, 1.192, 1.162, 1.29, 1.207, 1.235, 1.094, 1.078, 1.153, 1.197, 1.025, 1.048, 0.941, 0.925, 0.925, 0.842, 0.748, 0.691, 0.604, 0.66, 0.602, 0.536, 0.392, 0.417, 0.331, 0.223, 0.141, 0.042, 0.01, 0.006, -0.092, -0.235, -0.269, -0.422, -0.401, -0.547, -0.538, -0.488, -0.727, -0.611, -0.789, -0.904, -0.955, -0.843, -0.979, -1.07, -1.085, -1.083, -1.13, -1.134, -1.078, -1.235, -1.154, -1.192, -1.211, -1.125, -1.24, -1.269, -1.119, -1.112, -1.143, -1.127, -0.907, -0.938, -0.915, -0.756, -0.762, -0.669, -0.757, -0.698, -0.542, -0.485, -0.375, -0.449, -0.26, -0.173, -0.102, -0.095]","[[0.99, 0.186, 0.183, 0.182, 0.179, 0.182, 0.203, 0.188], [0.186, 0.982, 0.194, 0.183, 0.186, 0.187, 0.195, 0.18], [0.183, 0.194, 0.999, 0.204, 0.193, 0.185, 0.191, 0.193], [0.182, 0.183, 0.204, 1.0, 0.19, 0.192, 0.201, 0.191], [0.179, 0.186, 0.193, 0.19, 1.0, 0.182, 0.183, 0.191], [0.182, 0.187, 0.185, 0.192, 0.182, 0.996, 0.183, 0.198], [0.203, 0.195, 0.191, 0.201, 0.183, 0.183, 1.0, 0.191], [0.188, 0.18, 0.193, 0.191, 0.191, 0.198, 0.191, 1.0]]"
0.1882,0.01,0.05,0.0141,0.4628,7.0283,"[-0.074, -0.428, 0.259, -0.101, 0.378, -0.017, 0.257, 0.398, 0.873, 0.503, 0.43, 0.848, 0.759, 1.064, 0.663, 1.014, 1.621, 0.981, 1.122, 0.689, 0.917, 1.266, 1.085, 1.332, 1.292, 0.859, 1.44, 0.868, 0.976, 1.208, 1.522, 0.854, 1.112, 1.08, 1.168, 1.257, 0.814, 1.119, 1.146, 1.203, 0.824, 0.676, 0.454, 0.141, 0.368, 0.395, 0.268, 0.372, -0.215, 0.029, 0.499, 0.174, 0.005, -0.125, -0.387, -0.806, -0.323, -1.118, -0.654, -0.638, -0.81, -0.215, -0.357, -0.608, -1.147, -0.481, -0.848, -1.277, -1.067, -0.865, -1.28, -1.116, -1.088, -1.454, -1.253, -1.445, -0.969, -1.406, -1.094, -1.498, -1.413, -1.4, -1.147, -0.996, -0.912, -1.404, -0.958, -1.054, -0.68, -0.824, -0.719, -0.823, -0.141, -0.827, -0.537, -0.34, -0.358, -0.414, -0.602, -0.247]","[[0.997, 0.12, 0.235, 0.169, 0.183, 0.185, 0.187, 0.208], [0.12, 0.965, 0.218, 0.221, 0.184, 0.119, 0.187, 0.194], [0.235, 0.218, 0.972, 0.134, 0.193, 0.207, 0.218, 0.229], [0.169, 0.221, 0.134, 1.0, 0.161, 0.167, 0.151, 0.147], [0.183, 0.184, 0.193, 0.161, 0.983, 0.222, 0.223, 0.197], [0.185, 0.119, 0.207, 0.167, 0.222, 1.0, 0.186, 0.155], [0.187, 0.187, 0.218, 0.151, 0.223, 0.186, 1.0, 0.141], [0.208, 0.194, 0.229, 0.147, 0.197, 0.155, 0.141, 0.937]]"
0.1882,0.01,0.1,0.0609,0.3114,6.8501,"[0.798, -0.676, 0.223, 0.44, 0.474, 0.59, 0.911, 0.283, 0.616, 0.49, 1.35, 1.807, 0.216, -0.149, 1.2, 1.496, 1.982, 1.41, 1.773, 1.935, 1.862, 1.591, 0.526, 1.175, 1.336, 1.138, 1.167, 1.962, 0.789, 1.55, 1.288, 0.676, 0.537, 0.191, 1.246, 0.93, 0.503, -0.072, 1.03, 0.671, 0.342, 0.155, 0.453, 0.741, 0.272, -0.227, 0.266, 0.745, 0.169, 0.109, -0.163, -0.519, -0.61, -1.054, 0.295, -0.136, -0.396, -0.358, -0.403, -1.004, -0.861, -0.994, 0.442, -0.356, -0.832, -0.278, -0.383, -1.731, -1.187, -1.113, -0.824, -1.263, -1.216, -1.409, -0.661, -1.91, -1.4, -2.101, -1.682, -0.992, -0.962, -1.261, -0.513, -0.364, -1.038, -0.836, -1.142, -0.553, -1.41, 0.141, -0.128, -1.236, -0.967, -0.295, -0.607, -0.095, -0.475, 0.54, -0.145, 1.136]","[[1.0, 0.293, 0.1, 0.11, 0.163, 0.232, 0.154, 0.208], [0.293, 1.0, 0.203, 0.216, 0.23, 0.13, 0.128, 0.231], [0.1, 0.203, 1.0, 0.263, 0.155, 0.156, 0.066, 0.225], [0.11, 0.216, 0.263, 1.0, 0.206, 0.117, 0.093, 0.174], [0.163, 0.23, 0.155, 0.206, 1.0, 0.272, 0.106, 0.084], [0.232, 0.13, 0.156, 0.117, 0.272, 1.0, 0.216, 0.204], [0.154, 0.128, 0.066, 0.093, 0.106, 0.216, 1.0, 0.148], [0.208, 0.231, 0.225, 0.174, 0.084, 0.204, 0.148, 1.0]]"
0.1882,0.0256,0.01,0.1175,0.3876,6.9405,"[-0.016, 0.131, 0.387, 0.555, 0.662, 0.884, 1.039, 1.039, 1.103, 1.141, 1.104, 1.266, 1.091, 0.99, 0.87, 0.776, 0.609, 0.548, 0.233, 0.031, -0.055, -0.277, -0.464, -0.595, -0.77, -0.913, -1.091, -1.188, -1.195, -1.241, -1.168, -1.237, -1.104, -0.998, -0.874, -0.712, -0.589, -0.432, -0.152, -0.041, 0.236, 0.335, 0.527, 0.685, 0.849, 0.94, 1.065, 1.209, 1.228, 1.241, 1.103, 1.063, 1.056, 0.98, 0.787, 0.63, 0.568, 0.354, 0.185, -0.08, -0.273, -0.382, -0.614, -0.788, -0.94, -1.033, -1.052, -1.23, -1.153, -1.219, -1.163, -1.099, -1.014, -0.903, -0.773, -0.623, -0.356, -0.238, -0.056, 0.108, 0.307, 0.474, 0.71, 0.782, 0.834, 1.052, 1.111, 1.142, 1.234, 1.038, 1.209, 1.11, 0.925, 0.809, 0.71, 0.547, 0.312, 0.076, 0.073, -0.175]","[[1.0, 0.174, 0.186, 0.185, 0.186, 0.187, 0.177, 0.173], [0.174, 1.0, 0.19, 0.192, 0.179, 0.189, 0.192, 0.189], [0.186, 0.19, 0.989, 0.181, 0.19, 0.179, 0.186, 0.189], [0.185, 0.192, 0.181, 1.0, 0.176, 0.196, 0.19, 0.189], [0.186, 0.179, 0.19, 0.176, 1.0, 0.197, 0.181, 0.194], [0.187, 0.189, 0.179, 0.196, 0.197, 0.983, 0.185, 0.189], [0.177, 0.192, 0.186, 0.19, 0.181, 0.185, 0.989, 0.186], [0.173, 0.189, 0.189, 0.189, 0.194, 0.189, 0.186, 0.979]]"
0.1882,0.0256,0.05,0.0602,0.3713,5.6744,"[-0.499, 0.11, 0.445, 0.492, 0.496, 0.795, 0.894, 1.266, 1.321, 1.04, 1.175, 1.235, 1.22, 1.446, 0.919, 1.087, 0.354, 0.316, -0.238, 0.146, 0.079, -0.91, -0.406, -0.472, -0.64, -1.209, -0.827, -1.102, -1.013, -1.218, -1.086, -0.869, -1.133, -0.919, -0.559, -0.765, -0.854, -0.23, 0.144, 0.297, 0.344, -0.235, 0.369, 0.546, 0.848, 1.383, 0.79, 1.693, 1.08, 0.996, 1.381, 1.353, 1.208, 0.749, 0.939, 0.406, 0.299, 0.296, -0.073, 0.205, -0.392, -0.485, -0.821, -0.498, -1.061, -0.722, -0.828, -1.266, -1.177, -1.302, -1.016, -1.141, -1.108, -0.877, -1.147, -0.613, -0.26, -0.204, 0.188, 0.046, 0.213, 0.227, 0.57, 1.311, 1.015, 0.903, 0.873, 0.772, 0.981, 1.364, 1.023, 0.817, 0.744, 0.994, 0.665, 0.364, 0.266, 0.709, 0.272, 0.145]","[[1.0, 0.218, 0.177, 0.187, 0.192, 0.22, 0.218, 0.201], [0.218, 1.0, 0.175, 0.194, 0.219, 0.167, 0.199, 0.218], [0.177, 0.175, 1.0, 0.181, 0.2, 0.181, 0.224, 0.192], [0.187, 0.194, 0.181, 1.0, 0.147, 0.228, 0.229, 0.239], [0.192, 0.219, 0.2, 0.147, 1.0, 0.139, 0.141, 0.229], [0.22, 0.167, 0.181, 0.228, 0.139, 0.878, 0.172, 0.196], [0.218, 0.199, 0.224, 0.229, 0.141, 0.172, 0.989, 0.223], [0.201, 0.218, 0.192, 0.239, 0.229, 0.196, 0.223, 0.953]]"
0.1882,0.0256,0.1,0.1365,0.3451,6.9554,"[0.447, 0.754, 0.128, 0.844, 0.852, 1.05, 1.382, 1.331, 1.07, 1.595, 1.743, 0.888, 1.113, 0.149, 1.218, 1.407, 0.515, 0.542, 0.185, -0.084, 0.033, -0.663, -0.57, -1.075, -0.482, -0.791, -1.236, -1.086, -1.271, -0.614, -1.402, -0.829, -1.435, -0.583, -0.353, -0.189, 0.163, -0.252, 0.404, 0.787, -0.396, 0.05, -0.22, 1.222, 0.083, 0.071, 0.512, 0.263, 1.312, 0.646, 0.325, 1.101, 1.054, 0.006, 0.457, 0.627, 0.32, 0.155, 0.722, 1.015, -0.404, -1.091, -0.719, -0.66, -0.921, -0.702, 0.011, -2.011, -1.438, -0.413, -1.414, -0.697, -0.688, -0.27, 0.206, -0.428, -1.295, -0.589, 1.043, -0.566, 0.576, -0.751, -0.004, 1.263, 0.964, 0.861, 0.718, 0.173, 1.535, 1.033, 0.369, 1.072, 1.247, 0.731, 0.743, 0.54, -0.01, 0.184, 0.334, 0.295]","[[1.0, 0.163, 0.168, 0.246, 0.163, 0.017, 0.249, 0.282], [0.163, 0.976, 0.218, 0.166, 0.207, 0.11, 0.021, 0.287], [0.168, 0.218, 0.997, 0.166, 0.141, 0.098, 0.19, 0.174], [0.246, 0.166, 0.166, 1.0, 0.126, 0.193, 0.25, 0.039], [0.163, 0.207, 0.141, 0.126, 1.0, 0.149, 0.034, 0.257], [0.017, 0.11, 0.098, 0.193, 0.149, 1.0, 0.135, 0.276], [0.249, 0.021, 0.19, 0.25, 0.034, 0.135, 0.926, 0.274], [0.282, 0.287, 0.174, 0.039, 0.257, 0.276, 0.274, 0.946]]"
0.1882,0.0411,0.01,0.1971,0.2438,9.1566,"[-0.002, 0.32, 0.586, 0.874, 1.037, 1.168, 1.274, 1.196, 1.132, 0.833, 0.55, 0.344, 0.038, -0.182, -0.6, -0.799, -0.974, -1.122, -1.194, -1.148, -1.014, -0.823, -0.67, -0.439, -0.023, 0.152, 0.588, 0.825, 1.041, 1.145, 1.076, 1.122, 1.104, 0.897, 0.696, 0.476, 0.14, -0.218, -0.408, -0.693, -0.949, -1.057, -1.171, -1.114, -1.1, -0.895, -0.845, -0.468, -0.218, 0.065, 0.464, 0.723, 0.805, 1.107, 1.197, 1.149, 1.083, 0.91, 0.772, 0.527, 0.287, -0.045, -0.412, -0.625, -0.885, -1.096, -1.236, -1.156, -1.118, -0.988, -0.862, -0.571, -0.364, -0.041, 0.313, 0.607, 0.756, 0.972, 1.126, 1.236, 1.112, 1.048, 0.873, 0.61, 0.357, -0.026, -0.296, -0.479, -0.726, -0.957, -1.075, -1.278, -1.211, -1.08, -0.773, -0.68, -0.354, -0.072, 0.232, 0.505]","[[0.994, 0.177, 0.177, 0.189, 0.183, 0.196, 0.182, 0.189], [0.177, 1.0, 0.186, 0.191, 0.2, 0.192, 0.187, 0.194], [0.177, 0.186, 1.0, 0.199, 0.17, 0.183, 0.201, 0.182], [0.189, 0.191, 0.199, 1.0, 0.194, 0.194, 0.185, 0.194], [0.183, 0.2, 0.17, 0.194, 0.994, 0.185, 0.193, 0.191], [0.196, 0.192, 0.183, 0.194, 0.185, 0.968, 0.189, 0.19], [0.182, 0.187, 0.201, 0.185, 0.193, 0.189, 1.0, 0.182], [0.189, 0.194, 0.182, 0.194, 0.191, 0.19, 0.182, 0.998]]"
0.1882,0.0411,0.05,0.245,0.373,9.5612,"[-0.266, 0.444, 0.769, 0.763, 0.838, 1.291, 1.155, 1.511, 1.488, 1.116, 0.688, 0.808, 0.11, -0.375, -0.712, -0.971, -0.996, -1.012, -1.54, -1.278, -1.015, -0.739, -0.678, -0.337, -0.409, -0.022, 0.483, 0.885, 1.024, 0.899, 1.123, 1.552, 1.225, 0.891, 0.455, 0.267, 0.151, -0.088, -0.311, -0.621, -1.029, -1.22, -0.664, -1.32, -1.431, -1.371, -0.839, -0.256, -0.342, 0.477, 0.405, 0.956, 0.715, 0.886, 1.19, 1.306, 1.08, 1.063, 0.936, 0.181, 0.162, -0.188, -0.477, -0.535, -0.998, -1.55, -1.216, -1.454, -1.016, -0.815, -1.369, -0.773, -0.207, -0.344, 0.507, 0.856, 0.797, 0.831, 0.567, 1.392, 1.654, 1.49, 0.812, 0.349, 0.553, 0.01, -0.144, -0.475, -0.778, -0.742, -0.864, -1.317, -1.395, -1.689, -0.981, -0.938, -0.286, -0.175, 0.158, 0.709]","[[1.0, 0.207, 0.192, 0.236, 0.135, 0.17, 0.237, 0.225], [0.207, 1.0, 0.241, 0.274, 0.207, 0.163, 0.167, 0.16], [0.192, 0.241, 0.906, 0.172, 0.217, 0.111, 0.151, 0.191], [0.236, 0.274, 0.172, 1.0, 0.188, 0.219, 0.167, 0.223], [0.135, 0.207, 0.217, 0.188, 0.887, 0.204, 0.221, 0.228], [0.17, 0.163, 0.111, 0.219, 0.204, 0.989, 0.227, 0.208], [0.237, 0.167, 0.151, 0.167, 0.221, 0.227, 0.937, 0.195], [0.225, 0.16, 0.191, 0.223, 0.228, 0.208, 0.195, 0.976]]"
0.1882,0.0411,0.1,0.2623,0.3816,9.4315,"[-0.565, 0.498, 1.403, 0.63, 1.446, 0.724, 1.199, 0.574, 1.051, 0.808, 0.934, 1.24, -0.145, -1.255, -0.644, -0.645, -0.893, -1.206, -0.442, -1.097, -1.12, -1.288, -1.545, -0.234, 0.023, -0.323, 0.476, 0.685, 0.654, 0.714, 1.384, 1.061, 0.793, 0.5, 0.647, 0.907, 0.252, -0.276, -0.299, -0.036, -0.691, -0.962, -0.856, -1.26, -1.016, -1.206, -1.526, -0.319, -0.025, -0.036, 0.924, 0.317, 0.019, 0.723, 0.397, 1.354, 0.749, 1.482, 1.271, 0.073, -0.157, 0.209, 0.131, -1.643, -0.731, -2.148, -1.431, -0.641, 0.365, -1.136, -1.449, -0.836, -0.262, -0.327, -0.151, 0.381, 1.035, 0.94, 0.704, 0.853, 0.946, 0.541, 0.507, 0.944, 0.228, -0.835, 0.249, -0.342, -1.493, -1.181, -1.526, -0.848, -1.35, -1.101, -0.989, -1.404, 0.312, 0.24, -0.159, 0.602]","[[1.0, 0.236, 0.234, 0.194, 0.039, 0.258, 0.199, 0.11], [0.236, 0.892, 0.176, 0.256, 0.194, 0.183, 0.187, 0.14], [0.234, 0.176, 1.0, 0.313, 0.208, 0.175, 0.327, 0.217], [0.194, 0.256, 0.313, 0.975, 0.256, 0.294, 0.101, 0.177], [0.039, 0.194, 0.208, 0.256, 1.0, 0.125, 0.259, 0.225], [0.258, 0.183, 0.175, 0.294, 0.125, 0.952, 0.113, 0.207], [0.199, 0.187, 0.327, 0.101, 0.259, 0.113, 0.939, 0.28], [0.11, 0.14, 0.217, 0.177, 0.225, 0.207, 0.28, 1.0]]"
0.1882,0.0567,0.01,0.3787,0.4132,9.9333,"[0.025, 0.422, 0.84, 1.136, 1.091, 1.16, 1.001, 0.697, 0.392, -0.062, -0.387, -0.776, -1.007, -1.244, -1.185, -0.997, -0.591, -0.32, 0.102, 0.494, 1.021, 1.098, 1.214, 1.065, 0.963, 0.505, 0.149, -0.259, -0.605, -0.971, -1.054, -1.162, -1.13, -0.816, -0.548, -0.154, 0.34, 0.555, 1.012, 1.115, 1.146, 1.162, 0.787, 0.508, 0.064, -0.348, -0.751, -1.031, -1.091, -1.125, -1.054, -0.81, -0.42, 0.074, 0.496, 0.823, 0.972, 1.217, 1.222, 0.998, 0.797, 0.253, -0.065, -0.557, -0.796, -1.055, -1.096, -1.112, -0.967, -0.661, -0.26, 0.148, 0.64, 0.963, 1.039, 1.19, 1.117, 0.86, 0.594, 0.247, -0.202, -0.569, -0.982, -1.136, -1.224, -1.073, -0.832, -0.458, -0.034, 0.354, 0.655, 0.922, 1.183, 1.254, 1.052, 0.719, 0.542, 0.049, -0.382, -0.816]","[[0.993, 0.185, 0.179, 0.193, 0.194, 0.187, 0.182, 0.19], [0.185, 0.996, 0.175, 0.185, 0.185, 0.191, 0.2, 0.188], [0.179, 0.175, 1.0, 0.181, 0.202, 0.187, 0.181, 0.179], [0.193, 0.185, 0.181, 1.0, 0.181, 0.185, 0.193, 0.199], [0.194, 0.185, 0.202, 0.181, 1.0, 0.187, 0.188, 0.183], [0.187, 0.191, 0.187, 0.185, 0.187, 0.992, 0.175, 0.194], [0.182, 0.2, 0.181, 0.193, 0.188, 0.175, 0.994, 0.196], [0.19, 0.188, 0.179, 0.199, 0.183, 0.194, 0.196, 0.997]]"
0.1882,0.0567,0.05,0.3398,0.3061,7.891,"[0.237, 0.449, 0.843, 0.494, 0.933, 0.933, 0.924, 0.747, 0.382, -0.003, -0.655, -0.658, -0.623, -1.272, -1.31, -1.133, -0.636, -0.403, -0.284, 0.186, 1.138, 1.425, 1.588, 1.179, 0.668, 0.485, -0.175, -0.605, -0.552, -0.796, -0.64, -1.208, -1.435, -0.897, -0.599, -0.247, 0.381, 0.374, 1.008, 1.314, 1.537, 1.142, 1.074, 0.349, -0.026, -0.03, -1.081, -1.117, -0.885, -1.224, -1.1, -0.824, -0.361, 0.296, 0.668, 0.798, 1.326, 1.264, 1.372, 0.733, 1.133, 0.375, -0.787, -0.091, -0.848, -1.184, -1.337, -1.028, -1.169, -0.781, -0.385, 0.101, 0.444, 1.113, 1.181, 1.286, 1.266, 0.876, 0.317, 0.625, -0.015, -0.233, -0.688, -1.253, -1.773, -1.393, -0.69, -0.531, -0.204, -0.304, 0.695, 0.719, 0.976, 1.391, 0.796, 0.562, 0.484, 0.243, -0.491, -0.391]","[[0.917, 0.174, 0.201, 0.167, 0.214, 0.207, 0.237, 0.206], [0.174, 1.0, 0.229, 0.2, 0.183, 0.178, 0.18, 0.224], [0.201, 0.229, 1.0, 0.209, 0.184, 0.118, 0.173, 0.174], [0.167, 0.2, 0.209, 1.0, 0.207, 0.125, 0.158, 0.159], [0.214, 0.183, 0.184, 0.207, 0.963, 0.231, 0.167, 0.199], [0.207, 0.178, 0.118, 0.125, 0.231, 0.98, 0.161, 0.174], [0.237, 0.18, 0.173, 0.158, 0.167, 0.161, 0.967, 0.156], [0.206, 0.224, 0.174, 0.159, 0.199, 0.174, 0.156, 1.0]]"
0.1882,0.0567,0.1,0.3192,0.3874,9.9567,"[-0.52, 0.467, -0.101, 1.329, 0.624, 1.751, -0.219, 1.556, -0.476, -0.675, -0.334, -0.522, -1.217, -0.738, -1.543, -1.161, -0.809, -0.541, -0.818, 0.538, 0.825, 1.644, 0.545, 0.802, 1.517, 0.741, 0.473, 0.004, -0.387, -0.021, -1.084, -1.693, -0.776, -1.149, -0.583, 0.061, -0.115, 0.423, 1.214, 0.877, 1.668, 0.571, 0.319, 1.413, -0.715, -0.381, 0.188, -1.031, -0.494, -0.845, -1.033, -0.823, -1.45, -0.135, 0.554, 0.911, 2.286, 1.319, 1.472, 1.572, 0.969, 0.277, -0.14, -0.681, -0.627, -1.171, -0.873, -1.642, -0.873, 0.139, -0.359, 1.095, 0.654, 0.871, 1.172, 1.032, 0.123, 1.34, 1.669, 0.414, 0.024, -0.728, -0.368, -1.157, -1.052, -1.868, -1.114, -0.322, 0.354, 0.787, -0.091, 0.251, 1.449, 0.805, 1.5, -0.02, 0.388, 0.008, -0.151, -1.273]","[[1.0, 0.175, 0.173, 0.191, 0.237, 0.272, 0.043, 0.242], [0.175, 1.0, 0.173, 0.155, 0.213, 0.194, 0.179, 0.238], [0.173, 0.173, 1.0, 0.161, 0.25, 0.205, 0.151, 0.104], [0.191, 0.155, 0.161, 0.969, 0.049, 0.173, 0.186, 0.192], [0.237, 0.213, 0.25, 0.049, 1.0, 0.292, 0.159, 0.185], [0.272, 0.194, 0.205, 0.173, 0.292, 0.996, 0.034, 0.175], [0.043, 0.179, 0.151, 0.186, 0.159, 0.034, 0.951, 0.182], [0.242, 0.238, 0.104, 0.192, 0.185, 0.175, 0.182, 1.0]]"
0.1882,0.0722,0.01,0.5139,0.3491,12.1763,"[0.086, 0.534, 0.99, 1.164, 1.102, 0.876, 0.427, -0.031, -0.497, -0.953, -1.186, -1.182, -0.865, -0.507, 0.026, 0.639, 0.971, 1.162, 1.122, 0.891, 0.415, -0.161, -0.665, -1.017, -1.167, -1.118, -0.832, -0.365, 0.164, 0.625, 1.084, 1.161, 1.108, 0.692, 0.317, -0.261, -0.747, -0.928, -1.175, -1.024, -0.721, -0.238, 0.237, 0.812, 1.11, 1.19, 1.081, 0.725, 0.25, -0.29, -0.745, -0.998, -1.248, -0.992, -0.717, -0.143, 0.311, 0.816, 1.094, 1.099, 1.116, 0.617, 0.17, -0.42, -0.892, -1.127, -1.211, -1.066, -0.631, -0.198, 0.413, 0.848, 1.006, 1.15, 1.008, 0.541, 0.108, -0.423, -0.934, -1.143, -1.129, -1.005, -0.568, 0.016, 0.44, 0.933, 1.099, 1.154, 0.959, 0.401, -0.027, -0.499, -0.925, -1.188, -1.208, -0.879, -0.499, 0.069, 0.577, 0.939]","[[1.0, 0.2, 0.187, 0.198, 0.19, 0.195, 0.188, 0.183], [0.2, 0.994, 0.197, 0.195, 0.195, 0.187, 0.177, 0.174], [0.187, 0.197, 0.998, 0.183, 0.181, 0.188, 0.18, 0.196], [0.198, 0.195, 0.183, 1.0, 0.191, 0.189, 0.19, 0.194], [0.19, 0.195, 0.181, 0.191, 0.989, 0.192, 0.181, 0.189], [0.195, 0.187, 0.188, 0.189, 0.192, 1.0, 0.191, 0.2], [0.188, 0.177, 0.18, 0.19, 0.181, 0.191, 0.988, 0.19], [0.183, 0.174, 0.196, 0.194, 0.189, 0.2, 0.19, 1.0]]"
0.1882,0.0722,0.05,0.4337,0.3026,11.607,"[-0.3, 0.068, 1.191, 0.926, 1.058, 0.757, 0.325, -0.406, -0.7, -0.799, -1.171, -1.016, -1.007, -0.219, -0.044, 0.067, 1.064, 1.368, 0.99, 1.155, 0.194, 0.043, -0.193, -0.998, -1.238, -1.143, -0.418, -0.266, 0.701, 0.734, 0.866, 1.039, 1.117, 0.285, 0.209, -0.32, -0.638, -0.564, -1.174, -1.566, -0.992, -0.222, 0.27, 1.138, 1.308, 1.421, 1.014, 1.006, 0.023, -0.045, -0.834, -1.447, -1.039, -0.7, -0.8, 0.184, -0.086, 0.496, 1.065, 1.093, 0.862, 0.698, 0.033, -0.457, -0.756, -1.283, -1.208, -1.169, -0.931, 0.067, 0.833, 1.121, 1.213, 1.016, 0.913, 0.858, -0.487, -0.536, -0.699, -1.427, -1.064, -0.867, -0.921, -0.02, 0.329, 1.014, 1.32, 1.262, 0.954, 0.593, -0.294, -0.529, -1.135, -0.904, -0.982, -0.74, -0.055, -0.041, 0.421, 0.873]","[[0.93, 0.18, 0.188, 0.172, 0.219, 0.192, 0.209, 0.214], [0.18, 0.929, 0.216, 0.13, 0.188, 0.263, 0.209, 0.176], [0.188, 0.216, 0.965, 0.149, 0.185, 0.126, 0.223, 0.167], [0.172, 0.13, 0.149, 1.0, 0.2, 0.246, 0.126, 0.168], [0.219, 0.188, 0.185, 0.2, 0.943, 0.198, 0.158, 0.185], [0.192, 0.263, 0.126, 0.246, 0.198, 1.0, 0.179, 0.15], [0.209, 0.209, 0.223, 0.126, 0.158, 0.179, 1.0, 0.234], [0.214, 0.176, 0.167, 0.168, 0.185, 0.15, 0.234, 1.0]]"
0.1882,0.0722,0.1,0.4688,0.3985,10.7527,"[-0.303, 1.11, 1.058, 1.294, 1.595, 1.245, 0.63, -0.136, 0.434, -1.328, -0.797, -1.184, -0.656, 0.172, -0.073, 0.895, 1.118, 0.856, 1.759, 1.21, 0.189, 0.428, -1.045, -1.022, -1.396, -0.741, -1.065, 0.012, 0.463, 0.477, 1.944, 0.813, 0.397, 1.223, -0.747, 0.54, -0.648, -1.763, -1.662, -1.903, -0.572, -0.951, 0.498, 0.579, 0.83, 1.443, 1.38, 1.304, -0.07, -0.302, -1.081, -1.004, -1.577, -1.261, -0.908, -0.06, 0.329, 1.048, 1.048, 0.895, 1.125, 0.206, 0.45, -0.51, -0.723, -1.007, -0.381, -0.817, -0.593, -0.47, 0.808, 0.72, 0.367, 1.079, 1.081, 0.185, 0.024, -0.481, -0.911, -0.525, -1.826, 0.056, -0.574, 0.249, 0.547, 0.047, 0.625, 0.9, 1.433, -0.171, -0.428, -0.438, -0.7, -0.941, -1.645, -1.709, -0.214, 0.758, 0.385, 0.389]","[[1.0, 0.245, 0.19, 0.072, 0.169, 0.217, 0.177, 0.248], [0.245, 0.833, 0.304, 0.225, 0.241, 0.214, 0.136, 0.308], [0.19, 0.304, 0.911, 0.258, 0.107, 0.237, 0.167, 0.167], [0.072, 0.225, 0.258, 0.891, 0.013, 0.302, 0.304, 0.077], [0.169, 0.241, 0.107, 0.013, 0.998, 0.275, 0.119, 0.248], [0.217, 0.214, 0.237, 0.302, 0.275, 1.0, 0.244, 0.228], [0.177, 0.136, 0.167, 0.304, 0.119, 0.244, 1.0, 0.113], [0.248, 0.308, 0.167, 0.077, 0.248, 0.228, 0.113, 1.0]]"
0.1882,0.0878,0.01,0.5625,0.4409,13.3735,"[-0.006, 0.599, 1.038, 1.167, 0.902, 0.421, -0.192, -0.762, -1.075, -1.139, -0.849, -0.306, 0.405, 0.915, 1.174, 1.099, 0.697, 0.072, -0.581, -1.073, -1.218, -0.947, -0.52, 0.073, 0.796, 1.069, 1.166, 0.891, 0.312, -0.459, -0.863, -1.102, -1.068, -0.825, -0.01, 0.455, 0.949, 1.227, 1.043, 0.554, -0.111, -0.625, -1.097, -1.252, -0.843, -0.356, 0.335, 0.872, 1.276, 1.112, 0.765, 0.21, -0.483, -0.931, -1.333, -1.053, -0.606, 0.018, 0.6, 1.117, 1.156, 0.951, 0.42, -0.198, -0.73, -1.132, -1.102, -0.8, -0.256, 0.407, 0.922, 1.209, 1.08, 0.611, 0.022, -0.67, -1.054, -1.186, -0.885, -0.408, 0.114, 0.767, 1.136, 1.147, 0.841, 0.27, -0.266, -0.92, -1.156, -1.225, -0.657, -0.032, 0.491, 0.991, 1.211, 1.009, 0.552, -0.122, -0.619, -1.138]","[[0.99, 0.198, 0.19, 0.163, 0.183, 0.196, 0.188, 0.187], [0.198, 0.991, 0.19, 0.189, 0.188, 0.181, 0.189, 0.174], [0.19, 0.19, 1.0, 0.182, 0.196, 0.188, 0.193, 0.184], [0.163, 0.189, 0.182, 0.997, 0.185, 0.182, 0.179, 0.198], [0.183, 0.188, 0.196, 0.185, 0.994, 0.191, 0.178, 0.18], [0.196, 0.181, 0.188, 0.182, 0.191, 1.0, 0.174, 0.204], [0.188, 0.189, 0.193, 0.179, 0.178, 0.174, 1.0, 0.204], [0.187, 0.174, 0.184, 0.198, 0.18, 0.204, 0.204, 1.0]]"
0.1882,0.0878,0.05,0.5008,0.347,11.8594,"[0.095, 0.537, 1.15, 1.411, 0.794, 0.17, -0.269, -0.976, -0.825, -1.305, -0.801, -0.009, 0.711, 0.973, 1.274, 0.831, 0.927, 0.374, -1.04, -0.592, -1.363, -0.841, -0.479, 0.126, 0.686, 0.868, 1.295, 0.795, -0.016, -0.594, -1.206, -1.3, -0.986, -0.896, 0.128, 0.491, 0.931, 1.192, 1.369, 0.208, 0.331, -0.452, -1.101, -0.878, -0.985, -0.296, 0.144, 1.085, 0.98, 1.115, 0.934, 0.436, -0.673, -0.783, -1.431, -1.587, -0.788, 0.234, 0.641, 0.938, 1.196, 0.947, 0.577, -0.626, -0.827, -1.111, -1.486, -1.152, -0.322, 0.416, 0.939, 1.042, 0.926, 0.552, 0.108, -0.283, -1.6, -1.031, -1.003, -0.344, 0.462, 0.569, 1.361, 0.845, 0.881, 0.227, -0.348, -1.147, -1.064, -0.702, -0.941, -0.044, 0.757, 0.942, 1.528, 0.9, 0.499, -0.356, -0.68, -1.104]","[[1.0, 0.254, 0.167, 0.199, 0.211, 0.213, 0.2, 0.269], [0.254, 0.946, 0.2, 0.176, 0.171, 0.179, 0.183, 0.149], [0.167, 0.2, 1.0, 0.142, 0.174, 0.141, 0.198, 0.205], [0.199, 0.176, 0.142, 1.0, 0.191, 0.22, 0.183, 0.208], [0.211, 0.171, 0.174, 0.191, 0.991, 0.236, 0.197, 0.195], [0.213, 0.179, 0.141, 0.22, 0.236, 1.0, 0.189, 0.126], [0.2, 0.183, 0.198, 0.183, 0.197, 0.189, 0.989, 0.14], [0.269, 0.149, 0.205, 0.208, 0.195, 0.126, 0.14, 1.0]]"
0.1882,0.0878,0.1,0.4903,0.4046,12.4517,"[-0.39, -0.413, 1.254, 0.748, 1.272, 0.344, -0.323, -0.757, -1.704, -1.564, -0.955, -0.827, 0.748, 0.767, 0.453, 0.806, 0.722, -0.165, -0.373, -0.746, 0.013, -0.414, -1.317, -0.039, 0.605, 1.404, 0.697, 0.601, -0.311, -0.637, -1.165, -1.325, -1.701, -0.227, 0.12, -0.204, 1.016, 0.405, 1.692, 1.358, -0.111, -1.118, -1.427, -1.401, -0.958, 0.318, 0.757, 1.329, 1.242, 0.551, 0.379, 0.204, -1.069, -0.819, -0.783, -0.776, -0.349, -0.908, 1.31, 0.288, 1.105, 1.251, 0.601, -0.862, -1.35, -0.999, -0.889, -1.361, -0.034, -0.343, 1.248, 0.739, 1.115, 0.607, 0.614, -0.473, -1.345, -1.007, 0.096, -0.106, 0.136, 0.341, 0.817, 1.499, 0.406, 0.289, 0.36, -0.824, -1.712, -0.01, 0.183, 0.159, 1.181, 0.883, 1.55, 0.796, -0.149, 1.188, -1.415, -0.956]","[[0.992, 0.206, 0.257, 0.133, 0.184, 0.099, 0.358, 0.276], [0.206, 0.938, 0.134, 0.281, 0.299, 0.117, 0.181, 0.245], [0.257, 0.134, 1.0, 0.236, 0.165, 0.312, 0.211, 0.173], [0.133, 0.281, 0.236, 1.0, 0.236, 0.075, 0.169, 0.158], [0.184, 0.299, 0.165, 0.236, 1.0, 0.253, 0.24, 0.19], [0.099, 0.117, 0.312, 0.075, 0.253, 0.996, 0.146, 0.241], [0.358, 0.181, 0.211, 0.169, 0.24, 0.146, 0.845, 0.2], [0.276, 0.245, 0.173, 0.158, 0.19, 0.241, 0.2, 0.897]]"
0.1882,0.1033,0.01,0.3599,0.467,13.6243,"[-0.073, 0.765, 1.088, 1.123, 0.654, -0.149, -0.822, -1.122, -1.093, -0.551, 0.235, 0.963, 1.266, 0.985, 0.355, -0.314, -1.059, -1.175, -0.918, -0.207, 0.553, 0.994, 1.184, 0.803, 0.134, -0.563, -1.112, -1.141, -0.69, 0.051, 0.713, 1.143, 1.058, 0.716, -0.075, -0.788, -1.163, -1.046, -0.49, 0.267, 0.964, 1.196, 1.091, 0.467, -0.346, -1.045, -1.184, -0.853, -0.334, 0.465, 1.037, 1.226, 0.83, 0.13, -0.544, -1.123, -1.249, -0.665, -0.003, 0.772, 1.174, 1.156, 0.676, -0.084, -0.751, -1.19, -1.129, -0.567, 0.263, 0.805, 1.121, 1.046, 0.417, -0.295, -0.897, -1.165, -0.978, -0.255, 0.475, 1.018, 1.181, 0.885, 0.183, -0.632, -1.038, -1.128, -0.891, -0.049, 0.745, 1.066, 1.126, 0.669, 0.033, -0.701, -1.201, -1.068, -0.457, 0.142, 0.848, 1.204]","[[0.986, 0.187, 0.194, 0.179, 0.187, 0.188, 0.187, 0.189], [0.187, 1.0, 0.183, 0.187, 0.18, 0.197, 0.18, 0.185], [0.194, 0.183, 1.0, 0.194, 0.207, 0.189, 0.185, 0.195], [0.179, 0.187, 0.194, 1.0, 0.199, 0.192, 0.183, 0.191], [0.187, 0.18, 0.207, 0.199, 0.981, 0.186, 0.188, 0.188], [0.188, 0.197, 0.189, 0.192, 0.186, 0.986, 0.192, 0.183], [0.187, 0.18, 0.185, 0.183, 0.188, 0.192, 1.0, 0.19], [0.189, 0.185, 0.195, 0.191, 0.188, 0.183, 0.19, 1.0]]"
0.1882,0.1033,0.05,0.3799,0.4911,13.1407,"[-0.243, 0.521, 0.603, 1.005, 0.882, -0.162, -0.837, -1.102, -1.304, -0.5, 0.47, 0.976, 1.43, 1.306, 0.556, -0.546, -1.062, -0.704, -0.837, -0.226, 0.268, 1.018, 1.355, 0.835, 0.019, -0.666, -0.797, -0.984, -0.605, 0.085, 0.403, 1.206, 1.381, 0.571, 0.145, -0.659, -0.96, -1.052, -0.307, -0.144, 0.891, 1.362, 1.077, 0.688, -0.383, -1.098, -1.598, -0.999, -0.166, 0.651, 0.679, 1.473, 0.605, 0.143, -0.715, -0.981, -1.133, -0.588, 0.411, 0.778, 0.986, 1.237, 1.144, 0.089, -0.54, -1.561, -0.978, -0.617, 0.028, 0.861, 1.209, 0.86, 0.485, -0.363, -0.771, -1.131, -0.852, -0.075, 0.576, 1.015, 0.66, 0.995, -0.03, -0.572, -0.982, -0.829, -0.316, -0.305, 0.329, 1.204, 1.191, 0.378, -0.054, -0.608, -1.464, -1.334, -0.733, 0.121, 1.022, 1.097]","[[0.967, 0.191, 0.248, 0.178, 0.253, 0.218, 0.151, 0.185], [0.191, 1.0, 0.163, 0.166, 0.222, 0.218, 0.137, 0.188], [0.248, 0.163, 1.0, 0.2, 0.159, 0.176, 0.148, 0.183], [0.178, 0.166, 0.2, 0.924, 0.203, 0.182, 0.162, 0.201], [0.253, 0.222, 0.159, 0.203, 1.0, 0.291, 0.228, 0.121], [0.218, 0.218, 0.176, 0.182, 0.291, 1.0, 0.117, 0.166], [0.151, 0.137, 0.148, 0.162, 0.228, 0.117, 1.0, 0.205], [0.185, 0.188, 0.183, 0.201, 0.121, 0.166, 0.205, 0.957]]"
0.1882,0.1033,0.1,0.4098,0.3685,14.55,"[0.733, 1.036, 0.59, 0.998, 1.181, -0.447, -0.388, -0.48, -0.445, -0.416, 0.873, 0.638, 2.429, 1.11, 0.964, -0.548, -0.726, -0.915, -1.38, -0.751, 0.381, 1.594, 0.26, 0.65, 0.804, -1.21, -0.468, -1.715, -1.196, -0.098, 1.635, 0.817, 0.247, -0.064, 0.367, -1.472, -0.573, -1.029, -0.544, 0.371, 0.483, 1.253, 0.407, 1.089, -0.857, -0.742, -1.705, -1.198, -0.482, 1.951, 1.022, 0.768, 0.627, -0.579, -0.654, -0.16, -0.989, -0.306, -0.505, 0.576, 1.232, 0.759, 0.858, 0.233, -0.505, -1.238, -0.53, -0.679, 0.024, 1.587, 0.628, 0.165, 0.003, -0.126, -0.305, -1.518, -0.039, -0.306, 0.38, 0.591, 2.157, 0.791, -0.468, 0.678, -0.878, -0.763, 0.064, 0.233, 1.145, 1.149, 1.497, 0.661, -0.06, -0.698, -1.355, -0.833, -0.321, 0.583, 1.169, 2.179]","[[1.0, 0.186, 0.284, 0.142, 0.186, 0.134, 0.267, 0.098], [0.186, 0.871, 0.183, 0.342, 0.218, 0.151, 0.248, 0.208], [0.284, 0.183, 0.984, 0.309, 0.012, 0.086, 0.272, 0.191], [0.142, 0.342, 0.309, 1.0, 0.124, 0.192, 0.115, 0.167], [0.186, 0.218, 0.012, 0.124, 0.77, 0.121, 0.234, 0.161], [0.134, 0.151, 0.086, 0.192, 0.121, 0.99, 0.157, 0.169], [0.267, 0.248, 0.272, 0.115, 0.234, 0.157, 1.0, 0.296], [0.098, 0.208, 0.191, 0.167, 0.161, 0.169, 0.296, 1.0]]"
0.1882,0.1189,0.01,0.2143,0.3196,15.6417,"[-0.028, 0.822, 1.237, 0.918, 0.132, -0.578, -1.122, -1.017, -0.287, 0.544, 1.099, 1.062, 0.504, -0.275, -0.986, -1.172, -0.597, 0.149, 0.965, 1.197, 0.922, 0.063, -0.787, -1.191, -0.947, -0.243, 0.575, 1.166, 1.019, 0.356, -0.488, -1.089, -1.119, -0.464, 0.345, 1.113, 1.145, 0.744, -0.152, -0.928, -1.08, -0.882, -0.161, 0.735, 1.079, 0.914, 0.188, -0.621, -1.247, -0.997, -0.5, 0.454, 1.066, 1.169, 0.59, -0.228, -1.012, -1.195, -0.704, 0.159, 0.924, 1.204, 0.872, 0.073, -0.73, -1.075, -0.988, -0.273, 0.579, 1.157, 0.962, 0.423, -0.393, -1.098, -1.126, -0.489, 0.28, 0.868, 1.105, 0.732, -0.123, -0.861, -1.203, -0.819, -0.154, 0.721, 1.184, 1.007, 0.287, -0.7, -1.126, -1.086, -0.41, 0.45, 1.073, 1.158, 0.683, -0.181, -0.952, -1.072]","[[0.996, 0.179, 0.179, 0.182, 0.183, 0.184, 0.196, 0.193], [0.179, 0.994, 0.188, 0.186, 0.184, 0.194, 0.177, 0.178], [0.179, 0.188, 1.0, 0.196, 0.186, 0.19, 0.181, 0.188], [0.182, 0.186, 0.196, 1.0, 0.194, 0.198, 0.187, 0.19], [0.183, 0.184, 0.186, 0.194, 0.986, 0.192, 0.201, 0.196], [0.184, 0.194, 0.19, 0.198, 0.192, 0.98, 0.19, 0.195], [0.196, 0.177, 0.181, 0.187, 0.201, 0.19, 1.0, 0.193], [0.193, 0.178, 0.188, 0.19, 0.196, 0.195, 0.193, 1.0]]"
0.1882,0.1189,0.05,0.2451,0.3864,16.2423,"[0.325, 0.368, 0.64, 1.222, 0.482, -0.6, -1.059, -0.81, -0.141, 0.43, 1.341, 1.024, 0.589, -0.285, -1.235, -1.348, -0.126, -0.066, 1.008, 1.331, 0.812, 0.193, -0.707, -1.4, -0.812, -0.343, 1.079, 1.258, 0.87, 0.468, -0.714, -1.028, -1.176, -0.757, 0.102, 1.616, 1.19, 0.597, -0.284, -0.782, -1.347, -1.117, -0.058, 0.76, 1.076, 0.738, 0.133, -0.74, -1.297, -0.988, 0.15, 0.793, 1.568, 0.986, 0.991, -0.231, -0.748, -1.057, -0.811, 0.288, 1.004, 0.746, 0.829, 0.293, -0.682, -1.059, -1.164, -0.191, 0.577, 1.087, 0.898, 0.658, -0.351, -1.01, -0.622, -0.476, 0.563, 1.049, 1.087, 0.48, -0.023, -1.532, -1.12, -0.799, -0.154, 0.708, 0.86, 1.336, 0.195, -0.823, -0.994, -1.051, -0.542, 0.298, 1.059, 1.479, 0.733, -0.248, -0.753, -1.172]","[[0.978, 0.166, 0.211, 0.21, 0.151, 0.185, 0.197, 0.248], [0.166, 1.0, 0.209, 0.252, 0.226, 0.236, 0.197, 0.173], [0.211, 0.209, 0.956, 0.145, 0.215, 0.159, 0.206, 0.222], [0.21, 0.252, 0.145, 1.0, 0.171, 0.185, 0.184, 0.22], [0.151, 0.226, 0.215, 0.171, 1.0, 0.207, 0.222, 0.216], [0.185, 0.236, 0.159, 0.185, 0.207, 0.949, 0.18, 0.183], [0.197, 0.197, 0.206, 0.184, 0.222, 0.18, 0.956, 0.14], [0.248, 0.173, 0.222, 0.22, 0.216, 0.183, 0.14, 1.0]]"
0.1882,0.1189,0.1,0.2271,0.3961,15.9703,"[-0.521, 0.531, 1.371, 0.822, 0.469, -1.398, -1.262, -0.694, -0.019, 0.22, 0.591, 1.218, -0.128, 0.307, -0.942, -1.511, -1.212, -0.159, 0.135, 1.434, 0.424, 0.225, -0.52, -0.7, -0.82, 0.356, 1.337, 1.28, 1.204, 0.104, -0.977, -0.451, -0.816, -0.207, 0.016, 1.82, 1.053, 0.304, -0.419, -0.114, -1.743, -1.219, 1.399, 1.241, 0.813, 0.421, -0.606, -0.574, -0.78, -0.297, -1.353, -0.202, 1.022, 2.521, 1.015, -0.101, -1.607, -2.232, -0.706, 0.058, 0.749, 0.998, 0.486, -0.414, -0.056, -1.62, -1.114, -0.275, 0.954, 0.712, 1.557, 0.14, -0.518, -0.25, -1.62, -0.234, 0.766, 1.135, 1.117, 1.807, -0.09, -0.764, -1.356, -0.802, 0.383, 0.594, 0.119, 1.246, -0.26, -0.209, -1.131, -0.607, -0.927, 0.147, 0.891, 0.401, 1.171, -1.052, -0.417, -0.967]","[[0.96, 0.182, 0.204, 0.079, 0.203, 0.109, 0.075, 0.22], [0.182, 0.915, 0.234, 0.207, 0.089, 0.16, 0.115, 0.249], [0.204, 0.234, 0.957, 0.286, 0.108, 0.173, 0.104, 0.149], [0.079, 0.207, 0.286, 1.0, 0.163, 0.095, 0.114, 0.169], [0.203, 0.089, 0.108, 0.163, 0.647, 0.142, 0.046, 0.223], [0.109, 0.16, 0.173, 0.095, 0.142, 1.0, 0.157, 0.278], [0.075, 0.115, 0.104, 0.114, 0.046, 0.157, 0.984, 0.238], [0.22, 0.249, 0.149, 0.169, 0.223, 0.278, 0.238, 1.0]]"
0.1882,0.1344,0.01,0.0803,0.4007,16.4025,"[0.084, 0.8, 1.173, 0.658, -0.215, -1.065, -1.09, -0.547, 0.467, 1.255, 0.988, 0.107, -0.764, -1.241, -0.815, 0.052, 0.927, 1.138, 0.628, -0.375, -1.07, -1.066, -0.27, 0.607, 1.139, 0.931, 0.019, -0.867, -1.191, -0.642, 0.312, 1.002, 1.037, 0.425, -0.558, -1.101, -0.957, -0.242, 0.713, 1.113, 0.832, -0.093, -0.907, -1.141, -0.571, 0.29, 1.057, 1.126, 0.316, -0.704, -1.13, -0.96, -0.013, 0.842, 1.172, 0.8, -0.28, -0.945, -1.167, -0.483, 0.492, 1.111, 0.982, 0.204, -0.776, -1.087, -0.873, 0.116, 0.977, 1.19, 0.623, -0.326, -1.046, -1.087, -0.453, 0.503, 1.239, 0.82, 0.109, -0.831, -1.179, -0.814, 0.199, 1.009, 1.282, 0.527, -0.385, -1.197, -0.986, -0.244, 0.712, 1.197, 0.957, -0.012, -0.944, -1.207, -0.617, 0.326, 0.984, 1.13]","[[0.997, 0.182, 0.199, 0.186, 0.185, 0.2, 0.179, 0.197], [0.182, 1.0, 0.182, 0.186, 0.186, 0.193, 0.18, 0.181], [0.199, 0.182, 0.986, 0.192, 0.18, 0.194, 0.186, 0.187], [0.186, 0.186, 0.192, 0.995, 0.19, 0.18, 0.182, 0.188], [0.185, 0.186, 0.18, 0.19, 0.981, 0.177, 0.191, 0.188], [0.2, 0.193, 0.194, 0.18, 0.177, 1.0, 0.188, 0.191], [0.179, 0.18, 0.186, 0.182, 0.191, 0.188, 0.995, 0.187], [0.197, 0.181, 0.187, 0.188, 0.188, 0.191, 0.187, 1.0]]"
0.1882,0.1344,0.05,0.0876,0.3823,16.9314,"[0.146, 0.204, 1.201, 0.938, -0.182, -1.152, -1.129, -0.385, 0.736, 0.797, 0.834, 0.567, -0.768, -0.806, -0.055, 0.001, 0.667, 1.092, 0.847, -0.089, -0.534, -1.073, -0.19, 0.473, 0.549, 0.9, -0.255, -0.705, -1.654, -0.89, 0.314, 1.126, 1.113, 0.927, -0.121, -1.313, -0.601, 0.251, 0.72, 1.198, 0.813, -0.252, -1.083, -0.836, -0.492, 0.229, 0.857, 0.889, 0.302, -0.394, -1.385, -0.706, -0.017, 0.879, 1.442, 0.942, -0.566, -1.287, -1.192, -0.402, 0.824, 1.149, 1.447, 0.046, -0.859, -1.262, -1.053, 0.348, 0.234, 1.046, 0.917, -0.414, -0.807, -0.543, -0.355, 0.886, 1.769, 1.052, 0.087, -0.594, -0.891, -0.767, 0.061, 1.428, 1.077, 0.819, -0.387, -0.665, -1.249, -0.468, 0.912, 0.9, 0.901, 0.362, -1.351, -1.076, -0.355, 0.297, 0.829, 1.039]","[[0.974, 0.189, 0.245, 0.222, 0.193, 0.231, 0.193, 0.2], [0.189, 0.926, 0.187, 0.183, 0.223, 0.188, 0.209, 0.15], [0.245, 0.187, 0.976, 0.205, 0.179, 0.195, 0.21, 0.173], [0.222, 0.183, 0.205, 1.0, 0.154, 0.199, 0.197, 0.166], [0.193, 0.223, 0.179, 0.154, 1.0, 0.119, 0.192, 0.159], [0.231, 0.188, 0.195, 0.199, 0.119, 0.978, 0.234, 0.236], [0.193, 0.209, 0.21, 0.197, 0.192, 0.234, 0.958, 0.16], [0.2, 0.15, 0.173, 0.166, 0.159, 0.236, 0.16, 0.956]]"
0.1882,0.1344,0.1,0.1125,0.3828,17.2885,"[0.209, 0.375, 0.908, 0.719, -0.138, -1.573, -1.043, -0.23, -0.093, 1.258, 0.627, 0.219, -0.415, -1.276, -0.344, 0.52, 1.42, 1.36, 1.123, -0.206, -1.935, -1.46, -0.417, 0.607, 1.354, 0.507, 1.038, -0.917, -1.187, -1.04, -0.255, 0.97, 1.139, 0.417, 0.314, -1.205, -1.046, 0.218, 0.665, 1.457, 0.186, -0.727, -0.885, -1.281, -1.006, 0.428, 1.193, 0.724, 0.084, -0.514, -1.681, -1.233, 0.201, 0.831, 0.947, 0.28, -0.721, -1.082, -0.122, -0.208, -0.183, 1.486, 0.641, 0.22, -1.019, -0.174, -1.416, 0.215, 0.583, 1.541, 0.776, 0.292, -0.716, -1.439, 1.083, 0.872, 0.889, 1.054, 0.415, -0.523, -0.939, -0.274, 0.616, 0.575, 2.198, 1.505, -0.052, -1.103, -1.009, -0.417, 0.601, 0.089, 1.637, 0.564, -1.743, -0.732, -0.661, 0.204, 1.307, 0.233]","[[0.863, 0.223, 0.289, 0.204, 0.261, 0.319, 0.052, 0.293], [0.223, 1.0, 0.219, 0.267, 0.132, 0.257, 0.163, 0.183], [0.289, 0.219, 0.979, 0.251, 0.086, 0.15, 0.105, 0.183], [0.204, 0.267, 0.251, 1.0, 0.192, 0.194, 0.216, 0.188], [0.261, 0.132, 0.086, 0.192, 1.0, 0.196, 0.195, 0.293], [0.319, 0.257, 0.15, 0.194, 0.196, 1.0, 0.282, 0.22], [0.052, 0.163, 0.105, 0.216, 0.195, 0.282, 0.852, 0.104], [0.293, 0.183, 0.183, 0.188, 0.293, 0.22, 0.104, 1.0]]"
0.1882,0.15,0.01,0.0986,0.5136,19.9134,"[-0.047, 0.987, 1.159, 0.356, -0.667, -1.131, -0.707, 0.3, 1.201, 1.003, 0.028, -0.996, -1.081, -0.265, 0.692, 1.193, 0.645, -0.403, -1.184, -0.955, -0.017, 0.98, 1.085, 0.359, -0.746, -1.179, -0.78, 0.375, 1.116, 0.97, -0.083, -0.929, -1.145, -0.356, 0.605, 1.126, 0.679, -0.298, -1.104, -0.955, -0.046, 0.906, 1.144, 0.402, -0.688, -1.103, -0.733, 0.376, 1.045, 0.972, 0.073, -1.013, -1.088, -0.295, 0.664, 1.212, 0.777, -0.356, -1.091, -1.05, 0.03, 0.987, 1.064, 0.319, -0.668, -1.203, -0.643, 0.383, 1.133, 0.953, 0.015, -0.921, -1.103, -0.388, 0.76, 1.221, 0.718, -0.363, -1.105, -1.053, 0.012, 1.043, 1.141, 0.371, -0.728, -1.164, -0.708, 0.433, 1.087, 0.939, -0.03, -0.87, -1.14, -0.395, 0.594, 1.143, 0.725, -0.341, -1.163, -0.991]","[[1.0, 0.192, 0.202, 0.18, 0.181, 0.188, 0.184, 0.188], [0.192, 0.999, 0.181, 0.183, 0.188, 0.19, 0.205, 0.192], [0.202, 0.181, 0.998, 0.194, 0.187, 0.177, 0.176, 0.196], [0.18, 0.183, 0.194, 0.986, 0.184, 0.192, 0.184, 0.196], [0.181, 0.188, 0.187, 0.184, 1.0, 0.203, 0.19, 0.189], [0.188, 0.19, 0.177, 0.192, 0.203, 1.0, 0.198, 0.188], [0.184, 0.205, 0.176, 0.184, 0.19, 0.198, 0.994, 0.191], [0.188, 0.192, 0.196, 0.196, 0.189, 0.188, 0.191, 0.997]]"
0.1882,0.15,0.05,-0.0184,0.3397,18.8527,"[0.63, 0.828, 1.251, -0.008, -0.665, -1.26, -0.529, 0.543, 1.484, 1.296, -0.017, -1.197, -1.337, -0.291, 0.738, 1.253, 0.565, -0.008, -1.498, -1.109, -0.269, 0.909, 1.442, 0.295, -0.673, -1.022, -0.782, 0.463, 1.193, 0.679, -0.116, -0.873, -0.809, -0.047, 1.222, 1.31, 0.595, -0.383, -1.158, -1.063, 0.096, 1.069, 0.837, 0.639, -1.158, -1.244, -0.411, 0.519, 1.041, 1.453, -0.11, -1.462, -1.017, -0.812, 0.491, 1.344, 0.583, -0.222, -1.42, -0.747, -0.423, 1.291, 1.011, 0.75, -0.909, -0.707, -0.938, -0.081, 1.141, 1.27, 0.198, -0.671, -0.927, -0.572, 0.89, 1.211, 0.521, -0.322, -1.144, -0.607, -0.129, 0.821, 0.955, 0.841, -0.859, -0.864, -0.956, 0.494, 1.196, 1.27, 0.272, -0.941, -1.264, 0.039, 0.539, 0.621, 0.234, -0.771, -0.981, -0.408]","[[1.0, 0.158, 0.172, 0.195, 0.25, 0.223, 0.218, 0.208], [0.158, 1.0, 0.186, 0.152, 0.189, 0.252, 0.144, 0.219], [0.172, 0.186, 1.0, 0.18, 0.235, 0.092, 0.082, 0.167], [0.195, 0.152, 0.18, 1.0, 0.247, 0.247, 0.204, 0.207], [0.25, 0.189, 0.235, 0.247, 1.0, 0.187, 0.164, 0.185], [0.223, 0.252, 0.092, 0.247, 0.187, 1.0, 0.181, 0.183], [0.218, 0.144, 0.082, 0.204, 0.164, 0.181, 0.992, 0.203], [0.208, 0.219, 0.167, 0.207, 0.185, 0.183, 0.203, 1.0]]"
0.1882,0.15,0.1,0.0306,0.3916,17.1802,"[0.159, 0.421, 0.195, 0.273, -0.213, -0.963, -0.577, 0.364, 1.285, 0.464, 0.39, -0.538, -1.308, -0.149, -0.16, 1.278, 0.632, 0.262, -1.229, -0.527, -0.196, -0.182, 1.017, 0.466, -0.623, -1.105, -0.952, 0.205, 0.567, -0.037, -0.053, -1.334, -0.59, -1.458, 0.844, 2.249, 0.607, -0.369, -0.917, -0.709, -0.204, 0.457, 1.456, -0.587, -0.282, -1.384, -0.697, 0.104, 1.845, 1.086, -0.161, -1.136, -1.204, 0.831, 0.04, 1.73, 0.982, 0.403, -0.815, -0.96, 0.51, 1.076, 1.508, 1.081, -0.652, -1.4, -1.02, 0.592, 0.691, 0.786, -0.484, -0.707, -1.506, -1.011, 0.143, 0.903, 0.458, -0.241, -1.211, -0.776, 0.225, 1.332, 0.176, -0.196, -0.421, -1.082, -0.21, -0.405, 0.892, 0.813, 0.083, -0.943, -0.895, -0.424, 1.385, 2.034, 0.139, -0.345, -0.731, -0.669]","[[0.998, 0.105, 0.214, 0.077, 0.14, 0.182, 0.083, 0.251], [0.105, 1.0, 0.155, 0.176, 0.12, 0.23, 0.208, 0.115], [0.214, 0.155, 1.0, 0.184, 0.063, 0.224, 0.293, 0.169], [0.077, 0.176, 0.184, 0.998, 0.238, 0.087, 0.101, 0.233], [0.14, 0.12, 0.063, 0.238, 1.0, 0.256, 0.127, 0.166], [0.182, 0.23, 0.224, 0.087, 0.256, 0.911, 0.217, 0.154], [0.083, 0.208, 0.293, 0.101, 0.127, 0.217, 1.0, 0.195], [0.251, 0.115, 0.169, 0.233, 0.166, 0.154, 0.195, 0.918]]"
0.2327,0.01,0.01,0.0322,0.4851,7.4858,"[0.018, 0.089, 0.116, 0.24, 0.249, 0.36, 0.391, 0.517, 0.554, 0.695, 0.723, 0.774, 0.932, 0.918, 0.931, 0.968, 0.982, 1.077, 1.131, 1.05, 1.104, 1.168, 1.156, 1.225, 1.239, 1.227, 1.258, 1.194, 1.209, 1.144, 1.187, 1.15, 1.055, 1.072, 1.039, 1.011, 0.966, 0.863, 0.882, 0.812, 0.688, 0.603, 0.561, 0.451, 0.464, 0.44, 0.378, 0.177, 0.194, 0.082, -0.12, -0.094, -0.177, -0.17, -0.35, -0.353, -0.459, -0.597, -0.621, -0.584, -0.733, -0.74, -0.801, -0.921, -1.014, -1.055, -0.968, -1.073, -1.202, -1.104, -1.262, -1.235, -1.207, -1.097, -1.189, -1.257, -1.229, -1.177, -1.14, -1.206, -1.183, -1.188, -1.082, -1.029, -1.138, -1.017, -1.011, -0.891, -0.906, -0.852, -0.668, -0.669, -0.597, -0.503, -0.405, -0.402, -0.326, -0.251, -0.1, -0.081]","[[1.0, 0.236, 0.245, 0.234, 0.243, 0.24, 0.227, 0.221], [0.236, 1.0, 0.223, 0.244, 0.233, 0.224, 0.224, 0.239], [0.245, 0.223, 0.996, 0.249, 0.222, 0.225, 0.239, 0.229], [0.234, 0.244, 0.249, 1.0, 0.238, 0.232, 0.235, 0.222], [0.243, 0.233, 0.222, 0.238, 0.983, 0.229, 0.227, 0.224], [0.24, 0.224, 0.225, 0.232, 0.229, 1.0, 0.242, 0.234], [0.227, 0.224, 0.239, 0.235, 0.227, 0.242, 1.0, 0.231], [0.221, 0.239, 0.229, 0.222, 0.224, 0.234, 0.231, 1.0]]"
0.2327,0.01,0.05,0.0576,0.4412,4.1394,"[0.801, -0.537, 0.231, 0.248, 0.261, 0.517, 0.491, 0.435, 0.601, 0.8, 0.84, 0.833, 0.698, 1.603, 1.04, 1.188, 0.914, 1.128, 1.161, 0.668, 0.993, 1.01, 1.061, 0.956, 1.241, 1.582, 1.263, 0.928, 0.953, 1.1, 0.818, 1.222, 1.454, 0.936, 1.06, 0.89, 0.792, 0.946, 0.678, 0.584, 0.32, 0.677, 0.861, 0.702, 0.827, 0.212, 0.519, -0.045, 0.332, 0.488, 0.125, 0.338, -0.304, -0.265, -0.535, -0.372, -0.386, -0.518, -0.712, -0.783, -0.638, -0.826, -1.132, -1.373, -1.099, -1.343, -1.25, -1.186, -1.152, -1.313, -0.625, -1.509, -0.909, -1.264, -1.395, -1.086, -1.344, -1.425, -0.763, -1.743, -1.234, -1.099, -0.763, -1.18, -0.376, -0.808, -1.542, -1.262, -0.785, -1.072, -0.588, -0.774, -0.893, -0.766, -0.241, -0.887, -0.045, 0.038, -0.237, -0.429]","[[1.0, 0.219, 0.216, 0.242, 0.243, 0.325, 0.222, 0.235], [0.219, 1.0, 0.273, 0.26, 0.242, 0.234, 0.259, 0.245], [0.216, 0.273, 0.966, 0.299, 0.194, 0.219, 0.265, 0.261], [0.242, 0.26, 0.299, 1.0, 0.259, 0.232, 0.237, 0.228], [0.243, 0.242, 0.194, 0.259, 1.0, 0.223, 0.297, 0.251], [0.325, 0.234, 0.219, 0.232, 0.223, 1.0, 0.274, 0.224], [0.222, 0.259, 0.265, 0.237, 0.297, 0.274, 0.959, 0.181], [0.235, 0.245, 0.261, 0.228, 0.251, 0.224, 0.181, 1.0]]"
0.2327,0.01,0.1,0.0224,0.6117,7.0381,"[0.679, 0.127, 1.109, 0.149, 0.322, -0.115, 0.28, -0.07, -0.179, 0.074, 0.767, 0.417, 0.594, 1.104, 0.175, 1.038, 1.465, 1.548, 1.374, 1.12, 0.861, 1.153, 2.038, 1.36, 1.177, 1.515, 1.255, 1.336, 1.088, 0.987, 1.67, 0.171, 1.355, 0.842, 0.088, 0.51, 0.932, 0.949, 1.214, 1.19, -0.049, 0.849, 0.958, 0.634, 0.705, -0.585, -0.189, 0.914, 0.015, 1.189, -0.639, 0.704, -0.46, 0.2, -0.454, -0.323, -0.156, -0.832, -0.193, -0.793, -0.636, -2.108, -1.013, -0.267, -0.602, -0.554, -1.014, -0.242, -0.971, -1.476, -0.745, -0.733, -0.896, -1.424, -1.09, -0.536, -0.992, -1.962, -1.525, -1.532, -1.55, -2.202, -0.17, -1.518, -1.443, -1.968, -0.517, -0.944, -1.019, -0.935, -0.431, -0.901, -1.588, -1.171, -1.126, -0.243, 0.158, 0.502, -0.972, 0.233]","[[1.0, 0.255, 0.256, 0.217, 0.3, 0.249, 0.362, 0.344], [0.255, 0.928, 0.223, 0.302, 0.23, 0.329, 0.309, 0.26], [0.256, 0.223, 0.889, 0.287, 0.318, 0.178, 0.174, 0.229], [0.217, 0.302, 0.287, 1.0, 0.309, 0.101, 0.16, 0.401], [0.3, 0.23, 0.318, 0.309, 1.0, 0.347, 0.359, 0.276], [0.249, 0.329, 0.178, 0.101, 0.347, 1.0, 0.288, 0.212], [0.362, 0.309, 0.174, 0.16, 0.359, 0.288, 0.954, 0.214], [0.344, 0.26, 0.229, 0.401, 0.276, 0.212, 0.214, 0.867]]"
0.2327,0.0256,0.01,0.1414,0.4453,6.6306,"[0.004, 0.244, 0.441, 0.6, 0.716, 0.847, 1.011, 1.111, 1.238, 1.199, 1.212, 1.312, 1.233, 1.028, 1.034, 0.769, 0.646, 0.478, 0.303, 0.143, -0.081, -0.251, -0.49, -0.627, -0.802, -1.014, -1.035, -1.141, -1.24, -1.252, -1.246, -1.202, -1.035, -0.922, -1.041, -0.735, -0.546, -0.424, -0.176, 0.057, 0.103, 0.371, 0.646, 0.656, 0.863, 0.975, 1.153, 1.235, 1.228, 1.234, 1.128, 1.235, 1.067, 0.97, 0.892, 0.699, 0.567, 0.362, 0.148, -0.045, -0.312, -0.453, -0.57, -0.831, -0.963, -1.089, -1.129, -1.128, -1.202, -1.337, -1.164, -1.155, -1.015, -0.929, -0.822, -0.62, -0.46, -0.232, -0.096, 0.09, 0.376, 0.58, 0.725, 0.818, 0.945, 1.054, 1.211, 1.174, 1.277, 1.25, 1.234, 1.15, 1.019, 0.789, 0.741, 0.546, 0.338, 0.231, -0.042, -0.257]","[[0.989, 0.229, 0.224, 0.239, 0.219, 0.23, 0.241, 0.235], [0.229, 1.0, 0.229, 0.249, 0.236, 0.231, 0.237, 0.238], [0.224, 0.229, 0.998, 0.234, 0.232, 0.23, 0.226, 0.227], [0.239, 0.249, 0.234, 1.0, 0.226, 0.227, 0.238, 0.243], [0.219, 0.236, 0.232, 0.226, 0.995, 0.238, 0.234, 0.231], [0.23, 0.231, 0.23, 0.227, 0.238, 0.994, 0.231, 0.23], [0.241, 0.237, 0.226, 0.238, 0.234, 0.231, 1.0, 0.238], [0.235, 0.238, 0.227, 0.243, 0.231, 0.23, 0.238, 1.0]]"
0.2327,0.0256,0.05,0.163,0.4417,4.9559,"[0.326, 0.069, 0.512, 0.202, 1.009, 0.904, 0.942, 1.645, 1.45, 0.963, 1.205, 1.893, 1.65, 1.303, 0.499, 1.158, 0.509, 0.824, 0.126, 0.234, -0.246, -0.372, -0.314, -0.976, -0.212, -1.201, -1.33, -0.99, -0.881, -1.312, -1.494, -1.42, -1.38, -0.95, -0.922, -0.652, -0.503, -0.207, -0.325, -0.21, 0.211, 0.351, 0.611, 0.54, 1.029, 0.703, 0.99, 1.457, 0.937, 1.495, 0.862, 0.768, 0.711, 1.006, 1.026, 1.012, 0.82, 0.547, -0.071, -0.27, -0.059, -0.09, -0.882, -0.462, -1.408, -0.948, -1.162, -1.249, -1.221, -1.442, -1.085, -1.118, -0.807, -0.524, -0.747, -0.821, -0.722, 0.177, 0.341, 0.368, 0.355, 0.729, 1.023, 0.696, 0.989, 0.812, 1.135, 1.602, 1.502, 1.252, 0.499, 0.932, 1.018, 0.809, 0.719, 0.601, 0.223, 0.161, -0.072, -0.407]","[[1.0, 0.195, 0.249, 0.208, 0.24, 0.2, 0.246, 0.29], [0.195, 1.0, 0.269, 0.177, 0.238, 0.287, 0.204, 0.243], [0.249, 0.269, 0.944, 0.259, 0.217, 0.244, 0.207, 0.233], [0.208, 0.177, 0.259, 1.0, 0.19, 0.228, 0.248, 0.263], [0.24, 0.238, 0.217, 0.19, 1.0, 0.216, 0.238, 0.214], [0.2, 0.287, 0.244, 0.228, 0.216, 0.963, 0.278, 0.214], [0.246, 0.204, 0.207, 0.248, 0.238, 0.278, 0.955, 0.288], [0.29, 0.243, 0.233, 0.263, 0.214, 0.214, 0.288, 1.0]]"
0.2327,0.0256,0.1,0.1524,0.4248,7.7309,"[-0.322, 0.213, 0.11, 0.721, 0.769, 1.001, 0.498, 0.871, 1.756, 0.956, -0.09, 1.134, 2.361, 1.496, 0.669, 0.8, 1.008, -0.385, -0.121, 0.311, 0.711, -0.501, 0.314, -1.023, -2.498, -0.572, -0.789, -0.778, -0.855, -1.135, -1.355, -1.3, -1.353, -1.227, -1.81, -1.366, -0.676, -1.534, -1.226, -0.193, 0.107, 0.208, -0.642, 1.494, 0.151, 0.588, 0.469, 1.825, 1.43, 0.996, 0.942, 1.254, 0.461, 1.167, 0.57, 0.949, 0.76, 0.035, -0.889, -0.184, -0.981, -0.406, -0.752, -1.08, -1.575, -0.452, -1.363, -0.021, -1.212, -1.053, -1.177, -0.962, -0.494, -0.37, -1.662, -0.189, -0.189, -0.23, 0.805, 1.022, 0.792, 0.253, 0.1, 1.227, 1.662, 0.074, 1.71, 1.088, 0.328, 1.453, 1.627, 0.921, 0.464, 1.719, 0.376, 1.12, -0.4, 0.371, 0.159, 0.206]","[[0.863, 0.211, 0.184, 0.256, 0.33, 0.269, 0.222, 0.258], [0.211, 1.0, 0.167, 0.264, 0.238, 0.213, 0.135, 0.195], [0.184, 0.167, 1.0, 0.246, 0.304, 0.142, 0.22, 0.139], [0.256, 0.264, 0.246, 0.853, 0.166, 0.239, 0.301, 0.178], [0.33, 0.238, 0.304, 0.166, 0.926, 0.27, 0.225, 0.361], [0.269, 0.213, 0.142, 0.239, 0.27, 1.0, 0.15, 0.14], [0.222, 0.135, 0.22, 0.301, 0.225, 0.15, 0.879, 0.28], [0.258, 0.195, 0.139, 0.178, 0.361, 0.14, 0.28, 0.925]]"
0.2327,0.0411,0.01,0.2309,0.4191,9.0828,"[0.078, 0.219, 0.673, 0.844, 1.055, 1.168, 1.244, 1.162, 1.137, 0.954, 0.604, 0.398, 0.034, -0.262, -0.487, -0.859, -0.985, -1.147, -1.24, -1.191, -1.096, -0.991, -0.727, -0.466, -0.117, 0.281, 0.546, 0.714, 0.989, 1.164, 1.263, 1.186, 1.068, 0.963, 0.767, 0.474, 0.11, -0.075, -0.475, -0.736, -1.005, -1.078, -1.191, -1.209, -1.207, -0.943, -0.741, -0.458, -0.204, 0.108, 0.413, 0.817, 0.912, 1.052, 1.192, 1.203, 1.23, 0.959, 0.79, 0.565, 0.32, -0.025, -0.292, -0.643, -0.915, -1.046, -1.269, -1.318, -1.134, -1.044, -0.808, -0.644, -0.242, 0.042, 0.322, 0.627, 0.886, 1.02, 1.168, 1.249, 1.175, 1.007, 0.907, 0.688, 0.41, 0.07, -0.232, -0.522, -0.827, -1.142, -1.114, -1.275, -1.264, -1.159, -0.803, -0.667, -0.457, -0.129, 0.222, 0.552]","[[0.994, 0.241, 0.218, 0.232, 0.241, 0.229, 0.222, 0.237], [0.241, 1.0, 0.24, 0.232, 0.22, 0.229, 0.24, 0.236], [0.218, 0.24, 0.991, 0.234, 0.242, 0.228, 0.237, 0.234], [0.232, 0.232, 0.234, 0.991, 0.243, 0.22, 0.237, 0.238], [0.241, 0.22, 0.242, 0.243, 1.0, 0.243, 0.224, 0.225], [0.229, 0.229, 0.228, 0.22, 0.243, 1.0, 0.231, 0.225], [0.222, 0.24, 0.237, 0.237, 0.224, 0.231, 1.0, 0.235], [0.237, 0.236, 0.234, 0.238, 0.225, 0.225, 0.235, 1.0]]"
0.2327,0.0411,0.05,0.2402,0.4431,9.3486,"[0.13, 0.348, 0.528, 0.915, 1.154, 1.295, 1.884, 0.968, 1.891, 0.584, 0.75, 0.066, 0.128, -0.019, -0.555, -0.582, -1.137, -1.682, -1.074, -1.202, -1.228, -1.036, -0.595, -0.617, -0.009, 0.511, 1.032, 1.137, 1.043, 1.217, 1.126, 1.102, 1.348, 0.889, 0.83, 0.221, 0.497, -0.244, -0.198, -0.921, -1.161, -0.801, -1.376, -1.617, -1.409, -0.783, -0.589, -0.7, -0.364, 0.28, 0.751, 0.686, 1.077, 1.33, 1.749, 0.941, 1.0, 0.9, 1.025, 0.493, 0.334, -0.03, -0.372, -0.634, -0.647, -1.331, -1.237, -1.536, -1.126, -1.103, -0.589, -0.603, -0.418, -0.053, 0.754, 0.224, 0.712, 1.072, 1.028, 1.355, 1.182, 1.144, 0.922, 0.62, 0.034, 0.087, -0.714, -0.739, -0.709, -0.739, -0.585, -1.338, -1.424, -0.974, -0.46, -0.306, -0.664, -0.13, 0.435, 0.755]","[[1.0, 0.249, 0.29, 0.216, 0.192, 0.213, 0.263, 0.193], [0.249, 0.999, 0.266, 0.176, 0.266, 0.276, 0.284, 0.23], [0.29, 0.266, 0.967, 0.257, 0.241, 0.221, 0.247, 0.242], [0.216, 0.176, 0.257, 1.0, 0.254, 0.267, 0.227, 0.26], [0.192, 0.266, 0.241, 0.254, 1.0, 0.267, 0.194, 0.32], [0.213, 0.276, 0.221, 0.267, 0.267, 1.0, 0.247, 0.255], [0.263, 0.284, 0.247, 0.227, 0.194, 0.247, 0.926, 0.233], [0.193, 0.23, 0.242, 0.26, 0.32, 0.255, 0.233, 0.994]]"
0.2327,0.0411,0.1,0.2254,0.45,7.1393,"[-0.175, 0.596, 0.538, 1.137, 1.37, 1.07, 1.78, 1.084, 1.095, 0.41, 0.518, 1.444, -0.399, -0.046, -0.791, -1.932, -0.752, -1.448, -1.071, -0.714, -0.991, -0.769, -1.13, -0.06, -0.198, -0.785, 0.931, 1.352, 1.743, 2.238, 1.613, 1.475, 1.675, 0.523, -0.098, 0.223, 0.793, -0.494, -0.237, -0.459, -0.849, -1.772, -1.048, -1.436, -0.298, -0.429, -0.972, 0.374, -0.034, -0.724, 0.382, 1.521, 0.529, 1.078, 0.531, 0.629, 0.75, 0.413, 0.509, 1.425, 0.238, 0.333, 0.173, -1.215, -1.32, -0.706, -1.517, -0.882, -0.344, -1.782, -1.035, -0.701, -0.57, -0.295, 0.077, 0.609, 0.951, 1.54, 1.175, 1.792, 0.9, 0.48, 0.74, 0.877, 0.787, 0.773, -0.128, -0.195, -0.147, -1.426, -1.277, 0.155, -0.779, -0.849, -0.481, -1.357, -0.729, -0.601, 0.432, 0.34]","[[1.0, 0.117, 0.136, 0.221, 0.257, 0.292, 0.304, 0.211], [0.117, 0.825, 0.206, 0.287, 0.236, 0.124, 0.241, 0.291], [0.136, 0.206, 1.0, 0.227, 0.184, 0.284, 0.221, 0.26], [0.221, 0.287, 0.227, 1.0, 0.13, 0.301, 0.157, 0.048], [0.257, 0.236, 0.184, 0.13, 1.0, 0.403, 0.35, 0.202], [0.292, 0.124, 0.284, 0.301, 0.403, 0.954, 0.291, 0.179], [0.304, 0.241, 0.221, 0.157, 0.35, 0.291, 1.0, 0.296], [0.211, 0.291, 0.26, 0.048, 0.202, 0.179, 0.296, 0.78]]"
0.2327,0.0567,0.01,0.3961,0.4251,10.3724,"[0.051, 0.337, 0.852, 1.19, 1.181, 1.225, 1.021, 0.787, 0.297, -0.084, -0.445, -0.865, -1.197, -1.166, -1.252, -0.993, -0.653, -0.276, 0.281, 0.608, 0.906, 1.176, 1.243, 1.166, 0.962, 0.595, 0.216, -0.256, -0.733, -0.909, -1.201, -1.225, -1.174, -0.935, -0.6, -0.081, 0.366, 0.705, 0.985, 1.109, 1.266, 1.07, 0.788, 0.479, 0.035, -0.457, -0.835, -1.038, -1.244, -1.19, -1.06, -0.733, -0.447, 0.037, 0.486, 0.794, 1.149, 1.14, 1.159, 0.942, 0.688, 0.324, -0.062, -0.533, -0.911, -1.204, -1.291, -1.165, -0.938, -0.681, -0.196, 0.133, 0.574, 0.918, 1.232, 1.239, 1.065, 0.981, 0.686, 0.168, -0.301, -0.617, -0.884, -1.138, -1.311, -1.088, -0.861, -0.573, -0.039, 0.353, 0.79, 0.974, 1.22, 1.178, 1.105, 0.899, 0.382, -0.043, -0.358, -0.786]","[[1.0, 0.239, 0.227, 0.246, 0.237, 0.223, 0.237, 0.236], [0.239, 1.0, 0.228, 0.224, 0.233, 0.22, 0.242, 0.224], [0.227, 0.228, 0.995, 0.229, 0.232, 0.235, 0.236, 0.225], [0.246, 0.224, 0.229, 0.991, 0.238, 0.235, 0.232, 0.24], [0.237, 0.233, 0.232, 0.238, 0.995, 0.24, 0.236, 0.217], [0.223, 0.22, 0.235, 0.235, 0.24, 1.0, 0.24, 0.245], [0.237, 0.242, 0.236, 0.232, 0.236, 0.24, 1.0, 0.237], [0.236, 0.224, 0.225, 0.24, 0.217, 0.245, 0.237, 1.0]]"
0.2327,0.0567,0.05,0.3681,0.4594,9.1445,"[-0.018, 0.61, 1.402, 0.998, 1.133, 1.032, 0.79, 0.663, 0.218, -0.39, -0.554, -0.75, -1.339, -1.269, -0.836, -1.352, -0.199, -0.45, 0.205, 0.891, 1.312, 1.264, 1.059, 0.968, 0.806, 1.089, 0.11, -0.15, -0.9, -1.255, -1.166, -1.313, -1.199, -1.268, -0.566, 0.258, 0.093, 0.928, 0.146, 0.993, 0.748, 1.413, 1.064, 0.219, 0.124, -0.081, -0.426, -1.156, -1.763, -1.44, -0.876, -0.261, -0.419, -0.126, 1.054, 0.926, 0.786, 1.193, 1.45, 1.009, 0.923, -0.07, -0.462, -0.709, -0.951, -1.043, -1.071, -0.564, -1.167, -0.739, -0.434, 0.45, 0.877, 0.821, 1.672, 1.056, 1.413, 1.297, 0.253, 0.324, -0.938, -0.454, -1.257, -1.038, -1.042, -0.846, -0.658, -0.511, -0.198, 0.313, 0.446, 0.974, 1.127, 1.026, 0.657, 0.506, -0.334, -0.051, -0.315, -1.456]","[[0.978, 0.253, 0.239, 0.223, 0.241, 0.205, 0.227, 0.287], [0.253, 1.0, 0.274, 0.228, 0.166, 0.316, 0.257, 0.291], [0.239, 0.274, 1.0, 0.242, 0.258, 0.269, 0.226, 0.218], [0.223, 0.228, 0.242, 1.0, 0.238, 0.223, 0.194, 0.274], [0.241, 0.166, 0.258, 0.238, 0.953, 0.268, 0.175, 0.195], [0.205, 0.316, 0.269, 0.223, 0.268, 1.0, 0.235, 0.312], [0.227, 0.257, 0.226, 0.194, 0.175, 0.235, 0.978, 0.242], [0.287, 0.291, 0.218, 0.274, 0.195, 0.312, 0.242, 1.0]]"
0.2327,0.0567,0.1,0.3555,0.4407,12.5238,"[0.348, 1.534, 0.682, 0.527, 2.149, 1.657, 1.269, 1.513, 0.613, 0.708, -0.378, -0.412, -0.852, -1.391, -1.29, -1.194, -0.549, -0.509, 0.372, 0.772, 1.019, 1.257, 0.949, 1.023, 0.115, 0.556, -0.287, -0.181, -0.996, -1.991, -0.046, -1.347, -0.413, -1.162, 0.301, -0.705, 0.395, 0.157, 2.313, 1.069, 1.64, 1.329, 0.831, 0.737, 0.731, -0.047, -0.684, -0.795, -0.253, -1.424, -1.995, -1.334, -0.916, -0.415, 0.03, 0.813, 1.216, 1.341, 0.835, 1.524, 0.992, 1.122, 0.32, -0.7, -0.228, -0.989, -0.831, -0.82, -1.044, -0.609, -0.322, -0.246, -0.478, 0.586, 1.255, 1.776, 1.553, 0.793, 0.254, 0.09, -0.744, -1.718, -1.754, -0.493, -0.302, -0.749, -0.91, -1.221, -0.184, 0.637, 1.14, 1.371, 1.805, 2.194, 0.89, 2.228, -0.556, -0.363, -0.305, -0.511]","[[0.946, 0.106, 0.351, 0.234, 0.34, 0.101, 0.175, 0.217], [0.106, 1.0, 0.225, 0.236, 0.128, 0.307, 0.127, 0.319], [0.351, 0.225, 1.0, 0.313, 0.185, 0.235, 0.29, 0.299], [0.234, 0.236, 0.313, 1.0, 0.316, 0.224, 0.177, 0.356], [0.34, 0.128, 0.185, 0.316, 1.0, 0.056, 0.24, 0.356], [0.101, 0.307, 0.235, 0.224, 0.056, 0.914, 0.079, 0.18], [0.175, 0.127, 0.29, 0.177, 0.24, 0.079, 1.0, 0.276], [0.217, 0.319, 0.299, 0.356, 0.356, 0.18, 0.276, 0.922]]"
0.2327,0.0722,0.01,0.3952,0.5011,10.8059,"[0.036, 0.527, 0.937, 1.289, 1.287, 0.928, 0.433, 0.05, -0.555, -0.976, -1.209, -1.225, -0.937, -0.428, 0.064, 0.638, 1.023, 1.168, 1.253, 0.916, 0.438, -0.101, -0.743, -1.07, -1.302, -1.152, -0.84, -0.374, 0.23, 0.614, 1.028, 1.25, 1.156, 0.759, 0.4, -0.137, -0.703, -1.164, -1.224, -1.109, -0.806, -0.231, 0.251, 0.864, 1.147, 1.247, 1.154, 0.835, 0.301, -0.302, -0.825, -1.182, -1.354, -1.08, -0.744, -0.231, 0.391, 0.819, 1.238, 1.201, 1.019, 0.626, 0.208, -0.323, -0.886, -1.212, -1.149, -1.118, -0.603, -0.157, 0.441, 0.941, 1.196, 1.206, 1.092, 0.631, 0.27, -0.547, -1.002, -1.135, -1.216, -0.958, -0.634, -0.04, 0.524, 0.917, 1.208, 1.138, 0.991, 0.613, -0.062, -0.605, -0.912, -1.272, -1.154, -0.942, -0.522, 0.116, 0.625, 1.011]","[[0.998, 0.24, 0.245, 0.232, 0.221, 0.239, 0.23, 0.233], [0.24, 1.0, 0.23, 0.222, 0.243, 0.235, 0.233, 0.231], [0.245, 0.23, 0.998, 0.226, 0.236, 0.223, 0.241, 0.216], [0.232, 0.222, 0.226, 1.0, 0.24, 0.239, 0.223, 0.224], [0.221, 0.243, 0.236, 0.24, 1.0, 0.235, 0.228, 0.224], [0.239, 0.235, 0.223, 0.239, 0.235, 0.999, 0.237, 0.232], [0.23, 0.233, 0.241, 0.223, 0.228, 0.237, 1.0, 0.229], [0.233, 0.231, 0.216, 0.224, 0.224, 0.232, 0.229, 1.0]]"
0.2327,0.0722,0.05,0.5044,0.5126,12.5501,"[0.108, 0.398, 1.244, 0.967, 1.187, 0.791, 0.687, 0.118, -0.253, -0.977, -1.954, -1.293, -0.525, -0.543, -0.393, 0.729, 1.153, 1.039, 1.111, 0.675, 0.552, -0.115, -0.945, -1.048, -1.409, -0.793, -0.633, -0.412, 0.192, 0.943, 1.024, 1.419, 1.512, 0.702, 0.751, 0.125, -0.662, -1.199, -1.173, -1.187, -0.991, -0.165, 0.0, 0.674, 1.027, 0.891, 1.273, 0.702, 0.581, -0.359, -0.894, -1.352, -1.222, -1.077, -0.539, -0.197, 0.863, 0.939, 0.896, 0.962, 1.201, 0.435, 0.32, -0.157, -0.626, -1.376, -0.996, -0.965, -0.805, -0.169, 0.539, 0.719, 1.248, 1.582, 1.263, 0.637, 0.145, -0.596, -1.044, -1.569, -1.151, -0.827, -0.596, -0.262, 0.518, 1.28, 1.421, 1.198, 1.483, 1.215, -0.12, -0.602, -0.798, -1.434, -0.984, -0.919, -0.408, -0.101, 0.382, 0.501]","[[1.0, 0.176, 0.192, 0.223, 0.22, 0.182, 0.203, 0.231], [0.176, 1.0, 0.305, 0.294, 0.201, 0.243, 0.186, 0.207], [0.192, 0.305, 1.0, 0.182, 0.233, 0.157, 0.226, 0.271], [0.223, 0.294, 0.182, 1.0, 0.236, 0.249, 0.215, 0.271], [0.22, 0.201, 0.233, 0.236, 0.961, 0.27, 0.253, 0.225], [0.182, 0.243, 0.157, 0.249, 0.27, 0.971, 0.255, 0.263], [0.203, 0.186, 0.226, 0.215, 0.253, 0.255, 0.972, 0.226], [0.231, 0.207, 0.271, 0.271, 0.225, 0.263, 0.226, 0.985]]"
0.2327,0.0722,0.1,0.4908,0.512,10.6917,"[0.373, 0.382, 1.221, 2.375, 0.707, 1.71, 0.255, 0.626, -0.236, -0.697, -1.289, -1.31, -1.277, -0.459, -0.006, 0.712, 0.317, 1.232, 1.804, 1.359, 0.433, 1.152, -0.942, -1.089, -1.951, -1.36, 0.038, -0.564, -0.592, 1.125, 1.262, 1.645, 0.994, 0.321, 0.248, 0.063, -0.761, -0.894, -1.5, -0.914, -0.794, -0.651, 0.326, 0.566, 1.417, 1.669, 1.359, -0.059, -0.226, -0.617, -1.191, -1.398, -0.769, -0.739, -0.937, 0.082, 0.504, 0.808, 1.717, 0.899, 1.094, 0.164, -0.33, -1.061, -1.349, -1.117, -1.377, -1.18, -0.803, 0.758, -0.147, 0.265, 0.75, 1.185, 1.279, 0.926, 0.558, -0.516, -1.114, -0.368, -2.606, -0.966, -0.364, 0.894, -0.329, 0.734, 0.517, 0.307, 0.869, 0.957, 0.603, -0.806, -0.638, -1.305, -0.918, -0.367, -0.599, 0.582, -0.028, 1.326]","[[0.979, 0.279, 0.269, 0.242, 0.293, 0.127, 0.202, 0.164], [0.279, 1.0, 0.302, 0.278, 0.276, 0.272, 0.173, 0.242], [0.269, 0.302, 1.0, 0.174, 0.307, 0.171, 0.209, 0.339], [0.242, 0.278, 0.174, 0.984, 0.334, 0.205, 0.218, 0.323], [0.293, 0.276, 0.307, 0.334, 1.0, 0.228, 0.294, 0.175], [0.127, 0.272, 0.171, 0.205, 0.228, 0.948, 0.184, 0.156], [0.202, 0.173, 0.209, 0.218, 0.294, 0.184, 1.0, 0.249], [0.164, 0.242, 0.339, 0.323, 0.175, 0.156, 0.249, 0.883]]"
0.2327,0.0878,0.01,0.4262,0.5288,14.3986,"[0.023, 0.658, 1.02, 1.251, 1.006, 0.432, -0.239, -0.791, -1.097, -1.174, -0.817, -0.306, 0.385, 0.986, 1.154, 1.137, 0.721, 0.058, -0.578, -1.069, -1.263, -1.086, -0.522, 0.211, 0.817, 1.141, 1.189, 0.877, 0.301, -0.334, -0.863, -1.099, -1.191, -0.713, -0.093, 0.524, 0.99, 1.246, 1.165, 0.585, -0.125, -0.725, -1.193, -1.217, -0.905, -0.416, 0.127, 0.889, 1.175, 1.132, 0.754, 0.2, -0.506, -0.961, -1.183, -1.102, -0.65, 0.032, 0.661, 1.024, 1.322, 1.012, 0.415, -0.327, -0.84, -1.214, -1.19, -0.946, -0.263, 0.409, 0.962, 1.213, 1.118, 0.751, 0.009, -0.662, -1.171, -1.256, -1.082, -0.446, 0.167, 0.833, 1.24, 1.159, 0.863, 0.365, -0.363, -0.907, -1.165, -1.095, -0.704, -0.025, 0.56, 1.08, 1.224, 1.096, 0.513, -0.196, -0.706, -1.197]","[[0.997, 0.212, 0.23, 0.247, 0.236, 0.232, 0.231, 0.234], [0.212, 0.993, 0.235, 0.236, 0.24, 0.225, 0.23, 0.232], [0.23, 0.235, 0.987, 0.239, 0.232, 0.242, 0.238, 0.226], [0.247, 0.236, 0.239, 0.999, 0.236, 0.235, 0.226, 0.228], [0.236, 0.24, 0.232, 0.236, 0.994, 0.23, 0.226, 0.236], [0.232, 0.225, 0.242, 0.235, 0.23, 0.991, 0.242, 0.234], [0.231, 0.23, 0.238, 0.226, 0.226, 0.242, 0.997, 0.24], [0.234, 0.232, 0.226, 0.228, 0.236, 0.234, 0.24, 0.985]]"
0.2327,0.0878,0.05,0.5417,0.4884,13.7966,"[0.441, 0.574, 1.332, 1.044, 0.59, 0.134, -0.288, -0.681, -1.17, -1.257, -0.577, -0.264, 0.475, 1.733, 1.22, 0.952, 0.817, 0.244, -0.519, -1.033, -0.861, -0.687, -0.546, -0.015, 0.873, 0.996, 1.429, 1.005, 0.991, 0.02, -1.186, -1.342, -1.628, -1.28, -0.092, 0.242, 1.451, 1.522, 0.991, 0.489, 0.285, -0.289, -1.37, -1.484, -1.014, -0.273, 0.161, 0.988, 1.688, 0.818, 0.681, -0.167, -0.695, -1.081, -1.412, -0.958, -0.586, 0.101, 0.591, 1.058, 1.138, 0.915, 0.543, -0.712, -0.759, -1.402, -1.272, -1.228, -0.329, 0.499, 1.086, 0.928, 1.218, 0.96, -0.089, -0.616, -1.602, -1.455, -0.945, -0.255, 0.022, 1.453, 1.245, 0.884, 1.203, -0.015, -0.291, -1.165, -1.556, -0.899, -0.79, 0.337, 0.309, 0.665, 1.113, 1.768, 0.757, 0.027, -0.592, -1.267]","[[1.0, 0.162, 0.183, 0.186, 0.273, 0.205, 0.207, 0.172], [0.162, 0.975, 0.23, 0.197, 0.273, 0.287, 0.239, 0.273], [0.183, 0.23, 1.0, 0.178, 0.26, 0.205, 0.212, 0.21], [0.186, 0.197, 0.178, 0.907, 0.202, 0.356, 0.284, 0.234], [0.273, 0.273, 0.26, 0.202, 1.0, 0.276, 0.253, 0.299], [0.205, 0.287, 0.205, 0.356, 0.276, 0.981, 0.205, 0.222], [0.207, 0.239, 0.212, 0.284, 0.253, 0.205, 0.942, 0.217], [0.172, 0.273, 0.21, 0.234, 0.299, 0.222, 0.217, 1.0]]"
0.2327,0.0878,0.1,0.5009,0.546,12.8733,"[0.477, 0.696, 0.329, 1.595, 1.203, 1.048, -0.83, -1.177, -0.982, -1.666, -2.033, -0.166, 0.853, 0.891, 1.496, 1.328, 0.702, 0.128, 0.081, -1.554, -0.845, -1.617, -0.914, 0.744, 0.161, 1.038, 2.388, 1.411, -0.045, -0.631, -1.001, -0.557, -1.65, -1.276, 0.236, -0.3, 0.585, 1.19, 1.042, -0.111, 0.091, -0.441, -1.468, -0.388, -0.769, -0.883, 1.1, 0.613, 1.29, 0.926, 1.104, -0.061, -0.696, -1.087, -1.481, -0.553, -1.253, 0.007, 0.713, 1.049, 1.71, 0.225, 0.722, -0.853, -1.086, -1.859, -1.353, -1.127, 0.58, 0.55, 1.191, 0.671, 1.485, 1.494, 0.469, -1.272, -1.316, -1.177, -1.301, 0.773, -0.07, 0.764, 0.867, 1.318, 1.572, 0.356, -0.482, -1.47, -0.612, -1.212, -0.818, -1.264, 0.5, 0.854, 0.32, 1.54, 0.28, 0.836, -0.031, -1.506]","[[0.897, 0.06, 0.327, 0.148, 0.211, 0.192, 0.137, 0.245], [0.06, 0.944, 0.208, 0.263, 0.233, 0.218, 0.227, 0.204], [0.327, 0.208, 1.0, 0.237, 0.226, 0.212, 0.252, 0.299], [0.148, 0.263, 0.237, 1.0, 0.233, 0.231, 0.278, 0.262], [0.211, 0.233, 0.226, 0.233, 1.0, 0.176, 0.187, 0.267], [0.192, 0.218, 0.212, 0.231, 0.176, 1.0, 0.094, 0.125], [0.137, 0.227, 0.252, 0.278, 0.187, 0.094, 1.0, 0.122], [0.245, 0.204, 0.299, 0.262, 0.267, 0.125, 0.122, 0.822]]"
0.2327,0.1033,0.01,0.3484,0.387,15.75,"[0.13, 0.702, 1.246, 1.12, 0.585, -0.128, -0.86, -1.175, -1.052, -0.554, 0.184, 0.873, 1.116, 1.013, 0.405, -0.438, -1.075, -1.232, -0.981, -0.292, 0.483, 1.093, 1.191, 0.838, 0.06, -0.619, -1.132, -1.203, -0.67, -0.018, 0.717, 1.205, 1.261, 0.673, -0.214, -0.803, -1.255, -1.2, -0.463, 0.305, 0.871, 1.183, 1.049, 0.385, -0.363, -1.033, -1.252, -1.036, -0.265, 0.538, 1.063, 1.221, 0.912, 0.18, -0.507, -1.192, -1.157, -0.791, -0.108, 0.816, 1.292, 1.154, 0.704, -0.101, -0.821, -1.262, -1.179, -0.479, 0.204, 0.901, 1.185, 1.064, 0.379, -0.37, -1.042, -1.168, -1.064, -0.39, 0.351, 1.01, 1.203, 0.948, 0.194, -0.592, -1.1, -1.228, -0.685, -0.107, 0.703, 1.205, 1.141, 0.712, -0.077, -0.772, -1.195, -1.133, -0.652, 0.273, 0.91, 1.144]","[[1.0, 0.232, 0.228, 0.234, 0.239, 0.234, 0.243, 0.22], [0.232, 1.0, 0.228, 0.221, 0.231, 0.243, 0.223, 0.241], [0.228, 0.228, 0.997, 0.234, 0.239, 0.243, 0.233, 0.221], [0.234, 0.221, 0.234, 1.0, 0.242, 0.231, 0.236, 0.229], [0.239, 0.231, 0.239, 0.242, 0.994, 0.233, 0.227, 0.235], [0.234, 0.243, 0.243, 0.231, 0.233, 1.0, 0.237, 0.234], [0.243, 0.223, 0.233, 0.236, 0.227, 0.237, 1.0, 0.239], [0.22, 0.241, 0.221, 0.229, 0.235, 0.234, 0.239, 1.0]]"
0.2327,0.1033,0.05,0.3256,0.4633,14.4897,"[0.177, 0.89, 0.869, 1.43, 0.374, -0.155, -0.932, -1.128, -1.214, -0.564, 0.661, 0.609, 1.23, 0.748, 0.574, -0.563, -1.003, -1.563, -0.627, -0.263, 0.536, 1.288, 0.907, 0.709, 0.197, -1.057, -1.55, -1.399, -1.051, -0.112, 0.855, 1.368, 1.608, 0.655, -0.065, -0.831, -1.131, -1.005, -0.318, 0.461, 1.046, 1.606, 1.048, 0.277, -0.468, -1.024, -1.503, -1.119, -0.592, 0.564, 1.156, 0.781, 0.717, 0.636, -0.436, -1.013, -1.366, -0.714, -0.055, 0.504, 1.049, 1.046, 0.31, -0.408, -0.855, -1.418, -1.191, -0.973, 0.406, 1.419, 1.483, 1.337, 0.61, -0.265, -0.96, -1.461, -0.809, -0.174, 0.338, 1.186, 1.052, 0.741, 0.399, -0.463, -1.173, -1.293, -0.762, -0.536, 0.493, 0.848, 1.175, 0.976, 0.068, -0.914, -1.377, -1.315, -0.094, 0.197, 0.931, 0.695]","[[1.0, 0.238, 0.27, 0.163, 0.233, 0.242, 0.231, 0.252], [0.238, 0.963, 0.216, 0.21, 0.174, 0.254, 0.2, 0.244], [0.27, 0.216, 0.95, 0.24, 0.202, 0.218, 0.259, 0.236], [0.163, 0.21, 0.24, 0.954, 0.312, 0.197, 0.242, 0.31], [0.233, 0.174, 0.202, 0.312, 1.0, 0.192, 0.175, 0.276], [0.242, 0.254, 0.218, 0.197, 0.192, 0.989, 0.207, 0.168], [0.231, 0.2, 0.259, 0.242, 0.175, 0.207, 1.0, 0.249], [0.252, 0.244, 0.236, 0.31, 0.276, 0.168, 0.249, 0.901]]"
0.2327,0.1033,0.1,0.3878,0.4743,14.074,"[0.014, 1.582, 2.578, 1.086, 0.806, 0.174, 0.146, -1.707, 0.235, -0.683, -0.329, 0.776, 0.825, 1.236, -0.421, -0.31, -0.68, -0.49, -0.61, 0.429, 0.199, 1.277, 0.105, 0.806, 0.348, -0.378, -1.923, -1.389, -0.891, -0.24, 1.087, 1.072, 1.205, 0.416, 0.429, -0.255, -1.365, 0.321, -0.931, 0.735, 0.441, 1.615, 1.388, -0.076, -0.422, -0.063, -1.64, -0.765, -0.139, 0.457, 0.202, 1.637, 0.887, 0.732, -0.478, -1.094, -1.014, -1.28, 0.727, 0.516, 0.991, 1.81, 0.806, -0.196, -0.599, -0.893, -1.175, -0.11, -0.43, 1.03, 1.626, 1.365, -0.667, -0.395, -1.589, -0.59, -1.177, 0.256, -0.155, 1.25, 1.23, 2.281, 0.795, -0.014, -0.102, -1.064, -0.855, -0.184, 0.846, -0.221, 1.174, 0.817, -0.13, -1.551, -1.275, -1.893, 0.293, 0.051, -0.151, 1.12]","[[0.932, 0.168, 0.214, 0.191, 0.206, 0.128, 0.308, 0.256], [0.168, 0.928, 0.146, 0.213, 0.177, 0.198, 0.188, 0.269], [0.214, 0.146, 0.839, 0.367, 0.272, 0.24, 0.319, 0.122], [0.191, 0.213, 0.367, 0.948, 0.155, 0.189, 0.192, 0.361], [0.206, 0.177, 0.272, 0.155, 1.0, 0.282, 0.179, 0.224], [0.128, 0.198, 0.24, 0.189, 0.282, 0.948, 0.102, 0.255], [0.308, 0.188, 0.319, 0.192, 0.179, 0.102, 0.882, 0.286], [0.256, 0.269, 0.122, 0.361, 0.224, 0.255, 0.286, 1.0]]"
0.2327,0.1189,0.01,0.2205,0.4528,15.8358,"[-0.028, 0.769, 1.267, 0.973, 0.165, -0.652, -1.185, -1.04, -0.424, 0.574, 1.143, 1.207, 0.597, -0.314, -1.064, -1.17, -0.655, 0.193, 0.96, 1.266, 0.83, 0.102, -0.903, -1.225, -1.002, -0.246, 0.683, 1.138, 1.192, 0.33, -0.549, -1.185, -1.151, -0.52, 0.35, 1.119, 1.17, 0.764, -0.153, -0.922, -1.177, -0.959, 0.048, 0.792, 1.144, 0.963, 0.245, -0.681, -1.29, -1.092, -0.458, 0.51, 1.069, 1.283, 0.62, -0.288, -1.0, -1.307, -0.777, 0.201, 0.9, 1.229, 0.869, 0.151, -0.791, -1.283, -0.883, -0.333, 0.619, 1.138, 1.073, 0.393, -0.481, -1.063, -1.273, -0.553, 0.328, 1.043, 1.226, 0.786, -0.015, -0.986, -1.196, -0.948, -0.062, 0.728, 1.252, 0.949, 0.205, -0.607, -1.101, -1.092, -0.443, 0.473, 1.08, 1.216, 0.61, -0.264, -1.012, -1.25]","[[0.999, 0.238, 0.223, 0.228, 0.229, 0.23, 0.227, 0.243], [0.238, 0.99, 0.23, 0.233, 0.225, 0.222, 0.242, 0.223], [0.223, 0.23, 1.0, 0.233, 0.231, 0.238, 0.241, 0.233], [0.228, 0.233, 0.233, 1.0, 0.242, 0.224, 0.231, 0.232], [0.229, 0.225, 0.231, 0.242, 1.0, 0.228, 0.226, 0.229], [0.23, 0.222, 0.238, 0.224, 0.228, 0.997, 0.238, 0.241], [0.227, 0.242, 0.241, 0.231, 0.226, 0.238, 0.998, 0.227], [0.243, 0.223, 0.233, 0.232, 0.229, 0.241, 0.227, 1.0]]"
0.2327,0.1189,0.05,0.2366,0.5109,17.5309,"[-0.225, 0.924, 1.23, 1.027, 0.698, -0.363, -1.002, -0.871, -0.6, 0.407, 0.76, 0.835, 0.326, -0.355, -1.365, -1.216, -0.749, -0.121, 1.331, 0.9, 1.136, -0.538, -0.854, -1.526, -1.146, 0.238, 0.581, 0.918, 1.206, 0.308, -0.464, -1.362, -1.378, -0.768, 0.523, 0.989, 0.949, 0.772, -0.118, -0.79, -1.352, -0.894, 0.054, 0.547, 1.446, 1.001, -0.036, -0.923, -1.212, -1.234, -0.233, 0.406, 1.198, 0.958, 0.588, 0.031, -1.069, -1.354, -0.968, 0.107, 1.268, 0.892, 0.88, -0.351, -0.882, -1.155, -1.407, -0.376, 0.696, 1.213, 1.193, 0.202, -0.381, -1.262, -0.999, -1.194, 0.201, 1.042, 1.557, 0.794, -0.039, -0.805, -0.919, -1.006, -0.454, 0.36, 1.383, 1.083, 0.226, -0.748, -1.127, -1.067, -0.35, 0.153, 0.659, 0.957, 0.301, -0.599, -0.61, -1.79]","[[1.0, 0.25, 0.315, 0.208, 0.262, 0.246, 0.227, 0.181], [0.25, 1.0, 0.181, 0.282, 0.233, 0.235, 0.187, 0.179], [0.315, 0.181, 0.914, 0.242, 0.289, 0.252, 0.253, 0.23], [0.208, 0.282, 0.242, 0.993, 0.209, 0.223, 0.259, 0.257], [0.262, 0.233, 0.289, 0.209, 1.0, 0.286, 0.257, 0.215], [0.246, 0.235, 0.252, 0.223, 0.286, 0.977, 0.244, 0.176], [0.227, 0.187, 0.253, 0.259, 0.257, 0.244, 1.0, 0.252], [0.181, 0.179, 0.23, 0.257, 0.215, 0.176, 0.252, 0.938]]"
0.2327,0.1189,0.1,0.2208,0.4089,17.8159,"[0.19, -0.228, 0.64, 1.065, -0.432, -0.04, -1.177, -0.506, -0.194, 0.519, 0.645, 1.617, 0.769, 0.694, -0.645, -1.404, -0.566, 0.374, 1.531, 1.892, 0.775, -0.582, -1.745, -1.797, -1.278, 0.538, 1.428, 1.674, 1.7, 0.044, -1.259, -1.636, -2.179, -1.128, 0.07, 1.129, 1.279, 0.387, 0.147, -1.268, -1.227, -1.43, 0.493, 0.809, 1.563, 0.389, 0.327, -0.36, -2.209, -0.512, -1.046, 0.583, 2.016, 1.647, -0.151, -0.387, -0.415, -1.624, -0.932, -0.082, 1.201, 0.464, 1.206, -0.234, -0.785, -1.333, -0.712, -0.275, 1.344, 1.675, 0.71, 1.128, -0.294, -1.027, -0.753, -1.137, -0.417, 1.03, 0.916, 1.809, -0.468, -0.878, -1.137, -0.295, -0.6, -0.047, 1.914, 1.067, 0.695, -0.173, -0.657, -1.308, -0.794, -0.568, 0.603, 1.216, 0.288, -0.818, -0.977, -0.552]","[[0.923, 0.3, 0.221, 0.211, 0.325, 0.204, 0.163, 0.165], [0.3, 1.0, 0.286, 0.076, 0.214, 0.272, 0.165, 0.163], [0.221, 0.286, 1.0, 0.256, 0.247, 0.172, 0.236, 0.163], [0.211, 0.076, 0.256, 1.0, 0.297, 0.251, 0.261, 0.127], [0.325, 0.214, 0.247, 0.297, 0.876, 0.16, 0.127, 0.344], [0.204, 0.272, 0.172, 0.251, 0.16, 1.0, 0.276, 0.226], [0.163, 0.165, 0.236, 0.261, 0.127, 0.276, 0.995, 0.288], [0.165, 0.163, 0.163, 0.127, 0.344, 0.226, 0.288, 1.0]]"
0.2327,0.1344,0.01,0.1515,0.478,17.9078,"[0.029, 0.878, 1.216, 0.699, -0.259, -1.091, -1.138, -0.43, 0.548, 1.174, 0.989, 0.217, -0.821, -1.216, -0.839, 0.182, 0.903, 1.217, 0.531, -0.394, -1.15, -1.178, -0.306, 0.686, 1.208, 0.939, 0.042, -0.84, -1.243, -0.681, 0.254, 1.137, 1.155, 0.444, -0.588, -1.187, -1.08, -0.127, 0.736, 1.197, 0.885, -0.035, -0.945, -1.156, -0.628, 0.378, 1.23, 1.204, 0.392, -0.591, -1.171, -1.026, -0.071, 0.95, 1.266, 0.756, -0.147, -1.036, -1.14, -0.491, 0.528, 1.206, 1.124, 0.302, -0.775, -1.212, -0.817, 0.054, 0.895, 1.17, 0.611, -0.371, -1.153, -1.082, -0.403, 0.679, 1.151, 0.969, 0.108, -0.81, -1.175, -0.813, 0.238, 0.952, 1.231, 0.473, -0.447, -1.108, -1.032, -0.347, 0.702, 1.263, 0.939, -0.012, -1.049, -1.161, -0.613, 0.323, 1.112, 1.171]","[[1.0, 0.232, 0.228, 0.222, 0.235, 0.245, 0.236, 0.237], [0.232, 1.0, 0.232, 0.237, 0.24, 0.225, 0.224, 0.234], [0.228, 0.232, 1.0, 0.227, 0.236, 0.226, 0.229, 0.233], [0.222, 0.237, 0.227, 0.991, 0.23, 0.243, 0.23, 0.233], [0.235, 0.24, 0.236, 0.23, 0.994, 0.226, 0.23, 0.235], [0.245, 0.225, 0.226, 0.243, 0.226, 0.987, 0.229, 0.225], [0.236, 0.224, 0.229, 0.23, 0.23, 0.229, 1.0, 0.231], [0.237, 0.234, 0.233, 0.233, 0.235, 0.225, 0.231, 1.0]]"
0.2327,0.1344,0.05,0.1387,0.517,17.9859,"[0.154, 0.902, 1.535, 0.751, -0.699, -0.672, -1.195, -1.01, 0.164, 1.476, 0.626, 0.5, -0.785, -1.054, -0.895, 0.26, 1.081, 1.192, 0.328, -0.324, -1.597, -0.871, -0.274, 0.791, 0.565, 0.663, -0.092, -0.73, -1.463, -0.095, 0.19, 0.818, 1.12, 0.24, -0.829, -0.932, -0.913, -0.068, 1.098, 1.353, 0.589, 0.083, -1.264, -1.329, -0.635, 0.344, 0.682, 0.877, 0.351, -0.799, -0.932, -0.642, -0.349, 0.89, 1.626, 0.725, -0.324, -0.839, -1.246, -0.192, 0.353, 1.056, 1.256, 0.256, -0.725, -1.707, -0.969, 0.276, 0.765, 1.391, 0.72, -0.398, -0.776, -1.218, -0.457, 0.564, 1.228, 1.179, -0.265, -0.633, -1.215, -0.647, 0.787, 0.908, 0.881, 0.589, -0.382, -0.946, -1.211, -0.472, 0.341, 0.885, 0.8, -0.055, -0.422, -1.644, -0.598, 0.133, 1.156, 1.008]","[[1.0, 0.225, 0.242, 0.189, 0.219, 0.238, 0.21, 0.229], [0.225, 0.978, 0.166, 0.239, 0.192, 0.203, 0.288, 0.261], [0.242, 0.166, 1.0, 0.281, 0.266, 0.133, 0.246, 0.291], [0.189, 0.239, 0.281, 0.984, 0.275, 0.24, 0.298, 0.262], [0.219, 0.192, 0.266, 0.275, 0.864, 0.268, 0.225, 0.195], [0.238, 0.203, 0.133, 0.24, 0.268, 0.91, 0.245, 0.306], [0.21, 0.288, 0.246, 0.298, 0.225, 0.245, 0.926, 0.215], [0.229, 0.261, 0.291, 0.262, 0.195, 0.306, 0.215, 0.972]]"
0.2327,0.1344,0.1,0.1272,0.4172,18.0218,"[0.074, 1.946, 1.535, 0.509, -0.312, -0.857, -1.366, -0.701, 0.558, 1.954, 1.417, -0.042, -0.371, -1.228, -0.659, 0.256, -0.053, -0.322, 0.707, -0.84, -1.963, -1.515, 0.139, 0.854, 1.605, 1.171, -0.425, -0.51, -0.935, -0.79, 0.286, 1.468, 0.792, 1.022, -0.25, -1.184, -0.275, -0.844, 0.549, 0.891, 1.035, 0.497, -1.473, 0.443, -0.955, 0.561, 1.131, 1.142, -0.04, -0.112, -1.641, -1.851, -0.63, 1.597, 1.856, -0.245, 0.184, -2.045, -1.191, -1.113, 0.947, 1.452, 1.549, 0.083, -0.848, -1.979, -1.396, 0.534, 1.144, 1.268, 1.284, -0.998, -0.755, -1.723, 0.35, 0.889, 1.69, 0.636, 1.194, 0.149, -1.017, -0.198, 0.038, 0.402, 1.585, 0.081, 0.185, -0.64, -0.958, -0.175, 1.219, 1.364, 0.702, -0.783, -0.459, -1.038, 0.696, 0.267, 1.251, 1.309]","[[1.0, 0.203, 0.329, 0.307, 0.304, 0.285, 0.178, 0.217], [0.203, 0.917, 0.098, 0.259, 0.293, 0.403, 0.239, 0.189], [0.329, 0.098, 1.0, 0.401, 0.124, 0.2, 0.264, 0.174], [0.307, 0.259, 0.401, 1.0, 0.416, 0.279, 0.171, 0.234], [0.304, 0.293, 0.124, 0.416, 0.965, 0.198, 0.275, 0.237], [0.285, 0.403, 0.2, 0.279, 0.198, 0.907, 0.081, 0.25], [0.178, 0.239, 0.264, 0.171, 0.275, 0.081, 1.0, 0.188], [0.217, 0.189, 0.174, 0.234, 0.237, 0.25, 0.188, 0.968]]"
0.2327,0.15,0.01,0.0646,0.5265,19.4961,"[-0.051, 1.017, 1.118, 0.43, -0.714, -1.183, -0.846, 0.293, 1.237, 0.961, -0.073, -1.007, -1.16, -0.389, 0.748, 1.249, 0.739, -0.314, -1.173, -0.999, 0.04, 1.025, 1.127, 0.376, -0.703, -1.262, -0.752, 0.311, 1.028, 0.979, 0.006, -1.052, -1.103, -0.433, 0.77, 1.254, 0.833, -0.354, -1.245, -0.945, 0.085, 0.909, 1.204, 0.424, -0.735, -1.354, -0.739, 0.352, 1.249, 0.993, -0.021, -1.027, -1.156, -0.378, 0.685, 1.246, 0.697, -0.511, -1.139, -0.969, 0.01, 0.975, 1.169, 0.422, -0.756, -1.19, -0.798, 0.389, 1.174, 1.047, -0.046, -1.038, -1.242, -0.409, 0.737, 1.143, 0.702, -0.35, -1.178, -0.994, -0.075, 0.992, 1.174, 0.373, -0.717, -1.248, -0.747, 0.329, 1.221, 0.936, 0.008, -0.907, -1.117, -0.355, 0.737, 1.226, 0.68, -0.394, -1.144, -0.978]","[[1.0, 0.217, 0.246, 0.229, 0.234, 0.232, 0.238, 0.226], [0.217, 0.975, 0.244, 0.246, 0.226, 0.237, 0.237, 0.237], [0.246, 0.244, 0.986, 0.234, 0.226, 0.237, 0.238, 0.23], [0.229, 0.246, 0.234, 1.0, 0.232, 0.24, 0.242, 0.232], [0.234, 0.226, 0.226, 0.232, 1.0, 0.228, 0.218, 0.24], [0.232, 0.237, 0.237, 0.24, 0.228, 1.0, 0.225, 0.249], [0.238, 0.237, 0.238, 0.242, 0.218, 0.225, 1.0, 0.245], [0.226, 0.237, 0.23, 0.232, 0.24, 0.249, 0.245, 1.0]]"
0.2327,0.15,0.05,-0.0158,0.4817,20.4997,"[-0.23, 0.865, 0.834, 0.252, -0.583, -1.18, -0.293, 0.895, 1.138, 0.827, 0.29, -0.681, -1.062, -0.205, 0.862, 0.986, 0.42, -0.394, -1.223, -0.928, -0.033, 0.571, 0.644, 0.565, -0.89, -1.291, -0.864, 0.153, 0.937, 1.252, -0.06, -0.839, -0.98, -0.302, 0.925, 1.236, 1.066, -0.175, -0.933, -1.232, 0.066, 0.539, 1.523, 0.225, -0.846, -1.575, -0.734, 0.314, 1.628, 1.212, -0.129, -1.414, -1.743, -0.637, 0.392, 1.32, 0.688, -0.377, -1.41, -0.959, -0.355, 0.975, 1.38, 0.29, -0.614, -1.727, -1.239, 0.463, 1.434, 0.938, 0.536, -1.358, -1.342, -0.346, 0.841, 1.087, 0.46, -0.226, -1.139, -1.083, 0.125, 0.963, 1.137, 0.337, -0.93, -1.463, -0.856, 0.389, 0.705, 1.233, 0.005, -1.264, -0.768, -0.37, 0.391, 1.626, 1.063, -0.608, -1.253, -1.112]","[[1.0, 0.217, 0.274, 0.174, 0.302, 0.194, 0.233, 0.199], [0.217, 0.99, 0.227, 0.169, 0.211, 0.252, 0.212, 0.189], [0.274, 0.227, 0.968, 0.225, 0.237, 0.234, 0.201, 0.287], [0.174, 0.169, 0.225, 0.914, 0.216, 0.195, 0.151, 0.205], [0.302, 0.211, 0.237, 0.216, 1.0, 0.228, 0.315, 0.256], [0.194, 0.252, 0.234, 0.195, 0.228, 1.0, 0.175, 0.196], [0.233, 0.212, 0.201, 0.151, 0.315, 0.175, 1.0, 0.257], [0.199, 0.189, 0.287, 0.205, 0.256, 0.196, 0.257, 1.0]]"
0.2327,0.15,0.1,0.046,0.4282,19.8765,"[0.493, 0.844, 1.394, 0.525, -0.287, -1.643, -2.26, 0.263, 1.057, 0.419, -0.754, -1.285, -1.23, -0.333, -0.418, 0.356, 1.289, -0.476, -1.174, -1.664, -0.002, 0.809, 0.863, -0.35, -1.159, -0.247, -0.899, 0.776, 1.074, 0.841, -0.318, -0.324, -0.986, -0.776, 0.528, 1.771, -0.695, -0.226, -0.904, -1.372, 0.077, 1.248, 0.557, 0.802, -0.576, -1.309, -0.672, 0.735, 2.33, 1.302, 0.405, -0.901, -0.222, -1.114, -0.144, 1.309, 1.055, -1.668, -1.174, -1.088, 0.372, 1.212, 0.268, -0.159, -1.128, -0.863, -0.537, 0.071, 1.245, 0.468, 1.025, -0.71, -0.779, 0.307, 1.233, 1.248, 0.632, 0.263, -1.159, -1.372, 0.983, 0.529, 0.305, 0.877, -1.09, -1.015, 0.184, -0.306, 1.152, 1.739, 0.341, -1.087, 0.022, -0.429, 0.923, 2.057, 1.215, 0.28, -1.622, -0.383]","[[1.0, 0.314, 0.19, 0.236, 0.171, 0.11, 0.222, 0.267], [0.314, 0.958, 0.367, 0.097, 0.092, 0.055, 0.139, 0.17], [0.19, 0.367, 1.0, 0.241, 0.214, 0.273, 0.187, 0.246], [0.236, 0.097, 0.241, 1.0, 0.171, 0.419, 0.421, 0.19], [0.171, 0.092, 0.214, 0.171, 1.0, 0.358, 0.337, 0.273], [0.11, 0.055, 0.273, 0.419, 0.358, 0.969, 0.348, 0.19], [0.222, 0.139, 0.187, 0.421, 0.337, 0.348, 1.0, 0.275], [0.267, 0.17, 0.246, 0.19, 0.273, 0.19, 0.275, 0.984]]"
0.2773,0.01,0.01,0.0292,0.5679,5.7817,"[0.043, -0.026, 0.203, 0.306, 0.34, 0.396, 0.513, 0.607, 0.641, 0.714, 0.834, 0.852, 0.834, 0.994, 0.978, 1.035, 1.084, 1.168, 1.243, 1.189, 1.301, 1.245, 1.325, 1.277, 1.25, 1.373, 1.245, 1.234, 1.192, 1.301, 1.29, 1.206, 1.107, 1.119, 1.063, 0.982, 0.96, 0.956, 0.844, 0.829, 0.662, 0.768, 0.596, 0.587, 0.48, 0.415, 0.261, 0.201, 0.123, 0.081, 0.066, -0.059, -0.205, -0.235, -0.322, -0.412, -0.471, -0.506, -0.651, -0.702, -0.702, -0.791, -0.81, -0.859, -1.052, -1.019, -1.104, -1.179, -1.195, -1.203, -1.229, -1.267, -1.255, -1.145, -1.361, -1.22, -1.276, -1.289, -1.356, -1.199, -1.287, -1.146, -1.069, -1.183, -1.02, -1.032, -1.089, -0.991, -0.865, -0.794, -0.83, -0.683, -0.574, -0.494, -0.491, -0.373, -0.264, -0.197, -0.116, -0.075]","[[1.0, 0.266, 0.269, 0.282, 0.281, 0.277, 0.286, 0.287], [0.266, 0.999, 0.274, 0.288, 0.264, 0.278, 0.284, 0.276], [0.269, 0.274, 0.978, 0.279, 0.291, 0.27, 0.268, 0.271], [0.282, 0.288, 0.279, 0.987, 0.281, 0.287, 0.285, 0.276], [0.281, 0.264, 0.291, 0.281, 0.98, 0.273, 0.27, 0.281], [0.277, 0.278, 0.27, 0.287, 0.273, 1.0, 0.284, 0.281], [0.286, 0.284, 0.268, 0.285, 0.27, 0.284, 0.993, 0.281], [0.287, 0.276, 0.271, 0.276, 0.281, 0.281, 0.281, 0.996]]"
0.2773,0.01,0.05,0.037,0.5018,7.0112,"[0.489, 0.03, 0.005, 0.447, 0.529, 0.748, 0.952, 0.63, 0.543, 0.209, 0.516, 0.866, 0.579, 0.535, 1.001, 1.228, 1.017, 1.343, 1.31, 1.475, 1.758, 1.891, 1.438, 1.152, 1.29, 1.671, 1.051, 1.629, 1.212, 1.294, 1.013, 0.857, 1.086, 1.445, 0.903, 1.436, 0.841, 0.664, 0.938, 0.984, 0.798, 0.722, 1.016, 0.568, 0.353, 0.111, 0.636, 0.133, 0.078, 0.343, 0.514, -0.017, -0.194, -0.241, -0.432, -0.484, -0.558, -0.316, -0.637, -0.345, -0.78, -0.906, -0.555, -0.926, -1.016, -1.025, -0.712, -1.043, -0.843, -1.246, -0.942, -1.178, -1.034, -1.026, -1.51, -1.259, -1.035, -0.988, -0.941, -1.211, -0.83, -1.352, -1.529, -1.189, -0.779, -1.305, -1.352, -1.361, -0.69, -1.176, -0.614, -0.766, -0.808, -0.794, -0.419, -0.583, -0.319, -0.139, -0.007, 0.153]","[[1.0, 0.269, 0.284, 0.315, 0.321, 0.365, 0.3, 0.277], [0.269, 0.98, 0.28, 0.258, 0.298, 0.338, 0.22, 0.29], [0.284, 0.28, 1.0, 0.247, 0.349, 0.254, 0.254, 0.267], [0.315, 0.258, 0.247, 0.997, 0.259, 0.26, 0.281, 0.262], [0.321, 0.298, 0.349, 0.259, 1.0, 0.26, 0.254, 0.285], [0.365, 0.338, 0.254, 0.26, 0.26, 0.955, 0.288, 0.24], [0.3, 0.22, 0.254, 0.281, 0.254, 0.288, 1.0, 0.292], [0.277, 0.29, 0.267, 0.262, 0.285, 0.24, 0.292, 1.0]]"
0.2773,0.01,0.1,0.003,0.5284,7.26,"[0.483, 0.828, -0.098, 0.39, -0.275, 0.369, 0.669, 0.226, 0.787, 0.768, 0.526, 1.513, 0.757, 0.998, 0.251, 1.293, 0.84, 1.598, 0.5, 1.403, 0.124, 1.545, 1.167, 1.467, 0.975, 0.803, 1.058, 1.363, 1.543, 1.389, 0.746, 2.106, 1.322, 0.808, 1.291, 1.161, 0.896, 0.785, 1.367, 1.678, -0.267, 1.3, 0.625, 0.662, 1.146, -0.933, 0.725, 0.881, -0.184, -0.617, 0.82, -0.958, 0.049, 0.272, -0.119, -0.112, -0.603, -0.312, -0.97, -0.974, -0.733, -1.584, -0.586, -2.171, -0.803, -0.805, -1.476, -1.736, -1.36, -0.868, -1.042, -1.793, -1.202, -1.136, -1.165, -1.771, -1.197, -0.808, -0.986, -1.031, -0.393, -1.104, -1.577, -1.539, -0.99, -1.752, -1.14, -0.699, -0.289, -1.586, -0.701, -0.719, -0.597, -0.473, -0.486, 0.301, 0.304, 0.832, -0.165, -0.286]","[[1.0, 0.274, 0.275, 0.36, 0.372, 0.235, 0.312, 0.395], [0.274, 0.882, 0.324, 0.324, 0.292, 0.38, 0.325, 0.266], [0.275, 0.324, 0.956, 0.256, 0.202, 0.288, 0.412, 0.322], [0.36, 0.324, 0.256, 1.0, 0.154, 0.262, 0.274, 0.215], [0.372, 0.292, 0.202, 0.154, 1.0, 0.1, 0.327, 0.322], [0.235, 0.38, 0.288, 0.262, 0.1, 0.854, 0.278, 0.14], [0.312, 0.325, 0.412, 0.274, 0.327, 0.278, 1.0, 0.234], [0.395, 0.266, 0.322, 0.215, 0.322, 0.14, 0.234, 0.872]]"
0.2773,0.0256,0.01,0.1047,0.5011,6.8009,"[0.013, 0.222, 0.526, 0.587, 0.804, 0.927, 1.083, 1.159, 1.28, 1.215, 1.154, 1.274, 1.107, 1.176, 0.968, 0.803, 0.827, 0.51, 0.307, 0.153, -0.048, -0.235, -0.553, -0.642, -0.849, -1.024, -1.095, -1.278, -1.201, -1.29, -1.294, -1.239, -1.172, -1.007, -0.992, -0.805, -0.626, -0.482, -0.223, -0.063, 0.108, 0.404, 0.645, 0.746, 0.895, 1.027, 1.114, 1.276, 1.268, 1.168, 1.318, 1.254, 1.154, 0.874, 0.874, 0.759, 0.555, 0.354, 0.187, -0.055, -0.205, -0.454, -0.642, -0.77, -0.981, -1.138, -1.177, -1.212, -1.227, -1.226, -1.243, -1.183, -1.108, -0.943, -0.889, -0.637, -0.311, -0.332, -0.046, 0.17, 0.377, 0.496, 0.747, 0.854, 0.946, 1.175, 1.242, 1.211, 1.25, 1.233, 1.133, 1.174, 1.068, 0.877, 0.735, 0.566, 0.381, 0.102, -0.011, -0.298]","[[1.0, 0.274, 0.281, 0.27, 0.281, 0.272, 0.291, 0.275], [0.274, 0.987, 0.274, 0.274, 0.276, 0.274, 0.266, 0.277], [0.281, 0.274, 0.977, 0.279, 0.277, 0.277, 0.279, 0.282], [0.27, 0.274, 0.279, 0.99, 0.284, 0.275, 0.291, 0.276], [0.281, 0.276, 0.277, 0.284, 0.994, 0.271, 0.272, 0.279], [0.272, 0.274, 0.277, 0.275, 0.271, 1.0, 0.267, 0.274], [0.291, 0.266, 0.279, 0.291, 0.272, 0.267, 1.0, 0.272], [0.275, 0.277, 0.282, 0.276, 0.279, 0.274, 0.272, 1.0]]"
0.2773,0.0256,0.05,0.0943,0.5415,7.469,"[0.026, 0.115, 0.395, 0.392, 0.517, 1.22, 1.458, 0.704, 1.371, 1.482, 0.974, 1.135, 1.053, 1.586, 1.409, 0.624, 0.327, 0.705, 0.454, 0.427, -0.354, -0.111, -0.67, -0.513, -0.844, -0.503, -0.985, -1.266, -1.213, -1.3, -1.559, -0.751, -0.764, -1.108, -0.762, -0.274, -0.306, -0.505, -0.253, -0.456, 0.371, 0.688, 0.88, 0.919, 0.988, 0.784, 1.22, 1.06, 1.395, 1.086, 1.388, 1.537, 1.218, 1.094, 1.103, 1.157, 0.509, 0.474, 0.52, 0.105, -0.766, -0.641, -0.459, -0.914, -0.601, -0.619, -1.325, -1.5, -1.364, -1.378, -0.855, -1.433, -0.893, -0.608, -0.602, -0.53, -0.494, 0.205, -0.115, 0.388, 0.312, 0.083, 0.654, 0.842, 0.982, 0.963, 1.366, 1.444, 1.201, 1.184, 0.952, 1.2, 1.373, 1.238, 0.586, 1.058, 0.279, -0.085, -0.376, -0.508]","[[0.958, 0.233, 0.266, 0.315, 0.291, 0.305, 0.294, 0.275], [0.233, 1.0, 0.279, 0.306, 0.313, 0.309, 0.348, 0.247], [0.266, 0.279, 0.951, 0.291, 0.276, 0.358, 0.249, 0.257], [0.315, 0.306, 0.291, 1.0, 0.311, 0.281, 0.284, 0.323], [0.291, 0.313, 0.276, 0.311, 1.0, 0.211, 0.275, 0.302], [0.305, 0.309, 0.358, 0.281, 0.211, 0.968, 0.318, 0.232], [0.294, 0.348, 0.249, 0.284, 0.275, 0.318, 1.0, 0.257], [0.275, 0.247, 0.257, 0.323, 0.302, 0.232, 0.257, 1.0]]"
0.2773,0.0256,0.1,0.1248,0.5787,8.5559,"[0.247, 1.404, -0.501, 0.575, 0.726, 1.038, 1.915, 1.59, 0.423, 2.034, 2.029, 1.384, 0.388, 1.035, 1.23, 1.353, -0.193, 0.127, 0.867, 0.867, 0.126, 0.283, -0.259, -0.188, -0.762, -0.738, -1.708, -0.827, -1.874, -0.915, -1.49, -1.048, -1.64, -1.316, -0.753, -0.409, -0.068, -1.003, -0.981, -0.514, -0.355, 1.161, 1.238, 0.245, 1.755, 1.674, 0.325, 0.702, 0.434, 1.234, 1.267, 1.214, 0.11, 0.298, 1.004, 1.025, -0.474, -0.297, 0.654, -0.675, -0.273, -1.122, -0.231, -1.823, -1.113, -0.613, -0.872, -1.474, -1.623, -1.389, -1.884, -1.224, -1.12, -1.164, -0.307, -1.174, -1.306, -0.519, 0.009, 0.098, 0.276, -0.019, 0.23, 0.637, 0.734, 1.677, 1.341, 0.993, 1.825, 1.485, 0.536, -0.485, 0.365, 1.191, 1.182, -0.27, 0.698, 0.479, 0.662, 0.236]","[[0.966, 0.308, 0.16, 0.354, 0.29, 0.358, 0.258, 0.291], [0.308, 1.0, 0.163, 0.381, 0.25, 0.237, 0.307, 0.341], [0.16, 0.163, 1.0, 0.167, 0.347, 0.353, 0.379, 0.263], [0.354, 0.381, 0.167, 1.0, 0.203, 0.232, 0.248, 0.289], [0.29, 0.25, 0.347, 0.203, 1.0, 0.364, 0.243, 0.252], [0.358, 0.237, 0.353, 0.232, 0.364, 1.0, 0.224, 0.153], [0.258, 0.307, 0.379, 0.248, 0.243, 0.224, 1.0, 0.254], [0.291, 0.341, 0.263, 0.289, 0.252, 0.153, 0.254, 0.917]]"
0.2773,0.0411,0.01,0.1237,0.4902,9.6244,"[-0.034, 0.331, 0.584, 0.949, 1.034, 1.228, 1.24, 1.249, 1.099, 0.93, 0.738, 0.343, 0.019, -0.29, -0.51, -0.859, -1.007, -1.221, -1.215, -1.233, -1.12, -1.039, -0.801, -0.375, -0.054, 0.343, 0.461, 0.838, 0.987, 1.157, 1.245, 1.281, 1.137, 1.003, 0.807, 0.535, 0.195, -0.146, -0.494, -0.801, -0.98, -1.227, -1.258, -1.323, -1.193, -1.086, -0.827, -0.561, -0.253, 0.111, 0.316, 0.639, 1.013, 1.159, 1.218, 1.323, 1.177, 1.035, 0.809, 0.671, 0.277, -0.053, -0.363, -0.777, -0.967, -1.105, -1.244, -1.167, -1.252, -1.045, -0.847, -0.616, -0.301, -0.006, 0.236, 0.656, 0.921, 1.131, 1.233, 1.326, 1.196, 1.193, 0.876, 0.664, 0.403, 0.019, -0.246, -0.609, -0.855, -1.083, -1.244, -1.163, -1.293, -1.258, -1.001, -0.708, -0.439, -0.047, 0.28, 0.528]","[[0.984, 0.277, 0.283, 0.276, 0.276, 0.269, 0.281, 0.274], [0.277, 1.0, 0.288, 0.277, 0.282, 0.281, 0.282, 0.266], [0.283, 0.288, 0.995, 0.269, 0.278, 0.282, 0.27, 0.289], [0.276, 0.277, 0.269, 1.0, 0.272, 0.288, 0.291, 0.274], [0.276, 0.282, 0.278, 0.272, 1.0, 0.277, 0.266, 0.266], [0.269, 0.281, 0.282, 0.288, 0.277, 0.989, 0.276, 0.266], [0.281, 0.282, 0.27, 0.291, 0.266, 0.276, 0.988, 0.289], [0.274, 0.266, 0.289, 0.274, 0.266, 0.266, 0.289, 1.0]]"
0.2773,0.0411,0.05,0.1441,0.5209,10.3183,"[-0.209, 0.205, 0.644, 1.225, 1.18, 1.087, 1.22, 1.434, 1.544, 0.655, 0.955, 0.3, -0.353, -0.73, -0.25, -0.491, -1.211, -1.265, -1.72, -1.062, -1.155, -1.355, -0.67, -0.776, 0.032, -0.049, 0.62, 0.651, 0.447, 1.443, 1.533, 1.132, 1.239, 1.111, 0.883, 0.91, 0.264, -0.258, -0.38, -0.88, -1.273, -0.869, -1.13, -1.735, -1.362, -0.844, -1.198, -0.716, 0.452, 0.033, 0.708, 1.104, 0.746, 1.218, 1.769, 1.389, 1.801, 0.905, 1.297, 0.58, 0.184, 0.098, -0.414, -0.706, -0.816, -1.58, -1.443, -1.096, -0.977, -1.003, -0.818, -0.523, -0.078, -0.348, 0.208, 0.62, 0.949, 0.574, 0.916, 1.273, 1.493, 1.015, 0.758, 0.801, 0.287, 0.265, -0.338, -0.871, -0.506, -0.764, -1.454, -1.176, -1.333, -0.989, -1.18, -0.496, -0.121, -0.335, 0.247, 0.848]","[[0.992, 0.283, 0.252, 0.283, 0.341, 0.304, 0.247, 0.271], [0.283, 1.0, 0.3, 0.244, 0.252, 0.252, 0.248, 0.292], [0.252, 0.3, 1.0, 0.297, 0.308, 0.222, 0.264, 0.268], [0.283, 0.244, 0.297, 1.0, 0.267, 0.254, 0.242, 0.312], [0.341, 0.252, 0.308, 0.267, 0.944, 0.259, 0.26, 0.328], [0.304, 0.252, 0.222, 0.254, 0.259, 0.993, 0.236, 0.287], [0.247, 0.248, 0.264, 0.242, 0.26, 0.236, 0.999, 0.286], [0.271, 0.292, 0.268, 0.312, 0.328, 0.287, 0.286, 0.937]]"
0.2773,0.0411,0.1,0.2192,0.6511,8.8066,"[-0.357, 0.273, 0.898, 1.218, 1.26, 1.63, 0.777, 1.486, 1.13, 0.994, 0.496, -0.099, -0.554, -0.114, -0.335, -0.919, -1.076, -1.572, -1.023, -1.223, -1.331, -0.534, -0.399, -1.196, -0.082, -0.257, 0.606, -0.762, 1.137, 1.55, 1.215, 0.68, 2.149, 1.579, 0.5, 0.348, -0.83, 0.068, -1.171, -0.439, -0.494, -1.209, -1.796, -0.645, -1.19, -0.987, -1.273, -0.431, -0.314, -0.548, 1.107, 1.609, 1.482, 1.586, 2.137, 0.75, 0.679, 0.857, 0.997, 0.43, -0.244, -0.06, -0.433, -0.264, -0.915, -2.08, -1.051, -0.486, -1.211, -0.599, -1.14, -0.34, -0.69, -0.114, 0.216, 0.877, 0.488, 0.369, 1.465, 1.493, 1.296, 1.586, 0.824, 0.81, 0.194, -0.085, -0.113, 0.542, -0.49, -0.799, -0.828, -2.449, -1.092, -0.689, -0.919, -0.736, -0.89, -0.315, -0.186, 1.044]","[[0.933, 0.308, 0.176, 0.176, 0.218, 0.324, 0.301, 0.291], [0.308, 1.0, 0.312, 0.25, 0.282, 0.213, 0.321, 0.382], [0.176, 0.312, 0.992, 0.315, 0.206, 0.328, 0.304, 0.301], [0.176, 0.25, 0.315, 0.949, 0.292, 0.308, 0.264, 0.248], [0.218, 0.282, 0.206, 0.292, 1.0, 0.305, 0.337, 0.248], [0.324, 0.213, 0.328, 0.308, 0.305, 1.0, 0.277, 0.182], [0.301, 0.321, 0.304, 0.264, 0.337, 0.277, 1.0, 0.254], [0.291, 0.382, 0.301, 0.248, 0.248, 0.182, 0.254, 1.0]]"
0.2773,0.0567,0.01,0.3222,0.603,9.795,"[0.068, 0.56, 0.857, 1.152, 1.256, 1.232, 1.122, 0.84, 0.409, -0.122, -0.5, -0.932, -1.172, -1.191, -1.29, -0.925, -0.679, -0.315, 0.163, 0.558, 0.922, 1.191, 1.261, 1.16, 0.973, 0.573, 0.149, -0.303, -0.578, -0.981, -1.185, -1.276, -1.152, -0.872, -0.548, -0.051, 0.316, 0.759, 1.084, 1.191, 1.272, 1.052, 0.868, 0.481, 0.037, -0.415, -0.768, -1.137, -1.162, -1.231, -1.146, -0.782, -0.37, 0.045, 0.42, 0.967, 1.164, 1.205, 1.254, 1.053, 0.751, 0.284, -0.104, -0.585, -0.93, -1.147, -1.299, -1.237, -0.976, -0.729, -0.298, 0.124, 0.574, 0.973, 1.229, 1.237, 1.228, 0.972, 0.546, 0.195, -0.206, -0.779, -0.917, -1.253, -1.357, -1.16, -0.871, -0.558, -0.091, 0.449, 0.761, 1.213, 1.307, 1.27, 1.147, 0.839, 0.483, 0.055, -0.44, -0.883]","[[1.0, 0.261, 0.271, 0.278, 0.28, 0.273, 0.278, 0.279], [0.261, 0.992, 0.272, 0.277, 0.283, 0.28, 0.278, 0.277], [0.271, 0.272, 0.987, 0.285, 0.271, 0.271, 0.278, 0.274], [0.278, 0.277, 0.285, 0.978, 0.28, 0.274, 0.274, 0.285], [0.28, 0.283, 0.271, 0.28, 0.984, 0.272, 0.271, 0.287], [0.273, 0.28, 0.271, 0.274, 0.272, 0.978, 0.274, 0.274], [0.278, 0.278, 0.278, 0.274, 0.271, 0.274, 1.0, 0.272], [0.279, 0.277, 0.274, 0.285, 0.287, 0.274, 0.272, 0.998]]"
0.2773,0.0567,0.05,0.2613,0.5708,10.2696,"[-0.294, 0.434, 0.859, 1.102, 1.173, 1.663, 1.314, 0.748, 0.392, 0.264, -0.666, -1.135, -1.099, -1.169, -1.108, -0.826, -0.89, -0.644, 0.014, 0.737, 0.719, 0.704, 1.313, 1.064, 0.552, 0.657, 0.116, 0.18, -0.639, -0.854, -1.219, -1.426, -1.299, -0.661, -0.381, -0.506, 0.005, 0.431, 1.314, 0.804, 1.467, 1.244, 0.911, 0.377, 0.351, -0.366, -1.154, -1.395, -1.666, -0.959, -0.75, -0.543, -0.456, -0.33, 0.207, 0.607, 1.121, 1.614, 1.589, 0.942, 0.192, 0.052, 0.19, -0.486, -1.001, -1.273, -1.462, -1.524, -0.499, -0.255, -0.471, -0.252, 0.658, 0.93, 1.354, 1.491, 0.905, 1.287, 0.527, 0.339, -0.331, -0.454, -1.608, -1.038, -1.483, -1.148, -0.601, -0.745, -0.347, 0.25, 0.642, 0.801, 1.27, 1.307, 1.248, 0.65, 0.234, -0.003, -0.481, -0.871]","[[0.994, 0.194, 0.281, 0.303, 0.283, 0.212, 0.21, 0.271], [0.194, 1.0, 0.29, 0.293, 0.242, 0.328, 0.239, 0.3], [0.281, 0.29, 1.0, 0.287, 0.281, 0.232, 0.302, 0.316], [0.303, 0.293, 0.287, 1.0, 0.239, 0.277, 0.239, 0.267], [0.283, 0.242, 0.281, 0.239, 1.0, 0.292, 0.244, 0.282], [0.212, 0.328, 0.232, 0.277, 0.292, 1.0, 0.258, 0.345], [0.21, 0.239, 0.302, 0.239, 0.244, 0.258, 0.961, 0.318], [0.271, 0.3, 0.316, 0.267, 0.282, 0.345, 0.318, 1.0]]"
0.2773,0.0567,0.1,0.3135,0.4898,11.9627,"[-0.295, 0.904, 0.621, 1.417, 1.919, 0.852, 0.151, 1.696, 0.613, -0.134, -0.601, -1.942, -1.051, -1.538, -1.204, -1.018, -2.396, -0.047, 0.255, 0.753, 0.857, 1.212, 1.363, 1.343, 1.222, 0.78, 1.138, -0.602, -0.849, -0.155, -1.292, -0.81, -1.11, -1.045, -0.075, 0.126, -0.449, 0.816, 0.551, 1.873, 2.147, 2.081, 1.053, 0.264, 0.214, -0.865, 0.379, -0.495, -1.102, -0.761, -1.352, -1.368, -1.527, 0.068, 0.366, 1.114, 1.138, 1.504, 1.649, 0.334, 1.185, 0.14, 0.152, -0.033, -0.398, -1.102, -1.186, -0.777, -1.768, -1.16, -0.405, -0.48, 0.479, 0.804, 1.241, 1.249, 1.732, 1.253, 0.58, 0.02, -0.289, -0.699, 0.242, -1.952, -1.738, -1.703, -0.778, -0.429, -0.393, 0.792, 0.936, 1.533, 1.845, 0.202, 1.475, 0.21, 0.595, -0.01, -0.435, -1.416]","[[0.857, 0.273, 0.42, 0.415, 0.159, 0.338, 0.255, 0.36], [0.273, 1.0, 0.221, 0.251, 0.3, 0.298, 0.328, 0.286], [0.42, 0.221, 0.967, 0.36, 0.253, 0.28, 0.129, 0.347], [0.415, 0.251, 0.36, 0.977, 0.358, 0.251, 0.353, 0.165], [0.159, 0.3, 0.253, 0.358, 0.918, 0.26, 0.238, 0.257], [0.338, 0.298, 0.28, 0.251, 0.26, 0.868, 0.201, 0.345], [0.255, 0.328, 0.129, 0.353, 0.238, 0.201, 0.974, 0.309], [0.36, 0.286, 0.347, 0.165, 0.257, 0.345, 0.309, 0.886]]"
0.2773,0.0722,0.01,0.3455,0.4457,12.092,"[-0.001, 0.534, 1.007, 1.321, 1.257, 1.087, 0.53, -0.053, -0.601, -1.026, -1.242, -1.277, -0.961, -0.515, 0.141, 0.542, 1.067, 1.189, 1.236, 0.899, 0.346, -0.086, -0.803, -1.085, -1.236, -1.131, -0.968, -0.421, 0.232, 0.772, 1.17, 1.402, 1.159, 0.873, 0.335, -0.321, -0.755, -1.227, -1.303, -1.24, -0.799, -0.348, 0.176, 0.83, 1.118, 1.256, 1.099, 0.844, 0.279, -0.34, -0.917, -1.041, -1.178, -1.056, -0.786, -0.247, 0.372, 0.81, 1.135, 1.347, 1.103, 0.658, 0.225, -0.423, -0.986, -1.257, -1.296, -1.072, -0.668, -0.072, 0.425, 0.896, 1.277, 1.314, 1.048, 0.653, 0.065, -0.537, -0.839, -1.255, -1.243, -1.109, -0.563, -0.105, 0.603, 1.068, 1.268, 1.255, 0.997, 0.558, 0.02, -0.555, -0.957, -1.295, -1.163, -1.0, -0.557, 0.063, 0.621, 0.947]","[[0.994, 0.281, 0.281, 0.28, 0.289, 0.29, 0.273, 0.273], [0.281, 0.983, 0.269, 0.267, 0.276, 0.275, 0.276, 0.3], [0.281, 0.269, 0.99, 0.281, 0.269, 0.281, 0.292, 0.282], [0.28, 0.267, 0.281, 1.0, 0.272, 0.275, 0.289, 0.279], [0.289, 0.276, 0.269, 0.272, 0.991, 0.284, 0.271, 0.278], [0.29, 0.275, 0.281, 0.275, 0.284, 0.996, 0.294, 0.277], [0.273, 0.276, 0.292, 0.289, 0.271, 0.294, 1.0, 0.277], [0.273, 0.3, 0.282, 0.279, 0.278, 0.277, 0.277, 0.976]]"
0.2773,0.0722,0.05,0.3889,0.5941,12.7545,"[0.457, 0.504, 0.853, 1.116, 1.605, 0.856, 0.681, -0.128, -0.913, -0.808, -0.982, -1.398, -0.959, -0.454, 0.2, 1.131, 0.978, 1.182, 1.171, 0.683, 0.006, -0.1, -0.545, -1.083, -1.286, -1.425, -0.824, -0.352, 0.296, 0.795, 1.205, 1.604, 1.327, 0.975, -0.084, 0.042, -0.825, -1.108, -1.595, -0.644, -1.44, 0.063, 0.372, 0.31, 1.657, 1.406, 0.558, 0.681, 0.399, 0.119, -0.923, -1.829, -0.912, -1.003, -1.309, -0.136, 0.464, 0.773, 0.977, 1.122, 1.025, 0.803, 0.375, -0.932, -0.823, -1.078, -1.228, -1.184, -0.322, 0.203, 0.345, 0.898, 1.408, 1.585, 0.855, 0.377, 0.158, -0.759, -1.435, -1.433, -1.154, -0.645, -0.777, -0.076, 0.558, 0.816, 1.058, 1.333, 0.707, 0.368, -0.051, -0.479, -1.385, -1.282, -1.562, -1.149, -0.322, 0.026, 1.017, 1.015]","[[0.934, 0.268, 0.315, 0.26, 0.267, 0.211, 0.285, 0.274], [0.268, 0.962, 0.242, 0.275, 0.29, 0.318, 0.234, 0.223], [0.315, 0.242, 0.895, 0.315, 0.257, 0.267, 0.273, 0.299], [0.26, 0.275, 0.315, 0.889, 0.239, 0.238, 0.277, 0.258], [0.267, 0.29, 0.257, 0.239, 0.981, 0.263, 0.266, 0.364], [0.211, 0.318, 0.267, 0.238, 0.263, 1.0, 0.264, 0.289], [0.285, 0.234, 0.273, 0.277, 0.266, 0.264, 1.0, 0.29], [0.274, 0.223, 0.299, 0.258, 0.364, 0.289, 0.29, 1.0]]"
0.2773,0.0722,0.1,0.4163,0.5843,11.4508,"[0.027, 0.909, 0.578, 1.932, 0.577, 1.081, 0.107, -0.023, -0.106, -1.89, -1.343, -1.948, -1.089, -1.2, 0.17, 0.426, 1.432, 1.879, 1.22, 1.366, 1.128, -0.595, 0.041, -1.102, -1.759, -1.051, -0.923, -1.098, -0.373, 1.533, 1.245, 2.015, 0.976, 0.454, -0.49, 0.262, -0.545, -1.332, -1.673, -0.603, -0.91, -0.392, -0.035, 0.583, 1.423, 0.569, 1.188, 1.264, 0.223, 0.218, -0.151, -0.715, -1.545, -1.145, -0.578, -0.457, 0.101, 0.573, 2.456, 1.139, 1.64, 0.28, 1.029, -0.584, -0.861, -2.117, -0.712, -0.417, -1.27, 0.454, -0.232, 1.235, 1.071, 1.933, 1.184, 1.104, 0.708, -0.624, -0.964, -1.783, -1.408, -0.07, -0.222, -0.567, 1.335, 1.173, 1.655, 1.495, 1.216, -0.439, 0.553, -1.687, -0.499, -1.2, -0.822, -0.899, 0.002, 0.053, 0.74, 1.236]","[[0.944, 0.363, 0.411, 0.318, 0.352, 0.294, 0.307, 0.271], [0.363, 0.955, 0.228, 0.334, 0.334, 0.306, 0.17, 0.197], [0.411, 0.228, 1.0, 0.342, 0.113, 0.383, 0.175, 0.303], [0.318, 0.334, 0.342, 1.0, 0.324, 0.385, 0.355, 0.254], [0.352, 0.334, 0.113, 0.324, 0.899, 0.41, 0.12, 0.259], [0.294, 0.306, 0.383, 0.385, 0.41, 0.948, 0.275, 0.311], [0.307, 0.17, 0.175, 0.355, 0.12, 0.275, 0.935, 0.249], [0.271, 0.197, 0.303, 0.254, 0.259, 0.311, 0.249, 0.911]]"
0.2773,0.0878,0.01,0.3246,0.6103,15.0165,"[-0.019, 0.58, 1.159, 1.118, 1.072, 0.509, -0.133, -0.732, -1.173, -1.269, -0.779, -0.334, 0.325, 1.082, 1.296, 1.073, 0.654, 0.09, -0.659, -1.147, -1.178, -0.956, -0.528, 0.144, 0.838, 1.172, 1.14, 0.793, 0.331, -0.317, -0.948, -1.216, -1.145, -0.703, -0.115, 0.574, 1.077, 1.264, 1.019, 0.65, -0.108, -0.766, -1.205, -1.329, -0.977, -0.369, 0.265, 0.958, 1.225, 1.135, 0.89, 0.197, -0.46, -0.999, -1.322, -1.154, -0.595, 0.119, 0.695, 1.121, 1.354, 0.981, 0.47, -0.261, -0.848, -1.275, -1.249, -0.899, -0.215, 0.453, 1.051, 1.228, 1.145, 0.731, 0.079, -0.711, -1.108, -1.316, -1.003, -0.418, 0.047, 0.781, 1.222, 1.245, 0.96, 0.313, -0.413, -1.018, -1.32, -1.218, -0.779, -0.079, 0.576, 1.06, 1.227, 1.048, 0.54, -0.153, -0.731, -1.119]","[[1.0, 0.287, 0.278, 0.275, 0.274, 0.275, 0.288, 0.279], [0.287, 0.993, 0.272, 0.276, 0.277, 0.278, 0.276, 0.281], [0.278, 0.272, 1.0, 0.273, 0.268, 0.273, 0.276, 0.267], [0.275, 0.276, 0.273, 0.993, 0.274, 0.29, 0.278, 0.283], [0.274, 0.277, 0.268, 0.274, 1.0, 0.269, 0.281, 0.277], [0.275, 0.278, 0.273, 0.29, 0.269, 1.0, 0.277, 0.282], [0.288, 0.276, 0.276, 0.278, 0.281, 0.277, 0.998, 0.275], [0.279, 0.281, 0.267, 0.283, 0.277, 0.282, 0.275, 0.994]]"
0.2773,0.0878,0.05,0.3897,0.63,13.2422,"[-0.183, 0.931, 1.042, 1.734, 1.185, 0.273, 0.077, -1.02, -0.727, -1.181, -0.752, -0.267, 0.487, 0.933, 1.035, 1.252, 0.978, -0.235, -0.23, -0.96, -1.386, -1.178, -0.07, 0.386, 1.078, 1.137, 1.39, 1.018, 0.291, -0.333, -0.672, -0.856, -1.254, -1.101, 0.286, 0.974, 1.179, 1.725, 1.179, 0.364, -0.417, -1.074, -1.176, -1.379, -1.117, -0.421, 0.515, 0.77, 1.065, 1.092, 1.051, 0.169, -0.433, -0.655, -0.564, -0.968, -0.511, -0.269, 0.784, 1.167, 1.493, 0.914, 0.504, -0.088, -0.387, -0.837, -0.914, -0.686, -0.356, 0.627, 0.813, 1.218, 1.6, 0.834, 0.092, -0.55, -1.147, -1.814, -1.365, -0.357, -0.052, 0.787, 0.902, 1.066, 0.912, 0.54, -0.105, -1.151, -1.184, -1.537, -0.737, 0.14, 0.567, 1.421, 1.486, 1.144, 0.505, -0.249, -1.13, -1.511]","[[1.0, 0.21, 0.236, 0.295, 0.261, 0.22, 0.307, 0.262], [0.21, 1.0, 0.296, 0.314, 0.286, 0.242, 0.253, 0.262], [0.236, 0.296, 0.972, 0.271, 0.233, 0.261, 0.252, 0.246], [0.295, 0.314, 0.271, 1.0, 0.257, 0.279, 0.289, 0.367], [0.261, 0.286, 0.233, 0.257, 1.0, 0.321, 0.296, 0.294], [0.22, 0.242, 0.261, 0.279, 0.321, 0.974, 0.245, 0.267], [0.307, 0.253, 0.252, 0.289, 0.296, 0.245, 0.966, 0.255], [0.262, 0.262, 0.246, 0.367, 0.294, 0.267, 0.255, 0.983]]"
0.2773,0.0878,0.1,0.3803,0.577,15.9124,"[0.781, 1.168, 0.263, 0.762, 0.96, 0.22, -0.967, -0.783, -2.159, -1.174, -0.522, 0.162, 0.348, 1.745, 1.432, 1.59, 0.353, 0.823, -0.617, -0.322, -0.597, -0.935, -0.333, 0.061, 0.384, 1.498, 1.523, 0.122, 0.293, 0.073, -0.216, -0.894, -1.949, -1.299, -0.298, 1.259, 0.775, 1.806, 0.786, 0.858, -0.559, -0.84, -1.743, -0.541, -1.32, -1.168, -0.513, 0.864, 1.014, 1.536, 0.703, 0.77, -0.696, -0.53, -1.751, -1.879, -1.058, -0.538, 0.072, 1.359, 1.138, 1.083, 0.717, -1.082, -0.576, -1.83, -1.519, -1.814, 0.079, -0.399, 0.406, 0.706, 1.091, 0.62, 0.442, -0.691, -0.641, -1.086, -1.522, -0.845, 0.933, 1.428, 1.621, 1.723, 1.145, 0.477, -0.361, -0.117, -1.493, -1.061, -1.605, -0.813, 1.491, 1.401, 1.171, 1.122, -0.111, -0.33, -1.494, -1.335]","[[1.0, 0.157, 0.347, 0.301, 0.346, 0.332, 0.216, 0.316], [0.157, 0.868, 0.427, 0.299, 0.285, 0.345, 0.227, 0.287], [0.347, 0.427, 1.0, 0.145, 0.172, 0.324, 0.221, 0.309], [0.301, 0.299, 0.145, 1.0, 0.33, 0.366, 0.384, 0.234], [0.346, 0.285, 0.172, 0.33, 0.87, 0.306, 0.275, 0.277], [0.332, 0.345, 0.324, 0.366, 0.306, 1.0, 0.232, 0.285], [0.216, 0.227, 0.221, 0.384, 0.275, 0.232, 0.913, 0.401], [0.316, 0.287, 0.309, 0.234, 0.277, 0.285, 0.401, 0.988]]"
0.2773,0.1033,0.01,0.2594,0.6275,15.901,"[0.04, 0.824, 1.227, 1.17, 0.613, -0.112, -0.846, -1.28, -1.146, -0.555, 0.305, 0.898, 1.219, 1.01, 0.413, -0.379, -1.102, -1.231, -0.911, -0.271, 0.576, 1.074, 1.219, 0.919, 0.158, -0.683, -1.106, -1.222, -0.758, -0.06, 0.835, 1.215, 1.248, 0.655, -0.098, -0.827, -1.155, -1.166, -0.558, 0.269, 0.878, 1.164, 1.029, 0.494, -0.283, -1.079, -1.338, -0.924, -0.346, 0.476, 1.179, 1.332, 0.959, 0.101, -0.678, -1.111, -1.228, -0.853, -0.071, 0.785, 1.291, 1.206, 0.672, -0.094, -0.767, -1.183, -1.146, -0.618, 0.267, 1.012, 1.198, 1.081, 0.528, -0.34, -1.042, -1.268, -0.999, -0.4, 0.475, 1.111, 1.246, 0.892, 0.186, -0.64, -1.113, -1.299, -0.825, -0.099, 0.672, 1.275, 1.208, 0.695, -0.092, -0.797, -1.202, -1.103, -0.624, 0.175, 0.919, 1.276]","[[1.0, 0.278, 0.281, 0.269, 0.269, 0.286, 0.287, 0.277], [0.278, 0.978, 0.274, 0.284, 0.272, 0.271, 0.287, 0.265], [0.281, 0.274, 0.991, 0.287, 0.281, 0.268, 0.279, 0.27], [0.269, 0.284, 0.287, 1.0, 0.285, 0.281, 0.276, 0.281], [0.269, 0.272, 0.281, 0.285, 0.997, 0.275, 0.266, 0.278], [0.286, 0.271, 0.268, 0.281, 0.275, 1.0, 0.287, 0.276], [0.287, 0.287, 0.279, 0.276, 0.266, 0.287, 1.0, 0.287], [0.277, 0.265, 0.27, 0.281, 0.278, 0.276, 0.287, 0.993]]"
0.2773,0.1033,0.05,0.2731,0.5772,15.9196,"[-0.394, 0.487, 1.072, 1.458, 0.337, -0.424, -0.771, -1.047, -1.519, -0.987, 0.069, 1.131, 1.311, 0.876, 0.605, -0.364, -1.076, -1.68, -1.177, 0.198, 0.435, 0.88, 1.168, 0.923, 0.381, -0.483, -1.347, -0.919, -0.59, -0.138, 0.719, 1.373, 1.466, 0.305, -0.089, -0.862, -1.397, -1.288, -0.304, 0.373, 1.476, 1.13, 1.113, 0.523, -0.145, -0.694, -1.254, -1.275, -0.495, 0.531, 1.387, 0.906, 0.62, 0.376, -0.939, -1.448, -0.959, -0.869, -0.128, 1.071, 0.949, 0.89, 1.114, -0.022, -0.665, -1.327, -1.182, -0.768, 0.293, 1.139, 1.319, 1.358, 0.636, -0.606, -1.054, -1.389, -0.829, -0.228, 0.502, 1.346, 0.804, 0.78, 0.083, -0.529, -1.018, -1.25, -1.163, 0.021, 0.739, 0.839, 1.141, 0.822, 0.36, -1.086, -1.046, -1.436, -0.933, -0.116, 1.064, 1.3]","[[1.0, 0.259, 0.239, 0.337, 0.322, 0.296, 0.244, 0.318], [0.259, 1.0, 0.277, 0.241, 0.247, 0.258, 0.269, 0.257], [0.239, 0.277, 0.866, 0.248, 0.299, 0.24, 0.227, 0.27], [0.337, 0.241, 0.248, 0.988, 0.264, 0.306, 0.351, 0.241], [0.322, 0.247, 0.299, 0.264, 1.0, 0.316, 0.227, 0.295], [0.296, 0.258, 0.24, 0.306, 0.316, 1.0, 0.328, 0.288], [0.244, 0.269, 0.227, 0.351, 0.227, 0.328, 1.0, 0.27], [0.318, 0.257, 0.27, 0.241, 0.295, 0.288, 0.27, 1.0]]"
0.2773,0.1033,0.1,0.2853,0.4447,15.9146,"[-0.256, -0.604, 1.554, 0.912, 1.571, -0.151, -1.254, -1.766, -0.82, -0.681, 0.999, 0.862, 1.982, 0.374, -0.449, 0.02, -1.281, -1.408, -1.49, -0.834, 0.837, 1.11, 0.733, 1.289, 0.748, -0.693, -0.676, -1.738, -0.505, 0.054, 0.355, 2.249, 1.314, 0.389, -0.097, -1.29, -1.833, -1.369, -0.759, -0.163, 1.575, 0.89, 0.612, -0.148, -1.01, -0.52, -1.148, -0.656, 0.192, 0.328, 1.842, 0.954, 0.365, 0.373, -0.543, -1.095, -0.736, -0.761, 0.103, 1.409, 1.348, 1.453, -0.002, 1.779, -1.63, -1.519, -1.44, 0.462, -0.087, 1.152, 0.989, 0.572, 0.755, -0.703, -0.914, -0.964, -0.064, -0.975, 0.394, 1.037, 1.271, 2.215, 0.126, -1.852, -1.255, -1.309, -0.955, -0.44, 0.046, 2.286, 1.374, 0.633, 1.01, -1.248, -0.942, -1.791, -0.24, -0.381, 1.148, 2.244]","[[1.0, 0.346, 0.312, 0.381, 0.262, 0.175, 0.165, 0.295], [0.346, 0.865, 0.136, 0.278, 0.145, 0.254, 0.136, 0.354], [0.312, 0.136, 1.0, 0.24, 0.173, 0.212, 0.336, 0.386], [0.381, 0.278, 0.24, 1.0, 0.351, 0.29, 0.304, 0.269], [0.262, 0.145, 0.173, 0.351, 1.0, 0.223, 0.317, 0.174], [0.175, 0.254, 0.212, 0.29, 0.223, 0.786, 0.162, 0.351], [0.165, 0.136, 0.336, 0.304, 0.317, 0.162, 1.0, 0.187], [0.295, 0.354, 0.386, 0.269, 0.174, 0.351, 0.187, 1.0]]"
0.2773,0.1189,0.01,0.171,0.52,20.0238,"[-0.032, 0.881, 1.221, 1.001, 0.178, -0.597, -1.216, -1.218, -0.386, 0.562, 1.161, 1.139, 0.601, -0.409, -1.068, -1.302, -0.763, 0.217, 1.009, 1.277, 0.886, 0.031, -0.888, -1.347, -0.989, -0.145, 0.722, 1.25, 1.063, 0.455, -0.495, -1.136, -1.152, -0.512, 0.279, 1.019, 1.262, 0.712, -0.197, -0.906, -1.327, -0.907, -0.135, 0.831, 1.327, 1.094, 0.3, -0.673, -1.175, -1.115, -0.459, 0.514, 1.207, 1.146, 0.562, -0.316, -1.13, -1.321, -0.8, 0.165, 0.998, 1.293, 0.934, 0.185, -0.834, -1.253, -1.078, -0.339, 0.706, 1.207, 1.183, 0.45, -0.408, -1.202, -1.162, -0.594, 0.193, 1.028, 1.315, 0.882, -0.053, -0.951, -1.326, -0.915, -0.128, 0.767, 1.25, 1.108, 0.391, -0.572, -1.214, -1.204, -0.453, 0.528, 1.19, 1.238, 0.637, -0.24, -0.981, -1.256]","[[0.991, 0.268, 0.279, 0.276, 0.274, 0.275, 0.271, 0.265], [0.268, 1.0, 0.28, 0.269, 0.279, 0.268, 0.276, 0.268], [0.279, 0.28, 0.99, 0.277, 0.291, 0.272, 0.27, 0.28], [0.276, 0.269, 0.277, 0.995, 0.276, 0.279, 0.287, 0.282], [0.274, 0.279, 0.291, 0.276, 0.996, 0.273, 0.275, 0.285], [0.275, 0.268, 0.272, 0.279, 0.273, 0.997, 0.272, 0.271], [0.271, 0.276, 0.27, 0.287, 0.275, 0.272, 0.993, 0.287], [0.265, 0.268, 0.28, 0.282, 0.285, 0.271, 0.287, 0.999]]"
0.2773,0.1189,0.05,0.1728,0.5453,17.8054,"[-0.025, 0.936, 0.877, 0.989, 0.308, -0.929, -1.129, -1.543, -0.363, 0.879, 1.13, 0.949, 0.212, -0.263, -0.865, -1.263, -0.852, -0.314, 1.015, 1.103, 0.729, 0.431, -1.298, -1.688, -0.96, -0.318, 0.562, 1.305, 1.188, 0.168, -0.667, -1.162, -1.161, -0.471, 0.189, 1.17, 1.492, 0.77, -0.168, -1.026, -1.431, -1.141, -0.128, 0.941, 1.046, 1.014, 0.2, -0.225, -1.05, -0.959, -0.207, 0.359, 1.507, 1.252, 0.604, -0.613, -1.169, -1.701, -0.841, -0.028, 0.85, 0.931, 1.101, 0.228, -0.385, -0.849, -1.01, -0.018, 0.712, 1.116, 1.078, 0.622, 0.552, -0.86, -1.159, -0.518, 0.402, 1.031, 1.453, 0.761, -0.342, -0.811, -1.123, -0.98, -0.029, 1.027, 1.248, 0.952, 0.123, -0.687, -0.831, -1.209, -0.397, 0.364, 1.038, 1.008, 0.687, -0.386, -0.72, -1.294]","[[1.0, 0.272, 0.299, 0.262, 0.311, 0.264, 0.257, 0.254], [0.272, 0.917, 0.277, 0.246, 0.313, 0.227, 0.312, 0.249], [0.299, 0.277, 1.0, 0.284, 0.251, 0.287, 0.234, 0.265], [0.262, 0.246, 0.284, 1.0, 0.238, 0.311, 0.351, 0.321], [0.311, 0.313, 0.251, 0.238, 0.977, 0.337, 0.307, 0.234], [0.264, 0.227, 0.287, 0.311, 0.337, 1.0, 0.287, 0.223], [0.257, 0.312, 0.234, 0.351, 0.307, 0.287, 1.0, 0.31], [0.254, 0.249, 0.265, 0.321, 0.234, 0.223, 0.31, 1.0]]"
0.2773,0.1189,0.1,0.1991,0.5931,14.1976,"[-0.022, 0.62, 1.935, -0.185, 0.242, -0.66, -0.196, -1.118, -0.163, 0.606, 1.231, 2.076, 0.012, -0.694, -0.72, -1.121, -0.878, 0.134, 1.441, 1.518, 0.531, 0.146, -0.873, -1.036, -1.178, -0.826, 1.028, 1.511, 1.831, -0.246, -0.555, -1.289, -1.401, -1.362, -0.198, 1.218, 1.005, 0.345, 0.573, 0.22, -1.305, -1.657, 0.145, -0.215, 0.593, 1.24, -0.444, -0.817, -1.972, -1.108, 0.125, 0.189, 1.153, 0.804, 0.242, -0.725, -0.676, -1.966, -0.945, 0.321, 1.404, 1.497, 0.889, -0.204, -0.345, -1.698, -1.475, 0.402, 0.826, 1.421, 1.447, 0.414, -1.189, -1.026, -1.229, -1.068, -0.262, 1.031, 0.585, 0.729, -0.221, -0.991, -1.076, -0.632, -0.463, 1.221, 1.151, 1.941, 0.008, -1.429, -0.798, -0.947, 0.114, 0.6, 2.31, 1.133, 1.185, -0.52, -0.793, -0.928]","[[0.993, 0.325, 0.172, 0.281, 0.383, 0.233, 0.264, 0.186], [0.325, 0.935, 0.247, 0.401, 0.159, 0.274, 0.285, 0.206], [0.172, 0.247, 0.955, 0.276, 0.222, 0.233, 0.175, 0.256], [0.281, 0.401, 0.276, 0.934, 0.219, 0.343, 0.262, 0.32], [0.383, 0.159, 0.222, 0.219, 0.85, 0.284, 0.256, 0.231], [0.233, 0.274, 0.233, 0.343, 0.284, 1.0, 0.279, 0.358], [0.264, 0.285, 0.175, 0.262, 0.256, 0.279, 1.0, 0.394], [0.186, 0.206, 0.256, 0.32, 0.231, 0.358, 0.394, 0.93]]"
0.2773,0.1344,0.01,0.0891,0.6303,19.2445,"[0.039, 1.028, 1.22, 0.621, -0.225, -1.128, -1.223, -0.46, 0.565, 1.385, 1.032, 0.185, -0.77, -1.213, -0.806, 0.112, 1.031, 1.137, 0.612, -0.427, -1.147, -1.054, -0.299, 0.753, 1.263, 1.043, 0.036, -0.874, -1.232, -0.738, 0.189, 1.165, 1.228, 0.53, -0.536, -1.203, -1.013, -0.228, 0.831, 1.237, 0.916, -0.085, -1.049, -1.248, -0.675, 0.376, 1.188, 1.173, 0.273, -0.651, -1.273, -1.022, -0.128, 0.904, 1.249, 0.85, -0.318, -1.141, -1.272, -0.515, 0.578, 1.243, 1.042, 0.218, -0.82, -1.249, -0.935, -0.008, 1.025, 1.323, 0.668, -0.355, -1.231, -1.277, -0.496, 0.636, 1.236, 1.05, 0.097, -0.831, -1.233, -0.83, 0.145, 0.978, 1.302, 0.513, -0.562, -1.2, -1.189, -0.268, 0.734, 1.317, 0.979, 0.028, -0.962, -1.308, -0.759, 0.3, 1.24, 1.175]","[[0.993, 0.278, 0.279, 0.271, 0.278, 0.271, 0.286, 0.286], [0.278, 1.0, 0.269, 0.295, 0.273, 0.269, 0.291, 0.288], [0.279, 0.269, 1.0, 0.275, 0.276, 0.285, 0.266, 0.26], [0.271, 0.295, 0.275, 0.995, 0.269, 0.279, 0.264, 0.27], [0.278, 0.273, 0.276, 0.269, 1.0, 0.273, 0.282, 0.276], [0.271, 0.269, 0.285, 0.279, 0.273, 0.99, 0.27, 0.28], [0.286, 0.291, 0.266, 0.264, 0.282, 0.27, 0.986, 0.289], [0.286, 0.288, 0.26, 0.27, 0.276, 0.28, 0.289, 0.987]]"
0.2773,0.1344,0.05,0.0291,0.5405,19.4278,"[-0.028, 1.366, 0.981, 0.797, -0.154, -1.105, -1.26, -0.681, 0.633, 1.211, 0.7, 0.444, -1.062, -1.63, -1.01, -0.09, 0.974, 0.935, 0.727, -0.083, -1.158, -1.505, -0.563, 0.755, 0.772, 0.67, -0.376, -0.902, -0.731, -1.073, 0.47, 0.97, 0.879, 0.886, -0.012, -1.125, -0.988, -0.189, 0.77, 1.361, 1.056, 0.318, -1.148, -1.221, -0.668, 0.651, 1.77, 1.424, 0.569, -0.442, -0.941, -0.397, -0.493, 1.056, 0.629, 1.024, -0.093, -1.229, -1.888, -0.531, 0.575, 1.202, 0.942, 0.015, -0.792, -1.475, -0.71, 0.043, 0.564, 1.304, 0.78, 0.044, -0.924, -1.399, -0.047, 0.292, 1.258, 1.211, 0.472, -0.409, -0.958, -0.848, 0.34, 1.13, 1.053, 0.531, -0.037, -1.045, -0.6, -0.545, 0.655, 1.375, 1.123, -0.056, -0.773, -1.067, -1.054, 0.515, 1.408, 1.262]","[[0.957, 0.289, 0.277, 0.28, 0.244, 0.29, 0.235, 0.237], [0.289, 1.0, 0.294, 0.281, 0.349, 0.228, 0.274, 0.303], [0.277, 0.294, 0.986, 0.345, 0.259, 0.262, 0.321, 0.245], [0.28, 0.281, 0.345, 1.0, 0.276, 0.287, 0.357, 0.21], [0.244, 0.349, 0.259, 0.276, 1.0, 0.242, 0.257, 0.217], [0.29, 0.228, 0.262, 0.287, 0.242, 0.937, 0.254, 0.256], [0.235, 0.274, 0.321, 0.357, 0.257, 0.254, 0.937, 0.268], [0.237, 0.303, 0.245, 0.21, 0.217, 0.256, 0.268, 1.0]]"
0.2773,0.1344,0.1,0.0849,0.4943,18.5733,"[0.377, 1.008, 1.297, 0.723, 0.386, -2.036, -0.811, -0.716, 0.835, 1.491, 1.426, 0.961, -1.52, -0.774, -0.893, -0.097, 2.055, 1.596, 0.407, 0.05, -1.207, -1.361, -0.638, 0.852, 0.957, 1.056, 0.479, -0.876, -0.284, -0.751, 0.94, 1.599, 1.972, 1.481, -1.433, -1.095, -1.134, -0.148, 0.609, 1.004, 0.337, -0.049, -0.55, -1.5, -0.811, 0.046, 0.673, 1.041, 0.541, -0.041, -1.854, -1.016, 0.518, 0.317, 1.908, 0.567, 0.125, -1.202, -0.991, 0.277, 0.459, 1.716, 1.234, -0.154, -0.852, -1.378, -1.618, 0.292, 1.324, 1.666, 1.392, 0.116, -1.457, -1.369, 0.016, 0.833, 1.242, 0.585, -0.158, -0.589, -2.252, -1.984, 0.542, 0.807, 1.464, 1.348, -0.993, -2.041, -1.253, -0.617, 0.738, 1.54, 1.101, -0.004, -0.444, -0.929, -0.798, 0.644, 0.367, 1.719]","[[1.0, 0.214, 0.264, 0.375, 0.299, 0.129, 0.281, 0.164], [0.214, 0.889, 0.318, 0.194, 0.333, 0.4, 0.288, 0.186], [0.264, 0.318, 1.0, 0.176, 0.196, 0.273, 0.18, 0.337], [0.375, 0.194, 0.176, 1.0, 0.283, 0.377, 0.247, 0.236], [0.299, 0.333, 0.196, 0.283, 0.841, 0.277, 0.321, 0.343], [0.129, 0.4, 0.273, 0.377, 0.277, 1.0, 0.359, 0.221], [0.281, 0.288, 0.18, 0.247, 0.321, 0.359, 0.88, 0.331], [0.164, 0.186, 0.337, 0.236, 0.343, 0.221, 0.331, 1.0]]"
0.2773,0.15,0.01,0.0106,0.4423,20.6472,"[-0.014, 0.978, 1.11, 0.317, -0.74, -1.323, -0.833, 0.374, 1.229, 1.054, -0.001, -1.036, -1.242, -0.363, 0.742, 1.273, 0.803, -0.355, -1.224, -1.05, -0.017, 0.932, 1.27, 0.36, -0.708, -1.275, -0.681, 0.421, 1.26, 1.004, -0.064, -1.026, -1.311, -0.418, 0.691, 1.235, 0.781, -0.368, -1.223, -1.017, -0.027, 1.155, 1.23, 0.365, -0.707, -1.215, -0.789, 0.324, 1.154, 1.0, -0.003, -1.115, -1.236, -0.405, 0.767, 1.308, 0.771, -0.305, -1.16, -1.022, -0.049, 1.0, 1.143, 0.402, -0.734, -1.233, -0.737, 0.447, 1.268, 0.982, -0.026, -1.034, -1.25, -0.407, 0.766, 1.271, 0.751, -0.442, -1.189, -1.012, -0.038, 0.969, 1.276, 0.482, -0.739, -1.295, -0.698, 0.418, 1.204, 1.082, -0.04, -1.068, -1.197, -0.389, 0.783, 1.337, 0.673, -0.393, -1.12, -1.063]","[[1.0, 0.276, 0.281, 0.272, 0.272, 0.291, 0.264, 0.276], [0.276, 0.981, 0.285, 0.266, 0.279, 0.277, 0.275, 0.282], [0.281, 0.285, 1.0, 0.274, 0.278, 0.27, 0.27, 0.285], [0.272, 0.266, 0.274, 0.993, 0.278, 0.274, 0.277, 0.297], [0.272, 0.279, 0.278, 0.278, 1.0, 0.276, 0.292, 0.29], [0.291, 0.277, 0.27, 0.274, 0.276, 0.984, 0.273, 0.28], [0.264, 0.275, 0.27, 0.277, 0.292, 0.273, 1.0, 0.283], [0.276, 0.282, 0.285, 0.297, 0.29, 0.28, 0.283, 1.0]]"
0.2773,0.15,0.05,0.0477,0.5635,18.9059,"[0.014, 0.988, 1.152, 0.09, -1.169, -1.185, -0.799, 0.614, 0.992, 0.759, 0.194, -1.107, -1.001, -0.386, 1.22, 1.466, 0.853, -0.195, -1.283, -1.444, 0.09, 1.519, 0.642, 0.512, -1.135, -1.283, -0.731, 0.581, 1.267, 1.377, 0.292, -1.083, -0.941, -0.473, 0.63, 0.976, 1.079, -0.47, -1.82, -0.898, -0.109, 0.959, 1.156, 0.311, -0.069, -0.862, -0.576, 0.455, 1.497, 1.094, 0.204, -0.894, -1.183, -0.16, 0.646, 1.292, 0.506, -0.611, -1.847, -0.919, 0.183, 1.305, 0.939, 0.505, -0.751, -1.093, -0.914, 0.311, 0.826, 0.854, 0.001, -0.99, -1.636, -0.523, 0.791, 1.629, 0.54, -0.272, -1.355, -1.145, -0.219, 0.772, 1.096, 0.657, -0.94, -1.505, -0.698, 0.396, 1.198, 1.097, -0.252, -1.258, -0.968, -0.431, 0.9, 1.583, 0.962, -0.737, -1.244, -0.773]","[[0.969, 0.276, 0.285, 0.26, 0.286, 0.242, 0.264, 0.258], [0.276, 1.0, 0.336, 0.222, 0.241, 0.282, 0.293, 0.329], [0.285, 0.336, 0.978, 0.284, 0.274, 0.276, 0.234, 0.303], [0.26, 0.222, 0.284, 1.0, 0.338, 0.29, 0.272, 0.226], [0.286, 0.241, 0.274, 0.338, 0.94, 0.257, 0.251, 0.302], [0.242, 0.282, 0.276, 0.29, 0.257, 0.983, 0.322, 0.268], [0.264, 0.293, 0.234, 0.272, 0.251, 0.322, 0.945, 0.31], [0.258, 0.329, 0.303, 0.226, 0.302, 0.268, 0.31, 0.964]]"
0.2773,0.15,0.1,0.0365,0.571,19.5071,"[0.202, 0.567, 1.224, 0.369, -0.311, -1.613, 0.786, -0.296, 1.331, 1.177, 0.269, -1.291, -1.094, -0.677, 1.687, 0.96, 0.677, -0.726, -1.615, -1.734, 0.336, 0.697, 0.816, -0.087, -0.599, -1.266, -0.738, 0.014, 1.432, 0.702, 0.035, -1.103, -2.059, 0.62, 1.038, 1.367, 0.92, 0.631, -0.646, -0.859, -0.354, 0.758, 0.313, 0.211, -0.42, -0.96, -0.443, 0.137, 1.49, 1.445, -1.113, -0.881, -0.174, -0.54, -0.51, 0.871, -0.157, -0.712, -1.827, -0.568, 0.389, 1.205, 1.828, 0.112, -0.714, -0.18, -0.458, 0.686, 0.831, 0.825, -0.501, -0.193, -1.994, 0.062, 1.041, 0.476, 1.322, -0.524, -1.875, -0.851, -0.411, 0.931, 0.962, -0.045, -1.345, -0.879, -0.588, 0.525, 1.033, 1.059, -0.368, -1.41, -0.36, 0.048, 0.47, 0.529, -0.1, -0.712, -1.161, -0.974]","[[1.0, 0.224, 0.309, 0.201, 0.278, 0.43, 0.321, 0.228], [0.224, 0.967, 0.284, 0.235, 0.303, 0.389, 0.271, 0.327], [0.309, 0.284, 1.0, 0.366, 0.255, 0.187, 0.364, 0.227], [0.201, 0.235, 0.366, 1.0, 0.238, 0.273, 0.343, 0.276], [0.278, 0.303, 0.255, 0.238, 0.934, 0.26, 0.267, 0.186], [0.43, 0.389, 0.187, 0.273, 0.26, 0.968, 0.208, 0.372], [0.321, 0.271, 0.364, 0.343, 0.267, 0.208, 0.759, 0.316], [0.228, 0.327, 0.227, 0.276, 0.186, 0.372, 0.316, 0.932]]"
0.3218,0.01,0.01,0.0471,0.6336,7.8822,"[-0.076, -0.007, 0.196, 0.254, 0.29, 0.422, 0.425, 0.603, 0.618, 0.654, 0.759, 0.822, 0.923, 1.022, 1.074, 1.077, 1.107, 1.13, 1.108, 1.228, 1.215, 1.341, 1.288, 1.349, 1.295, 1.288, 1.349, 1.325, 1.315, 1.276, 1.297, 1.261, 1.087, 1.145, 1.167, 1.018, 0.934, 0.957, 0.931, 0.82, 0.842, 0.8, 0.541, 0.544, 0.373, 0.442, 0.295, 0.224, 0.223, 0.017, -0.079, -0.197, -0.102, -0.196, -0.343, -0.472, -0.445, -0.425, -0.649, -0.768, -0.715, -0.899, -0.923, -1.095, -1.034, -1.133, -1.053, -1.207, -1.157, -1.234, -1.251, -1.254, -1.301, -1.344, -1.36, -1.296, -1.414, -1.227, -1.292, -1.297, -1.244, -1.259, -1.205, -1.215, -1.097, -1.073, -1.009, -0.889, -0.945, -0.849, -0.86, -0.681, -0.638, -0.562, -0.494, -0.437, -0.204, -0.246, -0.151, -0.14]","[[1.0, 0.326, 0.323, 0.305, 0.316, 0.313, 0.312, 0.328], [0.326, 0.982, 0.33, 0.32, 0.327, 0.321, 0.324, 0.332], [0.323, 0.33, 0.998, 0.31, 0.334, 0.328, 0.322, 0.329], [0.305, 0.32, 0.31, 0.997, 0.334, 0.338, 0.324, 0.312], [0.316, 0.327, 0.334, 0.334, 0.995, 0.314, 0.314, 0.317], [0.313, 0.321, 0.328, 0.338, 0.314, 0.985, 0.323, 0.317], [0.312, 0.324, 0.322, 0.324, 0.314, 0.323, 1.0, 0.315], [0.328, 0.332, 0.329, 0.312, 0.317, 0.317, 0.315, 0.992]]"
0.3218,0.01,0.05,0.0573,0.5926,7.4054,"[0.189, 0.259, 0.796, -0.083, -0.108, 0.922, 0.474, 0.449, 0.684, 0.36, 0.871, 0.822, 1.173, 1.178, 1.254, 1.117, 1.517, 1.302, 1.063, 1.027, 1.083, 1.427, 0.966, 1.35, 1.111, 1.009, 1.046, 1.305, 1.489, 1.111, 0.738, 2.018, 1.475, 1.391, 1.523, 1.092, 0.985, 1.303, 1.242, 0.996, 0.998, 0.399, 0.572, 0.989, 0.688, 0.043, 0.196, 0.633, 0.279, 0.128, 0.053, -0.104, -0.297, -0.456, -0.076, -0.349, -0.31, -0.426, -0.285, -0.595, -0.571, -0.801, -1.142, -1.02, -0.871, -0.9, -0.753, -1.273, -1.14, -1.261, -0.851, -1.186, -1.2, -1.32, -1.375, -1.684, -1.635, -1.267, -1.285, -1.234, -1.022, -1.206, -1.283, -1.211, -1.055, -1.164, -0.752, -0.966, -0.842, -1.047, -0.511, -0.349, -0.978, -0.463, -0.514, -0.337, -0.216, -0.806, 0.024, 0.195]","[[0.973, 0.293, 0.313, 0.289, 0.314, 0.282, 0.273, 0.291], [0.293, 1.0, 0.326, 0.266, 0.251, 0.291, 0.289, 0.361], [0.313, 0.326, 0.916, 0.329, 0.305, 0.312, 0.311, 0.294], [0.289, 0.266, 0.329, 1.0, 0.298, 0.328, 0.343, 0.358], [0.314, 0.251, 0.305, 0.298, 1.0, 0.27, 0.289, 0.357], [0.282, 0.291, 0.312, 0.328, 0.27, 0.983, 0.331, 0.342], [0.273, 0.289, 0.311, 0.343, 0.289, 0.331, 1.0, 0.332], [0.291, 0.361, 0.294, 0.358, 0.357, 0.342, 0.332, 0.965]]"
0.3218,0.01,0.1,-0.0141,0.5889,6.0013,"[-0.629, -0.419, 0.51, 0.958, 0.696, 0.325, 1.325, 0.341, 0.063, 0.835, 1.423, 0.421, 0.052, 0.982, 1.404, -0.413, 1.605, 0.475, 1.558, 0.231, 0.52, 1.59, 1.906, 1.307, 2.517, 0.811, 0.802, 1.16, 1.124, 1.422, 0.886, 1.513, 1.468, 1.965, 0.871, 1.238, 1.321, 0.96, 0.799, -0.189, 0.819, 1.006, 0.608, 0.172, -0.353, 0.635, 0.345, 0.943, -0.559, -0.152, -0.661, 0.43, 0.454, 0.714, -0.068, -0.014, -0.269, -0.276, -0.612, -0.399, 0.293, -0.733, -0.893, -0.865, -1.093, -0.946, -1.208, -0.586, -0.674, -0.146, -1.269, -1.136, -1.175, -1.212, -0.754, -2.134, -1.089, -0.314, -0.617, -0.656, -0.836, -1.527, -1.571, -1.529, -1.685, -0.596, -0.284, -0.746, -0.502, -0.696, -0.493, -1.767, -0.479, -0.776, -0.507, -0.296, -0.687, -0.785, -0.539, -0.807]","[[1.0, 0.305, 0.191, 0.375, 0.338, 0.478, 0.312, 0.304], [0.305, 1.0, 0.276, 0.367, 0.272, 0.358, 0.303, 0.391], [0.191, 0.276, 0.956, 0.188, 0.36, 0.305, 0.294, 0.433], [0.375, 0.367, 0.188, 1.0, 0.397, 0.312, 0.307, 0.302], [0.338, 0.272, 0.36, 0.397, 0.755, 0.306, 0.291, 0.318], [0.478, 0.358, 0.305, 0.312, 0.306, 1.0, 0.365, 0.381], [0.312, 0.303, 0.294, 0.307, 0.291, 0.365, 0.979, 0.334], [0.304, 0.391, 0.433, 0.302, 0.318, 0.381, 0.334, 0.88]]"
0.3218,0.0256,0.01,0.0787,0.707,8.9327,"[-0.057, 0.176, 0.37, 0.657, 0.833, 0.927, 1.076, 1.065, 1.245, 1.374, 1.295, 1.242, 1.308, 1.094, 1.107, 1.029, 0.711, 0.591, 0.245, 0.034, -0.132, -0.261, -0.504, -0.702, -0.928, -1.019, -1.168, -1.275, -1.341, -1.31, -1.351, -1.276, -1.292, -1.076, -0.958, -0.825, -0.629, -0.397, -0.311, -0.024, 0.119, 0.395, 0.575, 0.768, 0.974, 1.11, 1.234, 1.24, 1.343, 1.347, 1.283, 1.254, 1.156, 1.117, 0.945, 0.722, 0.534, 0.403, 0.214, -0.049, -0.242, -0.413, -0.678, -0.838, -0.97, -1.142, -1.134, -1.307, -1.315, -1.221, -1.376, -1.204, -1.149, -0.988, -0.896, -0.679, -0.468, -0.254, -0.011, 0.04, 0.358, 0.554, 0.744, 0.913, 1.011, 1.09, 1.262, 1.254, 1.342, 1.259, 1.292, 1.173, 1.065, 0.913, 0.742, 0.568, 0.441, 0.098, -0.069, -0.195]","[[0.987, 0.314, 0.322, 0.335, 0.322, 0.324, 0.32, 0.319], [0.314, 0.99, 0.325, 0.32, 0.314, 0.323, 0.325, 0.321], [0.322, 0.325, 0.988, 0.33, 0.318, 0.32, 0.321, 0.333], [0.335, 0.32, 0.33, 1.0, 0.312, 0.321, 0.316, 0.31], [0.322, 0.314, 0.318, 0.312, 1.0, 0.313, 0.326, 0.313], [0.324, 0.323, 0.32, 0.321, 0.313, 0.996, 0.321, 0.328], [0.32, 0.325, 0.321, 0.316, 0.326, 0.321, 1.0, 0.312], [0.319, 0.321, 0.333, 0.31, 0.313, 0.328, 0.312, 1.0]]"
0.3218,0.0256,0.05,0.0256,0.6223,8.649,"[0.484, 0.305, 0.186, 0.657, 1.05, 0.976, 1.206, 0.992, 1.087, 1.538, 1.143, 0.65, 1.162, 1.228, 1.295, 1.296, 0.737, 0.694, 0.359, 0.208, -0.139, -0.205, -0.686, -0.198, -1.462, -0.87, -1.056, -1.136, -1.587, -1.739, -1.163, -0.94, -1.149, -0.9, -1.084, -0.731, -0.33, -0.522, 0.058, -0.436, 0.031, 0.527, 1.063, 0.773, 0.673, 1.539, 1.148, 1.426, 1.224, 1.357, 1.161, 1.813, 1.461, 1.489, 0.708, 0.283, 0.481, 0.985, 0.067, 0.198, -0.531, -0.685, -0.689, -0.315, -0.719, -1.634, -1.052, -1.572, -1.488, -1.19, -0.933, -0.878, -1.033, -0.902, -0.499, -1.055, -0.013, -0.45, 0.01, 0.032, 0.075, 0.678, 0.806, 0.885, 1.015, 1.549, 1.799, 1.617, 1.391, 0.897, 1.414, 1.343, 1.257, 0.64, 0.974, 0.97, 0.136, 0.346, -0.24, -0.274]","[[1.0, 0.321, 0.387, 0.271, 0.303, 0.338, 0.355, 0.331], [0.321, 1.0, 0.313, 0.317, 0.36, 0.354, 0.346, 0.355], [0.387, 0.313, 0.951, 0.339, 0.283, 0.315, 0.344, 0.317], [0.271, 0.317, 0.339, 1.0, 0.337, 0.404, 0.34, 0.287], [0.303, 0.36, 0.283, 0.337, 0.992, 0.294, 0.348, 0.389], [0.338, 0.354, 0.315, 0.404, 0.294, 1.0, 0.337, 0.301], [0.355, 0.346, 0.344, 0.34, 0.348, 0.337, 1.0, 0.332], [0.331, 0.355, 0.317, 0.287, 0.389, 0.301, 0.332, 0.928]]"
0.3218,0.0256,0.1,0.0455,0.7173,9.2622,"[0.295, -0.234, 0.096, 0.642, 0.592, -0.481, 1.391, 1.582, 1.188, 1.192, 1.135, 0.441, 0.33, 1.551, 1.562, 1.183, 0.906, 0.921, 0.687, -0.273, 0.019, -0.45, -0.645, -0.123, -0.076, -2.186, -1.263, -1.383, -0.71, -2.045, -2.809, -0.865, -0.722, -1.993, -1.032, -0.049, -1.176, -0.393, 0.015, -0.741, -0.098, -0.455, 0.505, 0.374, 1.035, 1.387, 1.874, 2.426, 1.411, 1.163, 1.114, 0.766, 1.387, 0.8, 1.164, 0.273, 0.321, 0.572, 0.085, -1.025, -0.282, -0.879, -0.078, -0.357, -2.136, -0.72, -1.024, -2.027, -0.879, -1.957, -0.71, -1.538, -1.875, 0.072, -1.609, -1.064, -0.774, -0.494, 0.294, 0.185, 0.866, 0.749, -0.09, 1.186, 1.17, 0.855, 2.288, 1.607, 1.793, 1.795, 1.047, 1.492, 1.222, 0.646, 0.151, 0.592, 0.676, 0.183, -0.128, -0.234]","[[0.951, 0.262, 0.316, 0.219, 0.32, 0.392, 0.43, 0.235], [0.262, 0.842, 0.45, 0.256, 0.337, 0.398, 0.335, 0.345], [0.316, 0.45, 1.0, 0.253, 0.288, 0.318, 0.31, 0.428], [0.219, 0.256, 0.253, 1.0, 0.307, 0.326, 0.271, 0.355], [0.32, 0.337, 0.288, 0.307, 0.909, 0.252, 0.4, 0.296], [0.392, 0.398, 0.318, 0.326, 0.252, 1.0, 0.342, 0.294], [0.43, 0.335, 0.31, 0.271, 0.4, 0.342, 0.936, 0.42], [0.235, 0.345, 0.428, 0.355, 0.296, 0.294, 0.42, 0.966]]"
0.3218,0.0411,0.01,0.0649,0.6494,8.8234,"[-0.003, 0.352, 0.667, 0.976, 1.132, 1.339, 1.309, 1.303, 1.154, 1.068, 0.683, 0.378, 0.061, -0.297, -0.588, -0.823, -1.099, -1.245, -1.331, -1.322, -1.183, -1.0, -0.688, -0.491, -0.038, 0.222, 0.562, 0.789, 1.103, 1.188, 1.333, 1.32, 1.195, 0.933, 0.9, 0.442, 0.179, -0.211, -0.451, -0.818, -1.079, -1.185, -1.371, -1.334, -1.198, -0.994, -0.884, -0.577, -0.203, 0.02, 0.52, 0.704, 0.985, 1.205, 1.301, 1.27, 1.337, 0.972, 0.821, 0.564, 0.227, -0.004, -0.483, -0.63, -0.984, -1.235, -1.392, -1.332, -1.303, -1.119, -0.941, -0.597, -0.336, -0.012, 0.395, 0.672, 0.97, 1.198, 1.258, 1.324, 1.325, 1.036, 0.952, 0.681, 0.401, 0.006, -0.238, -0.649, -0.914, -1.144, -1.196, -1.424, -1.205, -1.11, -1.023, -0.688, -0.428, -0.019, 0.286, 0.672]","[[0.995, 0.33, 0.318, 0.335, 0.325, 0.323, 0.325, 0.321], [0.33, 0.973, 0.317, 0.318, 0.32, 0.324, 0.332, 0.335], [0.318, 0.317, 1.0, 0.337, 0.339, 0.326, 0.336, 0.319], [0.335, 0.318, 0.337, 1.0, 0.32, 0.32, 0.306, 0.321], [0.325, 0.32, 0.339, 0.32, 1.0, 0.319, 0.324, 0.323], [0.323, 0.324, 0.326, 0.32, 0.319, 1.0, 0.32, 0.326], [0.325, 0.332, 0.336, 0.306, 0.324, 0.32, 0.993, 0.328], [0.321, 0.335, 0.319, 0.321, 0.323, 0.326, 0.328, 0.992]]"
0.3218,0.0411,0.05,0.0849,0.6768,13.1689,"[0.058, 0.344, 0.276, 1.233, 1.343, 1.279, 1.256, 1.285, 1.34, 0.977, 0.534, 0.262, 0.052, -0.517, -0.521, -1.083, -1.345, -0.456, -0.834, -1.261, -0.975, -0.745, -0.766, -0.373, -0.176, 0.543, 0.872, 1.233, 1.141, 1.778, 1.295, 1.818, 1.095, 0.712, 1.299, 0.66, 0.295, -0.265, -0.715, -0.987, -1.007, -1.252, -1.793, -0.89, -1.337, -0.76, -1.012, -0.507, 0.023, 0.328, 0.385, 0.882, 1.176, 1.155, 1.02, 1.162, 1.156, 1.107, 1.276, 0.823, 0.071, 0.395, -0.419, -0.54, -1.205, -1.28, -1.027, -1.541, -1.254, -1.013, -1.174, -1.089, -0.102, 0.725, 0.461, 0.824, 0.71, 1.508, 1.179, 1.613, 1.434, 1.316, 1.106, 0.833, 0.453, 0.288, -0.474, -0.672, -0.524, -1.068, -1.339, -1.061, -1.085, -1.509, -0.812, -0.705, -0.257, -0.099, 0.355, 0.105]","[[1.0, 0.333, 0.341, 0.334, 0.346, 0.281, 0.359, 0.355], [0.333, 0.919, 0.332, 0.344, 0.312, 0.361, 0.382, 0.386], [0.341, 0.332, 1.0, 0.272, 0.28, 0.32, 0.327, 0.342], [0.334, 0.344, 0.272, 1.0, 0.258, 0.298, 0.289, 0.36], [0.346, 0.312, 0.28, 0.258, 1.0, 0.272, 0.343, 0.298], [0.281, 0.361, 0.32, 0.298, 0.272, 0.987, 0.26, 0.334], [0.359, 0.382, 0.327, 0.289, 0.343, 0.26, 0.999, 0.321], [0.355, 0.386, 0.342, 0.36, 0.298, 0.334, 0.321, 1.0]]"
0.3218,0.0411,0.1,0.1148,0.7359,10.4774,"[0.6, 0.696, 0.282, 0.715, 1.512, 1.717, 1.401, 1.129, 1.258, 0.824, 0.564, 1.371, -0.182, -0.03, -0.528, -1.498, -1.737, -1.295, -2.296, -0.381, -1.369, -1.222, -0.135, -0.514, 0.215, -0.057, 0.577, 1.327, 0.644, 1.5, 0.106, 1.939, 0.933, 0.993, 0.743, 0.008, -0.36, 0.086, -0.22, -1.242, -0.771, -0.936, -1.497, -1.96, -1.251, -0.887, -0.865, -0.842, 0.013, 0.752, 0.067, 0.605, 2.378, 1.337, 0.665, 1.08, 0.873, 1.291, 1.031, 0.278, 1.203, -0.022, -0.628, -1.319, -1.417, -1.79, -1.382, -1.764, -0.876, -1.423, -0.498, -0.399, -0.006, 0.458, 1.343, 0.236, 1.354, 1.339, 1.805, 1.377, 1.871, 0.513, 0.455, 0.408, 0.345, 0.069, -0.663, -1.108, -1.219, -1.966, -1.401, -1.349, -1.074, -1.101, -0.098, -0.333, -0.066, 0.081, 0.506, 0.452]","[[0.867, 0.416, 0.243, 0.352, 0.188, 0.462, 0.295, 0.249], [0.416, 0.798, 0.353, 0.405, 0.462, 0.399, 0.288, 0.392], [0.243, 0.353, 0.874, 0.27, 0.271, 0.379, 0.362, 0.258], [0.352, 0.405, 0.27, 0.937, 0.238, 0.236, 0.353, 0.311], [0.188, 0.462, 0.271, 0.238, 0.855, 0.234, 0.357, 0.266], [0.462, 0.399, 0.379, 0.236, 0.234, 0.937, 0.543, 0.336], [0.295, 0.288, 0.362, 0.353, 0.357, 0.543, 0.908, 0.439], [0.249, 0.392, 0.258, 0.311, 0.266, 0.336, 0.439, 0.983]]"
0.3218,0.0567,0.01,0.1707,0.6107,12.1575,"[-0.034, 0.452, 0.855, 1.148, 1.311, 1.222, 1.065, 0.841, 0.27, -0.023, -0.566, -0.841, -1.135, -1.334, -1.284, -0.99, -0.668, -0.253, 0.223, 0.558, 0.993, 1.19, 1.266, 1.256, 0.998, 0.653, 0.195, -0.31, -0.6, -1.028, -1.329, -1.312, -1.142, -0.916, -0.614, -0.163, 0.281, 0.717, 1.052, 1.207, 1.292, 1.201, 0.884, 0.523, 0.136, -0.317, -0.824, -1.087, -1.307, -1.328, -1.201, -0.838, -0.38, -0.036, 0.472, 0.868, 1.184, 1.325, 1.314, 1.196, 0.733, 0.309, -0.098, -0.49, -1.018, -1.191, -1.329, -1.223, -1.021, -0.706, -0.25, 0.16, 0.677, 1.07, 1.244, 1.301, 1.232, 1.04, 0.635, 0.133, -0.227, -0.757, -1.032, -1.359, -1.314, -1.211, -1.043, -0.546, -0.166, 0.36, 0.756, 1.027, 1.235, 1.263, 1.221, 0.926, 0.596, 0.002, -0.462, -0.836]","[[1.0, 0.312, 0.312, 0.317, 0.322, 0.33, 0.333, 0.311], [0.312, 0.983, 0.314, 0.321, 0.308, 0.33, 0.325, 0.312], [0.312, 0.314, 0.991, 0.319, 0.312, 0.315, 0.317, 0.312], [0.317, 0.321, 0.319, 0.992, 0.319, 0.323, 0.32, 0.334], [0.322, 0.308, 0.312, 0.319, 0.992, 0.325, 0.332, 0.333], [0.33, 0.33, 0.315, 0.323, 0.325, 1.0, 0.312, 0.317], [0.333, 0.325, 0.317, 0.32, 0.332, 0.312, 0.998, 0.329], [0.311, 0.312, 0.312, 0.334, 0.333, 0.317, 0.329, 1.0]]"
0.3218,0.0567,0.05,0.1903,0.6392,12.2022,"[-0.07, 0.054, 1.441, 0.704, 1.361, 1.131, 1.368, 1.011, 0.137, -0.281, -0.925, -0.876, -1.018, -1.428, -1.334, -0.592, -0.497, 0.035, -0.395, 0.749, 1.045, 0.916, 1.061, 1.194, 0.683, 0.461, 0.105, -0.104, -0.861, -1.148, -1.001, -1.762, -1.162, -0.866, -0.484, -0.264, 0.063, 1.134, 0.871, 1.001, 1.32, 0.999, 1.168, 0.446, 0.35, -0.296, -0.918, -0.852, -1.461, -1.383, -1.012, -0.786, -0.603, -0.356, 0.482, 0.703, 1.179, 1.206, 1.108, 1.034, 0.759, 0.529, -0.005, -0.039, -0.909, -1.376, -1.361, -1.123, -0.802, -0.373, -0.529, 0.513, 0.625, 0.769, 1.188, 1.625, 1.353, 0.698, 0.336, -0.115, -0.458, -0.689, -1.334, -1.372, -0.969, -0.803, -0.557, -1.012, 0.308, 0.378, 0.796, 1.358, 1.463, 0.844, 1.018, 0.793, 0.154, 0.277, -0.075, -0.845]","[[1.0, 0.273, 0.345, 0.334, 0.324, 0.32, 0.378, 0.299], [0.273, 1.0, 0.288, 0.357, 0.317, 0.315, 0.298, 0.29], [0.345, 0.288, 1.0, 0.345, 0.241, 0.341, 0.303, 0.356], [0.334, 0.357, 0.345, 0.98, 0.346, 0.329, 0.312, 0.288], [0.324, 0.317, 0.241, 0.346, 0.831, 0.323, 0.316, 0.3], [0.32, 0.315, 0.341, 0.329, 0.323, 0.982, 0.358, 0.343], [0.378, 0.298, 0.303, 0.312, 0.316, 0.358, 0.992, 0.259], [0.299, 0.29, 0.356, 0.288, 0.3, 0.343, 0.259, 1.0]]"
0.3218,0.0567,0.1,0.1539,0.5179,11.8543,"[-1.002, 0.375, 1.264, 0.061, 1.34, 0.545, 0.194, 0.266, 0.29, -0.436, 0.016, -0.884, -1.44, -1.972, -1.161, -0.04, -1.083, -0.595, -0.365, 1.204, 1.446, 1.006, 1.022, 0.776, 0.874, 1.171, 0.241, 0.396, -1.045, -2.192, 0.046, -1.213, -0.829, -1.357, -1.269, -0.061, -0.667, 0.621, 1.597, 1.505, 1.442, 2.056, 1.093, -0.44, -0.019, 0.554, -0.976, -0.199, -0.787, -1.508, -1.685, -0.673, 0.201, -0.762, 0.547, -0.136, 1.002, 0.484, 1.568, 0.756, 1.356, 0.085, -0.426, -1.37, -0.749, -0.961, -0.849, -0.938, -0.852, -0.41, 0.074, 0.647, -0.127, 0.77, 0.427, 1.488, 2.054, 1.449, 0.333, 0.446, -0.1, -0.592, -1.705, -0.608, -1.908, -1.391, -0.465, -0.75, -0.071, 0.415, 0.81, 1.158, 1.394, 1.349, 0.724, 0.109, 0.986, 0.55, -0.266, -0.678]","[[0.81, 0.28, 0.435, 0.327, 0.299, 0.297, 0.297, 0.254], [0.28, 1.0, 0.507, 0.403, 0.339, 0.278, 0.309, 0.254], [0.435, 0.507, 0.883, 0.353, 0.336, 0.174, 0.32, 0.335], [0.327, 0.403, 0.353, 1.0, 0.313, 0.352, 0.269, 0.471], [0.299, 0.339, 0.336, 0.313, 1.0, 0.367, 0.34, 0.323], [0.297, 0.278, 0.174, 0.352, 0.367, 1.0, 0.291, 0.239], [0.297, 0.309, 0.32, 0.269, 0.34, 0.291, 0.916, 0.436], [0.254, 0.254, 0.335, 0.471, 0.323, 0.239, 0.436, 1.0]]"
0.3218,0.0722,0.01,0.2163,0.7074,13.0596,"[0.014, 0.614, 1.045, 1.301, 1.205, 1.085, 0.515, -0.108, -0.646, -1.093, -1.342, -1.232, -0.934, -0.593, 0.066, 0.639, 1.087, 1.394, 1.216, 1.029, 0.445, -0.06, -0.716, -1.142, -1.316, -1.177, -0.91, -0.398, 0.216, 0.695, 1.162, 1.287, 1.299, 0.905, 0.399, -0.331, -0.742, -1.176, -1.393, -1.203, -0.926, -0.289, 0.347, 0.724, 1.187, 1.314, 1.089, 0.86, 0.306, -0.218, -0.825, -1.251, -1.295, -1.103, -0.8, -0.187, 0.247, 0.958, 1.266, 1.191, 1.164, 0.64, 0.153, -0.375, -0.925, -1.179, -1.311, -1.123, -0.646, -0.155, 0.451, 0.956, 1.254, 1.367, 1.062, 0.619, 0.039, -0.602, -0.908, -1.316, -1.314, -0.991, -0.628, -0.02, 0.467, 1.082, 1.276, 1.242, 0.991, 0.664, -0.029, -0.629, -1.063, -1.291, -1.275, -0.99, -0.526, 0.078, 0.607, 1.173]","[[0.986, 0.311, 0.325, 0.33, 0.323, 0.324, 0.324, 0.325], [0.311, 0.987, 0.317, 0.338, 0.327, 0.325, 0.312, 0.319], [0.325, 0.317, 0.997, 0.324, 0.321, 0.3, 0.313, 0.317], [0.33, 0.338, 0.324, 0.988, 0.328, 0.327, 0.33, 0.331], [0.323, 0.327, 0.321, 0.328, 0.997, 0.321, 0.323, 0.311], [0.324, 0.325, 0.3, 0.327, 0.321, 1.0, 0.33, 0.313], [0.324, 0.312, 0.313, 0.33, 0.323, 0.33, 0.996, 0.31], [0.325, 0.319, 0.317, 0.331, 0.311, 0.313, 0.31, 1.0]]"
0.3218,0.0722,0.05,0.2692,0.6896,12.5033,"[-0.092, 0.734, 1.163, 1.566, 1.224, 0.926, 0.261, -0.182, -0.535, -1.274, -1.223, -0.904, -1.094, -0.824, -0.011, 0.305, 1.429, 1.33, 1.075, 0.811, 0.157, 0.115, -0.241, -1.494, -1.054, -1.304, -0.601, -0.867, 0.24, 0.637, 1.31, 1.334, 1.231, 0.858, 0.755, -0.273, -0.561, -1.01, -1.099, -1.461, -0.673, -0.236, -0.023, 0.761, 1.762, 1.224, 1.096, 0.926, 0.14, -0.285, -0.962, -1.107, -1.336, -0.679, -0.765, -0.285, 0.622, 0.537, 1.648, 1.071, 1.443, 1.103, 0.053, -0.516, -0.946, -1.087, -1.564, -1.148, -0.779, -0.426, 0.191, 0.983, 1.285, 1.118, 1.116, 0.499, 0.419, -0.521, -0.708, -1.694, -1.221, -0.92, -0.655, -0.181, 0.499, 1.198, 0.98, 1.468, 1.121, 0.514, -0.055, -0.564, -0.627, -1.206, -1.518, -1.121, -0.824, -0.426, 0.33, 1.099]","[[0.96, 0.29, 0.226, 0.312, 0.316, 0.306, 0.288, 0.362], [0.29, 1.0, 0.332, 0.285, 0.362, 0.301, 0.27, 0.32], [0.226, 0.332, 0.985, 0.281, 0.355, 0.307, 0.328, 0.327], [0.312, 0.285, 0.281, 0.99, 0.34, 0.307, 0.313, 0.357], [0.316, 0.362, 0.355, 0.34, 0.993, 0.297, 0.363, 0.329], [0.306, 0.301, 0.307, 0.307, 0.297, 1.0, 0.376, 0.331], [0.288, 0.27, 0.328, 0.313, 0.363, 0.376, 0.972, 0.287], [0.362, 0.32, 0.327, 0.357, 0.329, 0.331, 0.287, 0.999]]"
0.3218,0.0722,0.1,0.2516,0.5723,14.3014,"[-0.137, 0.204, 1.163, 0.974, 1.571, 0.86, -0.322, 0.264, -0.302, 0.057, -1.293, -1.179, -0.743, 0.015, 0.571, 0.82, 1.079, 1.73, 1.22, 0.306, -0.299, -0.285, -0.64, 0.115, -1.375, -1.219, -1.12, -0.099, 0.324, 0.42, 0.639, 1.117, 0.804, 0.769, 0.435, -0.48, -0.05, -0.587, -1.436, -1.69, -0.865, -0.387, 0.243, 0.615, 0.663, 1.339, 1.013, 0.683, 0.322, -0.354, -0.814, -1.406, -1.141, -1.526, -1.321, -0.675, 0.026, 0.241, 0.379, 1.57, 1.782, 1.018, -0.058, -1.267, -0.822, -2.046, -1.358, -1.521, -1.841, 0.602, -0.176, 0.773, 1.193, 1.074, 1.328, 0.29, 0.283, -0.336, -1.671, -1.153, -1.829, -1.652, -0.475, -0.25, 0.724, 1.203, 0.569, 1.663, 1.184, 0.286, -0.068, -0.195, -1.201, -0.235, -0.537, -0.954, -0.652, -0.046, 0.32, 1.132]","[[1.0, 0.366, 0.253, 0.415, 0.324, 0.205, 0.259, 0.449], [0.366, 0.899, 0.361, 0.46, 0.388, 0.203, 0.336, 0.353], [0.253, 0.361, 0.985, 0.319, 0.422, 0.193, 0.239, 0.35], [0.415, 0.46, 0.319, 1.0, 0.214, 0.335, 0.345, 0.372], [0.324, 0.388, 0.422, 0.214, 1.0, 0.347, 0.39, 0.216], [0.205, 0.203, 0.193, 0.335, 0.347, 0.974, 0.402, 0.317], [0.259, 0.336, 0.239, 0.345, 0.39, 0.402, 0.998, 0.394], [0.449, 0.353, 0.35, 0.372, 0.216, 0.317, 0.394, 1.0]]"
0.3218,0.0878,0.01,0.235,0.6465,14.5472,"[0.007, 0.75, 1.199, 1.248, 1.169, 0.537, -0.248, -0.928, -1.215, -1.331, -0.878, -0.23, 0.402, 0.987, 1.287, 1.158, 0.758, 0.083, -0.6, -1.191, -1.279, -1.15, -0.512, 0.082, 0.899, 1.216, 1.325, 0.997, 0.283, -0.331, -1.01, -1.315, -1.266, -0.718, -0.187, 0.601, 1.085, 1.376, 1.251, 0.581, -0.085, -0.789, -1.167, -1.319, -0.961, -0.428, 0.423, 0.828, 1.306, 1.254, 0.847, 0.207, -0.518, -1.069, -1.299, -1.08, -0.807, 0.12, 0.844, 1.105, 1.317, 1.116, 0.515, -0.164, -0.873, -1.372, -1.208, -0.866, -0.183, 0.384, 0.981, 1.314, 1.263, 0.804, 0.001, -0.681, -1.019, -1.347, -1.052, -0.552, 0.208, 0.799, 1.209, 1.27, 0.917, 0.305, -0.373, -0.906, -1.334, -1.272, -0.776, -0.144, 0.522, 1.184, 1.326, 1.13, 0.491, -0.149, -0.863, -1.23]","[[0.991, 0.315, 0.325, 0.319, 0.324, 0.316, 0.321, 0.315], [0.315, 0.996, 0.334, 0.321, 0.316, 0.324, 0.332, 0.324], [0.325, 0.334, 1.0, 0.324, 0.324, 0.334, 0.32, 0.319], [0.319, 0.321, 0.324, 1.0, 0.312, 0.318, 0.33, 0.32], [0.324, 0.316, 0.324, 0.312, 1.0, 0.32, 0.31, 0.329], [0.316, 0.324, 0.334, 0.318, 0.32, 0.998, 0.326, 0.318], [0.321, 0.332, 0.32, 0.33, 0.31, 0.326, 0.993, 0.323], [0.315, 0.324, 0.319, 0.32, 0.329, 0.318, 0.323, 0.996]]"
0.3218,0.0878,0.05,0.2593,0.5857,17.4483,"[-0.487, 0.606, 1.192, 0.499, 1.366, 0.47, -0.509, -1.111, -1.072, -1.059, -1.08, -0.623, 0.467, 1.103, 1.452, 1.067, 0.716, 0.07, -0.395, -0.817, -0.921, -0.775, -0.101, 0.41, 0.674, 1.625, 0.951, 1.555, 0.103, -0.151, -0.621, -1.185, -1.745, -1.036, -0.04, 0.738, 1.071, 1.34, 0.768, 1.056, -0.187, -0.572, -0.868, -1.595, -0.975, -0.339, 0.246, 1.17, 1.12, 1.268, 0.757, 0.774, -0.686, -0.894, -0.87, -1.397, -0.645, -0.219, 0.213, 0.996, 1.172, 0.92, 0.394, -0.246, -1.191, -1.183, -0.97, -0.565, -0.322, 0.684, 0.871, 1.228, 1.296, 0.64, -0.279, -0.453, -1.37, -1.45, -0.821, -0.395, 0.228, 0.475, 0.96, 1.388, 1.102, 0.383, -0.518, -1.127, -1.251, -1.535, -0.754, -0.449, 0.341, 1.175, 1.468, 1.206, 0.309, -0.588, -0.794, -1.704]","[[0.952, 0.359, 0.322, 0.302, 0.294, 0.295, 0.383, 0.305], [0.359, 0.969, 0.318, 0.315, 0.341, 0.295, 0.341, 0.375], [0.322, 0.318, 0.921, 0.303, 0.355, 0.342, 0.351, 0.272], [0.302, 0.315, 0.303, 0.924, 0.311, 0.29, 0.321, 0.31], [0.294, 0.341, 0.355, 0.311, 0.975, 0.315, 0.365, 0.303], [0.295, 0.295, 0.342, 0.29, 0.315, 1.0, 0.336, 0.277], [0.383, 0.341, 0.351, 0.321, 0.365, 0.336, 0.926, 0.341], [0.305, 0.375, 0.272, 0.31, 0.303, 0.277, 0.341, 0.966]]"
0.3218,0.0878,0.1,0.2646,0.6994,14.681,"[0.227, 0.726, 1.132, 0.941, 2.221, 1.087, 0.144, -0.307, -1.113, -1.455, -2.24, -0.893, 1.517, 1.604, 1.411, 0.419, 1.064, -0.074, -0.288, -1.705, -1.566, -0.658, 0.409, -0.173, 0.321, 1.754, 0.665, 0.37, 0.48, 0.67, -1.407, -1.485, -1.177, -1.036, -1.012, 0.98, 1.209, 1.505, 1.065, 1.369, -0.344, -1.308, -0.387, -2.406, -1.084, -0.446, 0.254, 0.162, 0.694, 1.733, 1.542, -0.016, -0.986, -1.973, -0.849, -0.667, -2.074, -1.184, 0.784, 1.325, 1.076, 1.031, 0.346, -0.234, -1.342, -1.277, -1.61, -1.277, -1.19, 0.373, 1.443, 1.151, 1.019, 1.352, 0.549, 0.206, -0.034, -1.29, -1.664, -0.79, 0.47, 1.563, 0.727, 1.417, 0.548, 0.246, -0.48, -0.81, -0.289, -0.985, -0.992, -0.399, 0.509, 0.695, 1.392, -0.085, 0.482, -0.186, -1.372, -1.42]","[[1.0, 0.315, 0.335, 0.307, 0.361, 0.383, 0.328, 0.198], [0.315, 0.966, 0.425, 0.326, 0.407, 0.261, 0.425, 0.307], [0.335, 0.425, 0.8, 0.255, 0.346, 0.336, 0.301, 0.244], [0.307, 0.326, 0.255, 1.0, 0.323, 0.399, 0.332, 0.221], [0.361, 0.407, 0.346, 0.323, 0.952, 0.264, 0.328, 0.324], [0.383, 0.261, 0.336, 0.399, 0.264, 1.0, 0.54, 0.291], [0.328, 0.425, 0.301, 0.332, 0.328, 0.54, 0.928, 0.318], [0.198, 0.307, 0.244, 0.221, 0.324, 0.291, 0.318, 0.915]]"
0.3218,0.1033,0.01,0.1943,0.6793,16.1145,"[0.057, 0.85, 1.337, 1.19, 0.752, -0.178, -0.943, -1.338, -1.205, -0.567, 0.233, 1.012, 1.189, 1.112, 0.38, -0.442, -1.118, -1.274, -0.993, -0.31, 0.502, 1.197, 1.397, 0.923, 0.086, -0.696, -1.191, -1.302, -0.864, -0.073, 0.782, 1.189, 1.237, 0.713, -0.133, -0.937, -1.247, -1.251, -0.579, 0.284, 0.99, 1.379, 1.059, 0.421, -0.405, -0.905, -1.296, -1.001, -0.296, 0.516, 1.197, 1.218, 0.958, 0.215, -0.586, -1.265, -1.341, -0.894, -0.029, 0.781, 1.21, 1.344, 0.746, -0.077, -0.874, -1.246, -1.177, -0.518, 0.16, 0.886, 1.278, 1.158, 0.465, -0.292, -1.073, -1.268, -1.094, -0.296, 0.555, 1.102, 1.339, 0.977, 0.246, -0.548, -1.147, -1.267, -0.831, -0.146, 0.729, 1.193, 1.256, 0.81, -0.056, -0.968, -1.339, -1.178, -0.664, 0.232, 0.884, 1.33]","[[1.0, 0.331, 0.317, 0.324, 0.317, 0.31, 0.317, 0.329], [0.331, 1.0, 0.327, 0.327, 0.321, 0.318, 0.301, 0.329], [0.317, 0.327, 1.0, 0.309, 0.331, 0.317, 0.32, 0.315], [0.324, 0.327, 0.309, 0.999, 0.312, 0.317, 0.332, 0.331], [0.317, 0.321, 0.331, 0.312, 1.0, 0.335, 0.308, 0.307], [0.31, 0.318, 0.317, 0.317, 0.335, 0.996, 0.306, 0.324], [0.317, 0.301, 0.32, 0.332, 0.308, 0.306, 1.0, 0.317], [0.329, 0.329, 0.315, 0.331, 0.307, 0.324, 0.317, 1.0]]"
0.3218,0.1033,0.05,0.1226,0.625,18.5565,"[-0.162, 0.843, 1.183, 1.332, 0.622, -0.073, -0.467, -1.375, -1.071, 0.009, 0.372, 0.392, 1.153, 0.8, 0.665, -0.432, -0.82, -1.168, -0.867, -0.608, 0.664, 1.5, 0.946, 0.846, 0.254, -0.636, -0.859, -1.098, -0.72, 0.177, 0.968, 1.276, 1.15, 0.956, -0.296, -0.903, -1.588, -1.001, -0.28, 0.014, 0.944, 1.197, 1.385, 0.815, -0.502, -1.842, -1.033, -1.025, -0.316, 0.753, 1.054, 1.154, 0.855, 0.315, -0.417, -0.799, -1.186, -0.879, 0.166, 0.512, 1.612, 1.301, 0.674, -0.325, -0.707, -1.363, -1.22, -1.03, 0.112, 0.821, 1.419, 1.064, -0.176, -0.459, -1.416, -1.583, -0.802, -0.778, 0.56, 1.004, 1.14, 0.719, 0.3, -0.504, -1.627, -1.005, -1.16, 0.014, 0.436, 1.134, 0.937, 0.622, -0.106, -1.13, -1.208, -1.096, 0.04, 0.425, 1.239, 0.869]","[[1.0, 0.337, 0.289, 0.347, 0.299, 0.292, 0.339, 0.374], [0.337, 1.0, 0.264, 0.36, 0.296, 0.414, 0.337, 0.326], [0.289, 0.264, 0.98, 0.339, 0.299, 0.297, 0.319, 0.257], [0.347, 0.36, 0.339, 1.0, 0.346, 0.308, 0.346, 0.262], [0.299, 0.296, 0.299, 0.346, 1.0, 0.304, 0.325, 0.345], [0.292, 0.414, 0.297, 0.308, 0.304, 1.0, 0.317, 0.408], [0.339, 0.337, 0.319, 0.346, 0.325, 0.317, 1.0, 0.357], [0.374, 0.326, 0.257, 0.262, 0.345, 0.408, 0.357, 1.0]]"
0.3218,0.1033,0.1,0.1857,0.604,16.2935,"[-0.353, 1.533, 0.381, 0.995, 0.765, -0.138, -0.906, -1.563, -0.901, -1.17, 0.203, 1.217, 1.153, 1.103, 0.542, -1.289, -1.919, -1.254, -1.323, -0.576, 0.822, 0.664, 0.101, 1.753, 0.771, -0.062, -1.779, -1.319, -1.455, -0.058, 0.603, 0.726, 1.491, 0.579, 0.751, -0.842, -2.572, -2.09, 0.46, 0.068, 1.102, 1.322, 1.824, -0.493, 0.283, -0.439, -1.318, -0.829, -0.514, -0.33, 1.435, 1.435, 1.078, 0.434, -0.939, -0.461, -1.283, -0.572, -0.191, 1.279, 1.309, 1.206, 1.335, -0.944, -1.004, -1.599, -1.009, -0.454, 0.215, 0.607, 1.303, 1.292, 0.397, 0.198, -0.747, -1.312, -2.226, -0.465, 0.802, 0.991, 1.466, 0.851, 0.337, 0.088, -0.803, -1.941, -1.693, 0.138, 1.315, 0.418, 1.152, 1.941, -0.19, 0.42, -1.699, -1.531, -0.988, -0.446, 0.099, 1.201]","[[1.0, 0.372, 0.409, 0.297, 0.216, 0.263, 0.24, 0.298], [0.372, 0.987, 0.247, 0.359, 0.371, 0.343, 0.299, 0.099], [0.409, 0.247, 1.0, 0.27, 0.213, 0.307, 0.406, 0.286], [0.297, 0.359, 0.27, 0.825, 0.297, 0.377, 0.391, 0.511], [0.216, 0.371, 0.213, 0.297, 0.909, 0.379, 0.324, 0.343], [0.263, 0.343, 0.307, 0.377, 0.379, 1.0, 0.278, 0.35], [0.24, 0.299, 0.406, 0.391, 0.324, 0.278, 0.945, 0.322], [0.298, 0.099, 0.286, 0.511, 0.343, 0.35, 0.322, 0.959]]"
0.3218,0.1189,0.01,0.1154,0.5789,18.1125,"[0.002, 0.878, 1.204, 1.075, 0.283, -0.797, -1.308, -1.074, -0.438, 0.582, 1.442, 1.267, 0.591, -0.329, -1.097, -1.326, -0.849, 0.205, 1.056, 1.305, 1.0, 0.1, -0.839, -1.329, -1.157, -0.238, 0.624, 1.162, 1.195, 0.485, -0.635, -1.228, -1.246, -0.627, 0.278, 1.188, 1.231, 0.687, -0.216, -0.977, -1.334, -0.976, -0.029, 0.873, 1.197, 1.095, 0.316, -0.699, -1.285, -1.081, -0.488, 0.504, 1.22, 1.257, 0.623, -0.315, -1.028, -1.263, -0.81, 0.077, 0.946, 1.369, 0.878, 0.203, -0.837, -1.378, -1.076, -0.324, 0.648, 1.19, 1.176, 0.372, -0.517, -1.233, -1.288, -0.699, 0.295, 1.135, 1.326, 0.893, -0.117, -0.947, -1.304, -0.919, -0.147, 0.853, 1.262, 1.072, 0.293, -0.622, -1.311, -1.247, -0.536, 0.463, 1.133, 1.284, 0.667, -0.233, -1.072, -1.224]","[[1.0, 0.321, 0.324, 0.32, 0.312, 0.314, 0.318, 0.327], [0.321, 1.0, 0.319, 0.327, 0.311, 0.321, 0.316, 0.31], [0.324, 0.319, 0.989, 0.322, 0.315, 0.329, 0.314, 0.328], [0.32, 0.327, 0.322, 0.999, 0.319, 0.317, 0.324, 0.328], [0.312, 0.311, 0.315, 0.319, 0.996, 0.325, 0.32, 0.315], [0.314, 0.321, 0.329, 0.317, 0.325, 0.99, 0.312, 0.326], [0.318, 0.316, 0.314, 0.324, 0.32, 0.312, 0.997, 0.32], [0.327, 0.31, 0.328, 0.328, 0.315, 0.326, 0.32, 0.994]]"
0.3218,0.1189,0.05,0.1458,0.6542,17.1242,"[-0.359, 1.06, 1.092, 1.623, 0.897, -0.792, -1.703, -0.986, 0.125, 0.235, 1.7, 0.773, 0.224, -0.296, -0.881, -1.31, -0.65, 0.451, 1.324, 1.164, 0.702, 0.291, -0.764, -1.168, -1.218, -0.07, 0.442, 1.342, 1.191, 0.456, -0.342, -1.47, -1.076, -0.607, 0.149, 0.791, 1.771, 0.767, -0.236, -1.287, -1.049, -0.685, 0.149, 0.841, 1.5, 0.863, 0.311, -0.706, -1.206, -1.629, 0.015, 0.917, 0.916, 1.399, 0.265, -0.299, -1.655, -1.376, -0.928, 0.409, 1.399, 1.744, 1.247, 0.104, -0.738, -1.213, -1.38, 0.003, 0.841, 1.45, 0.618, 0.591, -0.235, -1.196, -1.388, -1.002, -0.066, 1.129, 1.249, 0.766, 0.29, -1.278, -1.408, -0.553, -0.189, 0.83, 1.261, 1.277, -0.203, -0.696, -1.244, -1.449, -0.418, 0.657, 1.293, 1.715, 0.576, -0.141, -0.956, -1.37]","[[1.0, 0.258, 0.25, 0.334, 0.363, 0.366, 0.299, 0.318], [0.258, 0.965, 0.326, 0.353, 0.327, 0.27, 0.377, 0.334], [0.25, 0.326, 1.0, 0.309, 0.336, 0.31, 0.275, 0.386], [0.334, 0.353, 0.309, 1.0, 0.27, 0.312, 0.388, 0.307], [0.363, 0.327, 0.336, 0.27, 1.0, 0.317, 0.322, 0.333], [0.366, 0.27, 0.31, 0.312, 0.317, 1.0, 0.297, 0.36], [0.299, 0.377, 0.275, 0.388, 0.322, 0.297, 1.0, 0.303], [0.318, 0.334, 0.386, 0.307, 0.333, 0.36, 0.303, 1.0]]"
0.3218,0.1189,0.1,0.1175,0.5241,18.7909,"[0.196, 1.223, 1.885, 0.881, 0.755, -0.818, -1.987, -1.314, -0.761, 0.75, 1.083, 1.3, 1.095, 0.37, -0.989, -0.75, -0.851, -0.607, 0.429, 1.222, 1.316, -0.069, -0.285, -0.4, -1.497, 0.833, -0.101, 2.205, 1.146, 0.31, -0.542, -1.615, -0.494, -0.958, 0.064, 0.431, 0.933, 0.434, -0.531, -1.088, -1.878, -0.141, -0.132, 1.044, 1.743, 2.082, 0.712, -0.817, -1.809, -1.007, 0.079, 0.583, 1.236, 1.361, -0.298, -0.247, -0.74, -1.326, -0.245, 0.698, 0.73, 1.543, 0.979, -0.931, -0.929, -1.824, -1.018, 0.058, 0.56, 0.815, 1.305, 1.7, -1.573, -1.076, -1.535, -0.874, 0.241, 0.919, 1.609, 0.707, -1.173, -0.324, -0.757, -1.279, -0.086, 1.423, 1.821, 1.78, 0.498, -0.26, -0.553, -1.372, -0.283, -0.613, 0.39, 1.521, 1.011, -0.459, -1.378, -1.489]","[[1.0, 0.28, 0.295, 0.19, 0.227, 0.309, 0.278, 0.366], [0.28, 0.999, 0.233, 0.241, 0.326, 0.331, 0.397, 0.276], [0.295, 0.233, 0.86, 0.361, 0.271, 0.296, 0.305, 0.256], [0.19, 0.241, 0.361, 1.0, 0.237, 0.173, 0.31, 0.37], [0.227, 0.326, 0.271, 0.237, 1.0, 0.318, 0.257, 0.302], [0.309, 0.331, 0.296, 0.173, 0.318, 1.0, 0.415, 0.322], [0.278, 0.397, 0.305, 0.31, 0.257, 0.415, 0.926, 0.36], [0.366, 0.276, 0.256, 0.37, 0.302, 0.322, 0.36, 0.793]]"
0.3218,0.1344,0.01,0.0704,0.6461,19.5279,"[-0.106, 0.947, 1.247, 0.702, -0.376, -1.173, -1.284, -0.422, 0.613, 1.32, 1.011, 0.143, -0.857, -1.299, -0.924, 0.113, 1.055, 1.274, 0.745, -0.428, -1.224, -1.247, -0.408, 0.713, 1.364, 1.003, 0.029, -1.001, -1.403, -0.763, 0.262, 1.172, 1.259, 0.464, -0.56, -1.335, -1.105, -0.214, 0.912, 1.277, 0.852, -0.122, -1.022, -1.437, -0.625, 0.398, 1.154, 1.182, 0.345, -0.754, -1.399, -0.999, -0.102, 0.918, 1.361, 0.817, -0.317, -1.097, -1.189, -0.521, 0.494, 1.186, 1.09, 0.253, -0.735, -1.357, -0.977, 0.116, 1.008, 1.389, 0.693, -0.315, -1.177, -1.18, -0.426, 0.655, 1.316, 1.098, 0.137, -1.0, -1.308, -0.875, 0.175, 1.134, 1.358, 0.568, -0.405, -1.303, -1.092, -0.262, 0.787, 1.385, 0.938, 0.036, -1.017, -1.341, -0.798, 0.417, 1.237, 1.205]","[[1.0, 0.317, 0.311, 0.321, 0.322, 0.314, 0.306, 0.314], [0.317, 0.991, 0.335, 0.319, 0.319, 0.326, 0.322, 0.317], [0.311, 0.335, 1.0, 0.321, 0.332, 0.322, 0.318, 0.318], [0.321, 0.319, 0.321, 0.994, 0.322, 0.328, 0.337, 0.321], [0.322, 0.319, 0.332, 0.322, 1.0, 0.322, 0.319, 0.324], [0.314, 0.326, 0.322, 0.328, 0.322, 0.989, 0.321, 0.323], [0.306, 0.322, 0.318, 0.337, 0.319, 0.321, 1.0, 0.328], [0.314, 0.317, 0.318, 0.321, 0.324, 0.323, 0.328, 1.0]]"
0.3218,0.1344,0.05,0.0434,0.6162,21.027,"[-0.108, 1.282, 1.279, 0.604, -0.406, -1.146, -1.419, -0.326, 0.474, 1.012, 1.091, 0.001, -0.946, -1.335, -1.226, 0.503, 1.278, 1.131, 0.632, -0.284, -1.173, -0.714, -0.406, 1.021, 0.974, 0.717, 0.458, -1.072, -1.608, -0.796, 0.591, 0.958, 1.241, 0.049, -0.688, -1.021, -1.312, -0.529, 0.641, 1.168, 1.109, -0.006, -0.91, -1.29, -0.824, 0.214, 1.319, 1.597, 0.147, -0.947, -1.586, -0.828, -0.084, 1.077, 1.192, 0.968, -0.311, -1.517, -1.032, -0.555, 0.46, 1.33, 0.774, 0.355, -0.955, -1.358, -0.66, 0.225, 0.986, 1.278, 0.06, -0.579, -1.154, -1.406, -0.749, 0.781, 1.621, 0.878, 0.329, -0.73, -1.565, -1.024, 0.653, 0.832, 1.121, 1.071, -0.646, -0.91, -1.409, -0.249, 1.048, 1.199, 0.995, 0.158, -1.232, -0.749, -0.472, 0.248, 1.121, 1.707]","[[0.93, 0.29, 0.289, 0.302, 0.273, 0.307, 0.352, 0.332], [0.29, 1.0, 0.319, 0.318, 0.296, 0.344, 0.366, 0.377], [0.289, 0.319, 0.969, 0.305, 0.354, 0.261, 0.36, 0.358], [0.302, 0.318, 0.305, 0.974, 0.258, 0.344, 0.354, 0.361], [0.273, 0.296, 0.354, 0.258, 1.0, 0.306, 0.323, 0.366], [0.307, 0.344, 0.261, 0.344, 0.306, 0.979, 0.329, 0.309], [0.352, 0.366, 0.36, 0.354, 0.323, 0.329, 1.0, 0.28], [0.332, 0.377, 0.358, 0.361, 0.366, 0.309, 0.28, 1.0]]"
0.3218,0.1344,0.1,0.0963,0.5944,19.9283,"[-0.312, 2.344, 1.707, 0.778, -1.016, -1.041, -1.832, -0.098, -0.647, 1.972, 0.884, -0.671, -0.872, -1.313, -0.923, 0.828, 1.265, 1.687, 0.512, -0.23, -1.88, -1.055, -0.726, 1.384, 1.345, 1.344, 0.168, -0.06, -2.097, -0.841, -0.205, 0.124, 0.739, 1.098, -0.586, -1.38, -0.729, -0.154, 1.142, 1.482, 1.19, -0.326, -0.529, -1.903, -0.712, 0.957, 1.134, 0.984, 1.526, 0.017, -1.231, -1.521, -1.091, 1.292, 1.952, 1.012, -1.094, -1.05, -1.506, -0.465, 1.509, 1.655, 1.423, 0.225, -0.599, -1.68, -0.667, -0.032, 0.619, 1.711, -0.415, -0.646, -0.889, -0.603, -0.181, 0.325, 1.269, 1.204, 0.891, -0.451, -0.857, -0.81, -0.333, 0.408, 1.122, 0.929, -0.755, -0.962, -1.551, -0.604, 1.481, 1.699, 0.817, -0.443, -0.532, -0.871, -0.412, 0.249, 0.633, 1.222]","[[1.0, 0.317, 0.38, 0.268, 0.389, 0.35, 0.25, 0.275], [0.317, 0.842, 0.247, 0.322, 0.379, 0.215, 0.257, 0.39], [0.38, 0.247, 1.0, 0.349, 0.269, 0.225, 0.275, 0.196], [0.268, 0.322, 0.349, 1.0, 0.347, 0.297, 0.328, 0.177], [0.389, 0.379, 0.269, 0.347, 1.0, 0.214, 0.217, 0.393], [0.35, 0.215, 0.225, 0.297, 0.214, 0.966, 0.325, 0.365], [0.25, 0.257, 0.275, 0.328, 0.217, 0.325, 0.997, 0.238], [0.275, 0.39, 0.196, 0.177, 0.393, 0.365, 0.238, 1.0]]"
0.3218,0.15,0.01,-0.0041,0.6515,22.4785,"[-0.051, 1.054, 1.231, 0.395, -0.745, -1.342, -0.794, 0.446, 1.26, 1.04, 0.012, -1.02, -1.204, -0.475, 0.713, 1.372, 0.763, -0.518, -1.294, -1.091, -0.016, 1.108, 1.211, 0.455, -0.763, -1.386, -0.793, 0.433, 1.259, 1.088, -0.029, -1.042, -1.277, -0.281, 0.711, 1.457, 0.729, -0.345, -1.216, -1.115, 0.03, 1.045, 1.271, 0.416, -0.794, -1.343, -0.76, 0.363, 1.214, 1.117, 0.021, -1.135, -1.307, -0.515, 0.822, 1.356, 0.723, -0.376, -1.158, -1.146, -0.031, 0.991, 1.305, 0.404, -0.797, -1.31, -0.805, 0.388, 1.271, 1.039, -0.023, -1.077, -1.253, -0.378, 0.806, 1.247, 0.847, -0.406, -1.274, -1.115, 0.099, 1.187, 1.35, 0.415, -0.76, -1.247, -0.789, 0.436, 1.268, 1.165, 0.072, -1.076, -1.181, -0.409, 0.75, 1.308, 0.784, -0.448, -1.283, -1.142]","[[1.0, 0.331, 0.312, 0.318, 0.318, 0.319, 0.317, 0.307], [0.331, 0.993, 0.316, 0.314, 0.328, 0.315, 0.333, 0.307], [0.312, 0.316, 0.98, 0.324, 0.312, 0.31, 0.327, 0.328], [0.318, 0.314, 0.324, 0.998, 0.308, 0.327, 0.329, 0.318], [0.318, 0.328, 0.312, 0.308, 0.988, 0.306, 0.332, 0.32], [0.319, 0.315, 0.31, 0.327, 0.306, 1.0, 0.314, 0.334], [0.317, 0.333, 0.327, 0.329, 0.332, 0.314, 0.994, 0.316], [0.307, 0.307, 0.328, 0.318, 0.32, 0.334, 0.316, 1.0]]"
0.3218,0.15,0.05,0.0166,0.6088,22.1074,"[0.303, 1.472, 0.944, 0.529, -0.845, -1.358, -1.155, 0.275, 1.151, 1.427, -0.289, -1.666, -1.259, -0.723, 0.742, 1.487, 0.752, -0.516, -1.296, -0.858, -0.289, 1.251, 1.006, 0.559, -1.163, -1.186, -0.802, 0.433, 1.497, 0.864, -0.006, -0.994, -1.332, -0.229, 0.859, 1.177, 1.092, -0.268, -1.468, -1.283, -0.055, 1.181, 0.704, 0.208, -0.921, -1.681, -1.032, 0.443, 1.135, 0.967, -0.345, -1.123, -1.633, -0.044, 1.213, 1.204, 0.496, -0.195, -1.109, -0.601, 0.535, 0.563, 1.547, 0.353, -0.64, -1.127, -0.593, 0.659, 1.117, 0.831, 0.297, -1.287, -0.792, -0.6, 0.682, 1.274, 0.392, -0.793, -1.029, -1.499, 0.63, 1.046, 1.0, 0.514, -1.392, -1.405, -0.828, 0.092, 1.099, 1.451, 0.046, -0.97, -1.454, -0.739, 0.717, 0.707, 0.503, -0.722, -1.767, -0.907]","[[0.918, 0.294, 0.365, 0.395, 0.387, 0.34, 0.296, 0.287], [0.294, 1.0, 0.319, 0.359, 0.304, 0.323, 0.318, 0.306], [0.365, 0.319, 0.949, 0.318, 0.322, 0.312, 0.299, 0.347], [0.395, 0.359, 0.318, 0.983, 0.321, 0.305, 0.338, 0.334], [0.387, 0.304, 0.322, 0.321, 1.0, 0.293, 0.307, 0.354], [0.34, 0.323, 0.312, 0.305, 0.293, 1.0, 0.382, 0.36], [0.296, 0.318, 0.299, 0.338, 0.307, 0.382, 1.0, 0.336], [0.287, 0.306, 0.347, 0.334, 0.354, 0.36, 0.336, 0.95]]"
0.3218,0.15,0.1,0.0011,0.6554,20.2901,"[-0.355, 1.329, 0.868, -0.355, -1.318, -0.795, -0.964, 0.521, 0.741, 1.259, -0.135, -0.846, -1.496, -0.156, 0.513, 1.282, 0.641, -0.395, -1.118, -1.317, -0.06, 1.163, 1.511, 0.37, -1.22, -1.279, -0.442, -0.258, 0.596, 0.738, -0.096, -2.168, -0.97, -0.5, -0.399, 0.765, 0.627, -1.295, -0.772, -0.976, 0.339, 0.555, 1.463, 0.078, -0.873, -1.145, -0.812, 0.813, 1.327, 0.838, 0.421, -0.543, -1.213, 0.26, 0.659, 1.258, 0.779, -0.473, -1.412, -1.427, -0.497, 1.125, 1.856, 0.816, -0.583, -0.697, -0.767, -0.086, 1.082, 1.039, -0.256, -0.764, -0.789, -1.275, 0.704, -0.13, 0.731, -0.46, -0.369, -0.331, 0.466, 0.59, 0.748, -0.14, -0.014, -1.777, -0.97, -0.041, 0.628, 1.236, 0.077, -2.182, -1.908, -0.281, 0.741, 1.121, 1.08, -1.13, -1.555, -0.81]","[[0.918, 0.127, 0.206, 0.33, 0.263, 0.326, 0.386, 0.297], [0.127, 1.0, 0.265, 0.312, 0.253, 0.324, 0.331, 0.383], [0.206, 0.265, 0.95, 0.244, 0.308, 0.214, 0.402, 0.334], [0.33, 0.312, 0.244, 1.0, 0.465, 0.171, 0.326, 0.404], [0.263, 0.253, 0.308, 0.465, 0.95, 0.313, 0.371, 0.224], [0.326, 0.324, 0.214, 0.171, 0.313, 0.838, 0.432, 0.395], [0.386, 0.331, 0.402, 0.326, 0.371, 0.432, 0.927, 0.217], [0.297, 0.383, 0.334, 0.404, 0.224, 0.395, 0.217, 0.901]]"
0.3664,0.01,0.01,0.0329,0.7211,10.2881,"[-0.03, 0.053, 0.115, 0.137, 0.41, 0.465, 0.5, 0.531, 0.717, 0.726, 0.772, 0.786, 0.96, 0.977, 1.063, 1.111, 1.183, 1.206, 1.219, 1.296, 1.345, 1.398, 1.284, 1.409, 1.282, 1.415, 1.332, 1.395, 1.414, 1.332, 1.297, 1.265, 1.213, 1.254, 1.148, 0.997, 1.097, 1.038, 0.937, 0.832, 0.745, 0.693, 0.668, 0.49, 0.524, 0.426, 0.404, 0.291, 0.135, 0.001, -0.041, -0.017, -0.157, -0.226, -0.371, -0.398, -0.579, -0.535, -0.716, -0.831, -0.69, -0.864, -0.93, -1.09, -1.022, -1.061, -1.164, -1.153, -1.178, -1.244, -1.408, -1.381, -1.258, -1.351, -1.359, -1.408, -1.396, -1.296, -1.267, -1.284, -1.272, -1.239, -1.24, -1.258, -1.225, -1.04, -1.054, -0.972, -0.925, -0.858, -0.786, -0.697, -0.697, -0.523, -0.54, -0.41, -0.399, -0.264, -0.204, -0.085]","[[1.0, 0.368, 0.371, 0.372, 0.373, 0.368, 0.371, 0.365], [0.368, 1.0, 0.374, 0.352, 0.363, 0.365, 0.351, 0.371], [0.371, 0.374, 0.998, 0.372, 0.37, 0.367, 0.373, 0.367], [0.372, 0.352, 0.372, 1.0, 0.38, 0.376, 0.356, 0.373], [0.373, 0.363, 0.37, 0.38, 0.982, 0.368, 0.375, 0.368], [0.368, 0.365, 0.367, 0.376, 0.368, 0.991, 0.376, 0.369], [0.371, 0.351, 0.373, 0.356, 0.375, 0.376, 0.992, 0.362], [0.365, 0.371, 0.367, 0.373, 0.368, 0.369, 0.362, 1.0]]"
0.3664,0.01,0.05,0.023,0.6762,7.6988,"[-0.105, 0.311, 0.118, 0.136, 0.443, 0.154, 0.953, 0.628, 0.517, 0.632, 0.808, 1.12, 0.712, 0.904, 1.04, 1.491, 1.403, 1.595, 1.244, 1.629, 1.616, 1.498, 1.536, 1.207, 1.821, 1.305, 1.504, 1.525, 0.999, 1.311, 1.35, 1.242, 1.227, 1.571, 0.947, 0.788, 0.906, 1.182, 1.146, 1.022, 1.031, 0.796, 0.529, 0.345, 0.187, 0.365, 0.537, 0.315, 0.177, -0.178, 0.645, -0.292, -0.141, -0.005, -0.329, -0.624, -0.301, -0.917, -0.223, -0.662, -0.866, -1.225, -1.223, -1.009, -0.58, -1.047, -1.067, -1.101, -0.645, -1.381, -0.908, -1.423, -1.518, -1.375, -1.385, -1.226, -1.945, -1.319, -1.492, -1.504, -1.623, -1.362, -1.365, -1.304, -1.563, -1.081, -1.251, -1.405, -1.072, -1.064, -0.793, -0.873, -1.021, -0.804, -0.935, -0.138, -0.015, 0.099, -0.319, 0.238]","[[0.991, 0.363, 0.401, 0.376, 0.333, 0.391, 0.378, 0.329], [0.363, 0.994, 0.341, 0.332, 0.456, 0.359, 0.392, 0.355], [0.401, 0.341, 1.0, 0.376, 0.434, 0.367, 0.41, 0.357], [0.376, 0.332, 0.376, 1.0, 0.299, 0.35, 0.386, 0.324], [0.333, 0.456, 0.434, 0.299, 1.0, 0.368, 0.399, 0.399], [0.391, 0.359, 0.367, 0.35, 0.368, 1.0, 0.299, 0.325], [0.378, 0.392, 0.41, 0.386, 0.399, 0.299, 1.0, 0.375], [0.329, 0.355, 0.357, 0.324, 0.399, 0.325, 0.375, 1.0]]"
0.3664,0.01,0.1,0.0009,0.632,9.5616,"[-0.323, 0.48, 0.073, 0.486, -0.444, 0.65, 0.612, 0.454, 0.042, 0.841, 1.165, 0.605, 0.68, 1.393, 1.908, 1.575, 1.268, 1.076, 1.223, 0.608, 1.222, 1.883, 1.362, 1.043, 1.005, 1.35, 0.746, 0.901, 2.109, 0.805, 0.899, 1.416, 1.015, 1.242, 1.585, 0.332, 1.43, 0.705, 0.792, 1.832, 0.102, 1.027, 1.222, 0.24, 0.169, 0.238, -0.005, 0.289, 0.618, -0.096, 0.464, 0.615, 0.044, 0.007, -0.637, -1.734, -0.21, -0.184, -0.537, -0.277, -1.077, -0.612, -0.199, -0.663, -0.381, -0.431, -1.764, -0.838, -1.552, -1.824, -1.442, -0.446, -1.614, -2.235, -2.086, -1.127, -1.743, -2.377, -2.045, -1.24, -0.91, -1.493, -0.912, -0.74, -1.546, -1.166, -1.353, -0.727, -1.241, -1.478, -0.777, -0.177, -0.403, -0.078, -0.043, -0.401, -0.639, -0.691, -0.965, 0.509]","[[1.0, 0.462, 0.329, 0.322, 0.391, 0.344, 0.358, 0.408], [0.462, 1.0, 0.309, 0.409, 0.492, 0.286, 0.366, 0.45], [0.329, 0.309, 1.0, 0.299, 0.394, 0.338, 0.383, 0.317], [0.322, 0.409, 0.299, 1.0, 0.276, 0.414, 0.298, 0.387], [0.391, 0.492, 0.394, 0.276, 0.967, 0.472, 0.261, 0.266], [0.344, 0.286, 0.338, 0.414, 0.472, 1.0, 0.431, 0.337], [0.358, 0.366, 0.383, 0.298, 0.261, 0.431, 1.0, 0.208], [0.408, 0.45, 0.317, 0.387, 0.266, 0.337, 0.208, 1.0]]"
0.3664,0.0256,0.01,0.0328,0.8204,10.0728,"[0.002, 0.2, 0.393, 0.709, 0.783, 0.948, 1.11, 1.227, 1.335, 1.402, 1.408, 1.462, 1.196, 1.2, 1.039, 1.015, 0.749, 0.446, 0.362, 0.137, -0.057, -0.348, -0.504, -0.729, -0.926, -1.03, -1.166, -1.218, -1.333, -1.334, -1.419, -1.249, -1.283, -1.093, -0.989, -0.834, -0.62, -0.565, -0.275, 0.009, 0.286, 0.403, 0.486, 0.78, 0.96, 1.161, 1.222, 1.239, 1.4, 1.395, 1.311, 1.326, 1.175, 1.068, 0.909, 0.749, 0.618, 0.278, 0.208, -0.058, -0.304, -0.493, -0.737, -0.953, -1.072, -1.254, -1.327, -1.409, -1.301, -1.426, -1.328, -1.2, -1.111, -1.037, -0.878, -0.674, -0.38, -0.254, -0.024, 0.275, 0.391, 0.639, 0.796, 0.965, 1.04, 1.15, 1.268, 1.391, 1.408, 1.417, 1.299, 1.242, 1.127, 0.951, 0.772, 0.525, 0.387, 0.176, 0.019, -0.194]","[[1.0, 0.364, 0.359, 0.362, 0.377, 0.375, 0.366, 0.36], [0.364, 1.0, 0.378, 0.364, 0.367, 0.38, 0.364, 0.359], [0.359, 0.378, 1.0, 0.361, 0.358, 0.345, 0.371, 0.358], [0.362, 0.364, 0.361, 1.0, 0.367, 0.383, 0.375, 0.354], [0.377, 0.367, 0.358, 0.367, 1.0, 0.378, 0.357, 0.361], [0.375, 0.38, 0.345, 0.383, 0.378, 0.977, 0.362, 0.374], [0.366, 0.364, 0.371, 0.375, 0.357, 0.362, 1.0, 0.367], [0.36, 0.359, 0.358, 0.354, 0.361, 0.374, 0.367, 0.992]]"
0.3664,0.0256,0.05,0.0459,0.6895,10.7486,"[-0.163, 0.172, 0.203, 0.879, 0.596, 0.851, 0.931, 1.484, 1.253, 1.854, 1.454, 1.63, 1.2, 0.952, 1.057, 0.745, 0.241, 0.8, 0.348, -0.051, -0.001, -0.3, -0.168, -0.608, -0.932, -0.873, -1.183, -1.224, -1.028, -1.656, -1.575, -1.423, -1.313, -0.849, -1.356, -0.849, -0.796, -0.033, -0.026, 0.031, 0.432, 0.074, 1.114, 0.585, 1.277, 1.243, 1.286, 1.606, 1.601, 1.393, 1.24, 1.321, 1.176, 1.171, 1.19, 0.881, 0.619, 0.204, 0.233, -0.491, -0.483, -0.343, -0.47, -0.876, -0.978, -1.066, -1.089, -1.378, -1.608, -1.265, -0.836, -1.486, -1.185, -1.118, -0.26, -0.923, -0.525, -0.366, -0.371, -0.165, 0.519, 0.759, 0.632, 1.295, 0.526, 0.892, 1.087, 1.345, 1.254, 1.3, 1.421, 1.58, 1.3, 0.97, 0.768, 0.874, 0.866, 0.34, -0.161, -0.191]","[[1.0, 0.428, 0.346, 0.314, 0.346, 0.361, 0.342, 0.35], [0.428, 1.0, 0.407, 0.327, 0.413, 0.359, 0.381, 0.388], [0.346, 0.407, 1.0, 0.352, 0.413, 0.388, 0.392, 0.369], [0.314, 0.327, 0.352, 0.986, 0.378, 0.393, 0.403, 0.326], [0.346, 0.413, 0.413, 0.378, 0.914, 0.367, 0.393, 0.415], [0.361, 0.359, 0.388, 0.393, 0.367, 1.0, 0.36, 0.333], [0.342, 0.381, 0.392, 0.403, 0.393, 0.36, 0.979, 0.361], [0.35, 0.388, 0.369, 0.326, 0.415, 0.333, 0.361, 0.978]]"
0.3664,0.0256,0.1,0.0334,0.6738,10.1106,"[0.253, -0.587, 0.639, 1.529, 0.515, 1.012, 0.998, 1.117, 0.797, 2.351, 1.558, 1.005, 0.888, 1.219, -0.019, 1.441, 0.483, 0.741, 0.558, 0.606, 0.151, 0.06, -0.011, -0.881, 0.183, -0.87, -1.188, -1.691, -1.438, -1.163, -1.311, -0.405, -1.439, -0.798, -1.565, 0.25, -1.255, 0.579, -0.315, -1.146, 0.866, 0.445, 0.381, 1.116, 1.295, 1.313, 1.787, 1.429, 1.677, 1.105, 1.728, 1.032, 0.64, 0.979, 0.797, 1.228, -0.153, 0.914, -0.159, -1.299, -0.888, -0.648, -0.469, -0.938, -1.633, -1.548, -1.856, -1.199, -1.408, -1.055, -2.211, -1.523, -0.139, -0.701, -1.012, -1.177, 0.069, 0.492, -0.632, -0.365, 0.516, 0.768, 1.013, 1.864, 0.603, 1.226, 1.654, 1.702, 1.042, 1.046, 1.07, 2.067, 0.611, 0.794, 1.175, 0.055, 0.524, -0.769, 0.058, -0.23]","[[0.996, 0.423, 0.43, 0.279, 0.363, 0.415, 0.314, 0.308], [0.423, 1.0, 0.354, 0.5, 0.294, 0.279, 0.388, 0.482], [0.43, 0.354, 1.0, 0.365, 0.357, 0.378, 0.319, 0.331], [0.279, 0.5, 0.365, 0.922, 0.3, 0.293, 0.455, 0.419], [0.363, 0.294, 0.357, 0.3, 1.0, 0.236, 0.379, 0.428], [0.415, 0.279, 0.378, 0.293, 0.236, 0.885, 0.275, 0.299], [0.314, 0.388, 0.319, 0.455, 0.379, 0.275, 1.0, 0.343], [0.308, 0.482, 0.331, 0.419, 0.428, 0.299, 0.343, 0.96]]"
0.3664,0.0411,0.01,0.0351,0.7985,10.3553,"[0.043, 0.34, 0.665, 0.958, 1.074, 1.355, 1.433, 1.368, 1.181, 0.952, 0.67, 0.347, 0.17, -0.297, -0.579, -0.872, -1.136, -1.343, -1.338, -1.394, -1.198, -1.086, -0.794, -0.48, -0.044, 0.116, 0.69, 0.831, 1.105, 1.298, 1.375, 1.392, 1.283, 1.173, 0.855, 0.506, 0.144, -0.21, -0.456, -0.738, -1.027, -1.414, -1.464, -1.358, -1.282, -1.104, -0.801, -0.504, -0.219, 0.048, 0.406, 0.783, 1.061, 1.171, 1.375, 1.275, 1.16, 1.094, 0.976, 0.692, 0.204, -0.143, -0.375, -0.754, -0.934, -1.169, -1.284, -1.407, -1.289, -1.068, -0.942, -0.669, -0.362, -0.071, 0.303, 0.639, 0.881, 1.101, 1.194, 1.327, 1.36, 1.182, 0.974, 0.754, 0.479, 0.161, -0.295, -0.647, -0.942, -1.119, -1.307, -1.372, -1.343, -1.271, -1.145, -0.798, -0.376, -0.034, 0.294, 0.557]","[[1.0, 0.362, 0.368, 0.363, 0.366, 0.367, 0.365, 0.37], [0.362, 1.0, 0.363, 0.367, 0.371, 0.361, 0.362, 0.362], [0.368, 0.363, 0.999, 0.365, 0.357, 0.366, 0.369, 0.366], [0.363, 0.367, 0.365, 1.0, 0.353, 0.363, 0.38, 0.363], [0.366, 0.371, 0.357, 0.353, 1.0, 0.367, 0.367, 0.375], [0.367, 0.361, 0.366, 0.363, 0.367, 1.0, 0.369, 0.357], [0.365, 0.362, 0.369, 0.38, 0.367, 0.369, 0.985, 0.385], [0.37, 0.362, 0.366, 0.363, 0.375, 0.357, 0.385, 1.0]]"
0.3664,0.0411,0.05,0.0758,0.7053,11.3306,"[-0.03, -0.065, 0.472, 0.972, 0.871, 1.051, 1.628, 1.367, 1.233, 1.128, 0.683, 0.389, 0.171, -0.091, -0.5, -0.549, -1.137, -1.633, -1.092, -1.402, -1.42, -0.856, -0.679, -0.778, 0.053, 0.706, 0.654, 0.807, 0.694, 1.79, 1.23, 0.998, 1.28, 1.323, 1.127, 0.344, 0.147, -0.181, -0.277, -0.678, -1.009, -1.027, -1.692, -1.253, -1.218, -1.118, -0.926, -0.531, -0.37, 0.806, 0.807, 1.053, 0.908, 0.993, 1.289, 1.392, 0.931, 1.258, 1.178, 0.057, 0.059, 0.24, -0.32, -0.949, -0.819, -1.355, -1.389, -1.651, -1.307, -0.914, -1.069, -0.505, -0.352, 0.279, 0.242, 1.072, 1.133, 1.24, 1.386, 1.25, 1.193, 1.263, 0.69, 0.566, 0.161, 0.191, -0.156, -0.316, -1.005, -1.35, -1.667, -1.296, -0.989, -1.243, -1.021, -0.766, -0.386, 0.144, 0.726, 0.706]","[[0.994, 0.377, 0.419, 0.394, 0.369, 0.376, 0.304, 0.353], [0.377, 0.979, 0.332, 0.372, 0.38, 0.305, 0.363, 0.395], [0.419, 0.332, 0.997, 0.305, 0.388, 0.336, 0.406, 0.361], [0.394, 0.372, 0.305, 1.0, 0.32, 0.329, 0.355, 0.338], [0.369, 0.38, 0.388, 0.32, 1.0, 0.369, 0.361, 0.312], [0.376, 0.305, 0.336, 0.329, 0.369, 1.0, 0.287, 0.435], [0.304, 0.363, 0.406, 0.355, 0.361, 0.287, 0.963, 0.346], [0.353, 0.395, 0.361, 0.338, 0.312, 0.435, 0.346, 0.929]]"
0.3664,0.0411,0.1,0.0276,0.7214,13.2487,"[0.34, -0.181, 1.571, 2.323, 1.053, 1.468, 0.454, 1.844, 0.083, 0.326, 0.783, 0.678, -0.685, -0.565, -1.455, -1.073, -1.544, -1.614, -1.038, -1.2, -0.947, -1.099, -0.413, -0.476, -0.36, 0.523, 0.361, 0.706, 1.645, 1.764, 1.21, 1.787, 0.613, 0.925, 0.443, 0.511, 0.539, 0.097, -0.311, -0.757, -1.156, -0.655, -2.125, -1.691, -1.068, -0.341, -1.037, -0.695, -0.873, -0.147, 0.821, 1.569, 0.894, 0.833, 1.377, 0.556, 1.911, 0.523, 1.064, 0.766, 0.598, 0.061, -0.412, -0.518, -0.585, -0.308, -1.882, -2.285, -2.084, -2.075, -1.549, -1.33, -0.548, 0.437, 0.671, 0.372, 0.695, 2.184, 1.613, 1.453, 1.387, 1.053, 1.991, 0.621, 0.47, -0.777, -0.621, -0.908, -0.678, -1.536, -1.275, -1.667, -1.889, -1.795, -1.115, -0.713, -0.546, -0.521, 0.178, 0.42]","[[0.985, 0.35, 0.46, 0.393, 0.47, 0.467, 0.391, 0.232], [0.35, 1.0, 0.281, 0.251, 0.355, 0.296, 0.346, 0.298], [0.46, 0.281, 1.0, 0.362, 0.284, 0.434, 0.298, 0.264], [0.393, 0.251, 0.362, 1.0, 0.338, 0.283, 0.222, 0.364], [0.47, 0.355, 0.284, 0.338, 0.965, 0.387, 0.364, 0.245], [0.467, 0.296, 0.434, 0.283, 0.387, 1.0, 0.358, 0.336], [0.391, 0.346, 0.298, 0.222, 0.364, 0.358, 0.921, 0.424], [0.232, 0.298, 0.264, 0.364, 0.245, 0.336, 0.424, 1.0]]"
0.3664,0.0567,0.01,0.0446,0.6557,12.745,"[-0.127, 0.447, 0.957, 1.217, 1.372, 1.365, 1.106, 0.837, 0.419, -0.08, -0.575, -0.958, -1.293, -1.331, -1.388, -1.146, -0.722, -0.297, 0.147, 0.547, 1.013, 1.239, 1.39, 1.265, 0.965, 0.614, 0.207, -0.251, -0.766, -1.109, -1.26, -1.31, -1.246, -1.01, -0.639, -0.116, 0.324, 0.826, 1.171, 1.344, 1.334, 1.203, 0.853, 0.527, 0.053, -0.491, -0.731, -1.141, -1.384, -1.245, -1.208, -0.829, -0.445, 0.006, 0.486, 0.986, 1.255, 1.349, 1.228, 1.153, 0.741, 0.394, -0.15, -0.612, -1.008, -1.197, -1.452, -1.271, -1.071, -0.736, -0.306, 0.224, 0.636, 1.012, 1.284, 1.452, 1.205, 1.059, 0.651, 0.189, -0.36, -0.82, -1.071, -1.372, -1.313, -1.299, -0.949, -0.611, -0.146, 0.322, 0.825, 1.174, 1.314, 1.385, 1.212, 0.848, 0.522, 0.014, -0.58, -0.89]","[[0.999, 0.369, 0.359, 0.362, 0.361, 0.369, 0.368, 0.357], [0.369, 0.994, 0.366, 0.367, 0.367, 0.367, 0.38, 0.369], [0.359, 0.366, 1.0, 0.354, 0.368, 0.375, 0.367, 0.375], [0.362, 0.367, 0.354, 1.0, 0.358, 0.375, 0.359, 0.374], [0.361, 0.367, 0.368, 0.358, 1.0, 0.367, 0.364, 0.363], [0.369, 0.367, 0.375, 0.375, 0.367, 1.0, 0.366, 0.38], [0.368, 0.38, 0.367, 0.359, 0.364, 0.366, 0.996, 0.357], [0.357, 0.369, 0.375, 0.374, 0.363, 0.38, 0.357, 0.996]]"
0.3664,0.0567,0.05,0.0935,0.6947,13.5904,"[-0.073, 0.641, 1.336, 1.252, 1.261, 1.162, 1.362, 0.777, 0.269, 0.152, -0.263, -1.196, -1.61, -1.386, -1.601, -1.425, -1.016, -0.05, 0.334, 1.247, 0.855, 1.603, 1.489, 1.151, 1.016, 0.543, 0.293, -0.009, -0.8, -0.859, -0.982, -0.992, -1.553, -1.008, -0.43, -0.415, 0.012, 0.773, 1.019, 1.28, 1.241, 1.764, 0.82, 0.676, 0.187, -0.844, -0.482, -1.012, -1.303, -1.083, -1.195, -0.65, -0.918, 0.233, 0.549, 0.964, 1.0, 1.301, 1.268, 0.853, 0.893, 0.761, -0.47, -0.459, -1.081, -1.382, -1.345, -1.286, -1.042, -1.015, -0.012, 0.22, 0.807, 1.338, 0.8, 1.524, 1.24, 1.289, 0.458, 0.433, -0.548, -0.632, -1.017, -1.347, -1.622, -1.34, -0.746, -0.21, 0.374, 0.499, 0.866, 1.25, 1.812, 1.486, 1.233, 0.845, 0.463, 0.125, -0.637, -1.028]","[[1.0, 0.394, 0.36, 0.363, 0.258, 0.348, 0.385, 0.333], [0.394, 1.0, 0.334, 0.309, 0.373, 0.276, 0.366, 0.322], [0.36, 0.334, 0.874, 0.363, 0.3, 0.34, 0.368, 0.397], [0.363, 0.309, 0.363, 1.0, 0.399, 0.406, 0.4, 0.379], [0.258, 0.373, 0.3, 0.399, 0.967, 0.316, 0.359, 0.423], [0.348, 0.276, 0.34, 0.406, 0.316, 1.0, 0.359, 0.395], [0.385, 0.366, 0.368, 0.4, 0.359, 0.359, 0.958, 0.358], [0.333, 0.322, 0.397, 0.379, 0.423, 0.395, 0.358, 0.957]]"
0.3664,0.0567,0.1,0.0545,0.7785,12.8152,"[-0.686, -0.244, 1.655, 0.704, 0.788, 1.309, 0.781, 1.957, 0.258, 0.137, -0.946, -1.787, -1.601, -1.721, -1.679, -1.905, -0.688, -0.48, -0.6, 0.686, 1.397, 1.869, 0.156, 0.925, 0.367, 0.357, 0.922, -0.62, -0.945, -1.485, -0.487, -2.515, -1.538, -1.429, -1.468, 0.408, -0.562, 0.55, 1.083, 0.948, 0.492, 1.14, 0.554, 0.934, 0.315, 0.55, -0.794, -0.874, -1.522, -0.491, -1.178, -0.922, -0.179, -0.294, 0.253, 1.184, 1.577, 1.654, 1.29, 1.273, 1.283, -0.18, -0.114, -2.037, -0.606, -1.64, -1.742, -1.369, -0.779, 0.464, -1.061, -0.225, 0.773, 0.671, 1.699, 1.282, 1.723, 0.91, 0.931, -0.279, 0.685, -1.582, -1.442, -2.018, -0.964, -0.978, -1.585, -0.083, -0.464, 0.561, 1.114, 1.016, 1.785, 1.284, 1.38, 0.777, -0.431, -0.033, -0.886, -0.175]","[[1.0, 0.354, 0.354, 0.26, 0.43, 0.338, 0.32, 0.465], [0.354, 0.941, 0.466, 0.434, 0.425, 0.313, 0.304, 0.337], [0.354, 0.466, 0.865, 0.351, 0.446, 0.38, 0.359, 0.384], [0.26, 0.434, 0.351, 1.0, 0.321, 0.306, 0.458, 0.39], [0.43, 0.425, 0.446, 0.321, 0.965, 0.337, 0.483, 0.342], [0.338, 0.313, 0.38, 0.306, 0.337, 0.892, 0.349, 0.286], [0.32, 0.304, 0.359, 0.458, 0.483, 0.349, 1.0, 0.397], [0.465, 0.337, 0.384, 0.39, 0.342, 0.286, 0.397, 0.979]]"
0.3664,0.0722,0.01,0.1351,0.7635,15.6701,"[0.067, 0.572, 1.041, 1.278, 1.294, 1.18, 0.476, -0.114, -0.644, -1.007, -1.309, -1.236, -1.035, -0.581, 0.073, 0.677, 1.133, 1.342, 1.329, 0.947, 0.421, -0.203, -0.714, -1.153, -1.304, -1.207, -1.01, -0.421, 0.18, 0.687, 1.157, 1.441, 1.235, 0.874, 0.374, -0.192, -0.818, -1.2, -1.48, -1.22, -0.867, -0.286, 0.191, 0.826, 1.276, 1.339, 1.231, 0.821, 0.265, -0.272, -0.949, -1.251, -1.353, -1.16, -0.809, -0.189, 0.374, 0.92, 1.271, 1.396, 1.21, 0.708, 0.201, -0.395, -0.876, -1.334, -1.332, -1.176, -0.714, -0.196, 0.467, 0.999, 1.251, 1.426, 1.056, 0.71, -0.026, -0.525, -0.991, -1.278, -1.351, -1.117, -0.613, -0.0, 0.625, 0.982, 1.316, 1.227, 1.008, 0.564, 0.043, -0.623, -1.091, -1.322, -1.359, -1.146, -0.593, 0.042, 0.665, 1.095]","[[1.0, 0.36, 0.36, 0.358, 0.354, 0.361, 0.385, 0.36], [0.36, 1.0, 0.362, 0.364, 0.376, 0.365, 0.368, 0.369], [0.36, 0.362, 0.996, 0.368, 0.369, 0.354, 0.371, 0.361], [0.358, 0.364, 0.368, 1.0, 0.372, 0.365, 0.364, 0.364], [0.354, 0.376, 0.369, 0.372, 1.0, 0.364, 0.369, 0.361], [0.361, 0.365, 0.354, 0.365, 0.364, 1.0, 0.368, 0.375], [0.385, 0.368, 0.371, 0.364, 0.369, 0.368, 0.993, 0.364], [0.36, 0.369, 0.361, 0.364, 0.361, 0.375, 0.364, 1.0]]"
0.3664,0.0722,0.05,0.1051,0.6561,13.8638,"[0.067, 0.272, 1.039, 1.365, 1.117, 0.787, 0.287, -0.184, -0.858, -0.798, -1.958, -1.286, -0.883, -0.753, 0.037, 0.598, 1.113, 1.519, 1.443, 0.833, 0.091, -0.102, -0.888, -1.291, -1.303, -1.393, -0.872, 0.206, 0.362, 1.1, 1.311, 1.382, 1.398, 1.034, 0.592, -0.222, -1.13, -1.573, -1.25, -1.53, -0.707, 0.004, 0.229, 1.144, 1.293, 1.373, 1.246, 0.634, 0.044, -0.742, -1.062, -0.713, -1.739, -1.501, -1.005, -0.427, 0.444, 0.761, 1.217, 1.151, 1.064, 0.749, 0.157, 0.073, -0.956, -1.336, -1.983, -1.099, -1.218, -0.005, 0.503, 1.182, 1.141, 1.36, 1.302, 0.451, 0.248, -0.371, -1.049, -0.919, -1.217, -1.524, -0.394, -0.212, 0.755, 1.121, 0.665, 1.488, 1.021, 0.484, -0.106, -0.402, -1.307, -1.058, -1.706, -0.973, -0.363, 0.235, 0.687, 1.054]","[[0.952, 0.31, 0.391, 0.334, 0.385, 0.352, 0.336, 0.355], [0.31, 1.0, 0.368, 0.339, 0.398, 0.347, 0.35, 0.332], [0.391, 0.368, 1.0, 0.355, 0.366, 0.38, 0.363, 0.365], [0.334, 0.339, 0.355, 1.0, 0.371, 0.374, 0.364, 0.406], [0.385, 0.398, 0.366, 0.371, 0.978, 0.387, 0.337, 0.385], [0.352, 0.347, 0.38, 0.374, 0.387, 0.967, 0.435, 0.378], [0.336, 0.35, 0.363, 0.364, 0.337, 0.435, 0.902, 0.365], [0.355, 0.332, 0.365, 0.406, 0.385, 0.378, 0.365, 0.915]]"
0.3664,0.0722,0.1,0.1044,0.7579,13.8512,"[-0.303, 0.846, 2.063, 0.854, 0.755, 1.217, 0.582, -0.407, -1.25, -1.362, -1.085, -1.48, -0.43, -0.58, 0.396, 0.822, 0.931, 1.77, 0.691, 0.706, 0.26, 0.048, -0.409, -1.566, -1.837, -1.245, -1.718, 0.082, 0.078, 0.179, 0.589, 1.52, 1.41, 0.53, 0.32, -0.802, -0.932, -0.469, -0.3, -1.354, -0.662, -0.134, -0.576, 0.266, 0.07, 1.591, 2.201, 1.374, 0.306, -0.379, -1.054, -0.718, -1.258, -1.175, -1.355, 0.063, 0.302, 1.113, 1.766, 0.546, 1.036, 0.544, -0.074, -0.981, -1.313, -1.833, -0.946, -0.97, -0.57, -1.106, 1.442, 0.779, 2.172, 1.728, 1.017, 1.705, 0.379, -0.626, -1.211, -0.797, -1.614, -1.295, -0.94, -0.426, 0.209, 1.933, 1.83, 1.454, 0.803, 0.323, -0.183, 0.296, -0.931, -0.963, -1.226, -1.49, -0.504, -0.49, 1.239, 0.731]","[[0.978, 0.198, 0.316, 0.455, 0.332, 0.342, 0.467, 0.377], [0.198, 0.976, 0.294, 0.348, 0.361, 0.458, 0.339, 0.385], [0.316, 0.294, 1.0, 0.159, 0.39, 0.435, 0.334, 0.394], [0.455, 0.348, 0.159, 1.0, 0.368, 0.43, 0.387, 0.377], [0.332, 0.361, 0.39, 0.368, 1.0, 0.345, 0.369, 0.397], [0.342, 0.458, 0.435, 0.43, 0.345, 0.984, 0.321, 0.367], [0.467, 0.339, 0.334, 0.387, 0.369, 0.321, 0.962, 0.318], [0.377, 0.385, 0.394, 0.377, 0.397, 0.367, 0.318, 0.849]]"
0.3664,0.0878,0.01,0.1207,0.7524,17.1352,"[-0.055, 0.644, 1.175, 1.325, 1.048, 0.55, -0.136, -0.859, -1.334, -1.313, -0.952, -0.324, 0.516, 1.159, 1.281, 1.32, 0.742, 0.054, -0.644, -1.111, -1.351, -1.117, -0.53, 0.212, 0.874, 1.335, 1.309, 0.909, 0.449, -0.438, -1.042, -1.36, -1.299, -0.862, -0.11, 0.623, 1.185, 1.394, 1.153, 0.612, -0.039, -0.821, -1.287, -1.304, -1.041, -0.447, 0.297, 1.026, 1.36, 1.308, 0.82, 0.212, -0.549, -1.162, -1.394, -1.172, -0.629, -0.024, 0.694, 1.267, 1.338, 1.11, 0.464, -0.227, -0.99, -1.286, -1.421, -0.882, -0.267, 0.498, 1.089, 1.273, 1.305, 0.765, 0.076, -0.723, -1.19, -1.43, -1.115, -0.594, 0.441, 0.901, 1.36, 1.32, 0.996, 0.376, -0.467, -1.068, -1.3, -1.274, -0.841, -0.136, 0.563, 1.071, 1.282, 1.161, 0.641, 0.002, -0.821, -1.334]","[[1.0, 0.372, 0.369, 0.369, 0.355, 0.354, 0.384, 0.367], [0.372, 0.972, 0.379, 0.363, 0.366, 0.36, 0.373, 0.363], [0.369, 0.379, 1.0, 0.363, 0.361, 0.369, 0.363, 0.364], [0.369, 0.363, 0.363, 1.0, 0.361, 0.368, 0.359, 0.359], [0.355, 0.366, 0.361, 0.361, 1.0, 0.346, 0.363, 0.36], [0.354, 0.36, 0.369, 0.368, 0.346, 1.0, 0.359, 0.361], [0.384, 0.373, 0.363, 0.359, 0.363, 0.359, 1.0, 0.377], [0.367, 0.363, 0.364, 0.359, 0.36, 0.361, 0.377, 0.995]]"
0.3664,0.0878,0.05,0.1508,0.7892,17.2042,"[0.297, 0.62, 1.241, 1.306, 1.409, 0.635, -0.242, -0.881, -1.602, -1.882, -1.082, -0.342, 0.582, 1.018, 1.237, 0.511, 0.904, 0.12, -0.455, -1.181, -1.079, -1.276, -0.583, 0.222, 1.014, 1.388, 1.458, 1.063, 0.31, -0.16, -1.434, -1.501, -0.876, -0.994, -0.153, 0.946, 1.122, 1.158, 1.473, 0.561, -0.151, -1.29, -1.291, -1.18, -1.148, -0.743, 0.201, 0.816, 1.267, 1.167, 1.294, 0.275, -0.973, -1.099, -1.374, -0.908, -0.73, -0.018, 1.206, 0.965, 1.558, 1.099, 0.36, -0.418, -0.582, -1.197, -1.166, -0.706, -0.18, 0.211, 0.684, 1.743, 1.288, 0.768, 0.489, -0.949, -1.833, -1.817, -1.255, -0.518, 0.538, 1.082, 0.653, 2.033, 0.874, 0.638, -0.277, -1.033, -1.408, -1.541, -1.125, -0.146, 0.278, 1.581, 1.391, 1.682, 0.499, -0.271, -0.671, -1.335]","[[1.0, 0.415, 0.354, 0.427, 0.416, 0.385, 0.39, 0.416], [0.415, 1.0, 0.356, 0.344, 0.398, 0.34, 0.371, 0.341], [0.354, 0.356, 1.0, 0.355, 0.348, 0.392, 0.376, 0.366], [0.427, 0.344, 0.355, 0.978, 0.35, 0.356, 0.416, 0.322], [0.416, 0.398, 0.348, 0.35, 0.998, 0.357, 0.432, 0.339], [0.385, 0.34, 0.392, 0.356, 0.357, 1.0, 0.332, 0.373], [0.39, 0.371, 0.376, 0.416, 0.432, 0.332, 0.994, 0.372], [0.416, 0.341, 0.366, 0.322, 0.339, 0.373, 0.372, 0.929]]"
0.3664,0.0878,0.1,0.1438,0.7857,17.2681,"[-0.333, -0.215, 1.921, 1.415, 1.255, -0.033, 0.353, -0.148, -1.272, -1.563, -0.673, 0.074, 0.885, 1.391, 1.836, 0.902, 1.228, -0.16, -1.913, -1.42, -1.642, -1.018, -0.154, 0.258, 1.853, 1.021, 0.345, 1.135, 0.086, -0.929, -1.164, -1.736, -1.616, -0.065, -0.071, 0.466, 1.952, 1.218, 0.559, -0.03, -0.135, -1.617, -1.846, -1.541, -0.475, 0.224, 0.651, 0.968, 1.045, 1.491, 1.769, 0.27, -0.769, -1.195, -1.497, -0.932, -1.073, 0.232, 1.024, 1.404, 0.816, 1.008, 0.222, -0.293, -1.255, -0.692, -1.223, -1.737, -0.93, 1.079, 0.987, 1.163, 1.801, 0.672, -0.559, -1.247, -0.888, -0.35, -0.702, -0.738, 0.077, 0.895, 0.283, 1.344, 1.268, 1.217, 0.132, -0.069, -0.508, -0.566, -0.79, 0.068, -0.211, 1.234, 1.649, 1.017, -0.163, 0.668, -0.615, -0.41]","[[0.932, 0.382, 0.402, 0.275, 0.506, 0.36, 0.428, 0.169], [0.382, 0.959, 0.454, 0.256, 0.42, 0.426, 0.308, 0.479], [0.402, 0.454, 0.901, 0.32, 0.391, 0.408, 0.403, 0.359], [0.275, 0.256, 0.32, 1.0, 0.147, 0.396, 0.34, 0.304], [0.506, 0.42, 0.391, 0.147, 0.776, 0.384, 0.358, 0.506], [0.36, 0.426, 0.408, 0.396, 0.384, 0.887, 0.296, 0.3], [0.428, 0.308, 0.403, 0.34, 0.358, 0.296, 0.933, 0.316], [0.169, 0.479, 0.359, 0.304, 0.506, 0.3, 0.316, 0.904]]"
0.3664,0.1033,0.01,0.1142,0.7214,15.8872,"[0.055, 0.898, 1.383, 1.337, 0.678, -0.059, -0.945, -1.424, -1.232, -0.565, 0.252, 1.042, 1.39, 1.159, 0.482, -0.431, -1.158, -1.439, -1.057, -0.339, 0.55, 1.094, 1.276, 0.981, 0.089, -0.693, -1.301, -1.368, -0.844, -0.027, 0.83, 1.253, 1.236, 0.788, -0.126, -0.896, -1.367, -1.201, -0.732, 0.314, 0.993, 1.299, 1.101, 0.463, -0.4, -1.098, -1.426, -1.027, -0.366, 0.501, 1.172, 1.389, 0.975, 0.172, -0.674, -1.187, -1.277, -0.853, -0.05, 0.895, 1.323, 1.299, 0.746, -0.068, -1.045, -1.285, -1.3, -0.669, 0.158, 0.959, 1.342, 1.213, 0.567, -0.27, -1.083, -1.377, -1.049, -0.41, 0.455, 1.15, 1.357, 0.893, 0.281, -0.621, -1.196, -1.415, -0.926, -0.122, 0.746, 1.289, 1.343, 0.785, -0.094, -0.762, -1.344, -1.294, -0.753, 0.204, 1.011, 1.299]","[[1.0, 0.365, 0.354, 0.373, 0.372, 0.365, 0.366, 0.369], [0.365, 0.995, 0.362, 0.373, 0.37, 0.358, 0.351, 0.352], [0.354, 0.362, 0.995, 0.36, 0.349, 0.372, 0.381, 0.351], [0.373, 0.373, 0.36, 1.0, 0.366, 0.361, 0.358, 0.369], [0.372, 0.37, 0.349, 0.366, 0.986, 0.369, 0.358, 0.375], [0.365, 0.358, 0.372, 0.361, 0.369, 1.0, 0.357, 0.357], [0.366, 0.351, 0.381, 0.358, 0.358, 0.357, 1.0, 0.377], [0.369, 0.352, 0.351, 0.369, 0.375, 0.357, 0.377, 1.0]]"
0.3664,0.1033,0.05,0.0664,0.7598,18.1233,"[0.059, 0.953, 0.969, 1.146, 0.448, -0.047, -1.192, -1.327, -1.252, -0.432, -0.015, 1.147, 1.096, 0.897, 0.414, -0.124, -1.332, -1.81, -1.289, -0.408, 1.023, 1.294, 1.163, 0.921, 0.564, -0.743, -1.317, -1.425, -0.675, -0.16, 1.021, 1.574, 1.434, 0.676, -0.464, -0.97, -1.509, -1.419, -0.667, 0.376, 0.86, 1.018, 0.914, 0.899, -0.258, -1.345, -1.044, -1.131, 0.23, 0.595, 1.325, 1.565, 1.348, 0.09, -0.308, -1.404, -1.421, -0.869, 0.173, 0.697, 1.712, 1.622, 0.766, -0.327, -0.643, -1.86, -1.051, -0.839, 0.542, 0.65, 1.193, 1.278, 0.653, -0.524, -1.171, -1.128, -0.837, -0.455, 0.351, 0.826, 1.422, 1.199, 0.266, -0.864, -0.79, -1.862, -0.673, -0.032, 0.873, 1.094, 1.261, 0.853, -0.079, -1.319, -0.902, -1.086, -0.65, 0.224, 1.397, 1.17]","[[0.95, 0.409, 0.375, 0.36, 0.393, 0.386, 0.357, 0.37], [0.409, 1.0, 0.411, 0.4, 0.32, 0.393, 0.398, 0.39], [0.375, 0.411, 1.0, 0.368, 0.361, 0.366, 0.413, 0.345], [0.36, 0.4, 0.368, 0.976, 0.393, 0.304, 0.345, 0.428], [0.393, 0.32, 0.361, 0.393, 1.0, 0.395, 0.39, 0.357], [0.386, 0.393, 0.366, 0.304, 0.395, 0.958, 0.406, 0.38], [0.357, 0.398, 0.413, 0.345, 0.39, 0.406, 0.99, 0.366], [0.37, 0.39, 0.345, 0.428, 0.357, 0.38, 0.366, 1.0]]"
0.3664,0.1033,0.1,0.1017,0.6732,18.2904,"[-0.115, 0.555, 1.876, 1.636, 0.541, -0.638, -1.498, -0.71, -1.001, -0.495, 0.53, 0.06, 1.201, 0.989, 0.94, -1.157, -0.595, -0.468, -1.912, -0.304, 0.805, 1.634, 0.269, 1.125, 0.062, -0.825, -0.225, -1.431, -0.624, -0.089, 0.924, 1.584, 1.727, 0.344, -0.038, -0.82, -2.166, -1.701, -0.162, 0.025, 2.321, 1.843, 1.38, 1.231, -0.009, -1.013, -2.073, -0.738, 0.359, 0.233, 0.27, 0.821, 1.856, 0.24, 0.072, -1.239, -1.579, 0.196, -0.243, 0.655, 1.53, 1.145, 1.145, 0.137, -0.65, -1.645, -2.068, -1.049, -0.144, 1.142, 0.951, 0.436, -0.07, -0.174, -0.745, -1.62, -1.288, -0.06, 0.586, 1.762, 1.28, 0.58, 0.771, -0.789, -1.631, -0.89, -0.168, 0.006, 0.254, 2.058, 1.488, 0.89, -0.259, -0.306, -1.884, -1.85, 0.289, -0.232, 1.456, 2.045]","[[1.0, 0.323, 0.33, 0.4, 0.376, 0.294, 0.317, 0.379], [0.323, 1.0, 0.374, 0.258, 0.217, 0.403, 0.454, 0.45], [0.33, 0.374, 1.0, 0.357, 0.38, 0.307, 0.37, 0.311], [0.4, 0.258, 0.357, 1.0, 0.442, 0.383, 0.287, 0.361], [0.376, 0.217, 0.38, 0.442, 1.0, 0.415, 0.403, 0.355], [0.294, 0.403, 0.307, 0.383, 0.415, 0.956, 0.438, 0.345], [0.317, 0.454, 0.37, 0.287, 0.403, 0.438, 1.0, 0.395], [0.379, 0.45, 0.311, 0.361, 0.355, 0.345, 0.395, 1.0]]"
0.3664,0.1189,0.01,0.0657,0.8346,20.5542,"[-0.013, 0.861, 1.369, 1.132, 0.271, -0.711, -1.291, -1.077, -0.491, 0.593, 1.22, 1.355, 0.58, -0.335, -1.196, -1.315, -0.793, 0.18, 1.069, 1.41, 0.944, 0.073, -0.855, -1.381, -0.994, -0.2, 0.719, 1.354, 1.254, 0.47, -0.546, -1.428, -1.336, -0.599, 0.309, 1.184, 1.386, 0.805, -0.241, -1.071, -1.331, -0.907, -0.161, 0.89, 1.283, 1.11, 0.258, -0.598, -1.343, -1.163, -0.417, 0.52, 1.25, 1.297, 0.621, -0.372, -1.164, -1.404, -0.859, 0.114, 1.023, 1.388, 0.98, 0.047, -0.842, -1.314, -1.146, -0.343, 0.669, 1.299, 1.285, 0.529, -0.503, -1.137, -1.307, -0.612, 0.364, 1.185, 1.368, 0.862, -0.095, -0.954, -1.406, -1.022, -0.031, 0.872, 1.396, 1.077, 0.3, -0.65, -1.302, -1.302, -0.483, 0.53, 1.205, 1.353, 0.809, -0.198, -1.123, -1.411]","[[1.0, 0.376, 0.367, 0.356, 0.373, 0.355, 0.363, 0.367], [0.376, 0.992, 0.359, 0.365, 0.364, 0.366, 0.36, 0.368], [0.367, 0.359, 1.0, 0.372, 0.369, 0.363, 0.352, 0.358], [0.356, 0.365, 0.372, 1.0, 0.367, 0.36, 0.371, 0.356], [0.373, 0.364, 0.369, 0.367, 1.0, 0.365, 0.368, 0.373], [0.355, 0.366, 0.363, 0.36, 0.365, 1.0, 0.361, 0.365], [0.363, 0.36, 0.352, 0.371, 0.368, 0.361, 1.0, 0.358], [0.367, 0.368, 0.358, 0.356, 0.373, 0.365, 0.358, 1.0]]"
0.3664,0.1189,0.05,0.0205,0.7131,19.7827,"[0.016, 1.154, 1.277, 0.826, -0.035, -0.403, -1.258, -0.84, -0.029, 0.396, 1.062, 1.245, 0.761, -0.736, -1.06, -1.235, -1.069, -0.092, 1.164, 1.882, 0.875, 0.111, -1.058, -1.301, -1.245, -0.302, 1.352, 1.35, 0.811, 0.601, -0.273, -1.087, -1.331, -0.862, 0.135, 1.111, 1.25, 0.671, 0.152, -0.804, -1.049, -1.167, -0.287, 0.905, 1.46, 1.123, 0.352, -0.32, -1.371, -1.013, -0.338, 0.553, 1.435, 1.105, 0.416, -0.222, -1.553, -1.219, -1.116, 0.503, 0.916, 1.73, 0.937, 0.022, -0.647, -1.28, -1.139, -0.394, 0.593, 1.897, 0.809, 0.193, -0.209, -0.957, -1.536, -1.121, 0.621, 0.866, 1.229, 0.88, -0.363, -0.765, -1.361, -1.23, -0.313, 1.165, 1.279, 1.292, 0.319, -1.105, -1.113, -0.972, -0.06, 0.001, 0.43, 1.473, 0.558, -0.632, -1.084, -1.468]","[[1.0, 0.352, 0.41, 0.283, 0.358, 0.401, 0.376, 0.318], [0.352, 0.985, 0.365, 0.482, 0.352, 0.334, 0.357, 0.396], [0.41, 0.365, 1.0, 0.34, 0.334, 0.349, 0.386, 0.345], [0.283, 0.482, 0.34, 1.0, 0.383, 0.334, 0.375, 0.326], [0.358, 0.352, 0.334, 0.383, 0.973, 0.331, 0.321, 0.348], [0.401, 0.334, 0.349, 0.334, 0.331, 1.0, 0.313, 0.424], [0.376, 0.357, 0.386, 0.375, 0.321, 0.313, 1.0, 0.393], [0.318, 0.396, 0.345, 0.326, 0.348, 0.424, 0.393, 1.0]]"
0.3664,0.1189,0.1,0.0883,0.764,19.5089,"[0.036, 0.537, 1.602, 0.753, -0.427, -0.201, -1.845, -2.137, 0.241, -0.29, 1.072, 0.73, 0.246, 0.726, -1.224, -1.157, -0.392, -0.143, 1.59, 1.552, 1.326, -0.334, -0.685, -1.364, -0.523, -0.507, 1.756, 1.493, 1.139, 0.319, -0.559, -1.57, -0.954, -0.639, 1.33, 0.942, 1.282, 0.594, 0.782, -1.757, -1.319, -0.813, -0.621, 2.207, 0.891, 1.122, 1.107, -0.903, -1.244, -1.388, -0.494, 1.07, 1.034, -0.031, 0.642, -0.299, -1.046, -1.439, -1.265, 0.001, 1.898, 1.345, 1.316, -0.431, -1.009, -1.853, -0.475, -1.071, 0.878, 1.478, 1.366, -0.678, -1.514, -1.174, -1.767, -1.005, 0.09, 0.601, 0.739, 0.856, -1.048, -1.249, -1.7, -1.021, 1.079, 0.35, 1.552, 1.248, 0.601, -0.773, -0.579, -0.898, -0.17, -0.231, 1.268, 1.059, 0.277, -0.588, -1.139, -1.127]","[[1.0, 0.31, 0.458, 0.277, 0.296, 0.421, 0.466, 0.396], [0.31, 1.0, 0.224, 0.427, 0.241, 0.344, 0.27, 0.478], [0.458, 0.224, 0.9, 0.351, 0.42, 0.456, 0.382, 0.389], [0.277, 0.427, 0.351, 1.0, 0.423, 0.368, 0.335, 0.302], [0.296, 0.241, 0.42, 0.423, 1.0, 0.414, 0.451, 0.255], [0.421, 0.344, 0.456, 0.368, 0.414, 0.826, 0.431, 0.329], [0.466, 0.27, 0.382, 0.335, 0.451, 0.431, 0.995, 0.407], [0.396, 0.478, 0.389, 0.302, 0.255, 0.329, 0.407, 1.0]]"
0.3664,0.1344,0.01,0.0543,0.7482,20.9254,"[0.026, 1.019, 1.405, 0.811, -0.372, -1.184, -1.358, -0.472, 0.61, 1.331, 1.149, 0.195, -0.822, -1.365, -0.912, 0.209, 1.206, 1.332, 0.633, -0.481, -1.244, -1.234, -0.446, 0.804, 1.392, 1.104, 0.105, -0.987, -1.348, -0.76, 0.223, 1.17, 1.291, 0.576, -0.617, -1.349, -1.175, -0.195, 0.86, 1.293, 0.886, -0.098, -1.08, -1.339, -0.715, 0.462, 1.271, 1.257, 0.413, -0.636, -1.397, -1.092, -0.093, 1.032, 1.345, 0.802, -0.252, -1.164, -1.245, -0.583, 0.521, 1.257, 1.156, 0.384, -0.815, -1.333, -0.976, 0.074, 1.104, 1.375, 0.742, -0.385, -1.254, -1.235, -0.427, 0.79, 1.391, 1.06, 0.056, -0.962, -1.42, -0.894, 0.161, 1.132, 1.3, 0.606, -0.531, -1.335, -1.132, -0.273, 0.776, 1.316, 0.929, -0.106, -0.988, -1.306, -0.785, 0.417, 1.25, 1.281]","[[0.998, 0.367, 0.355, 0.368, 0.368, 0.37, 0.351, 0.365], [0.367, 1.0, 0.373, 0.371, 0.371, 0.368, 0.369, 0.369], [0.355, 0.373, 1.0, 0.357, 0.374, 0.366, 0.357, 0.374], [0.368, 0.371, 0.357, 0.997, 0.359, 0.373, 0.36, 0.359], [0.368, 0.371, 0.374, 0.359, 0.983, 0.378, 0.361, 0.359], [0.37, 0.368, 0.366, 0.373, 0.378, 1.0, 0.372, 0.362], [0.351, 0.369, 0.357, 0.36, 0.361, 0.372, 0.985, 0.37], [0.365, 0.369, 0.374, 0.359, 0.359, 0.362, 0.37, 0.995]]"
0.3664,0.1344,0.05,0.0446,0.7864,20.3628,"[0.315, 0.91, 1.478, 0.732, -0.136, -0.7, -1.35, -0.498, 0.517, 1.177, 0.958, 0.176, -1.087, -1.553, -1.713, 0.489, 1.522, 1.495, 0.44, -0.774, -1.658, -1.064, -0.042, 0.79, 1.566, 1.158, -0.155, -0.744, -1.124, -1.058, 0.486, 1.151, 1.228, 0.627, -0.5, -1.091, -1.366, -0.077, 0.574, 1.32, 0.921, 0.138, -1.086, -1.406, -0.335, 0.315, 1.134, 0.771, 0.341, -0.951, -1.408, -1.011, -0.348, 0.764, 0.964, 0.714, -0.483, -0.633, -0.929, -0.229, 0.232, 1.258, 0.873, 0.717, -0.626, -1.626, -0.884, -0.304, 1.031, 1.303, 0.909, -0.139, -1.231, -1.312, -1.24, 1.074, 1.174, 1.12, 0.679, -1.241, -1.36, -0.747, 0.482, 1.149, 1.61, 0.495, -0.385, -1.187, -1.216, -0.213, 0.584, 1.285, 0.681, -0.139, -0.756, -1.248, -0.679, -0.051, 1.3, 1.255]","[[0.984, 0.412, 0.336, 0.341, 0.25, 0.353, 0.377, 0.4], [0.412, 1.0, 0.412, 0.454, 0.414, 0.407, 0.395, 0.366], [0.336, 0.412, 0.917, 0.347, 0.378, 0.366, 0.435, 0.426], [0.341, 0.454, 0.347, 0.916, 0.329, 0.374, 0.381, 0.381], [0.25, 0.414, 0.378, 0.329, 1.0, 0.371, 0.325, 0.402], [0.353, 0.407, 0.366, 0.374, 0.371, 1.0, 0.334, 0.366], [0.377, 0.395, 0.435, 0.381, 0.325, 0.334, 1.0, 0.365], [0.4, 0.366, 0.426, 0.381, 0.402, 0.366, 0.365, 0.997]]"
0.3664,0.1344,0.1,0.0403,0.7374,20.2598,"[-0.053, 1.934, 0.686, 0.777, -0.294, -0.885, -1.829, -0.644, 0.327, 0.197, 1.714, -0.554, -1.694, -0.892, -1.089, -0.007, 0.97, 1.87, 0.382, -0.161, -1.837, -1.059, 0.093, 1.451, 0.577, 0.898, 0.837, -0.535, -1.46, -0.809, 0.433, 1.002, 1.567, 0.775, -1.148, -1.558, -1.381, -0.346, 0.999, 1.455, 0.589, 0.565, -1.086, -0.609, 0.029, -0.107, 1.007, 1.032, 0.552, -0.353, -1.272, -1.346, 0.75, 0.75, 1.735, 0.823, -0.279, -0.832, -0.534, -0.412, 0.311, 2.042, 1.421, 0.341, -0.32, -1.202, 0.252, 0.068, 1.64, 1.568, 0.943, -0.567, -1.415, -1.008, -0.865, 0.395, 1.346, 1.714, 0.155, -0.91, -1.895, -0.023, 0.763, 1.758, 0.59, 0.775, -0.99, -0.905, -1.032, -0.034, 0.445, 0.84, 0.682, 0.125, -1.162, -1.226, -1.268, 0.346, 1.917, 1.437]","[[1.0, 0.467, 0.459, 0.394, 0.47, 0.319, 0.39, 0.51], [0.467, 0.989, 0.379, 0.322, 0.382, 0.346, 0.39, 0.314], [0.459, 0.379, 1.0, 0.307, 0.27, 0.446, 0.286, 0.454], [0.394, 0.322, 0.307, 1.0, 0.338, 0.421, 0.395, 0.351], [0.47, 0.382, 0.27, 0.338, 0.89, 0.373, 0.312, 0.383], [0.319, 0.346, 0.446, 0.421, 0.373, 1.0, 0.368, 0.453], [0.39, 0.39, 0.286, 0.395, 0.312, 0.368, 1.0, 0.338], [0.51, 0.314, 0.454, 0.351, 0.383, 0.453, 0.338, 1.0]]"
0.3664,0.15,0.01,-0.0496,0.6774,22.2359,"[0.041, 1.071, 1.242, 0.381, -0.767, -1.478, -0.804, 0.409, 1.361, 1.1, -0.018, -1.04, -1.304, -0.435, 0.779, 1.381, 0.787, -0.439, -1.227, -1.103, -0.022, 1.056, 1.309, 0.394, -0.822, -1.409, -0.793, 0.357, 1.32, 1.078, 0.036, -1.081, -1.294, -0.38, 0.881, 1.43, 0.738, -0.452, -1.324, -1.073, -0.026, 1.077, 1.263, 0.437, -0.771, -1.427, -0.829, 0.327, 1.18, 1.13, 0.016, -1.097, -1.22, -0.506, 0.699, 1.31, 0.697, -0.453, -1.27, -1.091, 0.051, 1.124, 1.279, 0.396, -0.781, -1.443, -0.962, 0.442, 1.311, 1.184, 0.035, -1.09, -1.315, -0.463, 0.789, 1.414, 0.826, -0.376, -1.294, -1.15, 0.058, 1.159, 1.309, 0.45, -0.778, -1.39, -0.816, 0.377, 1.286, 1.157, 0.042, -1.077, -1.252, -0.44, 0.744, 1.359, 0.799, -0.388, -1.274, -1.055]","[[1.0, 0.382, 0.363, 0.363, 0.362, 0.37, 0.364, 0.367], [0.382, 1.0, 0.358, 0.361, 0.359, 0.366, 0.374, 0.357], [0.363, 0.358, 1.0, 0.365, 0.359, 0.367, 0.368, 0.358], [0.363, 0.361, 0.365, 0.982, 0.358, 0.354, 0.366, 0.362], [0.362, 0.359, 0.359, 0.358, 1.0, 0.366, 0.368, 0.377], [0.37, 0.366, 0.367, 0.354, 0.366, 1.0, 0.374, 0.371], [0.364, 0.374, 0.368, 0.366, 0.368, 0.374, 1.0, 0.366], [0.367, 0.357, 0.358, 0.362, 0.377, 0.371, 0.366, 1.0]]"
0.3664,0.15,0.05,0.0539,0.6672,21.091,"[-0.036, 1.153, 1.245, 0.285, -0.673, -1.238, -0.572, 0.421, 1.0, 1.382, -0.184, -1.293, -1.432, -0.858, 0.749, 1.521, 0.695, -0.088, -0.98, -0.883, -0.484, 1.464, 1.24, 0.842, -0.954, -1.401, -0.781, 0.189, 0.894, 0.506, 0.738, -1.523, -1.713, -0.279, 0.447, 0.964, 0.085, -0.349, -1.567, -0.945, -0.019, 1.127, 1.186, 0.353, -1.027, -1.566, -1.077, 0.801, 1.2, 0.539, 0.065, -1.306, -1.311, -0.49, 1.176, 1.27, 1.007, -0.245, -1.641, -1.058, -0.19, 0.803, 0.998, 0.628, -0.142, -1.568, -0.749, 0.5, 1.167, 1.457, 0.549, -1.255, -0.866, -0.559, 0.561, 1.332, 1.02, -0.448, -1.115, -1.049, 0.338, 1.238, 1.682, 0.208, -0.854, -1.367, -1.017, 0.17, 1.395, 1.272, 0.028, -0.841, -1.575, -0.52, 0.508, 1.401, 0.925, -0.087, -1.594, -1.012]","[[0.926, 0.374, 0.331, 0.373, 0.394, 0.436, 0.386, 0.357], [0.374, 1.0, 0.383, 0.416, 0.359, 0.373, 0.395, 0.384], [0.331, 0.383, 0.985, 0.501, 0.409, 0.34, 0.333, 0.372], [0.373, 0.416, 0.501, 1.0, 0.387, 0.342, 0.391, 0.301], [0.394, 0.359, 0.409, 0.387, 1.0, 0.357, 0.336, 0.354], [0.436, 0.373, 0.34, 0.342, 0.357, 0.937, 0.365, 0.42], [0.386, 0.395, 0.333, 0.391, 0.336, 0.365, 1.0, 0.328], [0.357, 0.384, 0.372, 0.301, 0.354, 0.42, 0.328, 0.94]]"
0.3664,0.15,0.1,0.0227,0.7248,21.1529,"[0.183, -0.256, 0.822, 1.129, -1.281, -1.497, -0.656, 0.57, 1.033, 1.379, 0.723, -1.636, -1.542, -0.475, 1.153, 1.383, 0.74, -1.197, -1.866, -1.009, -0.257, 0.934, 1.269, 1.593, -1.052, -0.673, -0.146, 0.824, 0.876, 1.174, -0.195, -0.098, -1.094, -0.529, 1.696, 1.19, 1.079, -0.071, -1.126, -1.159, 0.419, 0.79, 1.856, 0.282, -0.134, -0.843, -0.528, 0.377, 1.851, 1.391, -1.608, -1.514, -1.215, -0.282, 1.157, 2.141, 1.096, -1.464, -1.201, -0.498, 0.056, 1.207, 1.052, 0.897, -0.98, -1.07, -0.589, 0.449, 1.542, 1.206, 0.639, -0.767, -0.78, -0.804, 0.39, 1.398, 1.178, -0.156, -1.675, -0.715, -0.314, 1.442, 1.443, 0.31, -1.071, -1.3, -0.762, -0.101, 1.601, 1.684, 0.43, -0.948, -1.524, -0.358, 0.737, 1.429, 1.271, -0.476, -2.218, -0.706]","[[0.917, 0.329, 0.333, 0.394, 0.288, 0.441, 0.361, 0.444], [0.329, 1.0, 0.458, 0.358, 0.466, 0.389, 0.376, 0.342], [0.333, 0.458, 1.0, 0.422, 0.43, 0.272, 0.332, 0.325], [0.394, 0.358, 0.422, 1.0, 0.504, 0.368, 0.386, 0.453], [0.288, 0.466, 0.43, 0.504, 1.0, 0.271, 0.418, 0.377], [0.441, 0.389, 0.272, 0.368, 0.271, 0.946, 0.472, 0.391], [0.361, 0.376, 0.332, 0.386, 0.418, 0.472, 1.0, 0.352], [0.444, 0.342, 0.325, 0.453, 0.377, 0.391, 0.352, 1.0]]"
0.4109,0.01,0.01,-0.0158,0.8071,9.4976,"[-0.08, 0.065, 0.142, 0.289, 0.327, 0.367, 0.491, 0.631, 0.686, 0.719, 0.871, 0.978, 1.011, 0.913, 1.099, 1.134, 1.089, 1.172, 1.317, 1.321, 1.346, 1.334, 1.44, 1.338, 1.364, 1.395, 1.332, 1.356, 1.439, 1.324, 1.381, 1.344, 1.268, 1.165, 1.194, 1.036, 1.061, 1.041, 1.009, 0.892, 0.799, 0.722, 0.656, 0.632, 0.537, 0.435, 0.382, 0.264, 0.11, 0.033, 0.03, -0.157, -0.196, -0.27, -0.403, -0.519, -0.578, -0.691, -0.649, -0.736, -0.867, -0.968, -0.908, -1.006, -1.118, -1.082, -1.184, -1.22, -1.329, -1.388, -1.42, -1.262, -1.427, -1.397, -1.385, -1.412, -1.416, -1.409, -1.362, -1.419, -1.364, -1.427, -1.37, -1.301, -1.149, -1.155, -1.052, -1.009, -0.953, -0.947, -0.826, -0.743, -0.57, -0.618, -0.483, -0.442, -0.386, -0.221, -0.082, -0.075]","[[1.0, 0.417, 0.406, 0.419, 0.417, 0.417, 0.415, 0.416], [0.417, 0.997, 0.403, 0.417, 0.416, 0.412, 0.407, 0.414], [0.406, 0.403, 1.0, 0.414, 0.418, 0.418, 0.408, 0.405], [0.419, 0.417, 0.414, 0.992, 0.402, 0.418, 0.406, 0.411], [0.417, 0.416, 0.418, 0.402, 1.0, 0.417, 0.424, 0.41], [0.417, 0.412, 0.418, 0.418, 0.417, 1.0, 0.406, 0.413], [0.415, 0.407, 0.408, 0.406, 0.424, 0.406, 1.0, 0.408], [0.416, 0.414, 0.405, 0.411, 0.41, 0.413, 0.408, 0.995]]"
0.4109,0.01,0.05,-0.0455,0.8082,9.9678,"[-0.157, 0.006, 0.162, -0.167, 0.105, 0.749, 0.571, 0.907, 0.934, 0.678, 0.755, 1.141, 1.155, 1.275, 1.084, 1.177, 1.127, 1.223, 1.105, 1.293, 1.302, 1.252, 1.584, 1.047, 1.492, 1.18, 1.196, 1.209, 1.504, 0.802, 1.384, 1.323, 1.034, 1.282, 0.888, 1.131, 0.774, 1.541, 1.181, 0.961, 0.591, 0.687, 0.621, 0.661, 0.619, 0.492, 0.436, 0.222, 0.262, -0.071, -0.266, 0.373, -0.073, 0.187, -0.42, 0.167, -0.499, -0.314, -0.671, -0.715, -0.858, -1.023, -0.721, -1.031, -0.88, -0.916, -0.838, -1.131, -1.654, -1.392, -1.348, -1.363, -1.056, -1.116, -1.444, -0.803, -1.495, -1.467, -1.659, -1.756, -1.637, -1.058, -1.091, -1.457, -1.166, -0.94, -1.595, -0.585, -0.703, -0.697, -0.529, -1.266, -0.734, -0.286, -0.521, -0.25, 0.011, -0.088, -0.241, 0.055]","[[1.0, 0.461, 0.39, 0.412, 0.478, 0.367, 0.423, 0.414], [0.461, 0.98, 0.436, 0.418, 0.399, 0.393, 0.384, 0.405], [0.39, 0.436, 1.0, 0.482, 0.376, 0.408, 0.414, 0.459], [0.412, 0.418, 0.482, 0.917, 0.47, 0.412, 0.43, 0.415], [0.478, 0.399, 0.376, 0.47, 0.961, 0.422, 0.42, 0.447], [0.367, 0.393, 0.408, 0.412, 0.422, 0.94, 0.429, 0.412], [0.423, 0.384, 0.414, 0.43, 0.42, 0.429, 1.0, 0.388], [0.414, 0.405, 0.459, 0.415, 0.447, 0.412, 0.388, 0.863]]"
0.4109,0.01,0.1,-0.0383,0.7768,9.8987,"[0.719, 0.738, 0.068, -0.835, 0.302, 1.049, 0.782, 1.58, 0.587, 1.826, -0.127, 0.575, 0.373, 1.451, 0.536, 1.7, 1.589, 1.381, 1.274, 0.84, 1.696, 1.165, 1.821, 2.2, 1.305, 2.122, 1.554, 1.749, 0.776, 1.074, 1.044, 2.036, 1.152, 1.601, 1.204, 1.014, 0.402, 0.125, 0.847, 0.81, 0.441, 0.879, 1.712, 1.398, 0.562, 0.496, 0.702, 0.418, 0.529, 0.256, 0.077, -0.385, 0.028, -1.372, -0.195, -1.446, -0.363, -1.067, -0.017, -0.688, -0.805, -0.673, -1.374, -0.444, -0.717, -1.393, -1.697, -1.423, -1.33, -1.854, -1.57, -1.662, -1.487, -1.497, -1.164, -1.395, -1.207, -1.275, -1.483, -1.025, -2.714, -1.491, -1.562, -1.177, -1.508, -0.867, -0.724, -1.721, -0.854, -1.54, -0.589, -0.989, -1.082, -1.456, -0.565, -1.015, -1.093, -0.171, 0.308, 0.109]","[[0.986, 0.465, 0.385, 0.414, 0.347, 0.361, 0.485, 0.36], [0.465, 0.857, 0.373, 0.355, 0.373, 0.378, 0.433, 0.46], [0.385, 0.373, 0.983, 0.306, 0.503, 0.349, 0.338, 0.37], [0.414, 0.355, 0.306, 1.0, 0.387, 0.421, 0.348, 0.432], [0.347, 0.373, 0.503, 0.387, 0.983, 0.453, 0.387, 0.465], [0.361, 0.378, 0.349, 0.421, 0.453, 1.0, 0.369, 0.269], [0.485, 0.433, 0.338, 0.348, 0.387, 0.369, 0.884, 0.441], [0.36, 0.46, 0.37, 0.432, 0.465, 0.269, 0.441, 0.984]]"
0.4109,0.0256,0.01,0.0015,0.7894,10.86,"[-0.026, 0.269, 0.415, 0.689, 0.869, 1.01, 1.196, 1.196, 1.35, 1.361, 1.405, 1.361, 1.325, 1.227, 1.107, 0.953, 0.793, 0.502, 0.376, 0.052, -0.238, -0.224, -0.585, -0.762, -1.015, -1.104, -1.202, -1.3, -1.438, -1.431, -1.385, -1.35, -1.278, -1.137, -1.041, -0.799, -0.694, -0.439, -0.218, -0.112, 0.218, 0.385, 0.577, 0.8, 1.002, 1.063, 1.261, 1.334, 1.448, 1.379, 1.449, 1.352, 1.239, 1.182, 1.062, 0.778, 0.555, 0.401, 0.086, -0.134, -0.228, -0.482, -0.757, -0.743, -1.131, -1.166, -1.34, -1.282, -1.433, -1.42, -1.459, -1.193, -1.222, -1.031, -0.891, -0.733, -0.612, -0.295, -0.073, 0.183, 0.496, 0.633, 0.84, 0.958, 1.058, 1.232, 1.299, 1.389, 1.386, 1.31, 1.405, 1.248, 1.119, 0.932, 0.79, 0.575, 0.348, 0.195, -0.063, -0.227]","[[1.0, 0.409, 0.413, 0.401, 0.417, 0.411, 0.407, 0.408], [0.409, 1.0, 0.413, 0.409, 0.406, 0.404, 0.418, 0.419], [0.413, 0.413, 1.0, 0.402, 0.409, 0.397, 0.411, 0.418], [0.401, 0.409, 0.402, 1.0, 0.414, 0.401, 0.415, 0.413], [0.417, 0.406, 0.409, 0.414, 0.993, 0.417, 0.417, 0.404], [0.411, 0.404, 0.397, 0.401, 0.417, 0.985, 0.409, 0.401], [0.407, 0.418, 0.411, 0.415, 0.417, 0.409, 0.991, 0.41], [0.408, 0.419, 0.418, 0.413, 0.404, 0.401, 0.41, 0.993]]"
0.4109,0.0256,0.05,-0.0434,0.8322,8.5334,"[0.231, 0.119, 0.333, 1.197, 1.045, 1.284, 1.031, 0.997, 1.62, 1.773, 1.088, 1.255, 1.094, 1.347, 1.371, 0.852, 0.671, 0.076, 0.112, 0.505, 0.025, -0.091, -0.629, -0.808, -0.917, -1.0, -0.868, -1.48, -1.413, -1.607, -1.895, -1.132, -0.848, -0.984, -0.978, -0.405, -0.565, -0.273, -0.219, 0.044, 0.163, 0.625, 0.355, 0.926, 0.781, 1.269, 1.858, 1.52, 1.689, 1.636, 0.808, 1.3, 1.353, 0.596, 0.895, 0.769, 0.284, 0.137, 0.492, -0.964, -0.225, -0.219, -0.721, -0.547, -1.168, -1.423, -1.303, -1.467, -1.55, -1.451, -1.567, -1.506, -1.472, -0.951, -1.141, -1.016, -0.769, -0.232, 0.108, 0.355, 0.442, 0.735, 0.783, 1.087, 1.234, 1.063, 1.067, 1.729, 1.442, 1.657, 1.067, 1.153, 0.791, 1.149, 0.66, 0.48, 0.897, 0.353, 0.124, -0.565]","[[0.975, 0.347, 0.34, 0.375, 0.349, 0.36, 0.415, 0.459], [0.347, 1.0, 0.419, 0.391, 0.421, 0.398, 0.442, 0.429], [0.34, 0.419, 1.0, 0.399, 0.364, 0.435, 0.415, 0.383], [0.375, 0.391, 0.399, 1.0, 0.366, 0.453, 0.425, 0.334], [0.349, 0.421, 0.364, 0.366, 0.996, 0.448, 0.418, 0.442], [0.36, 0.398, 0.435, 0.453, 0.448, 0.978, 0.425, 0.411], [0.415, 0.442, 0.415, 0.425, 0.418, 0.425, 1.0, 0.442], [0.459, 0.429, 0.383, 0.334, 0.442, 0.411, 0.442, 1.0]]"
0.4109,0.0256,0.1,-0.0438,0.7457,10.6843,"[0.06, 0.403, 0.337, 0.355, 0.358, 1.321, 1.12, 0.734, 1.465, 3.111, 1.309, 2.211, 0.03, 1.092, 1.577, 0.952, 0.443, 0.552, 0.843, 1.2, 0.434, -0.575, -0.654, -0.852, -1.356, -1.158, -1.349, -1.912, -0.959, -1.198, -1.724, -1.288, -1.767, -1.451, -0.691, -0.633, -0.936, -0.318, -0.292, -0.528, 0.113, 0.633, 0.78, -0.025, 1.077, 1.154, 0.31, 0.941, 1.642, 2.103, 0.569, 1.822, 0.301, 1.817, 0.847, 0.432, 0.769, -0.102, 0.415, -0.131, -2.198, -0.916, -0.618, -0.366, -0.896, -0.671, -1.748, -1.008, -1.035, -2.221, -0.819, -1.133, -1.332, -1.204, -1.411, -0.39, -0.35, 0.008, -0.02, 0.27, 0.241, 1.139, 1.1, 1.059, 1.057, 0.362, 0.343, 1.207, 2.045, 1.042, 1.009, 0.769, 0.49, 0.53, 0.953, 0.373, 0.139, -0.127, 0.079, -0.069]","[[1.0, 0.443, 0.46, 0.328, 0.402, 0.46, 0.393, 0.429], [0.443, 0.945, 0.353, 0.364, 0.264, 0.392, 0.475, 0.304], [0.46, 0.353, 1.0, 0.481, 0.487, 0.464, 0.297, 0.375], [0.328, 0.364, 0.481, 0.992, 0.444, 0.467, 0.48, 0.435], [0.402, 0.264, 0.487, 0.444, 1.0, 0.365, 0.514, 0.435], [0.46, 0.392, 0.464, 0.467, 0.365, 0.943, 0.409, 0.422], [0.393, 0.475, 0.297, 0.48, 0.514, 0.409, 0.917, 0.483], [0.429, 0.304, 0.375, 0.435, 0.435, 0.422, 0.483, 1.0]]"
0.4109,0.0411,0.01,0.0162,0.8946,12.4259,"[-0.017, 0.403, 0.687, 1.079, 1.179, 1.376, 1.52, 1.423, 1.278, 1.043, 0.75, 0.409, 0.031, -0.38, -0.613, -1.021, -1.148, -1.354, -1.456, -1.314, -1.341, -1.101, -0.826, -0.466, -0.149, 0.318, 0.523, 1.104, 1.094, 1.467, 1.458, 1.389, 1.304, 1.087, 0.863, 0.492, 0.212, -0.178, -0.587, -0.832, -1.094, -1.333, -1.417, -1.376, -1.261, -1.149, -0.845, -0.524, -0.17, 0.149, 0.437, 0.85, 1.065, 1.298, 1.354, 1.377, 1.301, 1.109, 0.907, 0.584, 0.322, -0.122, -0.46, -0.756, -0.945, -1.28, -1.443, -1.476, -1.397, -1.24, -0.865, -0.64, -0.367, 0.102, 0.339, 0.685, 0.971, 1.268, 1.355, 1.486, 1.391, 1.282, 0.931, 0.654, 0.324, 0.028, -0.39, -0.592, -0.961, -1.155, -1.366, -1.367, -1.48, -1.266, -1.037, -0.76, -0.48, -0.194, 0.305, 0.581]","[[0.995, 0.408, 0.411, 0.413, 0.415, 0.412, 0.4, 0.416], [0.408, 0.993, 0.404, 0.405, 0.408, 0.42, 0.42, 0.421], [0.411, 0.404, 0.993, 0.409, 0.408, 0.408, 0.413, 0.418], [0.413, 0.405, 0.409, 1.0, 0.409, 0.417, 0.407, 0.42], [0.415, 0.408, 0.408, 0.409, 0.996, 0.418, 0.415, 0.402], [0.412, 0.42, 0.408, 0.417, 0.418, 0.994, 0.412, 0.418], [0.4, 0.42, 0.413, 0.407, 0.415, 0.412, 1.0, 0.403], [0.416, 0.421, 0.418, 0.42, 0.402, 0.418, 0.403, 0.995]]"
0.4109,0.0411,0.05,0.017,0.7729,13.0751,"[-0.269, -0.022, 0.993, 1.076, 1.235, 1.138, 1.392, 1.082, 1.234, 1.112, 0.612, 0.228, -0.064, -0.099, -0.595, -1.346, -1.0, -1.203, -1.361, -0.973, -1.262, -0.96, -0.68, -0.254, -0.174, 0.084, 0.835, 1.13, 1.466, 1.423, 0.991, 1.435, 1.301, 1.413, 1.11, 0.682, -0.341, -0.393, -0.629, -0.938, -1.07, -0.927, -1.201, -1.632, -1.523, -1.371, -0.921, -0.381, 0.006, 0.034, 0.475, 1.224, 0.703, 1.432, 1.518, 1.333, 1.331, 1.28, 0.863, 0.477, 0.115, 0.397, -0.537, -0.706, -0.839, -1.299, -1.365, -1.285, -1.565, -1.591, -1.163, -0.256, -0.495, 0.043, 0.038, 1.041, 0.919, 1.103, 1.326, 2.039, 1.479, 1.197, 0.301, 1.078, 0.234, -0.164, -0.503, -0.287, -0.962, -1.566, -1.393, -1.617, -1.292, -1.36, -1.454, -0.81, -0.478, -0.422, -0.235, 0.671]","[[0.903, 0.422, 0.404, 0.393, 0.35, 0.431, 0.373, 0.391], [0.422, 1.0, 0.397, 0.44, 0.397, 0.434, 0.394, 0.396], [0.404, 0.397, 0.946, 0.426, 0.398, 0.405, 0.432, 0.405], [0.393, 0.44, 0.426, 0.94, 0.424, 0.473, 0.447, 0.373], [0.35, 0.397, 0.398, 0.424, 0.982, 0.416, 0.365, 0.442], [0.431, 0.434, 0.405, 0.473, 0.416, 1.0, 0.391, 0.427], [0.373, 0.394, 0.432, 0.447, 0.365, 0.391, 0.902, 0.438], [0.391, 0.396, 0.405, 0.373, 0.442, 0.427, 0.438, 1.0]]"
0.4109,0.0411,0.1,0.0319,0.7122,10.5766,"[0.295, 0.099, 1.188, 1.462, 0.316, 2.175, 1.994, 1.475, 1.172, 1.423, 1.015, 0.281, 0.862, -1.355, -0.977, -0.72, -1.207, -0.989, -2.105, -1.511, -0.693, -1.815, -0.917, -0.739, 0.064, 0.442, 0.64, 0.754, 1.179, 1.237, 1.387, 2.123, 0.692, 1.277, 0.374, 1.506, 0.221, -0.821, -0.654, -1.582, -1.428, -0.989, -0.715, -0.862, -1.368, -0.856, -0.487, 0.542, -0.537, 0.883, -0.063, 1.395, 0.764, 0.931, 1.244, 1.019, 1.549, 1.788, -0.119, 0.549, -0.25, 0.384, 0.284, -0.843, -1.387, -2.053, -0.399, -0.751, -2.343, -0.879, -1.536, -0.943, -0.975, -0.991, 0.347, 1.653, 0.531, 1.663, 1.883, 1.772, 2.367, 1.714, 1.924, 0.166, 0.78, 0.805, -0.699, -2.397, -1.585, -1.548, -1.061, -1.692, -1.381, -1.566, -1.126, -0.822, -0.78, 0.302, 0.945, 0.026]","[[1.0, 0.557, 0.36, 0.477, 0.378, 0.409, 0.463, 0.339], [0.557, 0.965, 0.39, 0.323, 0.307, 0.4, 0.4, 0.388], [0.36, 0.39, 1.0, 0.395, 0.485, 0.397, 0.431, 0.502], [0.477, 0.323, 0.395, 1.0, 0.402, 0.424, 0.423, 0.496], [0.378, 0.307, 0.485, 0.402, 0.985, 0.412, 0.401, 0.471], [0.409, 0.4, 0.397, 0.424, 0.412, 1.0, 0.44, 0.268], [0.463, 0.4, 0.431, 0.423, 0.401, 0.44, 1.0, 0.39], [0.339, 0.388, 0.502, 0.496, 0.471, 0.268, 0.39, 1.0]]"
0.4109,0.0567,0.01,0.041,0.8055,14.2052,"[-0.055, 0.435, 0.901, 1.254, 1.427, 1.362, 1.169, 0.811, 0.433, -0.067, -0.529, -0.981, -1.342, -1.423, -1.316, -1.228, -0.785, -0.308, 0.277, 0.624, 1.042, 1.396, 1.381, 1.386, 1.107, 0.694, 0.258, -0.272, -0.618, -1.209, -1.356, -1.422, -1.307, -0.974, -0.65, -0.123, 0.362, 0.847, 1.152, 1.383, 1.397, 1.214, 1.046, 0.509, 0.035, -0.479, -0.856, -1.231, -1.31, -1.364, -1.236, -0.945, -0.47, 0.056, 0.517, 0.937, 1.199, 1.512, 1.364, 1.106, 0.776, 0.362, -0.021, -0.609, -1.027, -1.247, -1.362, -1.318, -1.114, -0.811, -0.331, 0.127, 0.669, 1.047, 1.296, 1.425, 1.29, 1.051, 0.655, 0.205, -0.275, -0.823, -1.101, -1.337, -1.387, -1.282, -0.99, -0.622, -0.096, 0.437, 0.805, 1.152, 1.405, 1.372, 1.214, 0.965, 0.498, 0.091, -0.487, -0.94]","[[1.0, 0.403, 0.414, 0.404, 0.411, 0.41, 0.404, 0.414], [0.403, 0.998, 0.416, 0.415, 0.399, 0.411, 0.415, 0.419], [0.414, 0.416, 1.0, 0.421, 0.425, 0.415, 0.413, 0.406], [0.404, 0.415, 0.421, 0.992, 0.4, 0.402, 0.423, 0.403], [0.411, 0.399, 0.425, 0.4, 1.0, 0.424, 0.407, 0.413], [0.41, 0.411, 0.415, 0.402, 0.424, 1.0, 0.415, 0.416], [0.404, 0.415, 0.413, 0.423, 0.407, 0.415, 0.992, 0.405], [0.414, 0.419, 0.406, 0.403, 0.413, 0.416, 0.405, 1.0]]"
0.4109,0.0567,0.05,0.0118,0.8837,12.654,"[-0.082, 0.912, 0.617, 1.438, 1.206, 1.933, 1.366, 0.427, 0.175, 0.083, -0.409, -0.841, -1.237, -1.486, -1.087, -1.357, -0.767, -0.477, 0.002, 0.539, 0.865, 1.449, 1.042, 1.44, 0.929, 0.713, 0.194, -0.389, -0.428, -1.198, -1.166, -1.231, -1.369, -1.343, -0.848, 0.172, 0.474, 0.84, 1.017, 1.8, 1.186, 1.299, 1.091, 0.22, -0.131, -0.55, -0.661, -1.316, -1.745, -1.774, -1.414, -1.272, -0.272, 0.232, 0.521, 0.878, 1.436, 1.575, 1.127, 0.963, 1.006, 0.447, 0.034, -0.824, -1.196, -1.173, -1.579, -1.731, -1.291, -0.807, 0.132, -0.004, 0.664, 1.579, 1.049, 1.576, 1.145, 1.168, 1.263, 0.404, -0.255, -0.994, -1.168, -1.492, -1.771, -1.821, -1.216, -0.609, 0.162, 0.195, 0.877, 0.75, 1.174, 0.788, 1.809, 0.994, 0.561, 0.163, 0.169, -1.008]","[[1.0, 0.393, 0.413, 0.402, 0.489, 0.42, 0.348, 0.472], [0.393, 1.0, 0.375, 0.356, 0.39, 0.388, 0.4, 0.456], [0.413, 0.375, 1.0, 0.416, 0.351, 0.411, 0.371, 0.438], [0.402, 0.356, 0.416, 0.988, 0.406, 0.439, 0.359, 0.414], [0.489, 0.39, 0.351, 0.406, 1.0, 0.395, 0.405, 0.382], [0.42, 0.388, 0.411, 0.439, 0.395, 0.959, 0.353, 0.39], [0.348, 0.4, 0.371, 0.359, 0.405, 0.353, 0.941, 0.452], [0.472, 0.456, 0.438, 0.414, 0.382, 0.39, 0.452, 1.0]]"
0.4109,0.0567,0.1,0.0815,0.7399,13.364,"[-0.082, -0.652, 0.343, 1.553, 1.235, 1.325, 1.498, 1.419, 0.018, 0.207, 0.232, -0.273, -1.542, -1.259, -0.984, -1.131, -0.905, -1.187, -0.256, 0.306, 0.418, 1.367, 1.844, 1.123, -0.015, 0.646, 0.372, -0.161, -1.091, -1.708, -0.899, -1.234, -1.641, -1.779, -0.516, -0.596, 0.542, 0.884, 2.197, 1.328, 2.404, 1.305, 0.632, 0.019, -0.379, -0.221, -0.812, -2.126, -0.876, -0.653, -2.146, -0.393, 0.378, -0.868, 0.286, 0.519, 1.737, 1.192, 1.146, 1.386, 1.609, 0.349, -0.353, -0.743, -0.679, -1.955, -1.416, -1.82, -1.725, -1.728, -0.551, 0.745, -0.312, 1.339, 0.998, 0.879, 1.494, 1.723, 1.429, 0.348, -0.328, -0.56, 0.115, -1.497, -0.841, -1.585, -1.423, 0.284, -0.117, 0.492, 1.103, 0.729, 1.154, 1.079, 1.416, 1.127, 0.219, 1.043, -0.478, -0.848]","[[1.0, 0.316, 0.47, 0.503, 0.522, 0.44, 0.437, 0.535], [0.316, 1.0, 0.38, 0.396, 0.4, 0.303, 0.462, 0.551], [0.47, 0.38, 1.0, 0.36, 0.564, 0.258, 0.448, 0.325], [0.503, 0.396, 0.36, 0.868, 0.43, 0.503, 0.442, 0.427], [0.522, 0.4, 0.564, 0.43, 0.897, 0.386, 0.406, 0.343], [0.44, 0.303, 0.258, 0.503, 0.386, 0.937, 0.317, 0.455], [0.437, 0.462, 0.448, 0.442, 0.406, 0.317, 0.89, 0.431], [0.535, 0.551, 0.325, 0.427, 0.343, 0.455, 0.431, 0.942]]"
0.4109,0.0722,0.01,0.1098,0.8156,13.9704,"[-0.035, 0.68, 1.086, 1.301, 1.398, 1.033, 0.528, -0.014, -0.699, -1.164, -1.387, -1.371, -1.07, -0.646, 0.09, 0.786, 1.201, 1.378, 1.365, 1.046, 0.44, -0.085, -0.74, -1.212, -1.324, -1.429, -1.039, -0.404, 0.23, 0.871, 1.109, 1.45, 1.246, 0.965, 0.386, -0.203, -0.841, -1.195, -1.451, -1.293, -0.897, -0.257, 0.335, 0.879, 1.3, 1.465, 1.287, 0.817, 0.325, -0.343, -0.925, -1.328, -1.381, -1.22, -0.877, -0.3, 0.483, 0.987, 1.313, 1.438, 1.198, 0.78, 0.197, -0.388, -1.051, -1.377, -1.464, -1.154, -0.753, -0.193, 0.471, 0.983, 1.27, 1.46, 1.162, 0.77, 0.026, -0.503, -1.121, -1.234, -1.476, -1.052, -0.663, -0.058, 0.603, 1.034, 1.408, 1.423, 1.112, 0.631, 0.096, -0.586, -1.151, -1.343, -1.396, -1.117, -0.548, -0.001, 0.665, 1.175]","[[0.987, 0.419, 0.399, 0.407, 0.404, 0.418, 0.401, 0.42], [0.419, 0.989, 0.402, 0.414, 0.414, 0.413, 0.417, 0.41], [0.399, 0.402, 1.0, 0.41, 0.402, 0.431, 0.419, 0.408], [0.407, 0.414, 0.41, 0.996, 0.397, 0.416, 0.422, 0.408], [0.404, 0.414, 0.402, 0.397, 1.0, 0.421, 0.42, 0.411], [0.418, 0.413, 0.431, 0.416, 0.421, 0.99, 0.405, 0.414], [0.401, 0.417, 0.419, 0.422, 0.42, 0.405, 0.996, 0.422], [0.42, 0.41, 0.408, 0.408, 0.411, 0.414, 0.422, 1.0]]"
0.4109,0.0722,0.05,0.0472,0.7222,15.1074,"[0.052, 1.006, 0.782, 1.397, 1.904, 1.305, 0.525, 0.15, -0.674, -0.775, -1.184, -1.573, -0.989, -0.424, 0.215, 0.785, 1.311, 1.502, 1.162, 0.901, 0.419, -0.124, -0.81, -0.921, -1.643, -1.759, -0.488, -0.64, 0.471, 0.941, 1.026, 1.374, 1.238, 1.033, 0.197, -0.289, -0.839, -0.97, -1.513, -1.533, -1.043, -0.25, -0.15, 1.168, 1.273, 1.519, 1.323, 0.702, 0.023, -0.516, -1.283, -1.202, -1.451, -1.629, -0.983, -0.082, 0.712, 0.623, 1.849, 1.168, 0.796, 1.228, -0.064, -0.055, -1.146, -1.399, -1.729, -0.877, -0.463, -0.313, 0.464, 1.18, 1.224, 1.738, 1.143, 0.576, -0.297, -0.852, -0.901, -1.297, -1.186, -1.282, -1.073, -0.173, 1.083, 0.84, 1.36, 0.777, 0.982, 0.515, 0.083, -0.698, -1.491, -1.546, -1.42, -1.33, -0.787, 0.301, 0.506, 1.251]","[[1.0, 0.482, 0.387, 0.442, 0.365, 0.409, 0.461, 0.398], [0.482, 1.0, 0.467, 0.462, 0.447, 0.411, 0.391, 0.372], [0.387, 0.467, 1.0, 0.394, 0.407, 0.451, 0.41, 0.375], [0.442, 0.462, 0.394, 0.946, 0.441, 0.376, 0.338, 0.396], [0.365, 0.447, 0.407, 0.441, 1.0, 0.374, 0.451, 0.396], [0.409, 0.411, 0.451, 0.376, 0.374, 0.979, 0.41, 0.409], [0.461, 0.391, 0.41, 0.338, 0.451, 0.41, 1.0, 0.421], [0.398, 0.372, 0.375, 0.396, 0.396, 0.409, 0.421, 1.0]]"
0.4109,0.0722,0.1,0.0827,0.7835,15.344,"[0.732, 0.684, 0.351, 2.172, 1.937, 1.132, 1.173, -0.296, -1.143, -1.063, -2.166, -1.911, -0.777, -0.409, -0.592, 0.501, 0.501, 1.153, 1.043, 1.511, 0.404, -0.269, -0.944, -2.057, -1.453, -1.084, -0.864, -0.09, 0.567, 1.888, 0.658, 1.525, 1.482, 0.784, 0.073, 0.004, -0.628, -1.772, -2.309, -1.535, -1.244, -0.04, -0.169, 0.78, 0.415, 0.635, 0.883, 0.743, -0.117, -0.27, -1.758, -1.396, -1.512, -1.97, -0.715, -1.33, 0.046, 1.338, 0.196, 1.743, 0.639, 0.494, 0.9, -0.749, -0.173, -1.478, -1.445, -0.775, -0.476, -0.07, 0.251, 0.239, 0.591, 2.054, 2.019, 0.77, -0.788, -0.915, -1.459, -1.634, -1.832, -0.881, -0.539, 0.741, 0.379, 1.181, 1.74, 1.891, 0.494, 0.821, 0.073, -0.467, -1.082, -0.524, -1.814, -1.556, -0.984, -0.096, 0.809, 0.913]","[[0.867, 0.558, 0.31, 0.511, 0.352, 0.398, 0.352, 0.57], [0.558, 1.0, 0.432, 0.572, 0.554, 0.369, 0.407, 0.483], [0.31, 0.432, 1.0, 0.372, 0.281, 0.486, 0.403, 0.274], [0.511, 0.572, 0.372, 1.0, 0.48, 0.27, 0.349, 0.43], [0.352, 0.554, 0.281, 0.48, 1.0, 0.397, 0.338, 0.266], [0.398, 0.369, 0.486, 0.27, 0.397, 1.0, 0.447, 0.414], [0.352, 0.407, 0.403, 0.349, 0.338, 0.447, 1.0, 0.349], [0.57, 0.483, 0.274, 0.43, 0.266, 0.414, 0.349, 1.0]]"
0.4109,0.0878,0.01,0.0755,0.8009,17.8802,"[0.042, 0.662, 1.188, 1.437, 1.11, 0.52, -0.208, -0.886, -1.409, -1.478, -0.986, -0.346, 0.467, 1.089, 1.35, 1.393, 0.798, 0.04, -0.675, -1.2, -1.442, -1.059, -0.668, 0.094, 0.796, 1.326, 1.406, 1.012, 0.393, -0.376, -1.067, -1.366, -1.325, -0.873, -0.163, 0.63, 1.252, 1.351, 1.188, 0.662, -0.011, -0.8, -1.341, -1.44, -1.025, -0.452, 0.27, 1.052, 1.389, 1.279, 0.84, 0.098, -0.587, -1.138, -1.36, -1.225, -0.779, 0.015, 0.836, 1.247, 1.442, 1.15, 0.539, -0.243, -0.914, -1.43, -1.283, -1.049, -0.258, 0.489, 1.081, 1.353, 1.304, 0.813, 0.034, -0.72, -1.177, -1.43, -1.161, -0.575, 0.32, 0.857, 1.377, 1.291, 0.96, 0.326, -0.433, -1.082, -1.398, -1.339, -0.765, -0.158, 0.682, 1.241, 1.363, 1.178, 0.627, -0.044, -0.864, -1.131]","[[0.983, 0.409, 0.394, 0.414, 0.415, 0.417, 0.421, 0.417], [0.409, 1.0, 0.404, 0.418, 0.41, 0.399, 0.41, 0.412], [0.394, 0.404, 1.0, 0.409, 0.411, 0.42, 0.415, 0.413], [0.414, 0.418, 0.409, 0.99, 0.404, 0.402, 0.411, 0.409], [0.415, 0.41, 0.411, 0.404, 1.0, 0.419, 0.4, 0.407], [0.417, 0.399, 0.42, 0.402, 0.419, 0.999, 0.387, 0.417], [0.421, 0.41, 0.415, 0.411, 0.4, 0.387, 1.0, 0.4], [0.417, 0.412, 0.413, 0.409, 0.407, 0.417, 0.4, 0.986]]"
0.4109,0.0878,0.05,0.0721,0.8264,16.4669,"[-0.274, 0.443, 1.207, 1.308, 1.207, 0.135, -0.298, -1.05, -1.297, -1.304, -0.941, -0.551, 0.47, 0.965, 1.727, 1.317, 0.817, -0.251, -0.827, -1.162, -1.43, -1.198, -1.03, -0.036, 0.808, 1.626, 0.909, 0.767, -0.105, -0.317, -0.752, -1.298, -1.171, -1.111, -0.045, 0.425, 1.206, 1.536, 1.139, 0.859, -0.139, -0.753, -0.828, -1.27, -1.262, -0.556, 0.55, 1.262, 1.365, 0.957, 0.669, 0.251, -0.411, -0.902, -1.916, -1.028, -0.357, -0.569, 0.763, 1.462, 1.05, 0.993, 0.641, -0.395, -1.042, -1.301, -1.651, -1.225, -0.157, 0.729, 1.211, 1.742, 1.382, 1.234, 0.056, -0.642, -1.14, -1.566, -1.353, -0.79, 0.057, 1.417, 1.791, 1.294, 0.903, -0.195, -0.675, -1.27, -1.503, -1.447, -0.776, 0.085, 0.463, 1.566, 1.497, 1.419, 0.517, 0.009, -0.732, -0.945]","[[1.0, 0.375, 0.458, 0.384, 0.417, 0.436, 0.395, 0.437], [0.375, 1.0, 0.453, 0.456, 0.414, 0.421, 0.391, 0.442], [0.458, 0.453, 1.0, 0.432, 0.387, 0.434, 0.393, 0.442], [0.384, 0.456, 0.432, 0.962, 0.358, 0.402, 0.419, 0.485], [0.417, 0.414, 0.387, 0.358, 1.0, 0.454, 0.389, 0.381], [0.436, 0.421, 0.434, 0.402, 0.454, 1.0, 0.383, 0.425], [0.395, 0.391, 0.393, 0.419, 0.389, 0.383, 0.999, 0.415], [0.437, 0.442, 0.442, 0.485, 0.381, 0.425, 0.415, 1.0]]"
0.4109,0.0878,0.1,0.0378,0.9197,16.0464,"[0.662, 1.26, 1.538, 1.286, 0.958, 0.449, -0.6, -0.792, -2.746, -1.636, -0.946, 0.948, 0.466, 1.114, 0.982, 2.149, 0.39, 1.085, -1.05, -0.756, -1.438, -1.456, -0.087, 0.831, 0.784, 1.314, 1.176, 1.141, -0.177, -1.745, -1.984, -1.498, -1.85, -0.912, -0.394, 0.265, 0.867, 1.894, 1.33, 1.436, -0.047, -1.776, -1.823, -1.337, -0.953, -0.729, -0.066, 0.697, 1.301, 1.314, 0.358, 0.329, -0.437, -1.208, -1.754, -0.91, -0.052, -0.195, 0.45, 1.505, 0.818, 0.48, 0.177, -0.11, -1.392, -1.366, -2.364, -0.65, 0.446, 0.037, 1.334, 1.298, 1.33, 0.65, -0.112, -1.122, -1.788, -0.859, -1.998, -0.574, 0.164, 0.876, 1.668, 1.19, 1.335, 1.334, -0.503, -2.084, -1.464, -1.425, -0.628, -1.105, 0.807, 0.996, 1.812, 0.937, 1.061, -0.883, -0.836, -1.798]","[[0.963, 0.395, 0.403, 0.354, 0.387, 0.485, 0.47, 0.436], [0.395, 0.952, 0.329, 0.375, 0.411, 0.411, 0.452, 0.438], [0.403, 0.329, 0.95, 0.408, 0.416, 0.378, 0.433, 0.465], [0.354, 0.375, 0.408, 0.997, 0.399, 0.489, 0.347, 0.375], [0.387, 0.411, 0.416, 0.399, 1.0, 0.512, 0.388, 0.513], [0.485, 0.411, 0.378, 0.489, 0.512, 0.878, 0.495, 0.352], [0.47, 0.452, 0.433, 0.347, 0.388, 0.495, 1.0, 0.405], [0.436, 0.438, 0.465, 0.375, 0.513, 0.352, 0.405, 1.0]]"
0.4109,0.1033,0.01,0.0312,0.8322,19.7182,"[-0.072, 0.808, 1.463, 1.305, 0.737, -0.164, -0.883, -1.472, -1.189, -0.675, 0.215, 1.014, 1.402, 1.139, 0.425, -0.482, -1.204, -1.456, -1.075, -0.354, 0.441, 1.235, 1.433, 0.973, 0.114, -0.668, -1.369, -1.383, -0.877, 0.024, 0.858, 1.363, 1.369, 0.698, -0.039, -1.097, -1.315, -1.306, -0.608, 0.337, 1.077, 1.425, 1.235, 0.418, -0.474, -1.128, -1.42, -1.121, -0.289, 0.604, 1.176, 1.422, 0.93, 0.127, -0.724, -1.292, -1.406, -0.877, -0.06, 0.861, 1.369, 1.281, 0.826, -0.132, -0.901, -1.405, -1.21, -0.617, 0.201, 1.009, 1.567, 1.144, 0.483, -0.413, -1.182, -1.464, -1.129, -0.356, 0.44, 1.182, 1.363, 0.97, 0.285, -0.692, -1.345, -1.336, -0.859, -0.077, 0.734, 1.319, 1.309, 0.803, -0.023, -0.901, -1.374, -1.315, -0.646, 0.225, 0.916, 1.311]","[[1.0, 0.418, 0.42, 0.397, 0.407, 0.409, 0.408, 0.405], [0.418, 1.0, 0.409, 0.41, 0.409, 0.393, 0.405, 0.422], [0.42, 0.409, 1.0, 0.412, 0.408, 0.415, 0.408, 0.412], [0.397, 0.41, 0.412, 1.0, 0.409, 0.409, 0.404, 0.393], [0.407, 0.409, 0.408, 0.409, 0.994, 0.404, 0.416, 0.409], [0.409, 0.393, 0.415, 0.409, 0.404, 1.0, 0.405, 0.421], [0.408, 0.405, 0.408, 0.404, 0.416, 0.405, 0.983, 0.414], [0.405, 0.422, 0.412, 0.393, 0.409, 0.421, 0.414, 1.0]]"
0.4109,0.1033,0.05,0.0588,0.7637,18.3511,"[0.086, 0.883, 1.172, 1.087, 0.872, 0.182, -0.917, -1.206, -1.357, -0.057, 0.353, 1.576, 1.167, 1.164, 0.732, -0.4, -1.029, -1.654, -1.188, -0.541, 0.552, 1.189, 1.264, 1.145, -0.089, -1.243, -1.444, -0.828, -0.749, -0.241, 0.941, 1.317, 1.419, 0.976, -0.07, -0.914, -1.014, -1.129, -0.579, 0.275, 0.907, 1.095, 1.359, 0.811, -0.301, -1.0, -1.632, -1.255, -0.671, 0.484, 1.468, 1.225, 0.989, 0.382, -0.378, -1.701, -1.493, -1.084, -0.278, 0.709, 0.855, 1.241, 0.79, -0.349, -1.042, -1.375, -1.247, -1.062, 0.41, 1.21, 1.218, 1.626, 0.633, -0.302, -0.953, -1.669, -1.212, -0.225, 0.32, 1.119, 1.553, 1.106, 0.241, -0.638, -1.32, -1.167, -0.399, -0.015, 1.101, 1.223, 1.171, 0.608, -0.289, -0.973, -1.152, -1.038, -0.807, 0.125, 1.008, 1.458]","[[1.0, 0.454, 0.433, 0.433, 0.432, 0.384, 0.414, 0.399], [0.454, 0.974, 0.466, 0.437, 0.427, 0.381, 0.42, 0.422], [0.433, 0.466, 1.0, 0.399, 0.379, 0.37, 0.446, 0.399], [0.433, 0.437, 0.399, 1.0, 0.405, 0.366, 0.388, 0.384], [0.432, 0.427, 0.379, 0.405, 0.985, 0.465, 0.346, 0.338], [0.384, 0.381, 0.37, 0.366, 0.465, 1.0, 0.389, 0.408], [0.414, 0.42, 0.446, 0.388, 0.346, 0.389, 1.0, 0.423], [0.399, 0.422, 0.399, 0.384, 0.338, 0.408, 0.423, 1.0]]"
0.4109,0.1033,0.1,-0.0097,0.7179,17.2731,"[-0.071, 0.68, 1.269, 1.704, 1.292, 0.365, -0.678, -0.699, -1.716, -0.407, 1.468, 0.15, 1.141, 0.657, 0.608, 0.283, -0.89, -1.518, -0.814, -0.467, 0.671, 1.546, 2.272, 1.212, 0.286, 0.312, -2.279, -1.413, -1.247, -0.149, 1.131, 1.841, 1.062, 1.091, -0.567, -1.584, -1.35, -1.373, 0.118, 1.329, 0.744, 0.5, 0.508, 0.074, -0.304, -1.272, -2.04, -0.213, -0.019, 1.426, 0.321, 2.036, 0.934, 0.01, -0.668, -1.639, -1.445, -0.426, -1.041, 1.554, 1.538, 1.277, 1.249, 0.093, -1.162, -1.767, -0.527, -1.393, 0.137, 0.323, 1.647, 1.158, -0.105, -0.814, -1.102, -1.268, -2.092, -0.732, 0.6, 1.812, 1.823, 0.801, 0.735, -0.811, -2.838, -0.66, -0.693, 0.005, 0.785, 1.484, 1.346, 0.661, -0.386, -0.861, -1.814, -1.86, -0.545, 0.696, 0.61, 1.089]","[[1.0, 0.402, 0.305, 0.445, 0.455, 0.472, 0.433, 0.492], [0.402, 1.0, 0.455, 0.249, 0.342, 0.318, 0.307, 0.413], [0.305, 0.455, 1.0, 0.364, 0.472, 0.401, 0.404, 0.326], [0.445, 0.249, 0.364, 1.0, 0.34, 0.387, 0.325, 0.543], [0.455, 0.342, 0.472, 0.34, 1.0, 0.453, 0.524, 0.347], [0.472, 0.318, 0.401, 0.387, 0.453, 0.948, 0.519, 0.308], [0.433, 0.307, 0.404, 0.325, 0.524, 0.519, 0.927, 0.348], [0.492, 0.413, 0.326, 0.543, 0.347, 0.308, 0.348, 0.984]]"
0.4109,0.1189,0.01,-0.0204,0.8522,20.7347,"[-0.048, 0.887, 1.426, 1.104, 0.254, -0.825, -1.377, -1.187, -0.492, 0.568, 1.358, 1.32, 0.62, -0.4, -1.151, -1.381, -0.811, 0.186, 1.006, 1.434, 0.939, -0.034, -1.024, -1.481, -1.237, -0.296, 0.743, 1.42, 1.244, 0.467, -0.51, -1.439, -1.31, -0.638, 0.411, 1.107, 1.357, 0.791, -0.222, -0.952, -1.438, -0.955, -0.024, 0.842, 1.375, 1.144, 0.294, -0.723, -1.271, -1.209, -0.45, 0.595, 1.353, 1.308, 0.601, -0.372, -1.249, -1.44, -0.856, 0.1, 1.081, 1.426, 1.04, 0.025, -0.936, -1.493, -1.13, -0.207, 0.723, 1.364, 1.242, 0.499, -0.456, -1.268, -1.316, -0.64, 0.368, 1.166, 1.401, 0.865, -0.073, -1.049, -1.393, -0.99, -0.202, 0.776, 1.391, 1.209, 0.346, -0.749, -1.297, -1.185, -0.581, 0.456, 1.261, 1.35, 0.791, -0.27, -1.162, -1.429]","[[0.999, 0.42, 0.409, 0.404, 0.405, 0.41, 0.408, 0.412], [0.42, 0.997, 0.406, 0.418, 0.398, 0.4, 0.405, 0.41], [0.409, 0.406, 1.0, 0.419, 0.425, 0.413, 0.406, 0.407], [0.404, 0.418, 0.419, 0.993, 0.406, 0.41, 0.418, 0.409], [0.405, 0.398, 0.425, 0.406, 1.0, 0.414, 0.404, 0.415], [0.41, 0.4, 0.413, 0.41, 0.414, 0.988, 0.42, 0.409], [0.408, 0.405, 0.406, 0.418, 0.404, 0.42, 0.989, 0.419], [0.412, 0.41, 0.407, 0.409, 0.415, 0.409, 0.419, 1.0]]"
0.4109,0.1189,0.05,0.0336,0.7827,20.5486,"[-0.112, 1.106, 1.504, 0.844, 0.543, -1.413, -1.101, -1.268, -0.179, 0.961, 1.201, 1.224, 0.706, -0.682, -1.295, -1.484, -1.11, 0.069, 1.275, 1.579, 0.936, 0.045, -1.013, -1.845, -1.378, -0.005, 1.064, 1.152, 1.521, 0.155, -0.703, -1.327, -1.397, -0.827, 0.402, 1.391, 1.022, 0.869, 0.084, -1.171, -1.547, -1.214, 0.441, 1.288, 1.327, 1.437, 0.143, -0.778, -1.624, -1.716, -0.628, 0.44, 1.392, 1.503, 0.649, -0.589, -1.345, -0.993, -0.704, 0.484, 1.493, 1.246, 1.227, -0.137, -0.633, -1.19, -1.687, -0.202, 0.5, 1.266, 1.103, 0.737, -0.69, -1.592, -1.55, -0.759, 0.415, 1.463, 1.524, 1.03, 0.086, -0.824, -1.153, -0.416, 0.082, 0.94, 1.276, 1.253, 0.62, -0.993, -1.027, -1.387, -0.596, 0.622, 1.128, 1.471, 0.443, -0.065, -1.098, -1.401]","[[0.99, 0.43, 0.36, 0.471, 0.383, 0.429, 0.39, 0.393], [0.43, 1.0, 0.339, 0.389, 0.385, 0.384, 0.4, 0.379], [0.36, 0.339, 0.985, 0.413, 0.403, 0.4, 0.399, 0.441], [0.471, 0.389, 0.413, 1.0, 0.46, 0.401, 0.481, 0.455], [0.383, 0.385, 0.403, 0.46, 0.989, 0.466, 0.324, 0.409], [0.429, 0.384, 0.4, 0.401, 0.466, 1.0, 0.392, 0.398], [0.39, 0.4, 0.399, 0.481, 0.324, 0.392, 0.994, 0.354], [0.393, 0.379, 0.441, 0.455, 0.409, 0.398, 0.354, 0.988]]"
0.4109,0.1189,0.1,0.0455,0.9237,18.5174,"[1.252, 1.489, 0.68, 1.15, -0.308, -1.005, -0.374, -0.748, -1.187, 0.218, 1.309, 1.187, 0.784, -0.786, -1.395, -1.773, -0.997, 0.539, 1.235, 1.058, 1.546, 0.561, -0.937, -1.533, -0.243, 0.558, 0.007, 1.964, 2.103, 0.783, -0.807, -1.47, -0.474, -0.236, 0.644, 2.363, 0.882, 0.792, -0.062, -1.174, -2.33, -0.499, -0.435, 0.53, 1.221, 1.026, 0.213, -0.257, -0.775, -1.385, -0.782, 0.483, 0.838, 1.325, 0.207, 0.722, -1.117, -1.66, -0.508, -0.488, 0.693, 1.623, 1.089, 0.613, -2.257, -0.988, -1.43, -0.888, -0.148, 1.073, 2.063, 0.995, 0.298, -1.329, -1.294, -1.495, -0.477, 1.091, 0.708, 0.455, -0.077, -0.392, -1.406, -1.722, -1.029, 0.929, 1.078, 1.233, 0.23, -0.724, -0.741, -0.754, -0.353, 0.044, 0.984, 1.738, 1.382, -0.921, -0.383, -1.79]","[[1.0, 0.415, 0.476, 0.395, 0.301, 0.4, 0.431, 0.515], [0.415, 1.0, 0.447, 0.397, 0.451, 0.399, 0.461, 0.281], [0.476, 0.447, 1.0, 0.453, 0.408, 0.387, 0.462, 0.357], [0.395, 0.397, 0.453, 1.0, 0.45, 0.351, 0.398, 0.467], [0.301, 0.451, 0.408, 0.45, 0.966, 0.357, 0.347, 0.431], [0.4, 0.399, 0.387, 0.351, 0.357, 1.0, 0.395, 0.387], [0.431, 0.461, 0.462, 0.398, 0.347, 0.395, 0.949, 0.293], [0.515, 0.281, 0.357, 0.467, 0.431, 0.387, 0.293, 0.924]]"
0.4109,0.1344,0.01,-0.0126,0.78,21.2102,"[-0.054, 1.049, 1.374, 0.736, -0.346, -1.278, -1.309, -0.492, 0.712, 1.399, 1.115, 0.078, -0.998, -1.436, -1.032, 0.117, 1.149, 1.348, 0.694, -0.504, -1.346, -1.178, -0.372, 0.778, 1.438, 1.125, 0.021, -0.976, -1.428, -0.786, 0.232, 1.211, 1.347, 0.565, -0.652, -1.439, -1.168, -0.236, 0.872, 1.492, 0.965, -0.134, -1.214, -1.438, -0.67, 0.4, 1.324, 1.216, 0.364, -0.784, -1.366, -1.116, -0.134, 1.037, 1.433, 0.886, -0.24, -1.25, -1.285, -0.588, 0.587, 1.364, 1.165, 0.359, -0.862, -1.406, -1.029, 0.126, 1.159, 1.399, 0.674, -0.407, -1.28, -1.319, -0.495, 0.628, 1.456, 1.167, 0.12, -1.005, -1.392, -0.889, 0.196, 1.205, 1.385, 0.653, -0.582, -1.311, -1.173, -0.288, 0.94, 1.395, 0.949, -0.072, -1.108, -1.369, -0.739, 0.367, 1.274, 1.408]","[[0.988, 0.401, 0.419, 0.409, 0.408, 0.404, 0.406, 0.41], [0.401, 0.996, 0.4, 0.407, 0.401, 0.405, 0.407, 0.423], [0.419, 0.4, 1.0, 0.417, 0.401, 0.4, 0.409, 0.412], [0.409, 0.407, 0.417, 0.978, 0.408, 0.4, 0.415, 0.413], [0.408, 0.401, 0.401, 0.408, 0.993, 0.409, 0.408, 0.418], [0.404, 0.405, 0.4, 0.4, 0.409, 1.0, 0.418, 0.406], [0.406, 0.407, 0.409, 0.415, 0.408, 0.418, 1.0, 0.404], [0.41, 0.423, 0.412, 0.413, 0.418, 0.406, 0.404, 1.0]]"
0.4109,0.1344,0.05,0.0074,0.7626,21.5779,"[-0.054, 0.92, 1.48, 0.335, 0.069, -1.093, -1.783, -0.36, 0.756, 1.733, 1.601, 0.66, -0.991, -1.276, -1.071, 0.392, 0.607, 1.057, 0.571, -0.488, -1.267, -0.945, -0.532, 0.45, 1.299, 0.929, 0.178, -0.647, -1.046, -0.565, 0.151, 1.186, 1.442, 0.354, -0.779, -1.263, -1.532, 0.048, 0.791, 1.545, 1.032, 0.205, -1.656, -1.069, -0.404, 0.506, 1.423, 1.43, 0.183, -0.726, -1.167, -1.553, 0.039, 1.023, 1.565, 0.551, -0.441, -1.556, -1.7, -0.375, 0.427, 1.179, 1.485, 0.179, -0.62, -1.67, -1.095, -0.157, 1.237, 1.339, 0.93, -0.36, -1.763, -1.363, -0.829, 0.792, 1.521, 1.294, 0.087, -1.381, -1.358, -0.798, 0.17, 1.207, 0.887, 0.635, -0.565, -1.636, -1.1, -0.427, 0.887, 1.526, 1.117, -0.365, -1.17, -0.865, -0.432, 0.569, 1.328, 1.065]","[[0.928, 0.438, 0.405, 0.407, 0.41, 0.451, 0.45, 0.387], [0.438, 1.0, 0.429, 0.379, 0.453, 0.398, 0.365, 0.314], [0.405, 0.429, 1.0, 0.398, 0.427, 0.299, 0.41, 0.437], [0.407, 0.379, 0.398, 0.962, 0.397, 0.376, 0.429, 0.424], [0.41, 0.453, 0.427, 0.397, 0.935, 0.413, 0.429, 0.374], [0.451, 0.398, 0.299, 0.376, 0.413, 1.0, 0.428, 0.373], [0.45, 0.365, 0.41, 0.429, 0.429, 0.428, 0.995, 0.408], [0.387, 0.314, 0.437, 0.424, 0.374, 0.373, 0.408, 0.973]]"
0.4109,0.1344,0.1,0.0605,0.7361,22.9168,"[-1.222, 1.195, 1.027, 0.794, 0.084, -1.74, -1.348, -0.896, 1.138, 1.406, 1.158, -0.434, -0.547, -0.972, -1.334, 0.224, 1.441, 2.485, 0.875, -0.473, -1.386, -1.312, 0.014, 0.332, 1.862, 0.31, 0.373, -0.556, -1.002, -0.702, 0.491, 1.027, 0.773, 0.672, -0.575, -0.894, -1.262, -0.146, 1.035, 1.696, 1.454, -0.585, -0.773, -1.474, -0.393, 1.175, 0.239, 1.888, 0.349, -1.167, -1.608, -1.621, 0.175, 0.484, 2.01, 1.215, -0.141, -2.225, -2.009, -0.623, 0.561, 1.815, -0.244, -0.115, -0.442, -1.576, -1.242, -0.737, 1.629, 1.149, 1.295, 0.335, -0.618, -1.313, -0.687, 0.429, 2.366, 1.024, 0.645, -0.732, -1.616, -1.026, 0.808, 1.202, 1.132, 0.215, -0.378, -1.591, -0.935, 0.969, 1.088, 2.306, 0.678, 0.312, -0.447, -0.707, -0.141, 0.369, 1.704, 0.803]","[[1.0, 0.442, 0.497, 0.451, 0.347, 0.449, 0.3, 0.454], [0.442, 1.0, 0.404, 0.424, 0.458, 0.456, 0.419, 0.548], [0.497, 0.404, 1.0, 0.331, 0.471, 0.409, 0.349, 0.477], [0.451, 0.424, 0.331, 1.0, 0.363, 0.471, 0.461, 0.348], [0.347, 0.458, 0.471, 0.363, 0.959, 0.279, 0.353, 0.314], [0.449, 0.456, 0.409, 0.471, 0.279, 0.857, 0.29, 0.35], [0.3, 0.419, 0.349, 0.461, 0.353, 0.29, 0.951, 0.357], [0.454, 0.548, 0.477, 0.348, 0.314, 0.35, 0.357, 1.0]]"
0.4109,0.15,0.01,-0.0196,0.8073,23.437,"[0.014, 1.149, 1.385, 0.413, -0.776, -1.312, -0.882, 0.423, 1.272, 1.093, 0.02, -1.226, -1.381, -0.383, 0.84, 1.449, 0.765, -0.433, -1.248, -1.175, -0.024, 1.171, 1.297, 0.472, -0.919, -1.532, -0.814, 0.387, 1.314, 1.185, 0.031, -1.203, -1.316, -0.451, 0.85, 1.41, 0.754, -0.472, -1.462, -1.132, 0.02, 1.106, 1.336, 0.387, -0.766, -1.475, -0.845, 0.371, 1.354, 1.193, -0.104, -1.109, -1.26, -0.43, 0.796, 1.409, 0.802, -0.338, -1.3, -1.096, 0.108, 1.209, 1.336, 0.437, -0.711, -1.448, -0.838, 0.385, 1.251, 1.097, -0.043, -1.173, -1.311, -0.437, 0.88, 1.418, 0.838, -0.451, -1.245, -1.163, 0.046, 1.082, 1.33, 0.536, -0.795, -1.481, -0.881, 0.516, 1.346, 1.128, -0.039, -1.157, -1.271, -0.471, 0.799, 1.441, 0.777, -0.483, -1.342, -1.14]","[[0.98, 0.411, 0.408, 0.417, 0.423, 0.402, 0.412, 0.427], [0.411, 1.0, 0.394, 0.407, 0.419, 0.407, 0.424, 0.419], [0.408, 0.394, 1.0, 0.417, 0.404, 0.41, 0.406, 0.406], [0.417, 0.407, 0.417, 0.997, 0.413, 0.41, 0.412, 0.409], [0.423, 0.419, 0.404, 0.413, 0.999, 0.414, 0.413, 0.397], [0.402, 0.407, 0.41, 0.41, 0.414, 0.99, 0.4, 0.419], [0.412, 0.424, 0.406, 0.412, 0.413, 0.4, 0.994, 0.414], [0.427, 0.419, 0.406, 0.409, 0.397, 0.419, 0.414, 1.0]]"
0.4109,0.15,0.05,-0.0631,0.7662,25.2636,"[-0.151, 1.158, 1.708, 0.526, -0.171, -1.208, -1.059, 0.333, 1.164, 1.356, 0.288, -0.712, -1.425, -0.319, 1.149, 1.798, 0.522, -0.281, -1.64, -1.292, -0.327, 0.986, 0.979, 0.141, -1.055, -1.335, -0.821, 0.025, 2.027, 1.019, -0.332, -0.996, -1.343, -0.639, 0.927, 1.243, 0.755, -0.07, -1.311, -0.988, -0.131, 1.18, 1.149, 0.232, -0.932, -1.585, -0.57, 0.581, 0.769, 1.572, 0.16, -0.855, -1.385, -0.81, 0.498, 1.838, 0.422, -0.797, -1.45, -1.488, 0.133, 1.294, 1.445, 0.282, -0.757, -0.965, -1.188, 0.715, 1.544, 1.115, 0.042, -1.052, -1.586, -0.844, 1.056, 1.1, 0.556, -0.565, -1.271, -1.266, -0.181, 1.38, 1.259, 0.236, -0.731, -1.396, -0.822, 0.547, 1.307, 1.353, -0.357, -0.831, -1.57, -0.845, 0.632, 1.324, 0.646, -0.677, -1.089, -1.359]","[[0.947, 0.401, 0.408, 0.453, 0.405, 0.378, 0.393, 0.429], [0.401, 0.947, 0.384, 0.435, 0.405, 0.459, 0.391, 0.491], [0.408, 0.384, 1.0, 0.422, 0.448, 0.412, 0.415, 0.396], [0.453, 0.435, 0.422, 0.973, 0.357, 0.383, 0.429, 0.413], [0.405, 0.405, 0.448, 0.357, 0.885, 0.398, 0.389, 0.417], [0.378, 0.459, 0.412, 0.383, 0.398, 0.964, 0.438, 0.502], [0.393, 0.391, 0.415, 0.429, 0.389, 0.438, 0.96, 0.408], [0.429, 0.491, 0.396, 0.413, 0.417, 0.502, 0.408, 0.986]]"
0.4109,0.15,0.1,0.0147,0.6983,23.3754,"[0.196, 0.104, 1.034, -0.477, -1.009, -1.667, -2.148, 0.526, 1.651, 1.045, -0.764, -0.509, -0.393, -0.236, 0.652, 1.24, 1.046, -0.391, -1.124, -0.916, -0.369, 0.73, 1.202, 0.67, -1.609, -1.525, -0.847, 0.193, 2.043, 1.757, 0.208, -0.256, -0.903, -0.369, 0.591, 1.213, 1.02, -0.622, -2.1, -1.332, 0.514, -0.146, 2.043, 0.723, -0.947, -1.267, -0.349, 0.453, 1.816, 1.567, 0.088, -1.697, -1.391, -1.457, 1.052, 1.201, 0.522, -0.108, -1.977, -1.085, -0.17, 1.051, 1.484, 1.348, -0.63, -0.732, -0.132, 0.821, 0.42, 1.022, -0.545, 0.29, -1.844, -1.185, -0.556, 0.893, 0.891, 0.108, -1.877, -0.556, -0.032, 0.899, 1.428, 1.145, -0.804, -1.965, -0.617, 0.64, 1.247, 1.652, -1.145, -0.963, -0.95, -1.16, 0.088, 1.91, 1.417, 0.244, -1.688, -1.041]","[[1.0, 0.389, 0.359, 0.503, 0.463, 0.433, 0.43, 0.406], [0.389, 0.868, 0.522, 0.432, 0.356, 0.404, 0.414, 0.401], [0.359, 0.522, 1.0, 0.361, 0.506, 0.436, 0.384, 0.388], [0.503, 0.432, 0.361, 1.0, 0.441, 0.395, 0.428, 0.301], [0.463, 0.356, 0.506, 0.441, 1.0, 0.488, 0.306, 0.299], [0.433, 0.404, 0.436, 0.395, 0.488, 1.0, 0.415, 0.319], [0.43, 0.414, 0.384, 0.428, 0.306, 0.415, 0.964, 0.313], [0.406, 0.401, 0.388, 0.301, 0.299, 0.319, 0.313, 1.0]]"
0.4555,0.01,0.01,-0.0318,0.8985,10.5763,"[0.002, 0.059, 0.226, 0.292, 0.229, 0.455, 0.574, 0.63, 0.73, 0.767, 0.852, 0.926, 1.006, 1.032, 1.176, 1.249, 1.202, 1.217, 1.25, 1.373, 1.414, 1.43, 1.454, 1.416, 1.353, 1.431, 1.535, 1.457, 1.451, 1.455, 1.342, 1.364, 1.343, 1.229, 1.247, 1.242, 1.101, 0.975, 1.005, 0.895, 0.865, 0.738, 0.704, 0.681, 0.534, 0.367, 0.381, 0.274, 0.193, 0.14, -0.026, -0.106, -0.234, -0.263, -0.354, -0.463, -0.498, -0.672, -0.695, -0.75, -0.883, -0.996, -1.081, -1.053, -1.037, -1.208, -1.206, -1.397, -1.298, -1.408, -1.404, -1.406, -1.513, -1.287, -1.483, -1.425, -1.378, -1.429, -1.491, -1.405, -1.476, -1.37, -1.233, -1.346, -1.27, -1.085, -1.13, -1.106, -0.977, -0.951, -0.991, -0.848, -0.598, -0.603, -0.463, -0.501, -0.365, -0.281, -0.21, -0.081]","[[0.998, 0.459, 0.456, 0.445, 0.451, 0.459, 0.454, 0.459], [0.459, 0.994, 0.459, 0.466, 0.454, 0.454, 0.45, 0.457], [0.456, 0.459, 0.998, 0.443, 0.466, 0.454, 0.449, 0.449], [0.445, 0.466, 0.443, 1.0, 0.452, 0.45, 0.45, 0.457], [0.451, 0.454, 0.466, 0.452, 1.0, 0.462, 0.462, 0.458], [0.459, 0.454, 0.454, 0.45, 0.462, 1.0, 0.462, 0.459], [0.454, 0.45, 0.449, 0.45, 0.462, 0.462, 1.0, 0.466], [0.459, 0.457, 0.449, 0.457, 0.458, 0.459, 0.466, 0.994]]"
0.4555,0.01,0.05,0.0408,0.833,10.4707,"[-0.123, 0.038, -0.096, 0.407, 0.531, 0.59, 0.573, 0.871, 0.845, 0.629, 0.118, 0.845, 1.006, 1.073, 1.077, 1.043, 1.017, 1.017, 1.426, 1.625, 1.071, 1.394, 1.627, 1.397, 1.632, 1.725, 1.551, 1.32, 1.758, 1.343, 1.317, 1.482, 1.242, 1.219, 1.135, 1.132, 1.171, 0.568, 0.972, 0.487, 0.754, 0.864, 0.619, 0.795, 0.623, -0.089, 0.661, 0.335, 0.04, -0.026, -0.521, -0.037, -0.02, -0.443, -0.588, -0.415, -0.237, -0.347, -0.494, -0.275, -0.624, -0.639, -0.975, -1.148, -0.838, -1.423, -1.123, -1.427, -1.232, -1.286, -1.343, -1.414, -1.297, -1.271, -1.802, -1.467, -1.557, -1.395, -1.534, -1.091, -1.401, -1.107, -1.555, -1.346, -1.383, -1.079, -1.418, -1.488, -1.153, -0.787, -1.058, -0.713, -0.863, -1.058, -0.323, -0.287, -0.372, -0.262, -0.234, -0.35]","[[0.975, 0.475, 0.454, 0.446, 0.491, 0.483, 0.443, 0.487], [0.475, 1.0, 0.454, 0.499, 0.438, 0.465, 0.48, 0.492], [0.454, 0.454, 1.0, 0.432, 0.443, 0.409, 0.423, 0.481], [0.446, 0.499, 0.432, 0.981, 0.492, 0.434, 0.496, 0.43], [0.491, 0.438, 0.443, 0.492, 0.995, 0.422, 0.461, 0.437], [0.483, 0.465, 0.409, 0.434, 0.422, 0.97, 0.515, 0.466], [0.443, 0.48, 0.423, 0.496, 0.461, 0.515, 1.0, 0.568], [0.487, 0.492, 0.481, 0.43, 0.437, 0.466, 0.568, 1.0]]"
0.4555,0.01,0.1,0.0164,0.8354,10.9023,"[-0.509, 0.574, -0.197, 0.344, 0.801, -0.016, 1.295, 1.183, 0.878, 1.656, 0.664, 1.325, 1.136, 0.742, 0.818, 2.193, 1.759, 1.72, 1.004, 1.707, 1.2, 2.259, 2.036, 1.904, 1.861, 1.412, 1.696, 2.215, 1.663, 0.989, 2.012, 1.014, 1.302, 1.039, -0.076, 1.265, 2.208, 1.221, 2.478, 0.851, 0.966, 0.728, 0.731, 0.805, 1.291, 0.03, 0.366, 0.581, 0.822, -0.988, -0.699, -0.071, 0.377, -0.513, -0.027, 0.539, -0.531, -0.734, -0.465, -0.69, -0.728, -1.018, -1.125, -1.563, -0.815, -1.697, -1.637, -1.874, -1.48, -1.34, -1.934, -1.543, -1.349, -2.229, -1.832, -0.553, -1.807, -1.09, -1.683, -1.31, -1.783, -2.304, -1.537, -1.055, -0.89, -1.106, -1.51, -0.601, -1.357, -1.258, -1.346, -0.991, -0.849, -0.473, -1.212, -0.68, -0.762, -0.059, -0.031, -0.606]","[[0.935, 0.401, 0.523, 0.506, 0.63, 0.493, 0.441, 0.43], [0.401, 1.0, 0.413, 0.448, 0.428, 0.379, 0.348, 0.653], [0.523, 0.413, 0.895, 0.369, 0.511, 0.521, 0.476, 0.486], [0.506, 0.448, 0.369, 1.0, 0.413, 0.374, 0.561, 0.449], [0.63, 0.428, 0.511, 0.413, 0.984, 0.451, 0.539, 0.447], [0.493, 0.379, 0.521, 0.374, 0.451, 1.0, 0.42, 0.551], [0.441, 0.348, 0.476, 0.561, 0.539, 0.42, 1.0, 0.395], [0.43, 0.653, 0.486, 0.449, 0.447, 0.551, 0.395, 1.0]]"
0.4555,0.0256,0.01,0.0461,0.8182,11.2141,"[0.102, 0.171, 0.485, 0.613, 0.95, 1.062, 1.161, 1.238, 1.379, 1.453, 1.512, 1.373, 1.323, 1.241, 1.096, 0.948, 0.741, 0.604, 0.338, 0.132, -0.086, -0.401, -0.525, -0.752, -0.94, -1.122, -1.264, -1.351, -1.417, -1.512, -1.369, -1.439, -1.322, -1.154, -1.085, -0.884, -0.811, -0.587, -0.264, -0.021, 0.258, 0.47, 0.568, 0.911, 0.966, 1.221, 1.277, 1.523, 1.41, 1.452, 1.441, 1.362, 1.23, 1.263, 0.966, 0.782, 0.605, 0.401, 0.128, -0.023, -0.295, -0.525, -0.709, -0.97, -1.124, -1.235, -1.295, -1.427, -1.467, -1.556, -1.447, -1.42, -1.299, -1.07, -0.754, -0.718, -0.5, -0.331, -0.113, 0.275, 0.361, 0.52, 0.835, 0.982, 1.189, 1.363, 1.396, 1.446, 1.488, 1.574, 1.498, 1.279, 1.219, 1.108, 0.874, 0.635, 0.396, 0.197, -0.098, -0.228]","[[0.989, 0.461, 0.462, 0.439, 0.466, 0.446, 0.454, 0.465], [0.461, 0.993, 0.451, 0.455, 0.464, 0.449, 0.46, 0.465], [0.462, 0.451, 1.0, 0.455, 0.465, 0.449, 0.461, 0.454], [0.439, 0.455, 0.455, 1.0, 0.46, 0.456, 0.453, 0.461], [0.466, 0.464, 0.465, 0.46, 0.994, 0.452, 0.452, 0.443], [0.446, 0.449, 0.449, 0.456, 0.452, 0.997, 0.452, 0.441], [0.454, 0.46, 0.461, 0.453, 0.452, 0.452, 1.0, 0.458], [0.465, 0.465, 0.454, 0.461, 0.443, 0.441, 0.458, 1.0]]"
0.4555,0.0256,0.05,-0.0086,0.8619,11.1285,"[-0.029, 0.401, 0.373, 0.53, 0.671, 1.22, 1.101, 0.706, 1.555, 1.212, 1.503, 1.145, 1.368, 0.548, 1.126, 0.755, 0.471, 0.774, 0.332, 0.071, -0.283, -0.109, -0.663, -0.391, -0.644, -0.759, -1.008, -1.505, -1.408, -1.504, -1.238, -1.407, -1.386, -0.798, -1.15, -1.052, -0.802, -0.22, -0.216, 0.084, 0.262, -0.118, 0.38, 0.778, 1.104, 0.931, 1.045, 1.309, 1.771, 0.917, 0.77, 1.808, 0.898, 1.052, 0.621, 0.738, 0.576, 0.794, 0.342, -0.392, -0.78, -0.401, -0.866, -1.109, -0.799, -1.673, -1.433, -1.257, -1.746, -1.126, -1.665, -1.355, -1.402, -1.773, -1.025, -0.53, -0.775, -0.45, -0.19, 0.306, 0.311, 0.625, 0.831, 0.873, 1.582, 1.029, 1.554, 1.754, 1.421, 1.454, 1.517, 1.202, 0.697, 0.956, 1.25, 0.78, 0.44, 0.382, -0.077, -0.265]","[[0.984, 0.45, 0.465, 0.459, 0.438, 0.475, 0.432, 0.398], [0.45, 1.0, 0.453, 0.419, 0.433, 0.48, 0.501, 0.545], [0.465, 0.453, 1.0, 0.463, 0.529, 0.424, 0.488, 0.462], [0.459, 0.419, 0.463, 1.0, 0.459, 0.48, 0.412, 0.485], [0.438, 0.433, 0.529, 0.459, 1.0, 0.429, 0.487, 0.476], [0.475, 0.48, 0.424, 0.48, 0.429, 0.944, 0.436, 0.407], [0.432, 0.501, 0.488, 0.412, 0.487, 0.436, 0.981, 0.495], [0.398, 0.545, 0.462, 0.485, 0.476, 0.407, 0.495, 0.967]]"
0.4555,0.0256,0.1,-0.0014,0.9094,11.3957,"[-0.555, 0.092, 0.697, 0.032, 1.163, 1.234, 1.104, 1.343, 1.429, 1.665, 1.828, 2.863, 1.449, 0.943, 0.181, 0.27, 0.41, 0.927, 0.165, 0.335, -0.468, -0.105, -0.118, -0.964, -0.734, -1.335, -1.866, -1.076, -1.215, -1.156, -0.97, -1.529, -1.413, -1.355, -0.895, -0.965, -0.638, -0.849, -0.777, -0.485, 0.411, 0.409, 0.4, 1.179, 1.754, 0.93, 0.757, 1.86, 1.448, 1.364, 1.942, 1.243, 1.479, 1.233, 2.619, 0.747, 1.079, 0.266, 0.387, -0.169, 0.095, -0.574, -0.485, -1.306, -1.493, -2.175, -1.159, -1.739, -0.353, -1.687, -0.789, -0.766, -1.352, -1.457, -0.987, -0.16, 0.626, -0.91, -0.054, -0.13, 0.22, 1.473, 0.437, 0.2, 1.26, 1.475, 1.167, 1.094, 1.536, 0.763, 1.595, 1.121, 1.865, 1.178, 0.762, 0.523, -0.546, 0.13, -0.142, -0.247]","[[0.916, 0.308, 0.451, 0.382, 0.312, 0.403, 0.596, 0.471], [0.308, 1.0, 0.341, 0.44, 0.476, 0.327, 0.43, 0.402], [0.451, 0.341, 0.977, 0.431, 0.535, 0.561, 0.474, 0.33], [0.382, 0.44, 0.431, 0.78, 0.429, 0.391, 0.342, 0.549], [0.312, 0.476, 0.535, 0.429, 0.982, 0.401, 0.449, 0.438], [0.403, 0.327, 0.561, 0.391, 0.401, 1.0, 0.47, 0.521], [0.596, 0.43, 0.474, 0.342, 0.449, 0.47, 0.941, 0.455], [0.471, 0.402, 0.33, 0.549, 0.438, 0.521, 0.455, 0.922]]"
0.4555,0.0411,0.01,-0.0261,0.8203,12.6645,"[0.069, 0.387, 0.725, 1.014, 1.254, 1.352, 1.447, 1.4, 1.295, 1.113, 0.816, 0.452, -0.029, -0.338, -0.76, -0.923, -1.227, -1.392, -1.49, -1.368, -1.307, -1.111, -0.82, -0.482, -0.132, 0.312, 0.67, 0.929, 1.141, 1.373, 1.414, 1.506, 1.409, 1.173, 0.81, 0.518, 0.169, -0.238, -0.573, -0.872, -1.124, -1.277, -1.444, -1.465, -1.425, -1.164, -0.946, -0.615, -0.274, 0.102, 0.53, 0.824, 1.183, 1.253, 1.489, 1.424, 1.372, 1.234, 1.014, 0.706, 0.352, -0.085, -0.353, -0.752, -1.218, -1.285, -1.438, -1.473, -1.366, -1.232, -1.047, -0.637, -0.428, -0.059, 0.325, 0.748, 1.042, 1.213, 1.37, 1.453, 1.357, 1.313, 1.13, 0.752, 0.436, 0.054, -0.256, -0.579, -1.001, -1.224, -1.343, -1.438, -1.473, -1.396, -1.127, -0.799, -0.5, -0.166, 0.232, 0.709]","[[1.0, 0.449, 0.438, 0.46, 0.456, 0.466, 0.463, 0.458], [0.449, 0.998, 0.453, 0.457, 0.454, 0.458, 0.463, 0.467], [0.438, 0.453, 1.0, 0.456, 0.466, 0.457, 0.448, 0.452], [0.46, 0.457, 0.456, 1.0, 0.457, 0.45, 0.458, 0.449], [0.456, 0.454, 0.466, 0.457, 0.99, 0.462, 0.46, 0.463], [0.466, 0.458, 0.457, 0.45, 0.462, 1.0, 0.444, 0.457], [0.463, 0.463, 0.448, 0.458, 0.46, 0.444, 0.993, 0.448], [0.458, 0.467, 0.452, 0.449, 0.463, 0.457, 0.448, 0.995]]"
0.4555,0.0411,0.05,-0.0379,0.8361,13.056,"[0.027, 0.313, 0.177, 0.953, 1.018, 1.547, 1.575, 1.545, 1.188, 1.066, 0.75, 0.659, -0.072, -0.502, -0.425, -0.769, -1.101, -0.986, -0.93, -1.12, -1.495, -0.894, -0.795, -0.629, -0.307, 0.32, 0.815, 1.273, 1.352, 1.504, 1.396, 1.492, 0.96, 1.282, 0.98, 1.024, 0.172, 0.105, -0.673, -0.456, -0.785, -1.055, -1.425, -1.502, -1.45, -1.421, -0.803, -0.663, -0.147, 0.174, 0.229, 1.096, 1.132, 1.528, 1.138, 1.261, 1.28, 1.273, 0.94, 0.997, 0.561, -0.254, 0.296, -0.801, -0.745, -1.356, -1.261, -1.217, -1.772, -0.808, -1.206, -0.797, -0.513, -0.132, 0.252, 0.429, 1.216, 1.284, 1.367, 1.709, 1.854, 0.885, 1.46, 0.757, 0.083, 0.154, -0.352, -0.459, -0.945, -1.134, -1.493, -1.71, -1.24, -1.435, -0.995, -0.442, -0.519, 0.063, 0.255, 0.529]","[[0.956, 0.416, 0.439, 0.524, 0.516, 0.406, 0.461, 0.429], [0.416, 0.988, 0.51, 0.55, 0.432, 0.458, 0.47, 0.419], [0.439, 0.51, 0.94, 0.45, 0.484, 0.435, 0.451, 0.477], [0.524, 0.55, 0.45, 0.842, 0.399, 0.547, 0.42, 0.398], [0.516, 0.432, 0.484, 0.399, 1.0, 0.392, 0.448, 0.479], [0.406, 0.458, 0.435, 0.547, 0.392, 0.961, 0.444, 0.44], [0.461, 0.47, 0.451, 0.42, 0.448, 0.444, 1.0, 0.488], [0.429, 0.419, 0.477, 0.398, 0.479, 0.44, 0.488, 0.93]]"
0.4555,0.0411,0.1,0.0073,0.8544,14.0623,"[-0.089, 0.126, 0.916, 0.719, 1.086, 0.944, 1.331, 1.522, 1.107, 0.904, 0.854, 0.931, 0.433, -0.959, -0.282, -0.29, -0.865, -2.588, -1.32, -0.736, -1.532, 0.348, -1.912, -0.415, 0.24, 0.339, 0.687, 0.408, 0.896, 1.647, 0.391, 1.891, 1.277, 1.417, 1.295, 2.41, 0.882, -0.793, 0.526, -2.237, -1.369, -1.251, -1.602, -1.306, -1.441, -0.535, -1.161, -0.659, 0.643, 0.616, 0.413, 1.067, 2.045, 0.62, 0.886, 1.165, 1.486, 1.696, 0.584, 0.185, -0.353, -0.542, -0.768, -1.862, -1.349, -1.81, -1.499, -0.606, -2.193, -0.738, -0.177, -0.228, -0.191, 0.667, 0.698, 1.283, 1.085, 0.725, 1.984, 2.76, 1.242, 1.287, 1.11, 0.028, -0.003, 0.203, -0.369, -0.666, -0.968, -1.282, -1.767, -1.236, -1.261, -1.744, -0.888, -1.126, -0.152, -0.133, 0.46, 0.708]","[[1.0, 0.425, 0.483, 0.377, 0.453, 0.46, 0.392, 0.435], [0.425, 0.934, 0.494, 0.453, 0.546, 0.464, 0.655, 0.545], [0.483, 0.494, 1.0, 0.403, 0.3, 0.333, 0.461, 0.602], [0.377, 0.453, 0.403, 1.0, 0.504, 0.585, 0.558, 0.559], [0.453, 0.546, 0.3, 0.504, 0.941, 0.493, 0.416, 0.571], [0.46, 0.464, 0.333, 0.585, 0.493, 1.0, 0.429, 0.47], [0.392, 0.655, 0.461, 0.558, 0.416, 0.429, 1.0, 0.295], [0.435, 0.545, 0.602, 0.559, 0.571, 0.47, 0.295, 0.91]]"
0.4555,0.0567,0.01,0.0268,0.8566,16.8597,"[-0.002, 0.496, 0.955, 1.255, 1.45, 1.37, 1.305, 0.789, 0.417, -0.102, -0.599, -1.061, -1.392, -1.438, -1.412, -1.158, -0.888, -0.247, 0.178, 0.522, 1.091, 1.33, 1.398, 1.436, 1.168, 0.745, 0.247, -0.247, -0.833, -1.131, -1.322, -1.402, -1.394, -1.052, -0.703, -0.144, 0.324, 0.787, 1.213, 1.373, 1.408, 1.321, 0.922, 0.548, -0.016, -0.518, -0.846, -1.266, -1.466, -1.393, -1.18, -0.915, -0.428, 0.003, 0.539, 0.974, 1.306, 1.492, 1.344, 1.168, 0.831, 0.343, -0.11, -0.609, -1.037, -1.35, -1.385, -1.383, -1.167, -0.777, -0.265, 0.223, 0.658, 1.19, 1.387, 1.398, 1.273, 1.136, 0.766, 0.235, -0.272, -0.748, -1.159, -1.477, -1.488, -1.29, -1.011, -0.629, -0.149, 0.4, 0.838, 1.208, 1.424, 1.405, 1.33, 0.966, 0.56, 0.034, -0.402, -0.901]","[[1.0, 0.46, 0.455, 0.444, 0.447, 0.453, 0.456, 0.464], [0.46, 1.0, 0.455, 0.449, 0.455, 0.455, 0.448, 0.469], [0.455, 0.455, 0.996, 0.467, 0.456, 0.459, 0.473, 0.455], [0.444, 0.449, 0.467, 0.993, 0.46, 0.454, 0.457, 0.462], [0.447, 0.455, 0.456, 0.46, 1.0, 0.46, 0.457, 0.449], [0.453, 0.455, 0.459, 0.454, 0.46, 0.999, 0.462, 0.45], [0.456, 0.448, 0.473, 0.457, 0.457, 0.462, 0.991, 0.463], [0.464, 0.469, 0.455, 0.462, 0.449, 0.45, 0.463, 1.0]]"
0.4555,0.0567,0.05,0.0281,0.7495,13.2766,"[0.308, 0.26, 0.833, 1.527, 1.591, 1.358, 1.0, -0.097, 0.022, -0.168, -0.665, -0.916, -1.167, -0.886, -1.594, -1.665, -1.038, 0.087, 0.186, 0.927, 0.941, 1.228, 1.027, 1.292, 1.124, 0.945, 0.383, 0.224, -0.792, -1.08, -1.388, -1.628, -1.239, -1.13, -0.231, -0.349, 0.277, 0.52, 1.28, 1.078, 1.445, 1.011, 0.75, 0.373, 0.243, -0.473, -0.935, -1.104, -1.595, -1.927, -1.535, -0.999, -0.491, 0.17, 0.499, 1.228, 1.38, 1.092, 0.78, 0.96, 0.89, 0.484, -0.148, -0.59, -0.71, -1.326, -1.365, -0.994, -1.612, -0.352, -0.942, 0.006, 0.561, 0.693, 1.323, 1.443, 1.549, 1.279, 0.745, 0.492, -0.141, -0.861, -1.13, -1.552, -1.759, -1.223, -1.415, -0.667, -0.696, 0.409, 0.674, 1.354, 1.361, 1.412, 1.303, 0.821, 0.394, -0.111, -0.51, -1.067]","[[1.0, 0.436, 0.513, 0.448, 0.508, 0.478, 0.49, 0.422], [0.436, 1.0, 0.45, 0.374, 0.464, 0.422, 0.534, 0.46], [0.513, 0.45, 0.916, 0.486, 0.435, 0.493, 0.457, 0.436], [0.448, 0.374, 0.486, 0.981, 0.452, 0.429, 0.441, 0.475], [0.508, 0.464, 0.435, 0.452, 1.0, 0.453, 0.429, 0.465], [0.478, 0.422, 0.493, 0.429, 0.453, 0.99, 0.51, 0.49], [0.49, 0.534, 0.457, 0.441, 0.429, 0.51, 1.0, 0.419], [0.422, 0.46, 0.436, 0.475, 0.465, 0.49, 0.419, 0.961]]"
0.4555,0.0567,0.1,0.0337,0.8535,12.7269,"[0.266, 0.483, -0.02, 1.625, 1.415, 0.893, 0.894, 0.963, -0.684, 0.119, -0.099, -0.573, -0.74, -1.84, -0.885, -1.041, -1.223, -0.099, 0.401, 1.445, 1.68, 1.008, 1.625, 1.539, 1.247, 0.575, 1.12, -0.584, 0.079, -1.853, -1.575, -1.072, -1.868, -1.428, -0.38, -1.016, 0.914, 1.57, 1.956, 1.572, 1.234, 1.122, 1.14, 0.629, -0.129, 0.342, -1.027, -0.526, -1.38, -1.416, -1.001, -0.675, -0.551, 0.313, 0.88, 1.801, 1.325, 1.054, 1.078, 2.396, -0.084, -0.204, -0.109, -0.927, -0.63, -0.964, -1.72, -0.641, -1.711, -1.148, 0.484, -0.44, 0.875, 1.886, 0.065, 1.287, 1.838, 0.967, 0.731, 0.307, -0.146, -1.183, -0.776, -1.266, -2.026, -1.562, -1.746, -0.513, 0.124, 0.497, 1.13, 1.279, 1.798, 1.38, 1.641, 0.331, -0.163, 0.074, -0.136, -1.066]","[[1.0, 0.353, 0.426, 0.466, 0.529, 0.281, 0.502, 0.463], [0.353, 1.0, 0.407, 0.373, 0.402, 0.491, 0.363, 0.548], [0.426, 0.407, 0.914, 0.443, 0.54, 0.489, 0.34, 0.478], [0.466, 0.373, 0.443, 0.764, 0.517, 0.434, 0.461, 0.483], [0.529, 0.402, 0.54, 0.517, 1.0, 0.482, 0.509, 0.357], [0.281, 0.491, 0.489, 0.434, 0.482, 0.976, 0.422, 0.532], [0.502, 0.363, 0.34, 0.461, 0.509, 0.422, 0.82, 0.533], [0.463, 0.548, 0.478, 0.483, 0.357, 0.532, 0.533, 1.0]]"
0.4555,0.0722,0.01,0.0262,0.8178,15.8219,"[0.059, 0.599, 1.136, 1.415, 1.467, 1.171, 0.608, -0.038, -0.656, -1.194, -1.365, -1.422, -1.06, -0.575, 0.149, 0.723, 1.31, 1.435, 1.431, 1.015, 0.482, -0.154, -0.754, -1.272, -1.476, -1.363, -0.991, -0.452, 0.194, 0.748, 1.285, 1.494, 1.398, 0.981, 0.371, -0.269, -0.848, -1.286, -1.497, -1.414, -0.963, -0.366, 0.318, 0.876, 1.296, 1.461, 1.386, 0.888, 0.225, -0.386, -0.845, -1.258, -1.408, -1.25, -0.82, -0.265, 0.445, 1.019, 1.392, 1.422, 1.244, 0.782, 0.252, -0.435, -0.991, -1.339, -1.518, -1.19, -0.798, -0.175, 0.456, 1.051, 1.381, 1.372, 1.117, 0.718, 0.142, -0.509, -1.032, -1.409, -1.451, -1.183, -0.643, 0.03, 0.569, 1.102, 1.414, 1.41, 1.118, 0.632, -0.04, -0.602, -1.073, -1.438, -1.329, -1.12, -0.627, 0.085, 0.637, 1.209]","[[0.991, 0.461, 0.456, 0.459, 0.447, 0.451, 0.456, 0.464], [0.461, 0.998, 0.447, 0.459, 0.454, 0.456, 0.454, 0.452], [0.456, 0.447, 0.991, 0.453, 0.446, 0.456, 0.459, 0.452], [0.459, 0.459, 0.453, 0.991, 0.467, 0.45, 0.446, 0.454], [0.447, 0.454, 0.446, 0.467, 1.0, 0.452, 0.453, 0.45], [0.451, 0.456, 0.456, 0.45, 0.452, 1.0, 0.464, 0.456], [0.456, 0.454, 0.459, 0.446, 0.453, 0.464, 1.0, 0.455], [0.464, 0.452, 0.452, 0.454, 0.45, 0.456, 0.455, 0.997]]"
0.4555,0.0722,0.05,0.0442,0.8053,15.9293,"[-0.218, 0.241, 1.442, 1.279, 1.889, 1.466, 0.591, -0.575, -0.768, -0.606, -1.326, -1.441, -1.234, -0.323, 0.194, 0.799, 1.491, 1.712, 1.494, 0.65, 0.252, -0.306, -0.781, -0.86, -0.934, -1.27, -0.873, -0.828, 0.097, 0.676, 1.101, 1.597, 1.237, 0.5, 0.612, 0.048, -0.783, -1.327, -1.679, -1.539, -0.668, -0.539, 0.806, 1.133, 1.393, 2.134, 1.627, 0.788, 0.047, -0.458, -0.961, -1.519, -1.736, -1.226, -0.633, 0.212, 0.42, 1.125, 0.887, 1.667, 1.008, 0.89, 0.192, -0.51, -1.382, -1.557, -1.686, -1.383, -0.476, -0.24, 0.33, 1.209, 1.466, 1.949, 1.459, 0.231, 0.303, -0.374, -0.667, -1.449, -1.159, -1.266, -0.611, -0.315, 0.248, 1.332, 1.413, 1.103, 1.351, -0.046, -0.202, -1.053, -0.847, -1.532, -1.392, -1.039, -0.39, 0.225, 0.884, 1.111]","[[0.923, 0.538, 0.355, 0.485, 0.469, 0.417, 0.518, 0.41], [0.538, 0.982, 0.479, 0.478, 0.421, 0.535, 0.469, 0.488], [0.355, 0.479, 1.0, 0.422, 0.438, 0.46, 0.447, 0.412], [0.485, 0.478, 0.422, 0.995, 0.417, 0.435, 0.497, 0.452], [0.469, 0.421, 0.438, 0.417, 0.968, 0.393, 0.497, 0.482], [0.417, 0.535, 0.46, 0.435, 0.393, 0.965, 0.475, 0.407], [0.518, 0.469, 0.447, 0.497, 0.497, 0.475, 1.0, 0.494], [0.41, 0.488, 0.412, 0.452, 0.482, 0.407, 0.494, 0.981]]"
0.4555,0.0722,0.1,0.0185,0.7943,18.4416,"[0.077, 0.842, 1.882, 1.206, 0.988, 1.938, 0.594, -0.323, -0.502, -1.349, -1.567, -0.112, -1.576, -1.264, 0.714, 0.538, 1.366, 1.76, 0.509, 1.617, 0.217, 0.797, -1.169, -0.451, -0.574, -1.612, -1.106, -0.607, 0.962, 0.904, 1.527, 1.38, 1.586, 1.242, 0.103, 0.633, -0.957, -0.77, -2.085, -0.988, -0.403, -0.219, 0.841, 0.542, 1.544, 0.695, 1.382, 0.5, 0.268, 0.338, -0.067, -1.971, -0.832, -0.586, -0.693, 0.426, 0.194, 0.717, 1.095, 1.809, 1.212, 0.456, -0.131, -0.449, -1.436, -1.033, -0.85, -0.747, 0.684, 0.053, 1.345, 1.139, 1.245, 1.501, 1.29, 0.666, -0.44, -1.035, -0.515, -0.982, -0.544, -1.374, -0.926, -0.625, 1.12, 0.669, 1.397, 1.58, 0.365, 1.026, 0.505, -0.5, -1.19, -1.44, -0.712, -1.088, -0.602, -0.293, -0.716, 1.726]","[[1.0, 0.415, 0.497, 0.557, 0.515, 0.415, 0.411, 0.518], [0.415, 0.811, 0.451, 0.536, 0.497, 0.46, 0.555, 0.394], [0.497, 0.451, 1.0, 0.367, 0.436, 0.454, 0.441, 0.419], [0.557, 0.536, 0.367, 1.0, 0.45, 0.505, 0.427, 0.427], [0.515, 0.497, 0.436, 0.45, 0.859, 0.407, 0.44, 0.51], [0.415, 0.46, 0.454, 0.505, 0.407, 1.0, 0.478, 0.411], [0.411, 0.555, 0.441, 0.427, 0.44, 0.478, 1.0, 0.563], [0.518, 0.394, 0.419, 0.427, 0.51, 0.411, 0.563, 0.884]]"
0.4555,0.0878,0.01,0.0143,0.8649,16.8482,"[-0.031, 0.796, 1.299, 1.523, 1.162, 0.645, -0.24, -0.877, -1.511, -1.385, -1.01, -0.417, 0.478, 1.066, 1.417, 1.345, 0.816, 0.089, -0.693, -1.148, -1.442, -1.207, -0.589, 0.171, 0.825, 1.402, 1.49, 1.139, 0.416, -0.424, -1.068, -1.342, -1.368, -0.94, -0.032, 0.587, 1.15, 1.471, 1.271, 0.697, -0.058, -0.855, -1.349, -1.467, -1.102, -0.423, 0.388, 0.988, 1.355, 1.425, 0.909, 0.163, -0.666, -1.119, -1.439, -1.258, -0.715, 0.041, 0.787, 1.309, 1.399, 1.065, 0.629, -0.271, -1.003, -1.439, -1.349, -0.982, -0.326, 0.492, 1.162, 1.427, 1.358, 0.903, 0.02, -0.742, -1.322, -1.461, -1.293, -0.528, 0.136, 0.887, 1.382, 1.488, 0.997, 0.343, -0.425, -1.135, -1.443, -1.425, -0.882, -0.05, 0.706, 1.223, 1.405, 1.224, 0.574, -0.142, -0.892, -1.376]","[[1.0, 0.466, 0.469, 0.447, 0.471, 0.456, 0.458, 0.446], [0.466, 1.0, 0.47, 0.459, 0.467, 0.455, 0.461, 0.456], [0.469, 0.47, 1.0, 0.448, 0.453, 0.454, 0.459, 0.459], [0.447, 0.459, 0.448, 1.0, 0.444, 0.465, 0.454, 0.445], [0.471, 0.467, 0.453, 0.444, 0.993, 0.463, 0.456, 0.454], [0.456, 0.455, 0.454, 0.465, 0.463, 1.0, 0.455, 0.455], [0.458, 0.461, 0.459, 0.454, 0.456, 0.455, 1.0, 0.45], [0.446, 0.456, 0.459, 0.445, 0.454, 0.455, 0.45, 1.0]]"
0.4555,0.0878,0.05,0.0301,0.8073,17.3356,"[-0.363, 0.788, 0.901, 0.912, 1.325, 0.269, -0.134, -0.916, -1.354, -1.566, -1.044, -0.477, 0.715, 1.007, 1.381, 1.516, 0.667, -0.377, -0.966, -1.002, -1.434, -1.139, -0.537, 0.619, 0.385, 1.336, 1.433, 1.056, 0.581, -0.205, -1.136, -1.854, -0.73, -0.882, -0.12, 0.954, 1.131, 1.778, 1.174, 1.132, 0.012, -1.016, -0.797, -1.288, -1.261, -0.802, 0.517, 1.379, 1.514, 1.464, 1.325, 0.362, -0.738, -1.343, -1.314, -1.16, -0.465, 0.123, 0.958, 1.4, 1.689, 1.34, 0.452, -0.32, -0.9, -1.371, -1.073, -0.936, -0.639, 0.212, 1.087, 1.627, 1.136, 0.96, -0.151, -0.688, -1.177, -1.739, -1.096, -0.179, 0.153, 0.947, 1.441, 1.442, 1.046, 0.339, -0.832, -0.989, -1.705, -1.252, -0.68, -0.01, 0.444, 1.324, 1.402, 1.087, 1.163, -0.356, -0.748, -0.972]","[[0.93, 0.429, 0.416, 0.443, 0.501, 0.443, 0.396, 0.475], [0.429, 1.0, 0.542, 0.448, 0.528, 0.442, 0.46, 0.409], [0.416, 0.542, 1.0, 0.479, 0.524, 0.447, 0.497, 0.394], [0.443, 0.448, 0.479, 1.0, 0.472, 0.469, 0.452, 0.439], [0.501, 0.528, 0.524, 0.472, 1.0, 0.413, 0.498, 0.457], [0.443, 0.442, 0.447, 0.469, 0.413, 1.0, 0.462, 0.428], [0.396, 0.46, 0.497, 0.452, 0.498, 0.462, 1.0, 0.451], [0.475, 0.409, 0.394, 0.439, 0.457, 0.428, 0.451, 0.897]]"
0.4555,0.0878,0.1,-0.0305,0.7726,17.9089,"[-0.466, 1.548, 1.295, 1.731, 1.38, 0.491, -0.684, -1.234, -0.411, -1.676, -0.15, -0.52, 0.319, 1.166, 1.355, 0.86, 0.815, -0.665, -0.519, -1.153, -1.09, -1.461, -0.241, 0.388, 0.968, 2.356, 1.661, 0.829, 1.15, -0.156, -0.192, -2.359, -1.507, -1.029, -1.086, 0.721, 1.043, 0.456, 0.867, 1.367, 0.353, -1.203, -1.712, -1.008, -2.091, -0.153, -0.574, 1.854, 1.746, 0.459, 0.745, 0.371, -1.567, -1.211, -1.212, -2.319, -0.363, -0.032, 1.247, 1.195, 0.919, 0.576, 0.361, -0.367, -0.449, -1.539, -2.182, -1.218, -1.045, 0.682, 1.437, 1.822, 1.166, 0.447, -0.215, -0.773, -1.535, -0.648, -1.378, -0.634, -0.173, 0.563, 0.741, 0.905, 1.976, 0.624, -0.61, -1.43, -0.819, -1.763, -1.707, 0.126, 0.202, 0.603, 0.909, 1.442, 0.595, -0.624, -0.637, -1.767]","[[0.922, 0.443, 0.528, 0.46, 0.599, 0.472, 0.501, 0.309], [0.443, 0.975, 0.532, 0.392, 0.467, 0.442, 0.458, 0.516], [0.528, 0.532, 1.0, 0.557, 0.39, 0.464, 0.57, 0.464], [0.46, 0.392, 0.557, 1.0, 0.527, 0.515, 0.48, 0.494], [0.599, 0.467, 0.39, 0.527, 1.0, 0.479, 0.464, 0.456], [0.472, 0.442, 0.464, 0.515, 0.479, 0.996, 0.424, 0.392], [0.501, 0.458, 0.57, 0.48, 0.464, 0.424, 0.852, 0.515], [0.309, 0.516, 0.464, 0.494, 0.456, 0.392, 0.515, 0.983]]"
0.4555,0.1033,0.01,0.0363,0.8439,19.5339,"[-0.101, 0.88, 1.492, 1.381, 0.695, -0.129, -0.947, -1.521, -1.304, -0.555, 0.226, 1.088, 1.442, 1.192, 0.547, -0.389, -1.21, -1.505, -1.058, -0.294, 0.591, 1.308, 1.472, 0.975, 0.153, -0.727, -1.438, -1.427, -0.944, -0.022, 0.799, 1.415, 1.375, 0.775, -0.098, -0.944, -1.442, -1.302, -0.681, 0.238, 1.161, 1.44, 1.228, 0.503, -0.402, -1.205, -1.478, -1.094, -0.436, 0.573, 1.219, 1.344, 1.036, 0.155, -0.768, -1.2, -1.39, -0.899, -0.064, 0.771, 1.376, 1.357, 0.709, -0.002, -0.955, -1.465, -1.311, -0.743, 0.196, 1.138, 1.421, 1.244, 0.541, -0.4, -1.186, -1.342, -1.196, -0.436, 0.56, 1.181, 1.499, 1.051, 0.249, -0.66, -1.334, -1.378, -0.919, -0.066, 0.73, 1.357, 1.379, 0.918, -0.132, -0.96, -1.363, -1.377, -0.734, 0.296, 1.058, 1.487]","[[1.0, 0.452, 0.458, 0.457, 0.458, 0.462, 0.456, 0.466], [0.452, 0.982, 0.45, 0.46, 0.46, 0.463, 0.469, 0.448], [0.458, 0.45, 1.0, 0.475, 0.467, 0.449, 0.455, 0.45], [0.457, 0.46, 0.475, 1.0, 0.451, 0.454, 0.455, 0.46], [0.458, 0.46, 0.467, 0.451, 0.996, 0.46, 0.46, 0.451], [0.462, 0.463, 0.449, 0.454, 0.46, 1.0, 0.456, 0.45], [0.456, 0.469, 0.455, 0.455, 0.46, 0.456, 0.998, 0.462], [0.466, 0.448, 0.45, 0.46, 0.451, 0.45, 0.462, 0.987]]"
0.4555,0.1033,0.05,0.0344,0.8692,18.6644,"[0.284, 1.217, 1.242, 1.036, 0.746, -0.282, -1.049, -1.412, -1.522, -0.205, 0.142, 1.336, 1.23, 1.228, 0.591, -0.416, -1.259, -1.577, -1.223, -0.501, 0.675, 1.733, 1.53, 1.167, 0.453, -0.84, -1.793, -1.409, -0.69, 0.472, 0.61, 1.668, 1.429, 0.683, -0.383, -1.12, -1.286, -0.998, -1.328, 0.401, 0.938, 1.33, 1.333, 0.988, -0.6, -1.201, -1.849, -1.031, -0.534, 0.958, 1.351, 1.373, 0.971, 0.304, -0.528, -1.622, -1.454, -0.928, -0.008, 1.157, 1.028, 1.613, 0.897, -0.216, -0.749, -1.519, -1.77, -1.533, -0.061, 0.925, 1.49, 1.394, 0.471, -0.744, -1.254, -1.51, -0.725, -0.252, 0.122, 1.166, 1.622, 1.066, -0.163, -0.47, -1.226, -1.463, -1.153, 0.162, 0.352, 0.986, 1.201, 0.906, -0.402, -1.064, -1.502, -1.244, -0.77, 0.144, 0.863, 1.716]","[[0.974, 0.471, 0.42, 0.446, 0.439, 0.457, 0.39, 0.501], [0.471, 0.948, 0.532, 0.416, 0.465, 0.474, 0.426, 0.43], [0.42, 0.532, 0.885, 0.409, 0.464, 0.517, 0.443, 0.427], [0.446, 0.416, 0.409, 1.0, 0.467, 0.435, 0.488, 0.472], [0.439, 0.465, 0.464, 0.467, 1.0, 0.388, 0.405, 0.439], [0.457, 0.474, 0.517, 0.435, 0.388, 0.916, 0.443, 0.453], [0.39, 0.426, 0.443, 0.488, 0.405, 0.443, 0.919, 0.413], [0.501, 0.43, 0.427, 0.472, 0.439, 0.453, 0.413, 0.967]]"
0.4555,0.1033,0.1,0.0474,0.8931,19.8513,"[-0.34, 0.841, 1.689, 1.15, 1.332, 0.723, -1.436, -0.841, -1.299, -0.429, 0.236, 1.711, 1.626, 1.038, 0.27, -1.05, -1.481, -0.844, -0.58, -0.652, 0.043, 1.751, 1.654, 0.03, 1.622, -0.722, -0.491, -1.323, -1.424, 0.067, 0.122, 1.33, 0.82, 0.678, 0.002, -0.826, -2.16, -1.626, -1.635, 0.583, 1.183, 0.863, 1.932, 0.741, -0.473, -1.414, -1.774, -1.535, 0.225, 0.701, 0.736, 2.092, 0.995, -0.247, 0.287, -1.877, -1.83, -0.928, 0.1, 0.454, 0.279, 1.391, 0.282, -0.271, -1.356, -1.965, -1.45, -0.99, -0.177, 1.544, 0.95, 1.119, 0.517, -1.237, -1.718, -1.475, -1.198, -0.785, 0.523, 1.379, 1.741, 1.394, 0.847, -0.62, -2.011, -1.572, -1.586, 0.331, 1.492, 1.371, 1.965, 1.378, 0.091, -0.664, -0.943, -2.028, -0.577, 0.49, 0.323, 2.4]","[[0.905, 0.392, 0.45, 0.383, 0.399, 0.522, 0.462, 0.512], [0.392, 0.884, 0.579, 0.392, 0.593, 0.517, 0.393, 0.455], [0.45, 0.579, 1.0, 0.243, 0.484, 0.438, 0.488, 0.575], [0.383, 0.392, 0.243, 1.0, 0.532, 0.442, 0.357, 0.444], [0.399, 0.593, 0.484, 0.532, 1.0, 0.561, 0.514, 0.34], [0.522, 0.517, 0.438, 0.442, 0.561, 0.967, 0.468, 0.335], [0.462, 0.393, 0.488, 0.357, 0.514, 0.468, 0.982, 0.466], [0.512, 0.455, 0.575, 0.444, 0.34, 0.335, 0.466, 0.956]]"
0.4555,0.1189,0.01,0.0168,0.7586,21.0853,"[0.099, 0.963, 1.432, 1.148, 0.157, -0.807, -1.384, -1.191, -0.374, 0.638, 1.338, 1.352, 0.668, -0.413, -1.255, -1.47, -0.805, 0.207, 1.084, 1.528, 1.021, -0.041, -0.919, -1.482, -1.18, -0.262, 0.832, 1.407, 1.311, 0.39, -0.647, -1.336, -1.407, -0.685, 0.419, 1.194, 1.393, 0.869, -0.269, -1.051, -1.448, -1.028, -0.088, 0.978, 1.437, 1.239, 0.197, -0.759, -1.4, -1.279, -0.428, 0.496, 1.256, 1.363, 0.607, -0.237, -1.171, -1.409, -0.849, 0.195, 1.051, 1.437, 1.071, 0.066, -0.966, -1.468, -1.176, -0.267, 0.673, 1.384, 1.305, 0.457, -0.513, -1.318, -1.437, -0.752, 0.349, 1.25, 1.457, 1.007, -0.046, -1.033, -1.491, -1.018, -0.16, 0.933, 1.315, 1.188, 0.272, -0.724, -1.461, -1.32, -0.531, 0.475, 1.283, 1.41, 0.752, -0.225, -1.218, -1.417]","[[0.999, 0.448, 0.472, 0.465, 0.45, 0.463, 0.465, 0.456], [0.448, 0.99, 0.458, 0.466, 0.46, 0.466, 0.467, 0.467], [0.472, 0.458, 0.987, 0.466, 0.456, 0.451, 0.455, 0.455], [0.465, 0.466, 0.466, 1.0, 0.451, 0.452, 0.453, 0.463], [0.45, 0.46, 0.456, 0.451, 0.998, 0.458, 0.461, 0.452], [0.463, 0.466, 0.451, 0.452, 0.458, 0.984, 0.444, 0.448], [0.465, 0.467, 0.455, 0.453, 0.461, 0.444, 1.0, 0.458], [0.456, 0.467, 0.455, 0.463, 0.452, 0.448, 0.458, 0.99]]"
0.4555,0.1189,0.05,0.0019,0.8817,20.2895,"[-0.252, 0.806, 0.961, 1.385, 0.277, -0.524, -1.217, -1.141, -0.242, 0.657, 1.676, 1.233, 0.642, -0.481, -0.746, -1.582, -0.517, -0.148, 1.147, 1.408, 0.756, -0.136, -0.841, -1.533, -1.401, -0.028, 0.783, 1.493, 1.554, 0.855, -1.164, -1.365, -1.79, 0.007, 0.419, 1.478, 1.273, 0.775, 0.113, -0.973, -1.035, -1.241, -0.115, 1.072, 1.612, 1.282, -0.048, -0.998, -1.316, -1.68, -0.719, 0.573, 1.131, 1.438, 0.679, -0.549, -1.409, -1.116, -0.792, 0.194, 1.095, 1.228, 0.913, -0.509, -1.079, -1.596, -1.058, -0.463, 0.933, 1.328, 1.345, 0.519, -0.361, -1.011, -1.637, -0.288, 0.108, 1.155, 1.308, 1.289, -0.367, -0.882, -2.008, -0.871, -0.17, 0.802, 1.264, 1.196, 0.253, -1.083, -1.58, -1.122, -0.655, 0.31, 1.311, 1.521, 0.917, -0.208, -0.881, -1.432]","[[0.98, 0.446, 0.51, 0.486, 0.451, 0.457, 0.463, 0.425], [0.446, 0.937, 0.434, 0.371, 0.417, 0.41, 0.429, 0.42], [0.51, 0.434, 0.973, 0.456, 0.434, 0.44, 0.465, 0.461], [0.486, 0.371, 0.456, 0.916, 0.446, 0.43, 0.487, 0.396], [0.451, 0.417, 0.434, 0.446, 0.973, 0.456, 0.475, 0.461], [0.457, 0.41, 0.44, 0.43, 0.456, 0.982, 0.419, 0.41], [0.463, 0.429, 0.465, 0.487, 0.475, 0.419, 0.973, 0.435], [0.425, 0.42, 0.461, 0.396, 0.461, 0.41, 0.435, 1.0]]"
0.4555,0.1189,0.1,-0.0083,0.7359,19.6563,"[0.153, 0.622, 2.351, 0.756, -0.611, -0.733, -1.135, -1.416, 0.182, 0.71, 0.939, 1.064, 0.721, -0.371, -0.643, -1.006, -1.623, 0.108, 0.5, 2.182, 0.524, 0.132, -1.315, -2.438, -1.787, -0.377, 1.073, 1.675, 0.615, 0.626, -0.117, -1.081, -1.552, -0.65, 0.458, 1.933, 2.28, 1.186, -0.136, -1.117, -1.418, -0.93, -0.319, 1.927, 1.049, 1.825, -0.816, -0.9, -1.571, -1.18, -0.68, 1.257, 1.204, 0.866, 0.218, -0.589, -0.856, -0.982, -1.489, -0.268, 0.549, 1.313, 1.535, 0.177, -0.645, -1.068, -1.489, -0.953, 0.443, 1.804, 1.61, 0.566, -0.061, -1.24, -1.556, -1.512, 0.958, 1.153, 1.214, 0.861, 0.648, -0.565, -1.635, -0.84, 0.492, 1.07, 1.497, 0.167, 0.965, -1.224, -2.32, -2.223, -0.982, 0.75, 1.879, 1.57, 1.622, -0.494, -1.299, -2.377]","[[1.0, 0.313, 0.284, 0.364, 0.543, 0.622, 0.389, 0.526], [0.313, 1.0, 0.434, 0.563, 0.392, 0.376, 0.34, 0.324], [0.284, 0.434, 0.858, 0.443, 0.501, 0.465, 0.464, 0.47], [0.364, 0.563, 0.443, 0.947, 0.428, 0.496, 0.445, 0.531], [0.543, 0.392, 0.501, 0.428, 0.889, 0.533, 0.494, 0.445], [0.622, 0.376, 0.465, 0.496, 0.533, 1.0, 0.521, 0.407], [0.389, 0.34, 0.464, 0.445, 0.494, 0.521, 0.793, 0.441], [0.526, 0.324, 0.47, 0.531, 0.445, 0.407, 0.441, 1.0]]"
0.4555,0.1344,0.01,0.0033,0.7701,22.0712,"[0.077, 1.071, 1.505, 0.854, -0.261, -1.231, -1.355, -0.52, 0.65, 1.459, 1.177, 0.198, -0.961, -1.522, -0.97, 0.076, 1.161, 1.453, 0.71, -0.481, -1.393, -1.251, -0.426, 0.832, 1.505, 1.038, 0.02, -1.086, -1.436, -0.911, 0.244, 1.263, 1.35, 0.557, -0.584, -1.48, -1.235, -0.262, 0.921, 1.425, 0.952, -0.092, -1.021, -1.433, -0.773, 0.413, 1.38, 1.277, 0.486, -0.844, -1.424, -1.107, -0.043, 1.067, 1.466, 0.954, -0.312, -1.277, -1.411, -0.527, 0.615, 1.421, 1.241, 0.314, -0.966, -1.472, -1.051, 0.047, 1.118, 1.462, 0.783, -0.351, -1.421, -1.263, -0.492, 0.794, 1.405, 1.184, 0.068, -1.065, -1.426, -1.061, 0.162, 1.262, 1.381, 0.594, -0.478, -1.281, -1.27, -0.249, 0.931, 1.448, 1.042, -0.026, -1.181, -1.413, -0.822, 0.375, 1.301, 1.311]","[[0.989, 0.449, 0.443, 0.453, 0.461, 0.468, 0.459, 0.446], [0.449, 1.0, 0.46, 0.462, 0.461, 0.451, 0.448, 0.451], [0.443, 0.46, 1.0, 0.461, 0.465, 0.446, 0.456, 0.451], [0.453, 0.462, 0.461, 1.0, 0.445, 0.447, 0.448, 0.451], [0.461, 0.461, 0.465, 0.445, 0.999, 0.46, 0.454, 0.457], [0.468, 0.451, 0.446, 0.447, 0.46, 1.0, 0.454, 0.435], [0.459, 0.448, 0.456, 0.448, 0.454, 0.454, 0.996, 0.466], [0.446, 0.451, 0.451, 0.451, 0.457, 0.435, 0.466, 1.0]]"
0.4555,0.1344,0.05,0.0273,0.67,21.9094,"[0.08, 0.958, 1.469, 0.528, -0.22, -1.706, -1.681, -0.704, 1.043, 1.134, 1.29, -0.323, -0.945, -1.022, -0.856, -0.366, 1.194, 1.303, 1.008, -0.513, -1.71, -1.338, -0.556, 0.257, 1.396, 1.116, 0.136, -0.807, -1.52, -1.239, 0.093, 1.261, 1.682, 0.565, -0.662, -1.458, -1.231, 0.245, 0.899, 1.388, 1.021, -0.281, -1.55, -1.863, -0.918, 0.745, 1.625, 1.042, 0.381, -0.73, -1.615, -0.813, 0.109, 1.123, 1.47, 0.505, 0.077, -1.1, -1.288, -0.786, 0.429, 1.511, 1.526, 0.704, -1.072, -1.492, -1.563, -0.544, 1.265, 1.222, 0.278, -0.702, -1.231, -1.242, -0.869, 1.037, 1.252, 1.234, 0.131, -1.007, -1.689, -0.934, 0.29, 1.174, 1.427, 0.913, -0.672, -1.211, -1.323, 0.044, 0.504, 1.774, 0.935, 0.497, -1.0, -1.229, -0.846, 0.542, 1.469, 1.318]","[[1.0, 0.464, 0.483, 0.427, 0.403, 0.467, 0.52, 0.519], [0.464, 1.0, 0.47, 0.503, 0.463, 0.441, 0.449, 0.444], [0.483, 0.47, 1.0, 0.535, 0.4, 0.448, 0.427, 0.455], [0.427, 0.503, 0.535, 1.0, 0.462, 0.453, 0.487, 0.401], [0.403, 0.463, 0.4, 0.462, 0.959, 0.456, 0.434, 0.415], [0.467, 0.441, 0.448, 0.453, 0.456, 1.0, 0.491, 0.435], [0.52, 0.449, 0.427, 0.487, 0.434, 0.491, 1.0, 0.467], [0.519, 0.444, 0.455, 0.401, 0.415, 0.435, 0.467, 0.976]]"
0.4555,0.1344,0.1,-0.0065,0.827,23.4905,"[0.246, 0.593, 1.551, 0.31, -1.242, -1.456, -1.132, -0.915, 0.734, 1.228, 0.689, 0.471, -1.277, -1.268, -1.712, 0.221, 1.495, 1.595, 1.147, -0.165, -1.2, -0.881, -0.568, 1.058, 1.451, 2.04, 0.177, -1.704, -1.323, -1.339, 0.667, 1.639, 1.073, 0.045, -0.562, -1.851, -1.648, -0.486, 1.232, 0.712, 0.634, 1.088, -0.182, -0.823, -0.715, 0.826, 1.141, -0.031, 0.136, -1.0, -1.419, -0.899, 0.744, 1.049, 0.951, 0.798, 0.059, -1.301, -1.792, -0.339, 0.021, 0.948, 1.458, -0.12, -1.064, -1.444, -1.061, -0.413, 1.299, 0.976, 1.597, -0.612, -1.013, -0.971, -0.637, 0.244, 1.791, 0.454, -0.513, -0.7, -1.555, -1.281, -0.027, 0.826, 2.492, 1.147, -0.967, -1.531, -0.972, -0.8, 0.576, 1.299, 0.627, 0.518, -1.466, -1.5, -0.747, 1.165, 1.256, 2.422]","[[1.0, 0.45, 0.539, 0.426, 0.39, 0.464, 0.483, 0.42], [0.45, 1.0, 0.55, 0.444, 0.474, 0.513, 0.445, 0.455], [0.539, 0.55, 0.922, 0.432, 0.431, 0.462, 0.395, 0.433], [0.426, 0.444, 0.432, 1.0, 0.408, 0.432, 0.391, 0.548], [0.39, 0.474, 0.431, 0.408, 1.0, 0.402, 0.493, 0.431], [0.464, 0.513, 0.462, 0.432, 0.402, 0.978, 0.276, 0.469], [0.483, 0.445, 0.395, 0.391, 0.493, 0.276, 1.0, 0.491], [0.42, 0.455, 0.433, 0.548, 0.431, 0.469, 0.491, 1.0]]"
0.4555,0.15,0.01,-0.0473,0.7617,25.0619,"[0.023, 1.197, 1.403, 0.438, -0.8, -1.479, -0.905, 0.381, 1.353, 1.146, -0.036, -1.236, -1.366, -0.497, 0.883, 1.492, 0.984, -0.472, -1.392, -1.215, -0.059, 1.156, 1.345, 0.391, -0.844, -1.509, -0.827, 0.493, 1.341, 1.247, 0.02, -1.181, -1.473, -0.535, 0.934, 1.521, 0.935, -0.357, -1.315, -1.166, 0.028, 1.143, 1.396, 0.487, -0.817, -1.462, -0.957, 0.374, 1.408, 1.152, 0.033, -1.238, -1.316, -0.497, 0.929, 1.378, 0.886, -0.496, -1.385, -1.124, 0.045, 1.136, 1.354, 0.371, -0.945, -1.497, -0.898, 0.374, 1.374, 1.176, -0.001, -1.217, -1.413, -0.466, 0.896, 1.422, 0.772, -0.466, -1.406, -1.258, -0.02, 1.133, 1.38, 0.471, -0.882, -1.43, -0.871, 0.437, 1.369, 1.168, -0.069, -1.269, -1.328, -0.439, 0.828, 1.509, 0.999, -0.525, -1.386, -1.144]","[[0.999, 0.446, 0.449, 0.458, 0.456, 0.455, 0.453, 0.458], [0.446, 0.991, 0.455, 0.456, 0.456, 0.45, 0.451, 0.466], [0.449, 0.455, 1.0, 0.451, 0.456, 0.459, 0.457, 0.448], [0.458, 0.456, 0.451, 0.98, 0.456, 0.464, 0.462, 0.459], [0.456, 0.456, 0.456, 0.456, 0.993, 0.447, 0.46, 0.454], [0.455, 0.45, 0.459, 0.464, 0.447, 0.998, 0.452, 0.458], [0.453, 0.451, 0.457, 0.462, 0.46, 0.452, 1.0, 0.46], [0.458, 0.466, 0.448, 0.459, 0.454, 0.458, 0.46, 1.0]]"
0.4555,0.15,0.05,0.0079,0.7947,24.8796,"[0.205, 1.019, 1.045, 0.61, -1.125, -1.7, -0.803, 0.634, 1.3, 1.126, -0.028, -1.407, -1.479, -0.854, 1.039, 2.153, 0.871, -0.152, -1.45, -1.514, 0.563, 0.966, 1.621, 0.504, -0.559, -1.472, -1.146, 0.284, 1.972, 1.257, 0.544, -1.269, -1.206, -0.771, 0.863, 2.011, 0.66, -0.622, -1.177, -1.149, 0.474, 1.117, 1.401, 0.529, -1.124, -1.78, -1.203, -0.377, 1.363, 0.852, -0.135, -0.922, -1.621, -0.277, 0.46, 1.284, 1.291, -0.557, -1.062, -0.589, -0.105, 1.011, 0.844, 0.523, -0.761, -1.263, -0.508, 0.193, 1.852, 1.107, 0.091, -1.194, -1.577, -0.749, 0.908, 1.214, 0.8, -0.553, -1.475, -1.627, -0.792, 1.387, 1.666, -0.191, -0.751, -1.401, -1.187, 0.674, 1.669, 1.442, 0.436, -0.927, -1.592, -0.445, 0.952, 1.835, 0.793, -0.608, -1.798, -0.959]","[[0.983, 0.405, 0.493, 0.403, 0.47, 0.479, 0.386, 0.503], [0.405, 1.0, 0.488, 0.481, 0.389, 0.442, 0.398, 0.513], [0.493, 0.488, 1.0, 0.482, 0.433, 0.488, 0.41, 0.42], [0.403, 0.481, 0.482, 1.0, 0.426, 0.458, 0.41, 0.458], [0.47, 0.389, 0.433, 0.426, 1.0, 0.483, 0.458, 0.467], [0.479, 0.442, 0.488, 0.458, 0.483, 1.0, 0.431, 0.435], [0.386, 0.398, 0.41, 0.41, 0.458, 0.431, 0.92, 0.459], [0.503, 0.513, 0.42, 0.458, 0.467, 0.435, 0.459, 1.0]]"
0.4555,0.15,0.1,-0.0419,0.8074,22.6877,"[0.244, 1.366, 1.746, 0.558, -1.168, -1.679, -1.245, 0.219, 1.665, 0.791, 0.535, -1.672, -1.283, -0.032, 1.08, 0.532, 0.922, -0.819, -2.045, -1.066, -0.624, 1.3, 2.112, 0.601, -0.972, -1.536, -0.399, 0.297, 1.152, 0.712, -0.447, -0.731, -1.627, -0.172, 1.173, 0.977, 0.458, -0.161, -1.314, -1.267, 0.231, 1.684, 1.365, 0.165, -0.797, -1.858, -0.784, 0.451, 0.976, 0.975, -0.162, -0.811, -1.822, -0.854, 0.669, 1.737, 1.219, -0.319, -1.027, -0.596, 0.079, 0.777, 1.346, -0.231, -0.658, -1.701, -0.799, 0.407, 1.193, 1.29, -0.062, -1.493, -1.933, -0.272, 0.252, 2.353, 1.499, -1.245, -1.07, -0.608, -0.293, 1.353, 1.322, 0.791, -1.079, -0.948, -0.927, 0.291, 1.708, 1.628, -1.168, -2.63, -1.213, -0.781, 0.195, 1.268, 2.311, -1.115, -0.941, -1.558]","[[0.843, 0.412, 0.393, 0.427, 0.437, 0.434, 0.56, 0.442], [0.412, 0.783, 0.426, 0.639, 0.54, 0.423, 0.428, 0.537], [0.393, 0.426, 0.935, 0.561, 0.543, 0.451, 0.51, 0.334], [0.427, 0.639, 0.561, 0.859, 0.382, 0.51, 0.432, 0.46], [0.437, 0.54, 0.543, 0.382, 1.0, 0.406, 0.428, 0.378], [0.434, 0.423, 0.451, 0.51, 0.406, 0.952, 0.441, 0.467], [0.56, 0.428, 0.51, 0.432, 0.428, 0.441, 1.0, 0.495], [0.442, 0.537, 0.334, 0.46, 0.378, 0.467, 0.495, 0.997]]"
0.5,0.01,0.01,-0.0402,0.8907,11.3025,"[-0.08, 0.014, 0.214, 0.344, 0.438, 0.485, 0.654, 0.619, 0.768, 0.738, 0.725, 0.932, 1.021, 1.105, 1.146, 1.232, 1.354, 1.351, 1.319, 1.269, 1.373, 1.52, 1.448, 1.522, 1.529, 1.497, 1.493, 1.455, 1.585, 1.405, 1.483, 1.436, 1.388, 1.308, 1.193, 1.156, 1.117, 1.112, 1.071, 0.972, 0.895, 0.856, 0.618, 0.528, 0.475, 0.51, 0.273, 0.281, 0.142, 0.102, -0.007, -0.082, -0.208, -0.246, -0.3, -0.4, -0.57, -0.682, -0.713, -0.705, -0.884, -0.914, -0.988, -1.055, -1.092, -1.279, -1.315, -1.312, -1.296, -1.333, -1.429, -1.403, -1.495, -1.529, -1.563, -1.507, -1.514, -1.438, -1.445, -1.45, -1.424, -1.416, -1.446, -1.374, -1.227, -1.22, -1.221, -1.025, -0.942, -0.896, -0.86, -0.789, -0.724, -0.63, -0.521, -0.428, -0.35, -0.445, -0.13, -0.084]","[[0.984, 0.495, 0.489, 0.499, 0.499, 0.495, 0.496, 0.499], [0.495, 1.0, 0.506, 0.5, 0.496, 0.506, 0.499, 0.506], [0.489, 0.506, 1.0, 0.499, 0.51, 0.495, 0.492, 0.506], [0.499, 0.5, 0.499, 0.999, 0.507, 0.493, 0.5, 0.515], [0.499, 0.496, 0.51, 0.507, 0.997, 0.502, 0.495, 0.514], [0.495, 0.506, 0.495, 0.493, 0.502, 1.0, 0.501, 0.498], [0.496, 0.499, 0.492, 0.5, 0.495, 0.501, 0.999, 0.495], [0.499, 0.506, 0.506, 0.515, 0.514, 0.498, 0.495, 1.0]]"
0.5,0.01,0.05,-0.0035,0.9169,9.5184,"[0.189, -0.143, 0.021, 0.319, 0.593, 0.406, 0.309, 0.836, 0.443, 0.88, 0.892, 0.621, 1.471, 1.098, 0.859, 1.226, 0.834, 1.405, 1.573, 2.07, 1.451, 1.288, 1.525, 1.848, 1.622, 1.708, 1.687, 1.615, 1.123, 1.089, 1.032, 1.095, 1.087, 1.779, 1.09, 1.238, 1.095, 1.142, 1.044, 0.642, 1.031, 0.634, 0.544, 0.562, 0.754, 0.307, 0.396, 0.382, 0.252, 0.145, -0.351, -0.062, -0.417, -0.721, -0.489, -0.593, 0.188, -0.395, -0.527, -0.906, -0.928, -0.313, -1.186, -1.03, -0.695, -1.394, -1.229, -1.319, -1.579, -1.201, -1.705, -1.259, -1.366, -1.264, -1.546, -1.403, -1.24, -1.84, -1.776, -1.307, -1.221, -1.361, -1.127, -1.405, -0.95, -1.232, -1.35, -0.737, -0.82, -1.069, -0.989, -0.654, -0.973, -0.559, -0.594, -0.41, -0.878, -0.508, -0.125, 0.169]","[[0.978, 0.484, 0.496, 0.533, 0.462, 0.497, 0.521, 0.5], [0.484, 1.0, 0.504, 0.506, 0.497, 0.482, 0.515, 0.522], [0.496, 0.504, 1.0, 0.484, 0.524, 0.501, 0.465, 0.543], [0.533, 0.506, 0.484, 0.941, 0.511, 0.482, 0.538, 0.461], [0.462, 0.497, 0.524, 0.511, 1.0, 0.526, 0.556, 0.487], [0.497, 0.482, 0.501, 0.482, 0.526, 1.0, 0.526, 0.494], [0.521, 0.515, 0.465, 0.538, 0.556, 0.526, 1.0, 0.515], [0.5, 0.522, 0.543, 0.461, 0.487, 0.494, 0.515, 1.0]]"
0.5,0.01,0.1,-0.0388,0.8703,11.057,"[-0.177, -0.4, -0.026, 0.344, 0.334, -0.051, 1.195, 1.293, 1.665, -0.026, 0.477, 1.082, 1.029, 0.869, 0.728, 0.715, 2.28, 0.601, 0.578, 0.801, 1.523, 1.316, 1.68, 1.135, 1.541, 1.542, 2.284, 2.378, 1.398, 1.88, 1.508, 1.78, 1.55, 1.682, 1.693, 1.426, 1.224, 1.615, 0.959, 0.668, 0.105, 1.016, 1.069, -0.223, 0.245, 0.839, 0.301, 0.309, 0.644, 0.04, 0.192, -0.635, -0.012, -0.95, -1.021, -0.715, -0.278, -0.612, -1.117, -0.365, -0.722, -0.434, -1.472, -0.376, -0.365, -0.758, -1.023, -1.066, -1.192, -2.081, -1.726, -1.505, -1.989, -0.771, -1.247, -0.609, -1.102, -2.187, -0.82, -1.678, -0.744, -0.641, -0.681, -0.778, -1.05, -1.219, -0.213, -0.957, -1.219, -0.735, -0.307, -0.248, -1.266, -0.099, -0.208, -0.636, -0.785, 0.434, 0.576, 0.691]","[[1.0, 0.603, 0.501, 0.5, 0.63, 0.595, 0.613, 0.485], [0.603, 0.924, 0.51, 0.5, 0.538, 0.458, 0.575, 0.544], [0.501, 0.51, 0.938, 0.36, 0.464, 0.565, 0.612, 0.538], [0.5, 0.5, 0.36, 1.0, 0.518, 0.541, 0.425, 0.624], [0.63, 0.538, 0.464, 0.518, 0.933, 0.529, 0.479, 0.487], [0.595, 0.458, 0.565, 0.541, 0.529, 1.0, 0.522, 0.586], [0.613, 0.575, 0.612, 0.425, 0.479, 0.522, 1.0, 0.425], [0.485, 0.544, 0.538, 0.624, 0.487, 0.586, 0.425, 1.0]]"
0.5,0.0256,0.01,0.0479,0.9105,12.9495,"[-0.054, 0.182, 0.49, 0.677, 0.938, 1.144, 1.154, 1.407, 1.391, 1.472, 1.429, 1.403, 1.309, 1.284, 1.172, 0.985, 0.723, 0.503, 0.374, 0.175, -0.092, -0.249, -0.574, -0.77, -0.981, -1.188, -1.297, -1.353, -1.421, -1.48, -1.413, -1.425, -1.35, -1.174, -1.136, -0.852, -0.771, -0.516, -0.363, -0.019, 0.275, 0.397, 0.653, 0.862, 1.046, 1.161, 1.341, 1.508, 1.459, 1.511, 1.488, 1.397, 1.333, 1.169, 1.048, 0.835, 0.559, 0.313, 0.06, -0.094, -0.27, -0.579, -0.771, -0.989, -1.17, -1.162, -1.423, -1.526, -1.54, -1.491, -1.484, -1.364, -1.303, -1.151, -0.983, -0.755, -0.497, -0.261, 0.008, 0.112, 0.361, 0.593, 0.847, 0.981, 1.16, 1.359, 1.473, 1.514, 1.516, 1.449, 1.428, 1.391, 1.24, 1.094, 0.912, 0.641, 0.465, 0.179, -0.012, -0.22]","[[1.0, 0.498, 0.515, 0.502, 0.504, 0.502, 0.494, 0.507], [0.498, 0.996, 0.499, 0.501, 0.49, 0.5, 0.494, 0.505], [0.515, 0.499, 1.0, 0.499, 0.5, 0.489, 0.513, 0.509], [0.502, 0.501, 0.499, 0.998, 0.505, 0.5, 0.487, 0.5], [0.504, 0.49, 0.5, 0.505, 1.0, 0.515, 0.512, 0.498], [0.502, 0.5, 0.489, 0.5, 0.515, 0.993, 0.5, 0.485], [0.494, 0.494, 0.513, 0.487, 0.512, 0.5, 1.0, 0.503], [0.507, 0.505, 0.509, 0.5, 0.498, 0.485, 0.503, 1.0]]"
0.5,0.0256,0.05,0.0403,0.8656,13.3272,"[-0.185, 0.312, 0.015, 0.759, 1.07, 1.319, 1.407, 1.131, 1.073, 1.723, 1.6, 1.595, 1.826, 0.902, 1.62, 0.863, 1.019, 0.597, 0.287, -0.241, -0.273, -0.226, -0.483, -0.548, -1.153, -0.962, -1.272, -1.236, -1.337, -1.616, -1.429, -1.332, -1.169, -0.873, -1.259, -1.215, -0.401, -0.825, -0.012, -0.259, 0.051, 0.424, 0.304, 0.631, 0.639, 1.381, 1.336, 1.433, 1.469, 1.495, 1.357, 1.656, 0.879, 0.828, 1.366, 0.906, 0.123, 0.483, -0.23, 0.252, -0.082, -0.018, -0.834, -1.26, -1.264, -1.401, -1.286, -1.916, -1.497, -1.748, -1.584, -1.033, -1.016, -0.939, -0.789, -0.816, -0.545, -0.695, -0.371, 0.209, 0.134, 0.811, 0.835, 0.96, 1.043, 1.437, 1.589, 1.259, 1.369, 1.435, 1.507, 1.411, 1.182, 1.227, 0.831, 0.308, 0.768, 0.443, -0.386, -0.236]","[[1.0, 0.479, 0.531, 0.489, 0.5, 0.502, 0.514, 0.479], [0.479, 0.955, 0.514, 0.503, 0.553, 0.523, 0.555, 0.504], [0.531, 0.514, 0.941, 0.483, 0.461, 0.47, 0.492, 0.532], [0.489, 0.503, 0.483, 1.0, 0.557, 0.491, 0.528, 0.461], [0.5, 0.553, 0.461, 0.557, 0.964, 0.529, 0.469, 0.511], [0.502, 0.523, 0.47, 0.491, 0.529, 0.94, 0.399, 0.505], [0.514, 0.555, 0.492, 0.528, 0.469, 0.399, 0.983, 0.529], [0.479, 0.504, 0.532, 0.461, 0.511, 0.505, 0.529, 0.988]]"
0.5,0.0256,0.1,-0.0234,0.9058,11.5126,"[-0.908, 0.826, -0.11, 1.181, 1.454, 0.468, 0.614, 1.156, 1.899, 1.189, 1.546, 1.22, 1.799, 0.987, 0.809, 0.487, 0.281, 1.133, 0.194, -0.34, -0.94, -0.478, -0.982, -1.291, -1.367, -1.088, -1.869, -1.548, -1.022, -1.774, -2.024, -0.92, -1.41, -1.337, -0.84, -0.967, -0.688, -1.289, -0.691, 0.9, -0.311, 0.478, 1.538, 1.217, 1.202, 0.813, 1.027, 1.275, 1.652, 2.136, 1.536, 1.131, 1.271, 1.449, 1.195, 0.714, 0.069, 0.942, 0.036, 0.049, -0.65, -0.894, -0.51, -1.589, -1.71, -0.518, -0.97, -1.25, -2.032, -1.384, -1.492, -1.6, -1.311, -1.837, -1.983, -0.602, -0.452, -0.176, 0.322, 0.433, 1.156, 1.228, 0.877, 1.114, 1.307, 0.558, 1.88, 1.772, 0.671, 2.257, 1.213, 1.272, 1.136, 0.964, 2.062, 0.527, 0.271, 0.208, -0.466, -0.135]","[[0.941, 0.432, 0.441, 0.452, 0.323, 0.497, 0.492, 0.601], [0.432, 1.0, 0.545, 0.39, 0.46, 0.561, 0.519, 0.575], [0.441, 0.545, 0.94, 0.567, 0.453, 0.481, 0.552, 0.451], [0.452, 0.39, 0.567, 1.0, 0.489, 0.59, 0.508, 0.44], [0.323, 0.46, 0.453, 0.489, 0.881, 0.374, 0.44, 0.468], [0.497, 0.561, 0.481, 0.59, 0.374, 0.926, 0.529, 0.544], [0.492, 0.519, 0.552, 0.508, 0.44, 0.529, 0.998, 0.402], [0.601, 0.575, 0.451, 0.44, 0.468, 0.544, 0.402, 1.0]]"
0.5,0.0411,0.01,-0.0062,0.8886,14.2804,"[-0.031, 0.367, 0.751, 1.003, 1.334, 1.505, 1.445, 1.449, 1.414, 1.148, 0.714, 0.502, -0.108, -0.291, -0.728, -0.981, -1.243, -1.417, -1.468, -1.496, -1.378, -1.089, -0.847, -0.532, -0.134, 0.247, 0.612, 0.978, 1.176, 1.478, 1.503, 1.391, 1.388, 1.129, 0.897, 0.554, 0.222, -0.165, -0.561, -0.811, -1.218, -1.31, -1.414, -1.474, -1.376, -1.166, -0.964, -0.645, -0.273, 0.151, 0.49, 0.82, 1.091, 1.304, 1.441, 1.466, 1.425, 1.211, 1.02, 0.775, 0.374, -0.126, -0.469, -0.867, -1.091, -1.312, -1.452, -1.552, -1.471, -1.235, -1.022, -0.775, -0.437, 0.007, 0.387, 0.686, 1.042, 1.27, 1.415, 1.478, 1.469, 1.319, 1.149, 0.796, 0.474, -0.014, -0.325, -0.714, -0.975, -1.248, -1.348, -1.544, -1.505, -1.327, -1.135, -0.886, -0.475, -0.14, 0.293, 0.554]","[[1.0, 0.496, 0.496, 0.503, 0.508, 0.487, 0.481, 0.513], [0.496, 0.983, 0.487, 0.499, 0.511, 0.502, 0.495, 0.5], [0.496, 0.487, 1.0, 0.5, 0.498, 0.501, 0.504, 0.496], [0.503, 0.499, 0.5, 0.995, 0.488, 0.501, 0.499, 0.49], [0.508, 0.511, 0.498, 0.488, 1.0, 0.502, 0.506, 0.491], [0.487, 0.502, 0.501, 0.501, 0.502, 1.0, 0.497, 0.508], [0.481, 0.495, 0.504, 0.499, 0.506, 0.497, 1.0, 0.496], [0.513, 0.5, 0.496, 0.49, 0.491, 0.508, 0.496, 1.0]]"
0.5,0.0411,0.05,0.0209,0.8075,15.9802,"[0.158, 0.078, 0.583, 0.922, 1.234, 1.401, 1.726, 1.703, 1.117, 1.266, 1.139, 0.746, 0.114, -0.336, -1.037, -1.107, -1.629, -1.138, -1.563, -1.493, -1.503, -1.488, -0.669, -0.378, 0.108, -0.178, 0.959, 0.925, 1.414, 0.743, 1.594, 1.464, 1.319, 1.151, 0.75, 0.209, -0.128, -0.192, -0.244, -0.63, -1.124, -1.501, -0.968, -1.32, -1.25, -1.547, -0.884, -0.929, 0.27, -0.074, 0.361, 0.694, 1.05, 1.52, 1.474, 1.507, 1.6, 0.87, 1.183, 0.71, 0.136, -0.04, -0.425, -1.46, -0.757, -1.022, -1.787, -1.688, -1.101, -1.117, -0.945, -0.623, -0.28, -0.256, 0.252, 0.999, 1.221, 1.365, 1.283, 1.747, 1.214, 1.685, 0.905, 0.568, 0.441, 0.106, -0.308, -1.026, -0.906, -1.016, -1.447, -1.884, -1.522, -1.627, -1.612, -0.976, -0.087, -0.136, 0.203, 0.816]","[[1.0, 0.523, 0.483, 0.449, 0.498, 0.479, 0.539, 0.46], [0.523, 1.0, 0.492, 0.482, 0.467, 0.445, 0.448, 0.432], [0.483, 0.492, 0.935, 0.481, 0.425, 0.49, 0.498, 0.514], [0.449, 0.482, 0.481, 0.926, 0.532, 0.485, 0.49, 0.533], [0.498, 0.467, 0.425, 0.532, 1.0, 0.522, 0.518, 0.476], [0.479, 0.445, 0.49, 0.485, 0.522, 0.963, 0.528, 0.508], [0.539, 0.448, 0.498, 0.49, 0.518, 0.528, 0.938, 0.542], [0.46, 0.432, 0.514, 0.533, 0.476, 0.508, 0.542, 0.961]]"
0.5,0.0411,0.1,-0.0373,0.8855,13.6239,"[0.22, 0.579, 1.07, 1.966, 0.394, 1.537, 1.249, 1.438, 1.342, 0.946, 0.251, -0.066, 1.126, -1.013, -0.072, -1.521, -1.207, -0.439, -1.1, -2.19, -1.517, -1.148, -0.332, -0.48, -0.205, 1.12, 1.419, 1.305, 0.907, 0.077, 0.852, 0.71, 1.344, 1.644, 1.886, 1.199, -0.167, -0.071, -0.37, -1.687, -1.619, -1.594, -0.419, -1.297, -2.056, -1.426, -0.724, -0.745, -0.428, 0.502, 1.214, 1.464, 0.992, 1.27, 1.319, 2.024, 1.226, 0.288, 1.237, 0.941, 0.109, 0.853, -0.725, -0.095, -1.77, -1.186, -1.865, -1.536, -1.058, -1.568, -1.391, -0.843, 1.507, 0.112, 0.465, 0.967, 0.199, 1.754, 1.8, 0.608, 2.658, 1.316, 0.528, 0.943, -0.021, -0.753, -0.469, -0.809, -1.799, -1.651, -1.943, -1.676, -1.146, -1.273, -1.145, -1.751, -0.507, -0.659, -0.588, 1.077]","[[0.905, 0.515, 0.515, 0.646, 0.477, 0.511, 0.504, 0.432], [0.515, 0.996, 0.496, 0.513, 0.482, 0.544, 0.514, 0.399], [0.515, 0.496, 1.0, 0.523, 0.407, 0.492, 0.534, 0.519], [0.646, 0.513, 0.523, 0.983, 0.492, 0.56, 0.518, 0.388], [0.477, 0.482, 0.407, 0.492, 1.0, 0.538, 0.569, 0.488], [0.511, 0.544, 0.492, 0.56, 0.538, 1.0, 0.523, 0.513], [0.504, 0.514, 0.534, 0.518, 0.569, 0.523, 0.939, 0.552], [0.432, 0.399, 0.519, 0.388, 0.488, 0.513, 0.552, 0.943]]"
0.5,0.0567,0.01,-0.0633,0.9148,15.7203,"[-0.052, 0.482, 1.036, 1.373, 1.501, 1.48, 1.201, 0.93, 0.473, -0.086, -0.6, -1.101, -1.299, -1.563, -1.446, -1.191, -0.773, -0.29, 0.245, 0.68, 1.231, 1.449, 1.482, 1.402, 1.194, 0.727, 0.186, -0.277, -0.891, -1.158, -1.395, -1.512, -1.325, -1.051, -0.718, -0.155, 0.347, 0.84, 1.289, 1.484, 1.456, 1.355, 0.989, 0.557, 0.14, -0.336, -0.843, -1.269, -1.464, -1.428, -1.294, -1.027, -0.402, -0.028, 0.613, 1.042, 1.422, 1.531, 1.431, 1.304, 0.864, 0.355, -0.217, -0.645, -1.156, -1.298, -1.576, -1.455, -1.212, -0.795, -0.355, 0.276, 0.731, 1.135, 1.373, 1.527, 1.476, 1.27, 0.676, 0.212, -0.407, -0.77, -1.263, -1.422, -1.435, -1.391, -1.118, -0.573, -0.09, 0.347, 0.889, 1.207, 1.513, 1.494, 1.406, 0.957, 0.564, 0.031, -0.481, -0.984]","[[0.992, 0.492, 0.497, 0.497, 0.51, 0.506, 0.493, 0.515], [0.492, 1.0, 0.504, 0.494, 0.498, 0.506, 0.5, 0.504], [0.497, 0.504, 0.998, 0.505, 0.502, 0.499, 0.49, 0.485], [0.497, 0.494, 0.505, 0.993, 0.507, 0.513, 0.506, 0.507], [0.51, 0.498, 0.502, 0.507, 1.0, 0.503, 0.503, 0.487], [0.506, 0.506, 0.499, 0.513, 0.503, 0.983, 0.512, 0.497], [0.493, 0.5, 0.49, 0.506, 0.503, 0.512, 1.0, 0.509], [0.515, 0.504, 0.485, 0.507, 0.487, 0.497, 0.509, 0.992]]"
0.5,0.0567,0.05,0.0271,0.887,15.711,"[-0.156, 0.428, 0.786, 1.229, 1.63, 1.246, 0.966, 0.862, 0.149, 0.24, -0.785, -1.037, -1.244, -1.81, -1.656, -1.371, -0.634, 0.115, 0.652, 1.013, 0.805, 1.176, 1.847, 1.798, 1.355, 0.951, 0.143, 0.148, -0.96, -1.578, -1.226, -1.644, -1.707, -0.874, -1.124, -0.043, 0.261, 1.256, 1.346, 1.721, 1.221, 0.92, 0.936, 0.734, 0.081, -0.176, -0.795, -1.545, -1.357, -1.436, -0.981, -1.188, -0.659, 0.131, 0.906, 0.954, 1.478, 1.497, 1.45, 1.537, 0.909, 0.293, -0.251, -0.715, -1.245, -1.43, -1.482, -1.364, -1.441, -0.909, -0.405, 0.028, 0.578, 1.361, 1.747, 1.422, 1.228, 1.115, 0.744, 0.392, -0.411, -0.939, -0.582, -1.759, -1.272, -0.998, -1.135, -0.529, -0.545, 0.41, 1.172, 1.28, 1.47, 1.922, 1.534, 1.181, 0.35, -0.58, -0.4, -0.955]","[[1.0, 0.52, 0.417, 0.421, 0.441, 0.506, 0.44, 0.494], [0.52, 0.996, 0.531, 0.464, 0.447, 0.509, 0.498, 0.483], [0.417, 0.531, 0.956, 0.537, 0.458, 0.462, 0.525, 0.494], [0.421, 0.464, 0.537, 0.933, 0.502, 0.44, 0.563, 0.485], [0.441, 0.447, 0.458, 0.502, 1.0, 0.514, 0.51, 0.486], [0.506, 0.509, 0.462, 0.44, 0.514, 1.0, 0.536, 0.498], [0.44, 0.498, 0.525, 0.563, 0.51, 0.536, 0.972, 0.562], [0.494, 0.483, 0.494, 0.485, 0.486, 0.498, 0.562, 0.978]]"
0.5,0.0567,0.1,-0.0062,0.8376,16.4796,"[-0.27, 0.332, 0.835, 1.354, 2.128, 0.389, 1.65, 0.671, 0.344, -0.638, -0.587, -1.245, -1.47, -1.203, -1.127, -0.504, -1.126, -0.001, 0.505, 0.739, 1.957, 1.076, 1.575, 1.569, 0.557, 1.382, 0.197, -0.062, 0.013, -1.068, -1.406, -1.465, -1.885, -1.284, -0.743, -0.108, 1.062, 1.321, 0.938, 1.441, 2.192, 0.482, 0.913, -0.072, 1.285, -0.077, -1.18, -1.301, -1.884, -0.483, -2.446, -0.792, -0.529, -0.483, 0.427, 0.193, 2.114, 1.501, 1.918, 1.007, 1.554, 0.421, 0.411, -0.355, -1.089, -0.87, 0.596, -2.002, -1.255, -1.451, -0.105, 0.332, 1.694, 1.007, 1.882, 0.46, 1.482, 0.701, 1.019, 0.795, -0.612, -0.533, -1.373, -1.412, -1.291, -1.872, -1.571, -0.205, -0.464, 1.043, -0.006, 1.717, 1.464, 1.441, 1.403, 0.281, 1.113, -0.184, -0.91, 0.126]","[[1.0, 0.569, 0.515, 0.486, 0.632, 0.445, 0.444, 0.396], [0.569, 1.0, 0.59, 0.474, 0.496, 0.514, 0.534, 0.461], [0.515, 0.59, 0.977, 0.566, 0.488, 0.483, 0.463, 0.425], [0.486, 0.474, 0.566, 1.0, 0.516, 0.428, 0.48, 0.579], [0.632, 0.496, 0.488, 0.516, 0.951, 0.423, 0.542, 0.474], [0.445, 0.514, 0.483, 0.428, 0.423, 1.0, 0.627, 0.45], [0.444, 0.534, 0.463, 0.48, 0.542, 0.627, 0.948, 0.481], [0.396, 0.461, 0.425, 0.579, 0.474, 0.45, 0.481, 1.0]]"
0.5,0.0722,0.01,-0.0024,0.937,18.337,"[-0.007, 0.598, 1.161, 1.484, 1.486, 1.135, 0.575, -0.048, -0.722, -1.264, -1.462, -1.441, -1.17, -0.593, 0.095, 0.674, 1.207, 1.517, 1.402, 1.039, 0.567, -0.139, -0.76, -1.311, -1.506, -1.41, -1.031, -0.349, 0.213, 0.893, 1.413, 1.582, 1.399, 1.061, 0.42, -0.262, -0.84, -1.28, -1.474, -1.379, -0.988, -0.423, 0.32, 0.935, 1.39, 1.427, 1.353, 0.913, 0.309, -0.301, -0.9, -1.32, -1.494, -1.334, -0.821, -0.175, 0.493, 1.028, 1.393, 1.531, 1.337, 0.819, 0.199, -0.311, -1.062, -1.367, -1.518, -1.278, -0.841, -0.203, 0.544, 1.104, 1.519, 1.487, 1.251, 0.748, 0.056, -0.532, -1.123, -1.514, -1.422, -1.242, -0.688, -0.034, 0.621, 1.099, 1.525, 1.431, 1.059, 0.7, 0.041, -0.717, -1.182, -1.413, -1.385, -1.118, -0.569, 0.088, 0.697, 1.159]","[[1.0, 0.491, 0.504, 0.497, 0.499, 0.485, 0.501, 0.508], [0.491, 1.0, 0.497, 0.513, 0.501, 0.508, 0.512, 0.515], [0.504, 0.497, 1.0, 0.487, 0.491, 0.498, 0.503, 0.499], [0.497, 0.513, 0.487, 1.0, 0.504, 0.5, 0.492, 0.489], [0.499, 0.501, 0.491, 0.504, 0.99, 0.492, 0.489, 0.491], [0.485, 0.508, 0.498, 0.5, 0.492, 0.995, 0.505, 0.5], [0.501, 0.512, 0.503, 0.492, 0.489, 0.505, 0.997, 0.498], [0.508, 0.515, 0.499, 0.489, 0.491, 0.5, 0.498, 0.995]]"
0.5,0.0722,0.05,-0.0092,0.7896,18.02,"[-0.249, 0.531, 1.051, 1.438, 1.287, 0.97, 0.743, -0.053, -0.703, -1.226, -1.701, -1.083, -0.607, -0.252, -0.336, 0.585, 1.421, 1.298, 1.251, 0.736, 0.422, -0.362, -1.393, -0.984, -1.388, -1.743, -0.825, -0.432, 0.499, 1.022, 1.105, 1.664, 1.569, 1.268, 0.663, 0.259, -0.644, -1.521, -1.455, -1.633, -0.662, -0.577, 0.87, 0.85, 1.337, 1.384, 1.169, 0.791, 0.37, -0.358, -1.071, -1.294, -1.635, -1.326, -0.44, -0.404, 0.338, 0.715, 1.306, 1.59, 1.167, 0.555, 0.299, -0.347, -0.888, -1.719, -1.149, -1.394, -1.047, 0.099, 0.847, 1.0, 1.218, 1.596, 0.91, 1.388, -0.153, -0.473, -1.155, -1.672, -1.711, -0.932, -0.612, -0.226, 0.47, 0.946, 1.676, 1.698, 1.314, 0.721, 0.157, -1.07, -1.113, -1.2, -1.398, -1.136, -0.769, -0.09, 0.573, 1.269]","[[1.0, 0.488, 0.442, 0.469, 0.537, 0.522, 0.487, 0.562], [0.488, 0.851, 0.502, 0.512, 0.518, 0.526, 0.533, 0.527], [0.442, 0.502, 0.969, 0.526, 0.476, 0.477, 0.486, 0.48], [0.469, 0.512, 0.526, 1.0, 0.558, 0.507, 0.485, 0.573], [0.537, 0.518, 0.476, 0.558, 0.897, 0.548, 0.499, 0.505], [0.522, 0.526, 0.477, 0.507, 0.548, 0.993, 0.511, 0.52], [0.487, 0.533, 0.486, 0.485, 0.499, 0.511, 0.944, 0.483], [0.562, 0.527, 0.48, 0.573, 0.505, 0.52, 0.483, 0.919]]"
0.5,0.0722,0.1,0.0166,0.8162,15.67,"[1.126, 0.371, 0.686, 1.625, 0.946, 1.398, 1.286, -0.581, -0.854, -0.998, -2.086, -1.897, -1.173, 0.418, -0.322, 0.609, 2.483, 1.883, 0.579, 0.962, 0.806, 0.567, -0.098, -0.992, -1.133, -2.059, -1.388, -1.112, 0.724, 1.027, 1.352, 2.268, 1.66, 1.573, 0.792, 0.166, -1.403, -0.837, -1.263, -1.575, -0.622, 0.28, 0.263, 0.549, 0.996, 0.802, 1.264, 1.219, 1.179, -0.766, -0.785, -1.359, -1.503, -2.089, -1.387, 0.647, 0.918, 1.145, 1.622, 1.868, 1.075, 0.635, -0.099, -0.379, -1.617, -1.742, -1.239, -1.449, -1.67, -0.346, 0.786, 1.137, 0.582, 2.002, 1.12, 0.92, 0.627, -0.624, -2.069, -0.564, -2.581, -1.38, -0.056, -0.401, 0.291, 1.041, 1.365, 1.037, 0.864, 1.195, -0.266, -0.406, -1.638, -0.775, -0.987, -1.194, -0.289, 0.813, 0.203, 0.686]","[[0.84, 0.567, 0.445, 0.485, 0.414, 0.534, 0.526, 0.429], [0.567, 1.0, 0.464, 0.48, 0.558, 0.517, 0.473, 0.361], [0.445, 0.464, 0.994, 0.339, 0.468, 0.51, 0.353, 0.353], [0.485, 0.48, 0.339, 1.0, 0.364, 0.504, 0.451, 0.486], [0.414, 0.558, 0.468, 0.364, 1.0, 0.471, 0.557, 0.568], [0.534, 0.517, 0.51, 0.504, 0.471, 1.0, 0.433, 0.516], [0.526, 0.473, 0.353, 0.451, 0.557, 0.433, 1.0, 0.462], [0.429, 0.361, 0.353, 0.486, 0.568, 0.516, 0.462, 1.0]]"
0.5,0.0878,0.01,-0.0099,0.7835,20.2052,"[-0.007, 0.699, 1.352, 1.489, 1.199, 0.661, -0.255, -0.897, -1.474, -1.528, -1.082, -0.263, 0.455, 1.091, 1.504, 1.351, 0.876, 0.04, -0.769, -1.221, -1.541, -1.291, -0.606, 0.038, 0.968, 1.499, 1.513, 1.041, 0.357, -0.42, -1.096, -1.395, -1.32, -0.918, -0.173, 0.618, 1.299, 1.554, 1.292, 0.695, 0.001, -0.839, -1.485, -1.484, -1.132, -0.477, 0.416, 1.048, 1.411, 1.388, 0.998, 0.151, -0.616, -1.183, -1.565, -1.376, -0.844, -0.013, 0.786, 1.341, 1.446, 1.169, 0.582, -0.264, -0.905, -1.476, -1.467, -1.011, -0.317, 0.522, 1.086, 1.472, 1.401, 0.917, 0.114, -0.744, -1.295, -1.481, -1.259, -0.648, 0.221, 0.951, 1.462, 1.344, 1.063, 0.423, -0.425, -1.185, -1.546, -1.389, -0.842, -0.089, 0.691, 1.315, 1.513, 1.302, 0.714, -0.158, -0.943, -1.358]","[[1.0, 0.493, 0.494, 0.491, 0.5, 0.505, 0.503, 0.503], [0.493, 1.0, 0.49, 0.488, 0.494, 0.515, 0.498, 0.497], [0.494, 0.49, 1.0, 0.496, 0.498, 0.507, 0.496, 0.503], [0.491, 0.488, 0.496, 1.0, 0.499, 0.495, 0.492, 0.492], [0.5, 0.494, 0.498, 0.499, 1.0, 0.489, 0.5, 0.502], [0.505, 0.515, 0.507, 0.495, 0.489, 0.988, 0.506, 0.498], [0.503, 0.498, 0.496, 0.492, 0.5, 0.506, 1.0, 0.501], [0.503, 0.497, 0.503, 0.492, 0.502, 0.498, 0.501, 1.0]]"
0.5,0.0878,0.05,0.0059,0.8474,19.8978,"[-0.034, 1.197, 1.358, 1.432, 1.657, 0.367, 0.199, -1.487, -1.533, -1.87, -1.383, -0.209, 0.565, 1.01, 1.895, 1.654, 0.835, -0.379, -0.483, -1.425, -1.426, -1.05, -0.729, 0.497, 0.837, 1.544, 1.658, 1.322, 0.829, -0.629, -1.398, -1.556, -0.638, -0.569, -0.284, 0.571, 1.263, 1.568, 1.449, 0.866, 0.195, -0.372, -1.416, -1.536, -1.233, -0.533, 0.445, 1.223, 1.892, 1.246, 1.054, 0.009, -0.49, -0.558, -1.531, -0.711, -0.968, -0.084, 0.727, 1.396, 1.453, 1.379, -0.154, -0.526, -0.538, -1.794, -1.534, -0.866, -0.303, 0.31, 1.293, 1.7, 1.208, 0.923, 0.257, -0.48, -1.227, -1.07, -1.22, -0.846, 0.154, 1.259, 1.197, 0.902, 1.187, 0.252, 0.108, -1.069, -1.171, -1.509, -0.733, -0.022, 1.031, 1.331, 1.369, 1.532, 0.488, -0.34, -0.91, -1.476]","[[1.0, 0.553, 0.505, 0.44, 0.493, 0.517, 0.503, 0.497], [0.553, 1.0, 0.419, 0.552, 0.482, 0.528, 0.515, 0.489], [0.505, 0.419, 1.0, 0.477, 0.471, 0.498, 0.474, 0.465], [0.44, 0.552, 0.477, 0.976, 0.458, 0.447, 0.484, 0.518], [0.493, 0.482, 0.471, 0.458, 1.0, 0.559, 0.521, 0.443], [0.517, 0.528, 0.498, 0.447, 0.559, 0.948, 0.559, 0.553], [0.503, 0.515, 0.474, 0.484, 0.521, 0.559, 1.0, 0.511], [0.497, 0.489, 0.465, 0.518, 0.443, 0.553, 0.511, 1.0]]"
0.5,0.0878,0.1,-0.0714,0.8928,20.5085,"[0.609, -0.505, 2.458, 1.065, 0.766, 0.29, 0.242, 0.084, -0.613, -1.694, -1.941, -0.529, 0.174, 0.34, 1.778, 1.373, 1.098, 0.439, -0.38, -1.336, -0.679, -1.494, -0.948, 0.062, 1.201, 1.751, 1.299, 0.934, 1.046, -1.077, 0.259, -1.626, -1.501, -0.722, 0.12, 0.33, 1.436, 1.033, 0.989, -0.107, -0.034, -0.961, -2.39, -1.823, -1.157, -0.034, -0.288, 0.914, 0.91, 1.786, 0.63, 0.479, -0.77, -2.078, -1.532, -1.917, -0.199, 0.941, 1.131, 1.032, 1.503, 1.333, 1.075, -0.375, -0.807, -2.281, -1.324, -1.449, -0.27, 0.004, 1.388, 1.81, 1.241, 0.388, 0.329, 0.029, -0.359, -1.3, -1.093, -1.258, 0.866, -0.205, 2.016, 1.476, -0.144, 0.531, -0.532, -1.36, -1.616, -1.396, -0.893, -0.853, 0.887, 1.093, 2.293, 1.702, 1.153, 0.795, -0.531, -1.468]","[[1.0, 0.488, 0.441, 0.441, 0.56, 0.485, 0.467, 0.528], [0.488, 0.917, 0.467, 0.421, 0.532, 0.503, 0.447, 0.47], [0.441, 0.467, 0.969, 0.568, 0.541, 0.435, 0.451, 0.509], [0.441, 0.421, 0.568, 0.994, 0.493, 0.449, 0.434, 0.309], [0.56, 0.532, 0.541, 0.493, 0.918, 0.527, 0.463, 0.423], [0.485, 0.503, 0.435, 0.449, 0.527, 0.985, 0.507, 0.443], [0.467, 0.447, 0.451, 0.434, 0.463, 0.507, 1.0, 0.524], [0.528, 0.47, 0.509, 0.309, 0.423, 0.443, 0.524, 1.0]]"
0.5,0.1033,0.01,0.0397,0.9601,18.8135,"[0.142, 0.918, 1.44, 1.412, 0.718, -0.119, -1.035, -1.395, -1.409, -0.638, 0.28, 1.082, 1.528, 1.234, 0.56, -0.49, -1.251, -1.398, -1.223, -0.382, 0.456, 1.292, 1.518, 1.07, 0.195, -0.794, -1.392, -1.473, -0.932, -0.023, 0.864, 1.437, 1.401, 0.77, -0.122, -1.068, -1.464, -1.399, -0.668, 0.304, 1.068, 1.546, 1.356, 0.49, -0.441, -1.153, -1.59, -1.174, -0.388, 0.626, 1.287, 1.511, 1.031, 0.267, -0.779, -1.327, -1.457, -1.074, -0.06, 0.886, 1.365, 1.374, 0.835, -0.12, -0.964, -1.478, -1.423, -0.579, 0.233, 1.1, 1.58, 1.326, 0.58, -0.35, -1.167, -1.472, -1.166, -0.412, 0.606, 1.317, 1.377, 1.136, 0.21, -0.683, -1.441, -1.496, -0.998, -0.067, 0.801, 1.308, 1.402, 0.837, -0.031, -0.949, -1.499, -1.356, -0.631, 0.278, 0.976, 1.612]","[[0.996, 0.494, 0.496, 0.492, 0.505, 0.488, 0.505, 0.509], [0.494, 0.991, 0.514, 0.489, 0.499, 0.501, 0.495, 0.501], [0.496, 0.514, 0.996, 0.505, 0.514, 0.497, 0.488, 0.506], [0.492, 0.489, 0.505, 1.0, 0.498, 0.512, 0.505, 0.488], [0.505, 0.499, 0.514, 0.498, 1.0, 0.508, 0.487, 0.494], [0.488, 0.501, 0.497, 0.512, 0.508, 1.0, 0.504, 0.516], [0.505, 0.495, 0.488, 0.505, 0.487, 0.504, 0.994, 0.48], [0.509, 0.501, 0.506, 0.488, 0.494, 0.516, 0.48, 0.988]]"
0.5,0.1033,0.05,-0.0421,0.8517,20.6109,"[0.014, 0.575, 1.498, 1.107, 1.1, 0.023, -0.958, -1.568, -1.588, -0.672, 0.004, 1.615, 1.577, 1.032, 0.885, -0.475, -0.882, -1.157, -1.047, -0.66, 0.465, 2.212, 1.346, 0.985, 0.07, -0.985, -1.207, -1.788, -1.139, 0.046, 0.819, 1.477, 1.398, 0.511, 0.241, -0.718, -1.712, -1.224, -0.79, 0.552, 1.329, 1.809, 1.03, 0.184, -0.898, -0.545, -1.273, -0.864, -0.731, 0.74, 0.869, 1.602, 1.077, 0.145, -0.858, -1.076, -1.591, -0.618, -0.075, 0.949, 1.564, 1.531, 0.887, 0.444, -0.698, -2.106, -1.409, -0.323, 0.047, 1.095, 1.512, 1.681, 0.291, -0.629, -1.068, -1.414, -1.064, -0.323, 0.523, 1.423, 1.543, 1.031, 0.234, -0.83, -1.534, -1.328, -1.307, 0.078, 0.764, 1.391, 1.382, 0.982, 0.307, -0.505, -1.198, -1.351, -0.523, -0.286, 1.224, 1.586]","[[1.0, 0.536, 0.542, 0.49, 0.466, 0.503, 0.515, 0.567], [0.536, 1.0, 0.47, 0.526, 0.451, 0.456, 0.424, 0.48], [0.542, 0.47, 1.0, 0.532, 0.493, 0.49, 0.527, 0.541], [0.49, 0.526, 0.532, 0.979, 0.448, 0.537, 0.498, 0.496], [0.466, 0.451, 0.493, 0.448, 0.919, 0.514, 0.48, 0.533], [0.503, 0.456, 0.49, 0.537, 0.514, 1.0, 0.509, 0.518], [0.515, 0.424, 0.527, 0.498, 0.48, 0.509, 1.0, 0.551], [0.567, 0.48, 0.541, 0.496, 0.533, 0.518, 0.551, 0.952]]"
0.5,0.1033,0.1,-0.0329,0.8623,20.6258,"[-0.401, 0.263, 1.317, 0.965, 0.6, -0.174, -1.716, -0.796, -0.733, -0.869, 1.053, 1.33, 2.047, 0.571, 0.325, -0.149, -1.314, -1.587, -1.211, -0.156, 0.666, 2.094, 0.989, 1.097, 0.54, -1.372, -1.555, -1.366, -0.18, 0.037, 1.261, 1.848, 0.028, 0.844, -0.343, -0.252, -1.124, -0.906, -0.407, 0.333, 1.532, 1.484, 1.909, -0.012, 0.085, -1.395, -1.16, -1.961, -0.238, 0.506, 1.276, 0.604, 1.088, 0.284, -1.613, -1.946, -1.382, -0.753, -0.088, 0.879, 1.44, 1.144, 0.741, -0.795, -1.272, -1.488, -0.739, -0.756, 1.281, 2.058, 1.527, 1.076, 1.685, -0.03, -0.975, -1.861, -1.409, -0.904, 1.296, 1.534, 1.337, 0.857, -0.245, -0.73, -1.272, -2.605, -1.462, -0.432, 1.373, 1.14, 0.529, 0.306, 0.799, -1.143, -1.98, -2.207, -0.71, 0.284, 1.292, 2.852]","[[0.956, 0.342, 0.429, 0.435, 0.506, 0.472, 0.597, 0.569], [0.342, 0.827, 0.502, 0.623, 0.621, 0.439, 0.621, 0.481], [0.429, 0.502, 0.921, 0.472, 0.491, 0.533, 0.528, 0.56], [0.435, 0.623, 0.472, 1.0, 0.544, 0.445, 0.596, 0.502], [0.506, 0.621, 0.491, 0.544, 0.919, 0.551, 0.485, 0.534], [0.472, 0.439, 0.533, 0.445, 0.551, 1.0, 0.705, 0.45], [0.597, 0.621, 0.528, 0.596, 0.485, 0.705, 1.0, 0.347], [0.569, 0.481, 0.56, 0.502, 0.534, 0.45, 0.347, 1.0]]"
0.5,0.1189,0.01,-0.0183,0.9347,22.178,"[-0.023, 1.032, 1.588, 1.209, 0.117, -0.863, -1.493, -1.391, -0.477, 0.503, 1.407, 1.403, 0.632, -0.514, -1.219, -1.496, -0.81, 0.192, 1.229, 1.527, 1.048, -0.011, -0.931, -1.503, -1.236, -0.268, 0.81, 1.497, 1.225, 0.603, -0.587, -1.379, -1.391, -0.772, 0.399, 1.305, 1.459, 0.916, -0.128, -1.172, -1.437, -1.067, 0.033, 1.038, 1.51, 1.173, 0.286, -0.736, -1.473, -1.312, -0.486, 0.576, 1.325, 1.503, 0.746, -0.378, -1.295, -1.434, -0.919, 0.185, 1.069, 1.515, 1.062, 0.181, -0.93, -1.535, -1.185, -0.26, 0.742, 1.395, 1.238, 0.597, -0.64, -1.355, -1.519, -0.66, 0.399, 1.253, 1.536, 0.933, -0.146, -1.177, -1.46, -1.158, 0.001, 0.868, 1.531, 1.313, 0.286, -0.754, -1.438, -1.188, -0.584, 0.466, 1.363, 1.39, 0.774, -0.324, -1.194, -1.516]","[[1.0, 0.489, 0.501, 0.495, 0.499, 0.502, 0.503, 0.502], [0.489, 0.991, 0.509, 0.5, 0.499, 0.506, 0.503, 0.507], [0.501, 0.509, 0.991, 0.497, 0.499, 0.497, 0.505, 0.494], [0.495, 0.5, 0.497, 0.995, 0.489, 0.488, 0.488, 0.504], [0.499, 0.499, 0.499, 0.489, 0.991, 0.508, 0.495, 0.495], [0.502, 0.506, 0.497, 0.488, 0.508, 0.992, 0.508, 0.504], [0.503, 0.503, 0.505, 0.488, 0.495, 0.508, 0.985, 0.517], [0.502, 0.507, 0.494, 0.504, 0.495, 0.504, 0.517, 1.0]]"
0.5,0.1189,0.05,-0.0232,0.8322,23.7579,"[-0.441, 1.102, 1.604, 0.999, 0.323, -1.198, -1.092, -1.688, -0.391, 0.836, 1.241, 1.745, 0.211, -0.431, -1.71, -1.661, -0.988, 0.06, 1.473, 1.205, 0.653, -0.076, -0.968, -1.367, -0.906, -0.798, 1.235, 1.248, 1.25, 0.489, -1.153, -1.487, -1.165, -0.537, 0.268, 1.325, 1.589, 0.825, -0.044, -1.336, -1.735, -1.139, -0.666, 1.145, 1.51, 1.158, 0.49, -0.689, -1.179, -0.939, -0.43, 0.401, 1.547, 1.244, 0.532, -0.436, -0.966, -1.291, -0.694, 0.167, 1.257, 1.65, 0.914, 0.241, -0.949, -1.587, -1.321, -0.46, 0.689, 1.434, 1.514, 0.92, -0.41, -1.323, -1.933, -0.145, 0.155, 1.069, 1.8, 0.665, -0.012, -1.209, -1.563, -1.095, -0.424, 0.893, 1.737, 1.231, 1.227, -0.709, -1.726, -1.492, -1.055, 0.792, 1.74, 1.653, 0.567, -0.52, -1.035, -1.618]","[[0.977, 0.53, 0.518, 0.417, 0.487, 0.459, 0.54, 0.463], [0.53, 0.975, 0.498, 0.519, 0.462, 0.503, 0.53, 0.484], [0.518, 0.498, 1.0, 0.503, 0.442, 0.536, 0.522, 0.473], [0.417, 0.519, 0.503, 0.961, 0.549, 0.546, 0.483, 0.533], [0.487, 0.462, 0.442, 0.549, 1.0, 0.498, 0.489, 0.467], [0.459, 0.503, 0.536, 0.546, 0.498, 1.0, 0.524, 0.47], [0.54, 0.53, 0.522, 0.483, 0.489, 0.524, 0.863, 0.48], [0.463, 0.484, 0.473, 0.533, 0.467, 0.47, 0.48, 0.97]]"
0.5,0.1189,0.1,-0.034,0.7828,22.3506,"[-0.685, 2.088, 1.931, 0.788, 0.237, -1.056, -1.382, -1.688, -1.215, 0.353, 2.081, 0.66, 1.216, -0.144, -1.488, -1.092, -0.76, -0.87, 0.953, 1.31, 1.764, -0.169, -1.101, -2.073, -1.226, -0.855, 1.356, 1.243, 0.724, 1.096, -1.263, -1.251, -2.157, -0.548, 0.927, 0.948, 0.884, 0.316, -0.195, -0.171, -0.965, -0.479, -0.598, 1.521, 1.983, 1.366, -0.024, -0.3, -1.784, -1.006, -0.703, 0.089, 1.163, 2.407, 0.14, 0.133, -0.835, -1.571, -1.191, -0.488, 1.759, 0.905, -0.308, 0.248, -1.623, -1.54, -1.904, -0.613, 0.794, 1.572, 2.018, 0.543, -0.499, -1.473, -0.971, -1.316, 0.114, 1.237, 1.031, 1.638, 0.055, -1.706, -1.296, -0.453, -0.485, 1.604, 1.609, 1.35, 0.952, -0.63, -1.231, -1.316, -1.449, 0.729, 1.465, 1.252, -0.498, 0.009, -1.65, -2.052]","[[1.0, 0.476, 0.566, 0.41, 0.538, 0.56, 0.588, 0.441], [0.476, 1.0, 0.603, 0.524, 0.519, 0.577, 0.474, 0.397], [0.566, 0.603, 1.0, 0.408, 0.487, 0.367, 0.494, 0.504], [0.41, 0.524, 0.408, 1.0, 0.59, 0.543, 0.573, 0.414], [0.538, 0.519, 0.487, 0.59, 1.0, 0.517, 0.536, 0.634], [0.56, 0.577, 0.367, 0.543, 0.517, 0.839, 0.603, 0.534], [0.588, 0.474, 0.494, 0.573, 0.536, 0.603, 1.0, 0.445], [0.441, 0.397, 0.504, 0.414, 0.634, 0.534, 0.445, 1.0]]"
0.5,0.1344,0.01,0.03,0.93,23.265,"[-0.069, 1.105, 1.498, 0.939, -0.346, -1.345, -1.462, -0.436, 0.689, 1.457, 1.175, 0.225, -1.01, -1.426, -0.988, 0.163, 1.154, 1.458, 0.712, -0.497, -1.489, -1.389, -0.418, 0.846, 1.387, 1.218, 0.104, -1.143, -1.37, -0.878, 0.306, 1.334, 1.441, 0.587, -0.702, -1.464, -1.249, -0.198, 1.02, 1.476, 1.046, -0.148, -1.14, -1.487, -0.788, 0.467, 1.291, 1.389, 0.418, -0.648, -1.508, -1.189, -0.033, 1.103, 1.549, 0.91, -0.328, -1.15, -1.407, -0.608, 0.65, 1.365, 1.266, 0.229, -0.907, -1.565, -1.038, 0.132, 1.226, 1.501, 0.804, -0.444, -1.335, -1.384, -0.567, 0.719, 1.509, 1.145, 0.068, -1.044, -1.608, -0.92, 0.262, 1.308, 1.456, 0.615, -0.633, -1.389, -1.274, -0.378, 0.819, 1.492, 1.107, 0.015, -1.109, -1.489, -0.778, 0.366, 1.323, 1.437]","[[1.0, 0.493, 0.506, 0.492, 0.49, 0.499, 0.489, 0.495], [0.493, 1.0, 0.496, 0.506, 0.512, 0.498, 0.494, 0.499], [0.506, 0.496, 0.998, 0.508, 0.508, 0.497, 0.505, 0.49], [0.492, 0.506, 0.508, 0.998, 0.513, 0.501, 0.497, 0.498], [0.49, 0.512, 0.508, 0.513, 1.0, 0.514, 0.498, 0.505], [0.499, 0.498, 0.497, 0.501, 0.514, 0.979, 0.499, 0.489], [0.489, 0.494, 0.505, 0.497, 0.498, 0.499, 0.998, 0.502], [0.495, 0.499, 0.49, 0.498, 0.505, 0.489, 0.502, 0.994]]"
0.5,0.1344,0.05,-0.0158,0.8148,23.8964,"[-0.513, 1.39, 1.518, 0.537, -0.158, -0.822, -1.108, -0.022, 0.379, 1.515, 1.332, 0.169, -1.062, -2.24, -0.588, -0.247, 1.446, 1.465, 0.715, -0.555, -1.341, -1.183, -0.155, 0.79, 1.183, 0.839, 0.302, -1.161, -1.75, -1.076, 0.288, 0.983, 1.412, 0.895, -0.678, -1.884, -1.05, 0.038, 1.239, 1.513, 1.625, 0.069, -0.447, -1.134, -0.459, 0.308, 1.138, 1.391, 0.385, -0.92, -1.51, -1.225, -0.244, 1.229, 1.309, 0.913, -0.574, -1.258, -1.383, -0.86, 0.628, 1.405, 1.173, 0.168, -0.803, -1.489, -0.832, -0.186, 1.122, 1.325, 0.81, -0.356, -1.653, -1.23, 0.067, 0.793, 1.252, 1.128, 0.044, -1.201, -1.318, -1.412, 0.298, 1.583, 1.751, 0.914, -0.737, -1.052, -1.218, 0.034, 1.152, 1.571, 1.039, 0.56, -1.587, -1.529, -1.181, 0.412, 1.428, 1.234]","[[0.977, 0.522, 0.517, 0.531, 0.506, 0.485, 0.541, 0.523], [0.522, 0.97, 0.515, 0.514, 0.532, 0.471, 0.487, 0.473], [0.517, 0.515, 1.0, 0.532, 0.478, 0.53, 0.496, 0.516], [0.531, 0.514, 0.532, 0.98, 0.587, 0.492, 0.525, 0.548], [0.506, 0.532, 0.478, 0.587, 1.0, 0.461, 0.493, 0.485], [0.485, 0.471, 0.53, 0.492, 0.461, 0.938, 0.505, 0.56], [0.541, 0.487, 0.496, 0.525, 0.493, 0.505, 1.0, 0.532], [0.523, 0.473, 0.516, 0.548, 0.485, 0.56, 0.532, 0.903]]"
0.5,0.1344,0.1,0.0036,0.885,24.7026,"[-0.207, 0.932, 1.045, 0.481, -0.614, -1.019, -0.782, -0.267, 0.229, 1.848, 1.546, -1.268, -0.36, -1.433, -0.926, -0.715, 2.027, 1.631, 1.11, -1.165, -1.135, -1.078, -0.471, 0.175, 1.453, 0.672, -0.307, -0.513, -1.45, -0.931, -0.276, 1.281, 1.345, 0.09, -0.106, -0.923, -1.654, -0.042, 0.022, 1.658, 1.433, -0.676, -1.187, -1.408, 0.686, 1.754, 1.536, 1.03, 0.556, -0.223, -2.314, -2.221, -0.657, 1.446, 1.907, 1.145, 0.285, -1.374, -1.568, -0.427, 1.466, 1.635, 1.241, 0.482, -0.204, -1.676, -1.296, -0.164, 1.577, 1.089, 1.115, -1.159, -1.487, -1.408, 0.42, 1.235, 1.291, 0.942, -0.212, -1.596, -0.691, -1.334, 1.09, 1.31, 1.403, 0.706, 0.033, -1.844, -1.055, -0.342, 1.083, 1.391, 0.92, 0.231, -1.833, -0.788, -0.776, 0.108, 1.523, 1.047]","[[1.0, 0.429, 0.454, 0.581, 0.396, 0.407, 0.585, 0.513], [0.429, 0.997, 0.44, 0.415, 0.411, 0.502, 0.57, 0.539], [0.454, 0.44, 1.0, 0.454, 0.394, 0.532, 0.477, 0.63], [0.581, 0.415, 0.454, 1.0, 0.516, 0.498, 0.571, 0.503], [0.396, 0.411, 0.394, 0.516, 0.996, 0.555, 0.473, 0.446], [0.407, 0.502, 0.532, 0.498, 0.555, 0.896, 0.466, 0.506], [0.585, 0.57, 0.477, 0.571, 0.473, 0.466, 0.939, 0.393], [0.513, 0.539, 0.63, 0.503, 0.446, 0.506, 0.393, 0.915]]"
0.5,0.15,0.01,-0.0374,0.9752,26.2774,"[-0.044, 1.206, 1.368, 0.351, -0.95, -1.509, -0.921, 0.435, 1.44, 1.172, -0.004, -1.107, -1.446, -0.474, 0.901, 1.459, 0.852, -0.468, -1.417, -1.26, 0.028, 1.291, 1.331, 0.483, -0.886, -1.515, -0.865, 0.532, 1.439, 1.261, -0.002, -1.195, -1.454, -0.462, 0.868, 1.505, 0.799, -0.519, -1.367, -1.144, -0.087, 1.185, 1.389, 0.476, -0.886, -1.466, -0.949, 0.481, 1.41, 1.177, 0.022, -1.226, -1.432, -0.397, 0.885, 1.597, 0.765, -0.464, -1.482, -1.26, -0.033, 1.26, 1.406, 0.406, -0.849, -1.559, -0.798, 0.399, 1.412, 1.31, -0.016, -1.192, -1.432, -0.464, 0.841, 1.523, 0.948, -0.561, -1.473, -1.241, -0.044, 1.246, 1.396, 0.468, -0.807, -1.59, -0.866, 0.457, 1.421, 1.168, -0.019, -1.214, -1.436, -0.429, 0.827, 1.43, 0.781, -0.456, -1.389, -1.272]","[[1.0, 0.501, 0.502, 0.495, 0.487, 0.498, 0.503, 0.504], [0.501, 1.0, 0.506, 0.501, 0.504, 0.504, 0.506, 0.51], [0.502, 0.506, 1.0, 0.494, 0.504, 0.492, 0.497, 0.505], [0.495, 0.501, 0.494, 0.992, 0.499, 0.5, 0.501, 0.505], [0.487, 0.504, 0.504, 0.499, 1.0, 0.505, 0.495, 0.487], [0.498, 0.504, 0.492, 0.5, 0.505, 0.996, 0.488, 0.5], [0.503, 0.506, 0.497, 0.501, 0.495, 0.488, 0.997, 0.498], [0.504, 0.51, 0.505, 0.505, 0.487, 0.5, 0.498, 1.0]]"
0.5,0.15,0.05,-0.0141,0.8253,25.6188,"[-0.348, 1.57, 1.635, 0.208, -0.815, -1.534, -0.816, 0.507, 1.595, 1.583, 0.075, -1.08, -1.06, -0.598, 0.648, 1.668, 0.576, -0.665, -1.05, -1.643, 0.076, 0.853, 1.529, 0.922, -1.135, -2.026, -0.793, 0.307, 1.381, 1.305, 0.141, -1.07, -1.433, -0.355, 0.835, 1.418, 0.878, -0.319, -1.588, -1.16, -0.115, 1.03, 1.689, 0.556, -0.787, -1.736, -0.943, 0.614, 1.52, 1.855, 0.055, -1.38, -1.535, -0.678, 0.72, 1.525, 0.766, -0.13, -1.206, -0.998, -0.063, 1.442, 1.682, 0.862, -1.017, -1.497, -1.069, 1.123, 1.376, 1.532, 0.039, -0.994, -1.43, -0.233, 0.951, 1.926, 0.958, -0.644, -1.297, -1.211, -0.247, 1.308, 1.272, 0.405, -0.871, -2.007, -0.99, 0.694, 1.379, 0.738, -0.02, -1.093, -1.501, -0.53, 0.77, 1.655, 0.676, -0.327, -1.494, -0.9]","[[1.0, 0.466, 0.511, 0.491, 0.47, 0.524, 0.503, 0.523], [0.466, 0.938, 0.536, 0.481, 0.515, 0.455, 0.556, 0.435], [0.511, 0.536, 1.0, 0.514, 0.502, 0.477, 0.482, 0.498], [0.491, 0.481, 0.514, 0.917, 0.474, 0.466, 0.493, 0.496], [0.47, 0.515, 0.502, 0.474, 1.0, 0.478, 0.526, 0.5], [0.524, 0.455, 0.477, 0.466, 0.478, 0.977, 0.451, 0.462], [0.503, 0.556, 0.482, 0.493, 0.526, 0.451, 0.946, 0.501], [0.523, 0.435, 0.498, 0.496, 0.5, 0.462, 0.501, 0.965]]"
0.5,0.15,0.1,-0.0512,0.8406,23.083,"[-0.191, 1.701, 1.663, 1.502, -0.299, -1.848, -0.23, -0.498, 1.812, 0.886, 0.298, -0.232, -2.262, -0.002, 1.302, 1.83, 0.392, -0.508, -1.908, -0.999, -0.652, 0.995, 1.742, 0.097, -1.08, -1.953, -0.753, 0.395, 1.06, 0.898, 0.079, -1.743, -1.449, -0.447, 0.96, 1.235, 1.184, 0.017, -1.103, -1.109, -0.713, 2.051, 1.456, 0.619, -1.234, -1.607, -0.292, 0.855, 1.271, 1.977, -0.505, -2.054, -2.391, -0.066, 0.534, 1.43, 1.429, -0.299, -2.02, -0.401, -0.145, 1.182, 1.07, -0.094, -0.766, -2.221, -0.923, 1.256, 1.802, 1.315, -0.549, -1.244, -1.825, 0.258, 0.645, 1.107, 0.773, -0.854, -1.309, -0.303, 0.004, 0.752, 1.348, -0.172, 0.555, -0.6, -0.258, 0.839, 1.344, 1.142, -0.11, -0.025, -1.523, -0.746, 0.829, 1.758, -0.86, -0.267, -2.698, -0.477]","[[1.0, 0.519, 0.623, 0.663, 0.627, 0.461, 0.439, 0.507], [0.519, 0.963, 0.497, 0.542, 0.437, 0.389, 0.523, 0.539], [0.623, 0.497, 0.981, 0.382, 0.511, 0.523, 0.632, 0.405], [0.663, 0.542, 0.382, 0.99, 0.595, 0.569, 0.538, 0.641], [0.627, 0.437, 0.511, 0.595, 0.894, 0.516, 0.43, 0.397], [0.461, 0.389, 0.523, 0.569, 0.516, 1.0, 0.315, 0.552], [0.439, 0.523, 0.632, 0.538, 0.43, 0.315, 1.0, 0.444], [0.507, 0.539, 0.405, 0.641, 0.397, 0.552, 0.444, 1.0]]"
